,open,high,low,close,volume,RSI_14,MACD_12_26_9,MACD_HIST_12_26_9,MACD_SIGNAL_12_26_9,STOCH_K_14_3_3,STOCH_D_14_3_3,SMA_20,SMA_50,SMA_200,EMA_12,EMA_26,ADX_14,ATR_14,OBV,RET_DAILY,LOG_RET,HIGH_LOW_SPREAD,OPEN_CLOSE_SPREAD,BRENT_Close,GOLD_Close,USDINR_Close,DOW_Close,FTSE_Close,DAX_Close,SP500_Close,HANGSENG_Close,VIX_Close,NASDAQ_Close,NIKKEI_Close
2010-10-19,6114.4501953125,6127.0498046875,6008.14990234375,6027.2998046875,0.0,52.432862211037275,87.15445606517096,-28.899869519059564,116.05432558423053,28.611503835153407,45.98746033938994,6085.899975585937,5781.032011718749,5322.798259277344,6090.407039496389,6003.252583431218,40.91341616627881,95.88308945576532,0.0,-0.008007042365576478,-0.008039270881310663,118.89990234375,87.150390625,81.0999984741211,1335.0999755859375,44.16999816894531,10978.6201171875,5703.89990234375,6490.68994140625,1165.9000244140625,23763.73046875,23.229999542236328,2436.949951171875,9539.4501953125
2010-10-20,6002.9501953125,6038.10009765625,5966.75,5982.10009765625,0.0,48.993990333763705,72.05870042637162,-35.196500126287134,107.25520055265875,19.922232123125855,30.91703149879026,6085.45498046875,5791.460009765625,5326.547758789063,6073.744433059444,6001.685732633073,38.356512147719904,94.13073289865709,0.0,-0.007499163555145794,-0.007527423655550523,71.35009765625,20.85009765625,83.5999984741211,1343.300048828125,44.33000183105469,11107.9697265625,5728.89990234375,6524.5498046875,1178.1700439453125,23556.5,23.799999237060547,2457.389892578125,9381.599609375
2010-10-21,6008.89990234375,6113.5,5984.89990234375,6101.5,0.0,57.01427403217777,68.93513821340821,-30.656049871400427,99.59118808480864,22.39101861611888,23.641584858132713,6092.552490234375,5805.078007812499,5330.6657592773445,6078.014520281068,6009.07938206766,36.73814792774048,96.79281643044945,0.0,0.01995952932825884,0.019762949379863604,128.60009765625,-92.60009765625,81.83000183105469,1324.699951171875,44.20000076293945,11146.5703125,5757.89990234375,6611.009765625,1180.260009765625,23649.48046875,22.190000534057617,2459.669921875,9376.48046875
2010-10-22,6113.39990234375,6121.10009765625,6041.35009765625,6066.0498046875,0.0,54.28499745738824,62.87438143230156,-29.373445322005665,92.24782675430723,26.19608482720526,22.836445188816665,6094.939990234376,5818.07,5334.587009277344,6076.173794805135,6013.299413372833,35.30741128955516,95.57547239970306,0.0,-0.0058100787203966275,-0.005827022890950839,79.75,47.35009765625,82.95999908447266,1324.4000244140625,44.20000076293945,11132.5595703125,5741.39990234375,6605.83984375,1183.0799560546875,23517.5390625,21.610000610351562,2479.389892578125,9426.7099609375
2010-10-25,6101.25,6151.2998046875,6094.60009765625,6105.7998046875,0.0,56.783157003663575,60.58034826838866,-25.333982788734858,85.91433105712352,39.189065129277424,29.258722857533854,6098.447485351563,5831.143994140624,5338.800507812501,6080.731642479345,6020.151294210957,34.26858785280974,94.83793865686712,0.0,0.006552864100997535,0.006531487421865502,56.69970703125,-4.5498046875,83.54000091552734,1338.300048828125,44.52799987792969,11164.0498046875,5752.0,6639.2099609375,1185.6199951171875,23627.91015625,21.360000610351562,2490.85009765625,9401.16015625
2010-10-26,6116.2998046875,6120.25,6074.64990234375,6082.0,0.0,54.850464869192265,56.19409458064001,-23.776189181186822,79.97028376182683,37.140854005977026,34.17533465415323,6101.072485351562,5844.417998046874,5342.9867578124995,6080.9267744056,6024.73267982496,33.01513353051266,91.32095001396591,0.0,-0.003897901249436453,-0.003905517865498991,45.60009765625,34.2998046875,83.66000366210938,1338.0,44.25,11169.4599609375,5707.2998046875,6613.7998046875,1185.6400146484375,23601.240234375,20.549999237060547,2497.2900390625,9377.3798828125
2010-10-27,6075.4501953125,6075.9501953125,5987.5498046875,6012.64990234375,0.0,49.55736907159093,46.58498097144093,-26.70824223230872,73.29322320374965,31.531916879637336,35.95394533829726,6102.139990234375,5856.387998046875,5346.8030078125,6070.422640242237,6023.837659270796,30.71720434741721,91.54446753528978,0.0,-0.011402515234503419,-0.011468022351340748,88.400390625,62.80029296875,83.2300033569336,1322.199951171875,44.400001525878906,11126.2802734375,5646.0,6568.0,1182.449951171875,23164.580078125,21.020000457763672,2503.260009765625,9387.0302734375
2010-10-28,6039.9501953125,6071.10009765625,5968.10009765625,5987.7001953125,0.0,47.77129481433037,36.535300164346154,-29.406338431522798,65.94163859586895,19.127151055057467,29.266640646890608,6100.027490234375,5866.55900390625,5350.689509277344,6057.696110253047,6021.160810088701,28.690974048965362,92.36271985419766,0.0,-0.004149535967747697,-0.004158169182956317,103.0,52.25,83.58999633789062,1342.0999755859375,44.41999816894531,11113.9501953125,5677.89990234375,6595.27978515625,1183.780029296875,23210.859375,20.520000457763672,2507.3701171875,9366.0302734375
2010-10-29,6021.14990234375,6032.64990234375,5937.10009765625,6017.7001953125,0.0,50.100091148742415,30.63842431646026,-28.24257142352696,58.88099573998722,14.764262750367253,21.807776895020684,6093.742504882814,5876.10900390625,5354.608259277344,6051.542892569886,6020.904468253426,27.169128235181386,92.59036877086211,0.0,0.005010270892234381,0.004997761252085383,95.5498046875,3.44970703125,83.1500015258789,1357.0999755859375,44.41999816894531,11118.490234375,5675.2001953125,6601.3701171875,1183.260009765625,23096.3203125,20.760000228881836,2507.409912109375,9202.4501953125
2010-11-01,6092.2998046875,6132.39990234375,6084.75,6117.5498046875,0.0,56.97617367162582,33.63442006308469,-20.197260541522027,53.83168060460672,27.277364938104526,20.38959291450975,6091.647485351563,5887.847001953125,5358.896508789063,6061.697802126442,6028.0633820633575,25.86374353953019,94.16960721803268,0.0,0.016592652696918675,0.01645649867513474,47.64990234375,-25.25,84.62000274658203,1350.199951171875,44.448001861572266,11124.6201171875,5694.60009765625,6604.85986328125,1184.3800048828125,23652.939453125,20.920000076293945,2504.840087890625,9154.7197265625
2010-11-02,6127.5498046875,6138.10009765625,6094.39990234375,6119.0,0.0,57.068703156770106,35.7140970397777,-14.494066851863224,50.20816389164092,42.55040413364553,28.197343940705768,6090.3074951171875,5899.357001953125,5363.2305078125,6070.51352487622,6034.799427836442,24.711749704366504,90.56464922478035,0.0,0.000237054925386726,0.00023702683230754845,43.7001953125,8.5498046875,85.41000366210938,1356.4000244140625,44.34000015258789,11188.7197265625,5757.39990234375,6654.31005859375,1193.5699462890625,23671.419921875,21.25,2533.52001953125,9159.98046875
2010-11-03,6150.60009765625,6182.5,6146.7998046875,6160.5,0.0,59.73728457971946,40.247016642146264,-7.968917799595729,48.21593444174199,63.06842172396406,44.298730265238035,6089.009985351562,5912.465,5367.658757324219,6084.357597972185,6044.110581330039,24.105960749133494,88.63145999443891,0.0,0.006782153946723213,0.0067592586021823315,35.7001953125,-9.89990234375,86.37999725341797,1337.0999755859375,44.20000076293945,11215.1298828125,5749.0,6617.7998046875,1197.9599609375,24144.669921875,21.530000686645508,2540.27001953125,9159.98046875
2010-11-04,6209.60009765625,6290.14990234375,6199.35009765625,6281.7998046875,0.0,66.32596316182074,53.016131614605,3.840157738290401,49.1759738763146,78.27911156482428,61.29931247414462,6097.084985351563,5928.853994140625,5372.939506835937,6114.733322082234,6061.717190467629,24.489804532709236,91.56134873367543,0.0,0.019689928526499534,0.019498589440667992,90.7998046875,-72.19970703125,88.0,1382.699951171875,44.25,11434.83984375,5862.7998046875,6734.68994140625,1221.06005859375,24535.630859375,19.360000610351562,2577.340087890625,9358.7802734375
2010-11-08,6335.25,6335.89990234375,6265.35009765625,6273.2001953125,0.0,65.50751776615768,61.73024280682057,10.043415144404776,51.686827662415794,88.89817094037181,76.7485680763867,6105.572485351563,5944.76,5378.197006835938,6139.112841040736,6077.382598233916,25.186244773010543,90.06052415894862,0.0,-0.0013689722121649206,-0.0013699101106928303,70.5498046875,62.0498046875,88.45999908447266,1402.800048828125,43.900001525878906,11406.83984375,5850.0,6750.5,1223.25,24964.369140625,19.610000610351562,2580.050048828125,9732.919921875
2010-11-09,6281.0,6310.89990234375,6243.5498046875,6301.5498046875,0.0,66.955165081096,70.11556665050193,14.742991190468906,55.372575460033026,91.09979915836985,86.09236055452197,6113.857470703126,5962.616992187501,5384.234006347657,6164.103143140239,6093.987576489737,25.51191950082321,88.43835083732729,0.0,0.0045191622285836175,0.004508981475751922,67.35009765625,-20.5498046875,88.33000183105469,1409.800048828125,44.29999923706055,11346.75,5875.2001953125,6787.81005859375,1213.4000244140625,24710.599609375,18.75,2562.97998046875,9694.490234375
2010-11-10,6303.2001953125,6307.64990234375,6269.25,6275.7001953125,0.0,64.3049898965361,73.82414992090162,14.761259568694868,59.06289035220675,86.85643691643138,88.95146900505767,6123.097485351564,5979.821992187501,5390.432507324219,6181.27192039751,6107.447770476609,25.814331748077834,84.86417594492892,0.0,-0.004102103478698438,-0.004110540185239915,38.39990234375,27.5,88.95999908447266,1399.0999755859375,44.189998626708984,11357.0400390625,5816.89990234375,6719.83984375,1218.7099609375,24500.609375,19.079999923706055,2578.780029296875,9830.51953125
2010-11-11,6286.35009765625,6296.5498046875,6179.5,6194.25,0.0,56.69076586496853,69.39098277254288,8.262473936268904,61.12850883627398,80.25745380222068,86.0712299590073,6121.114990234375,5995.6589941406255,5396.3642578125,6183.268548028662,6113.877565256119,24.817876326292147,87.16314942654114,0.0,-0.012978662583871925,-0.013063621326274108,117.0498046875,92.10009765625,88.80999755859375,1403.0999755859375,44.2599983215332,11283.099609375,5815.2001953125,6723.41015625,1213.5400390625,24700.30078125,19.360000610351562,2555.52001953125,9861.4599609375
2010-11-12,6182.2998046875,6202.5,6056.75,6071.64990234375,0.0,47.561781569398484,55.346858466949016,-4.625320295459979,59.972178762408994,61.04147127652714,76.05178733172639,6115.82998046875,6007.654990234375,5402.457006835938,6166.096448692522,6110.749590225573,23.546044521633466,91.34792446750248,0.0,-0.019792565307543253,-0.01999106166251395,145.75,110.64990234375,86.33999633789062,1365.4000244140625,44.2400016784668,11192.580078125,5796.89990234375,6734.60986328125,1199.2099609375,24222.580078125,21.6299991607666,2518.2099609375,9724.8095703125
2010-11-15,6079.89990234375,6128.75,6039.39990234375,6121.60009765625,0.0,51.02228819591695,47.697524708669334,-9.819723242991728,57.51724795166106,48.161149216439625,63.15335809839581,6118.777490234375,6020.363994140625,5408.728757324219,6159.250856225403,6111.553331516734,22.531388673503983,91.20522255241302,0.0,0.008226791089060992,0.0081931355022444,89.35009765625,-41.7001953125,86.69999694824219,1368.4000244140625,44.77799987792969,11201.9697265625,5820.39990234375,6790.169921875,1197.75,24027.1796875,20.25,2513.820068359375,9827.509765625
2010-11-16,6143.4501953125,6144.0498046875,5970.60009765625,5988.7001953125,0.0,42.90875802195054,30.55919380272462,-21.56644331914916,52.12563712187378,30.980448334153664,46.72768960904014,6114.414990234375,6030.55,5414.262009277344,6133.012293008034,6102.45309920531,22.214818598527778,97.07982858661566,0.0,-0.021709994155716394,-0.021949123410368025,173.44970703125,154.75,84.7300033569336,1338.300048828125,45.11000061035156,11023.5,5681.89990234375,6663.240234375,1178.3399658203125,23693.01953125,21.1299991607666,2469.840087890625,9797.099609375
2010-11-18,6075.9501953125,6076.2001953125,5906.75,5998.7998046875,0.0,43.64220465310864,17.5891404926233,-27.62919730340039,45.21833779602369,26.883999116609807,35.341865555734366,6112.989990234375,6038.9869921875,5419.757507324219,6112.364217881798,6094.775077389175,22.435979712896092,102.2491404956074,0.0,0.0016864443110551353,0.0016850238606307781,169.4501953125,77.150390625,85.05000305175781,1352.9000244140625,45.108001708984375,11181.23046875,5768.7001953125,6832.10986328125,1196.68994140625,23637.390625,20.6200008392334,2514.39990234375,10013.6298828125
2010-11-19,6011.2998046875,6013.25,5863.9501953125,5890.2998046875,0.0,37.9949796892933,-1.4282988870027111,-37.317309346421126,35.889010459418415,13.323774192256549,23.729407214340004,6108.399975585938,6044.7129882812515,5425.058505859375,6078.200462005752,6079.628760892755,22.96018735869074,105.60990222359975,0.0,-0.018086951312363708,-0.018252519672628757,149.2998046875,121.0,84.33999633789062,1352.199951171875,45.150001525878906,11203.5498046875,5732.7998046875,6843.5498046875,1199.72998046875,23605.7109375,21.600000381469727,2518.1201171875,10022.3896484375
2010-11-22,5920.89990234375,6020.25,5905.14990234375,6010.0,0.0,46.257228521100885,-6.762991665062145,-34.121601699584446,27.358610034522304,19.326175975046425,19.844649761304257,6103.824975585938,6052.755986328126,5430.449255371093,6067.708083235637,6074.471074900699,23.35038976434879,107.34849458709262,0.0,0.020321579424062985,0.020117851552952617,115.10009765625,-89.10009765625,83.95999908447266,1357.699951171875,45.26300048828125,11178.580078125,5680.7998046875,6822.0498046875,1197.8399658203125,23524.01953125,19.93000030517578,2532.02001953125,10115.1904296875
2010-11-23,5971.5498046875,5973.35009765625,5824.9501953125,5934.75,0.0,42.42954421586799,-16.868372141717373,-35.38158574099174,18.51321359927437,19.33951616660099,17.32982211130132,6097.259985351564,6058.649990234375,5435.896254882813,6047.252993507078,6064.121365648795,24.295004480098832,112.89858816569316,0.0,-0.012520798668885225,-0.01259984437184087,148.39990234375,36.7998046875,83.25,1377.5,45.29999923706055,11036.3701171875,5581.2998046875,6705.0,1180.72998046875,22896.140625,23.260000228881836,2494.949951171875,10115.1904296875
2010-11-24,5946.7998046875,5976.64990234375,5833.60009765625,5865.75,0.0,39.22445112681068,-30.09773437110016,-38.88875837629962,8.791024005199464,20.140167113434902,19.60195308502744,6085.257495117188,6060.764990234376,5441.631755371093,6019.329456044451,6049.427190415551,25.123163577895962,115.05224648867937,0.0,-0.01162643750789838,-0.01169455300758192,143.0498046875,81.0498046875,85.83999633789062,1372.9000244140625,45.540000915527344,11187.2802734375,5657.10009765625,6823.7998046875,1198.3499755859375,23023.859375,24.68000030517578,2543.1201171875,10030.1103515625
2010-11-25,5883.9501953125,5907.10009765625,5780.35009765625,5799.75,0.0,36.39263342461256,-45.384582449722075,-43.34048516393723,-2.0440972857848427,10.988822429326163,16.82283523645402,6071.144995117188,6060.848994140625,5446.828505859375,5985.548001268381,6030.932583718103,26.259694985476827,115.88780031091656,0.0,-0.011251758087201136,-0.011315537992575984,126.75,84.2001953125,85.83999633789062,1372.9000244140625,45.5099983215332,11187.2802734375,5698.89990234375,6879.66015625,1198.3499755859375,23054.6796875,21.6299991607666,2543.1201171875,10079.759765625
2010-11-26,5828.5498046875,5838.5,5690.35009765625,5751.9501953125,0.0,34.452650423103115,-60.657344338815165,-46.890597642424254,-13.766746696390907,7.0064598258494355,12.711816456203499,6058.110009765625,6058.668994140625,5451.625007324219,5949.609877275169,6010.2672216139845,27.85188853412279,118.19223617040467,0.0,-0.008241700881503555,-0.00827585146692871,148.14990234375,76.599609375,85.58000183105469,1362.300048828125,45.55799865722656,11091.8701171875,5668.7001953125,6848.97998046875,1189.4000244140625,22877.25,22.579999923706055,2534.56005859375,10039.5595703125
2010-11-29,5789.9501953125,5843.14990234375,5754.7001953125,5830.0,0.0,40.07032699288365,-65.70573639264876,-41.55119175700628,-24.15454463564248,11.846169614217857,9.94715062313115,6050.225,6058.694990234375,5456.989006347656,5931.208357694374,5996.914094087023,29.255633300682135,116.26419837475078,0.0,0.01356927686041276,0.013478038654212304,88.44970703125,-40.0498046875,87.33999633789062,1366.0,45.709999084472656,11052.490234375,5551.0,6697.97021484375,1187.760009765625,23166.220703125,21.309999465942383,2525.219970703125,10125.990234375
2010-11-30,5811.60009765625,5892.25,5768.35009765625,5862.7001953125,0.0,42.301480616730075,-66.30368340257428,-33.719311013545436,-32.58437238902884,19.98882966911253,12.947153036393274,6042.475,6058.249990234375,5462.168256835937,5920.668640404855,5986.972323807429,29.777951706412736,116.80960580110786,0.0,0.005608952883790819,0.005593281281109418,123.89990234375,-51.10009765625,85.91999816894531,1385.0,45.79999923706055,11006.01953125,5528.2998046875,6688.490234375,1180.550048828125,23007.990234375,20.709999084472656,2498.22998046875,9937.0400390625
2010-12-01,5871.0,5971.0,5865.5498046875,5960.89990234375,0.0,48.50192849266465,-58.1829680101082,-20.478876496863478,-37.70409151324472,31.684898179148124,21.1732991541595,6034.642504882812,6057.858984375,5467.9630053710935,5926.858065318531,5985.041033328639,29.155562111338575,116.2017628644216,0.0,0.016749911092121872,0.016611178361988586,105.4501953125,-89.89990234375,88.87000274658203,1387.300048828125,45.77000045776367,11255.7802734375,5642.5,6866.6298828125,1206.0699462890625,23249.80078125,19.200000762939453,2549.429931640625,9988.0498046875
2010-12-02,6023.0498046875,6029.5,5980.60009765625,6011.7001953125,0.0,51.41089044280431,-47.10508536596535,-7.520795082176505,-39.584290283788846,45.09859785704681,32.257441901769155,6029.277514648437,6057.9119921875,5473.742756347657,5939.9107007022185,5987.015786068184,27.85766704512075,112.80164392098078,0.0,0.00852225231106063,0.00848614292930173,48.89990234375,11.349609375,90.69000244140625,1388.5,45.22999954223633,11362.41015625,5767.60009765625,6957.60986328125,1221.530029296875,23448.779296875,18.799999237060547,2579.35009765625,10168.51953125
2010-12-03,6013.35009765625,6025.39990234375,5964.25,5992.7998046875,0.0,50.27307513467409,-39.39674596111308,0.15003545814061425,-39.5467814192537,58.0129221590759,44.93213939842361,6020.892504882813,6057.94798828125,5479.136755371093,5948.047485930723,5987.444231891836,26.807916301362166,109.11223380832143,0.0,-0.0031439343298818034,-0.0031488868744578725,61.14990234375,20.55029296875,91.41999816894531,1405.4000244140625,45.130001068115234,11382.08984375,5745.2998046875,6947.72021484375,1224.7099609375,23320.51953125,18.600000381469727,2591.4599609375,10178.3203125
2010-12-06,6033.64990234375,6069.4501953125,5981.7001953125,5992.25,0.0,50.23824353383126,-32.95234200405139,5.275551532161849,-38.22789353621324,65.31669375675298,56.14273792429189,6006.415014648438,6058.6019921875,5484.659255371093,5954.847872710612,5987.8002147146635,25.29779257752431,107.5863599648699,0.0,-9.174421062252414e-05,-9.17484193800369e-05,87.75,41.39990234375,91.44999694824219,1415.300048828125,44.91299819946289,11362.1904296875,5770.2998046875,6954.3798828125,1223.1199951171875,23237.689453125,19.3700008392334,2594.919921875,10167.23046875
2010-12-07,5995.0498046875,6001.0,5939.7001953125,5976.5498046875,0.0,49.19015616927714,-28.78021953266034,7.5581392028423195,-36.33835873550266,69.12618928213024,64.15193506598636,5991.582495117187,6057.7669921875,5490.3175048828125,5958.186631476287,5986.966851008948,24.324599582742806,104.28017744505776,0.0,-0.0026200834932621486,-0.0026235219193067112,61.2998046875,18.5,91.38999938964844,1408.300048828125,44.810001373291016,11359.16015625,5808.5,7001.91015625,1223.75,23428.150390625,19.239999771118164,2598.489990234375,10141.099609375
2010-12-08,5954.39990234375,5960.0,5878.60009765625,5903.7001953125,0.0,44.54627316352944,-30.994847751283487,4.274808787375342,-35.26965653865883,65.66454479150443,66.70247594346255,5971.690014648437,6055.127998046875,5495.5540063476565,5949.804102835705,5980.798950586988,23.993225257855514,103.82800098692864,0.0,-0.012189241578454357,-0.012264139639573417,81.39990234375,50.69970703125,90.7699966430664,1382.5,44.5,11372.48046875,5794.5,6975.8701171875,1228.280029296875,23092.51953125,20.43000030517578,2609.159912109375,10232.330078125
2010-12-09,5924.25,5927.2998046875,5742.2998046875,5766.5,0.0,37.387457405045,-43.321482616999674,-6.4414608626726775,-36.880021754327,50.179620860206796,61.656784977947154,5946.230004882812,6049.867998046875,5500.036257324218,5921.603471630211,5964.924954247211,24.711997152766745,109.62600091643374,0.0,-0.023239695576248276,-0.023513995398226302,185.0,157.75,90.98999786376953,1392.0999755859375,45.0,11370.0595703125,5808.0,6964.16015625,1233.0,23171.80078125,22.600000381469727,2616.669921875,10285.8798828125
2010-12-10,5761.0,5865.5,5721.14990234375,5857.35009765625,0.0,43.82510808441661,-45.23810917890478,-6.686469939662224,-38.551639239242554,40.13891518557301,51.99436027909474,5929.385009765625,6047.189003906251,5505.030007324218,5911.718337172679,5956.9564463515835,25.516179164845614,112.10629354070633,0.0,0.015754807535983684,0.01563198886586812,144.35009765625,-96.35009765625,90.4800033569336,1384.300048828125,45.04999923706055,11410.3203125,5813.0,7006.169921875,1240.4000244140625,23162.91015625,21.6299991607666,2637.5400390625,10211.9501953125
2010-12-13,5882.64990234375,5913.7998046875,5795.89990234375,5907.64990234375,0.0,47.06995289730515,-42.21168563633546,-2.9280371176743216,-39.28364851866114,40.486203149505556,43.60157973176179,5921.185009765626,6044.742998046875,5510.269506835937,5911.092424122075,5953.30410975841,25.615673030115687,112.52012274092374,0.0,0.008587467685707617,0.008550805127915114,117.89990234375,-25.0,91.19000244140625,1397.300048828125,44.95000076293945,11428.5595703125,5860.7998046875,7029.39013671875,1240.4599609375,23317.609375,22.56999969482422,2624.909912109375,10293.8896484375
2010-12-14,5928.7001953125,5953.9501953125,5888.75,5944.10009765625,0.0,49.35304418563622,-36.4518033414588,2.265476141761873,-38.71727948322067,56.10214018515442,45.575752840077655,5912.310009765625,6040.757001953125,5515.378508300781,5916.170527742717,5952.622331084176,25.19769590774027,109.14012792460775,0.0,0.0061699992238941626,0.0061510427131599675,65.2001953125,-15.39990234375,91.20999908447266,1403.5999755859375,44.90999984741211,11476.5400390625,5891.2001953125,7027.39990234375,1241.5899658203125,23431.189453125,21.459999084472656,2627.719970703125,10316.76953125
2010-12-15,5931.14990234375,5942.75,5865.7998046875,5892.2998046875,0.0,46.296793664225255,-35.65588698438751,2.449113999066533,-38.10500098345404,59.175181425653804,51.92117492010459,5907.489990234375,6035.413994140626,5519.755007324218,5912.498108811145,5948.153995795533,25.00154790533965,106.93728257061792,0.0,-0.00871457278944121,-0.00875276673674562,76.9501953125,38.85009765625,92.19999694824219,1385.5,44.90999984741211,11457.4697265625,5882.2001953125,7016.3701171875,1235.22998046875,22975.349609375,21.420000076293945,2617.219970703125,10309.7802734375
2010-12-16,5910.5498046875,5956.14990234375,5855.0498046875,5948.75,0.0,49.935310961918965,-30.122821414922328,6.385743654825369,-36.508565069747696,61.85052713688391,59.042616249230704,5904.9875,6031.472998046876,5524.058256835938,5918.0753228402,5948.198144255122,24.638990514421977,106.52034079102022,0.0,0.009580333177818368,0.009534732799129053,101.10009765625,-38.2001953125,91.70999908447266,1370.4000244140625,45.25,11499.25,5881.10009765625,7024.39990234375,1242.8699951171875,22668.779296875,20.239999771118164,2637.31005859375,10311.2900390625
2010-12-20,5926.85009765625,5985.0,5900.25,5947.0498046875,0.0,49.825815355985746,-25.58014663283575,8.74273474952956,-34.32288138236531,61.15818383682527,60.72796413312099,5907.825000000001,6026.684990234375,5528.392255859375,5922.532935432092,5948.113082064928,23.911333490816805,104.96531644880449,0.0,-0.0002858071548644814,-0.00028584800551315775,84.75,-20.19970703125,92.73999786376953,1385.5,45.167999267578125,11478.1298828125,5891.60009765625,7018.60009765625,1247.0799560546875,22639.080078125,20.780000686645508,2649.56005859375,10216.41015625
2010-12-21,5960.39990234375,6007.4501953125,5960.0498046875,6000.64990234375,0.0,53.302266904639616,-17.45376804029911,13.495290673652963,-30.949058713952073,70.15019460671405,64.38630186014107,5907.357495117188,6024.2919921875,5532.952004394531,5934.550930341578,5952.0046983818775,22.934463609381236,101.78210746138988,0.0,0.009012888645056005,0.00897251497180786,47.400390625,-40.25,93.19999694824219,1388.199951171875,45.2599983215332,11533.16015625,5951.7998046875,7077.990234375,1254.5999755859375,22993.859375,19.770000457763672,2667.610107421875,10370.5302734375
2010-12-22,6019.0,6023.7998046875,5958.0,5984.39990234375,0.0,52.123144389639315,-12.184340162496483,15.011774841164474,-27.196115003660957,73.5619921334868,68.29012352567537,5909.839990234375,6021.910986328125,5537.25400390625,5942.220002957297,5954.404343119793,21.806245686969213,99.2119429775406,0.0,-0.002708040006408785,-0.002711713380007471,65.7998046875,34.60009765625,93.6500015258789,1386.800048828125,45.18000030517578,11559.490234375,5983.5,7067.919921875,1258.8399658203125,23045.189453125,19.559999465942383,2671.47998046875,10346.48046875
2010-12-23,6005.89990234375,6006.4501953125,5964.60009765625,5980.0,0.0,51.78908334706538,-8.268007508875598,15.142485995828288,-23.410493504703886,76.71541998273797,73.47586890764626,5915.552490234375,6018.793984374999,5541.64650390625,5948.032310194636,5956.300317703512,20.758614759015188,95.11466831173414,0.0,-0.000735228663784171,-0.0007354990769299838,41.85009765625,25.89990234375,94.25,1380.0,44.95000076293945,11573.490234375,5996.10009765625,7057.68994140625,1256.77001953125,22902.970703125,19.030000686645508,2665.60009765625,10346.48046875
2010-12-24,5940.25,6017.35009765625,5940.25,6011.60009765625,0.0,54.06606208282398,-2.58462789589521,16.66069248704694,-19.24532038294215,77.76338496521191,76.01359902714556,5926.144995117188,6017.2079882812495,5546.123254394531,5957.8119698041155,5960.396597700011,20.09267393049982,93.82791326491385,0.0,0.005284297266931359,0.005270384359897009,77.10009765625,-71.35009765625,94.25,1380.0,45.060001373291016,11573.490234375,6008.89990234375,7057.68994140625,1256.77001953125,22833.80078125,17.649999618530273,2665.60009765625,10279.1904296875
2010-12-27,6013.2998046875,6045.75,5991.10009765625,5998.10009765625,0.0,52.91623495920916,0.820693771207516,16.052811323319734,-15.232117552112218,81.00975065138874,78.49618519977953,5938.452490234375,6012.4919921875,5550.446755371093,5964.010143319829,5963.189449548621,19.037178958118584,91.02948391340215,0.0,-0.0022456583572921796,-0.0022481836293281954,54.64990234375,15.19970703125,93.8499984741211,1382.4000244140625,45.0099983215332,11555.0302734375,6008.89990234375,6970.72998046875,1257.5400390625,22833.80078125,18.450000762939453,2667.27001953125,10355.990234375
2010-12-28,6005.35009765625,6010.89990234375,5982.25,5996.0,0.0,52.728371388337145,3.3117990389955594,14.835133272886223,-11.523334233890663,84.46153957064499,81.07822506241521,5946.752490234376,6008.864990234375,5554.741755371094,5968.931659732163,5965.6198606931675,18.179465150853076,86.57379951556985,0.0,-0.00035012714393856115,-0.000350188452758028,28.64990234375,9.35009765625,94.37999725341797,1405.199951171875,45.099998474121094,11575.5400390625,6008.89990234375,6972.10009765625,1258.510009765625,22621.73046875,18.1299991607666,2662.8798828125,10292.6298828125
2010-12-29,6005.14990234375,6067.5498046875,6002.85009765625,6060.35009765625,0.0,57.68557220703233,10.359119514381746,17.505962998617925,-7.1468434842361805,89.30514657746622,84.92547893316664,5956.634985351563,6008.818994140625,5559.399006347657,5982.996034797407,5972.636915283026,17.22675168788111,85.50065702785058,0.0,0.010732171056746065,0.010674990062610617,64.69970703125,-55.2001953125,94.13999938964844,1413.0999755859375,44.95000076293945,11585.3798828125,5996.39990234375,6995.47021484375,1259.780029296875,22969.30078125,17.1299991607666,2666.929931640625,10344.5400390625
2010-12-30,6062.35009765625,6106.39990234375,6062.35009765625,6101.85009765625,0.0,60.558180801595654,19.07301311174251,20.975885276782954,-1.902872165040442,93.80467011054385,89.19045208621836,5963.6824951171875,6009.3369921875,5563.917756347657,6001.281275237229,5982.208262125487,16.85669876898264,82.68273900353984,0.0,0.0068477892087537295,0.006824449589510328,44.0498046875,-39.5,93.08999633789062,1405.5999755859375,44.91999816894531,11569.7099609375,5971.0,6914.18994140625,1257.8800048828125,22999.33984375,17.020000457763672,2662.97998046875,10228.919921875
2010-12-31,6105.10009765625,6147.2998046875,6103.5498046875,6134.5,0.0,62.70341879696065,28.28733206459765,24.152163383710473,4.135168680887176,97.69934782788391,93.60305483863132,5969.822485351563,6011.480996093751,5568.430756835938,6021.7764636622705,5993.489131597673,17.009711731013304,80.02323671980486,0.0,0.005350820131797551,0.005336555356628161,43.75,-29.39990234375,94.75,1421.0999755859375,44.810001373291016,11577.509765625,5899.89990234375,6914.18994140625,1257.6400146484375,23035.44921875,16.559999465942383,2652.8701171875,10228.919921875
2011-01-03,6177.4501953125,6178.5498046875,6147.2001953125,6157.60009765625,0.0,64.18753980165087,37.02690789978806,26.313391375120702,10.713516524667353,96.23350957327607,95.91250917056794,5978.0625,6014.990996093751,5572.9892578125,6042.672407353652,6005.6454994538635,17.50515371282077,77.4537058603545,0.0,0.0037656039866738045,0.003758531848336433,31.349609375,19.85009765625,94.83999633789062,1422.5999755859375,44.81800079345703,11670.75,5899.89990234375,6989.740234375,1271.8699951171875,23436.05078125,16.989999771118164,2691.52001953125,10228.919921875
2011-01-04,6172.75,6181.0498046875,6124.39990234375,6146.35009765625,0.0,62.87532799428534,42.55475896268945,25.472993950417674,17.081765012271774,93.07914912540497,95.6706688421883,5985.767504882813,6015.8879980468755,5577.407009277344,6058.622821246359,6016.06806228367,17.559814479415373,75.96771989488275,0.0,-0.001827010494605208,-0.0018286815139022822,56.64990234375,26.39990234375,93.52999877929688,1378.5,44.61000061035156,11691.1796875,6013.89990234375,6975.35009765625,1270.199951171875,23668.48046875,17.030000686645508,2681.25,10398.099609375
2011-01-05,6141.35009765625,6141.35009765625,6062.35009765625,6079.7998046875,0.0,55.63020143648641,41.09188660748168,19.208097276167926,21.883789331313757,83.94056105517778,91.0844065846196,5990.930004882813,6016.162998046875,5581.780007324218,6061.880818698843,6020.788932091361,16.61099858953586,76.5414541881054,0.0,-0.010827611820245497,-0.010886657008168427,79.0,61.55029296875,95.5,1373.4000244140625,44.900001525878906,11722.8896484375,6043.89990234375,6939.81982421875,1276.56005859375,23757.8203125,17.8799991607666,2702.199951171875,10380.76953125
2011-01-06,6107.0,6116.14990234375,6022.2998046875,6048.25,0.0,52.539325373331,36.96068439847295,12.061516053727352,24.899168344745597,70.33474174899742,82.45148397652672,5998.157495117187,6015.012001953126,5585.894758300781,6059.783769668252,6022.823085269779,15.685083265974901,77.77778586440145,0.0,-0.0051892834798894505,-0.0052027945736062816,93.85009765625,58.75,94.5199966430664,1371.4000244140625,45.209999084472656,11697.3095703125,6019.5,6981.39013671875,1273.8499755859375,23786.30078125,18.200000762939453,2709.889892578125,10529.759765625
2011-01-07,6030.89990234375,6051.2001953125,5883.60009765625,5904.60009765625,0.0,41.2903520288905,21.843531661446832,-2.4445093466390126,24.288041008085845,42.90277473260043,65.72602584559186,6005.0625,6011.464003906251,5589.115759277343,6035.9093585894825,6014.065826928036,16.34516805565671,84.19366527810492,0.0,-0.02375065553569211,-0.024037249311890194,167.60009765625,126.2998046875,93.33000183105469,1368.5,45.18000030517578,11674.759765625,5984.2998046875,6947.83984375,1271.5,23686.630859375,20.81999969482422,2703.169921875,10541.0400390625
2011-01-10,5901.2998046875,5907.25,5740.9501953125,5762.85009765625,0.0,33.637052013762485,-1.5570128665531229,-20.676043099711176,19.119030233158053,21.58091013983624,44.93947554047803,6000.3375,6006.4680078125,5591.520009765624,5993.9002415228315,5995.457254389385,18.011966703010046,90.05838952163313,0.0,-0.024006706238457354,-0.0242995637386114,166.2998046875,138.44970703125,95.69999694824219,1373.699951171875,45.358001708984375,11637.4501953125,5956.2998046875,6857.06005859375,1269.75,23527.259765625,23.15999984741211,2707.800048828125,10541.0400390625
2011-01-11,5767.9501953125,5842.60009765625,5698.2001953125,5754.10009765625,0.0,33.22763186495422,-20.57103478602312,-31.752052015344937,11.181017229321819,7.8710748430315824,24.118253238489416,5992.660009765626,6001.796005859374,5593.776259765625,5957.007911697204,5977.578946483227,19.81668667710703,93.93992615178433,0.0,-0.0015183459315658565,-0.0015194997868653757,144.39990234375,13.85009765625,97.61000061035156,1384.0,45.310001373291016,11671.8798828125,6014.0,6941.56982421875,1274.47998046875,23760.33984375,22.329999923706055,2716.830078125,10510.6796875
2011-01-12,5800.0498046875,5874.2001953125,5711.2998046875,5863.25,0.0,42.611393108380035,-26.52651804267498,-30.16602821759744,3.639510174922459,16.91188433790706,15.454623106924961,5988.617504882813,5998.707001953126,5596.780258789063,5942.583617589942,5969.110135632617,21.028614484797536,98.86567361415689,0.0,0.01896906562126177,0.01879139619515671,162.900390625,-63.2001953125,98.12000274658203,1385.699951171875,45.097999572753906,11755.4404296875,6050.7001953125,7068.77978515625,1285.9599609375,24125.609375,21.40999984741211,2737.330078125,10512.7998046875
2011-01-13,5850.75,5857.75,5736.7001953125,5751.89990234375,0.0,36.91232888641986,-39.77282732411004,-34.729869999226,-5.042957324884041,18.960314538931065,14.581091239956569,5981.597509765625,5991.394003906251,5599.2942578125,5913.247661398221,5953.020488722331,22.15397602051015,100.84311154796713,0.0,-0.018991190492687493,-0.019173839327316797,121.0498046875,98.85009765625,98.05999755859375,1386.9000244140625,44.90999984741211,11731.900390625,6023.89990234375,7075.10986328125,1283.760009765625,24238.98046875,23.149999618530273,2735.2900390625,10589.759765625
2011-01-14,5752.10009765625,5833.64990234375,5639.64990234375,5654.5498046875,0.0,32.784034249001394,-57.463558029162414,-41.9364805634227,-15.527077465739715,16.01865557384525,17.296951483561124,5966.887500000001,5982.1050000000005,5601.114506835937,5873.447991135033,5930.911549164195,23.826631675390615,107.49717500882663,0.0,-0.016924859491484257,-0.017069721768040398,194.0,97.55029296875,98.05999755859375,1360.4000244140625,44.959999084472656,11787.3798828125,6002.10009765625,7075.7001953125,1293.239990234375,24283.23046875,23.809999465942383,2755.300048828125,10499.0400390625
2011-01-17,5648.7998046875,5696.14990234375,5624.14990234375,5654.75,0.0,32.80067857918392,-70.65299176996814,-44.10073144338274,-26.5522603265854,6.456080838643376,13.81168365047323,5952.272509765626,5971.99,5602.5462573242185,5839.802146345028,5910.455138114996,25.470592826071563,104.96166250819616,0.0,3.540428847825794e-05,3.5403661761228884e-05,72.0,-5.9501953125,98.05999755859375,1360.4000244140625,45.417999267578125,11787.3798828125,5985.7001953125,7078.06005859375,1293.239990234375,24156.970703125,23.56999969482422,2755.300048828125,10502.8603515625
2011-01-18,5682.5498046875,5730.5,5671.25,5724.0498046875,0.0,38.479719237965874,-74.6532418565539,-38.480785223974806,-36.1724566325791,8.728467375084627,10.401067929191084,5938.4425048828125,5960.835000000001,5604.336506347656,5821.994093782331,5896.647335638885,26.443466087828476,102.87511518618216,0.0,0.012255149155577127,0.012180662758961016,59.25,-41.5,97.80000305175781,1368.0999755859375,45.439998626708984,11837.9296875,6056.39990234375,7143.4501953125,1295.02001953125,24153.98046875,21.459999084472656,2765.85009765625,10518.98046875
2011-01-19,5737.35009765625,5747.64990234375,5662.5498046875,5691.0498046875,0.0,36.88132742373003,-79.56907036477332,-34.71729098575538,-44.85177937901794,11.815402942430616,8.99998371871954,5923.775,5949.191992187501,5605.918505859375,5801.848818536972,5881.417888901746,27.072655215462262,101.6054710769013,0.0,-0.00576514899869951,-0.0057818316196177775,85.10009765625,46.30029296875,98.16000366210938,1370.199951171875,45.31999969482422,11825.2900390625,5976.7001953125,7082.759765625,1281.9200439453125,24419.619140625,21.09000015258789,2725.360107421875,10557.099609375
2011-01-20,5656.0,5729.4501953125,5634.5,5711.60009765625,0.0,38.59199299878833,-80.8743933139931,-28.81809114798012,-52.056302166012976,15.218174692314367,11.920681669943203,5910.355004882813,5937.392998046875,5607.954255371094,5787.964399939938,5868.838793253931,27.871300911429692,101.13009423658691,0.0,0.003610984558916286,0.0036044806065857974,94.9501953125,-55.60009765625,96.58000183105469,1346.5,45.29999923706055,11822.7998046875,5867.89990234375,7024.27001953125,1280.260009765625,24003.69921875,21.010000228881836,2704.2900390625,10437.3095703125
2011-01-21,5692.0498046875,5717.5498046875,5674.5,5696.5,0.0,37.78171262251112,-82.1800029212709,-24.098960604206333,-58.081042317064565,13.569176696351668,13.534251443698881,5894.6,5925.808994140625,5609.628005371094,5773.892953795332,5856.072956716603,28.612900486256585,96.98150212593785,0.0,-0.002643759611679841,-0.0026472605158493817,43.0498046875,-4.4501953125,97.5999984741211,1341.0,45.77799987792969,11871.83984375,5896.2998046875,7062.419921875,1283.3499755859375,23876.859375,21.030000686645508,2689.5400390625,10274.51953125
2011-01-24,5717.10009765625,5756.0,5697.75,5743.25,0.0,41.852301015391625,-78.53704745208688,-16.36480410801785,-62.17224334406903,17.240823072889736,15.342724820518589,5881.857495117188,5916.788994140626,5611.645754394531,5769.178653211435,5847.715700663522,28.62368637788871,94.30425197408515,0.0,0.008206793645220811,0.008173301034109938,58.25,-26.14990234375,96.61000061035156,1344.5,45.5880012512207,11980.51953125,5943.89990234375,7067.77001953125,1290.8399658203125,23801.779296875,20.170000076293945,2717.550048828125,10345.1103515625
2011-01-25,5763.2998046875,5801.5498046875,5680.64990234375,5687.39990234375,0.0,38.603018957458794,-79.24314941943885,-13.656724860295853,-65.586424559143,16.291707902508357,15.700569223916586,5866.427490234375,5909.103994140625,5613.468002929688,5756.597306924099,5835.840456343538,27.893139382513546,96.20394128620407,0.0,-0.009724476151351635,-0.009772067655861168,120.89990234375,75.89990234375,95.25,1332.300048828125,45.45000076293945,11977.1904296875,5917.7001953125,7059.009765625,1291.1800537109375,23788.830078125,20.780000686645508,2719.25,10464.419921875
2011-01-27,5725.2998046875,5726.10009765625,5594.9501953125,5604.2998046875,0.0,34.33201786306764,-85.52237499698731,-15.94876035027545,-69.57361464671186,12.644257640651237,15.392262872016442,5843.624975585937,5898.757988281251,5615.121501464844,5733.166921964622,5818.689296961609,28.032339892336736,98.70008136174306,0.0,-0.014611263333532243,-0.014719059152266116,131.14990234375,121.0,97.38999938964844,1318.4000244140625,45.45000076293945,11989.830078125,5965.10009765625,7155.580078125,1299.5400390625,23779.619140625,22.09000015258789,2755.280029296875,10478.66015625
2011-01-28,5614.0,5614.39990234375,5459.5498046875,5512.14990234375,0.0,30.325277306123983,-96.81837157665359,-21.795805543953378,-75.02256603270021,8.884625405979362,12.606863649712984,5814.139965820313,5889.226982421876,5616.369250488282,5699.164303561411,5795.982675138064,29.127125524772413,102.71079681135069,0.0,-0.0164427146218471,-0.016579396404794635,154.85009765625,101.85009765625,99.41999816894531,1340.699951171875,45.6879997253418,11823.7001953125,5881.39990234375,7102.7998046875,1276.3399658203125,23617.01953125,22.579999923706055,2686.889892578125,10360.33984375
2011-01-31,5452.5498046875,5526.85009765625,5416.64990234375,5505.89990234375,0.0,30.068958717833354,-105.06374357979166,-24.032942037673152,-81.03080154211851,11.101412527420933,10.876765191350511,5782.7099609375,5879.368984375,5617.8805004882815,5669.431318758693,5774.495062338485,30.393277972109395,103.24575384714707,0.0,-0.0011338588591980336,-0.0011345021634778043,110.2001953125,-53.35009765625,101.01000213623047,1333.800048828125,45.8380012512207,11891.9296875,5862.89990234375,7077.47998046875,1286.1199951171875,23447.33984375,23.40999984741211,2700.080078125,10237.919921875
2011-02-01,5537.2998046875,5539.14990234375,5402.0,5417.2001953125,0.0,26.62897334490068,-117.40224535591369,-29.09715505103614,-88.30509030487755,11.491341057193523,10.492459663531273,5745.689965820313,5869.9069921875,5618.8160009765625,5630.626530536202,5748.028775892116,31.653199159894264,105.66747873976156,0.0,-0.016109938176226635,-0.016241113960522698,137.14990234375,120.099609375,101.73999786376953,1339.5999755859375,45.79999923706055,12040.16015625,5957.7998046875,7184.27001953125,1307.5899658203125,23482.94921875,23.729999542236328,2751.18994140625,10274.5
2011-02-02,5469.5498046875,5490.60009765625,5415.64990234375,5432.0,0.0,28.106870049252283,-124.55063417574274,-28.996435096692153,-95.55419907905059,9.769207896202982,10.787320493605812,5709.9724609375,5858.3469921875,5619.751501464843,5600.068602761402,5724.619236937145,32.82312597712307,103.47338706638574,0.0,0.0027320025389325764,0.0027282774031740335,74.9501953125,37.5498046875,102.33999633789062,1331.5,45.40999984741211,12041.9697265625,6000.10009765625,7183.669921875,1304.030029296875,23908.9609375,23.520000457763672,2749.56005859375,10457.3603515625
2011-02-03,5430.4501953125,5532.64990234375,5418.0,5526.75,0.0,36.87361412063106,-121.17343870209606,-20.495391698436364,-100.6780470036597,12.900769187921826,11.38710604710611,5682.319970703125,5850.1869921875,5621.038500976562,5588.788817721186,5709.962256423282,33.182390110034056,104.27170958619749,0.0,0.017442930780559696,0.017292549076686366,114.64990234375,-96.2998046875,101.76000213623047,1352.300048828125,45.45000076293945,12062.259765625,5983.2998046875,7193.68017578125,1307.0999755859375,23908.9609375,22.690000534057617,2753.8798828125,10431.3603515625
2011-02-04,5519.89990234375,5556.2998046875,5369.0498046875,5395.75,0.0,31.207484993924123,-127.59673639422908,-21.534951512455507,-106.06178488177358,13.885582695325576,12.185186593150128,5649.694970703124,5840.786992187501,5621.496750488281,5559.090538071773,5686.687274466002,33.868298592797295,110.19873033004053,0.0,-0.02370289953408422,-0.023988332676138546,187.25,124.14990234375,99.83000183105469,1348.300048828125,45.560001373291016,12092.150390625,5997.39990234375,7216.2099609375,1310.8699951171875,23908.9609375,24.40999984741211,2769.300048828125,10543.51953125
2011-02-07,5430.14990234375,5440.35009765625,5376.9501953125,5396.0,0.0,31.229203413166886,-131.15519770408537,-20.074730257849424,-111.08046744623594,13.76848363058918,13.518278504612192,5624.264965820312,5832.7119921875,5621.864499511719,5533.999686060732,5665.154883764817,34.50521361250602,106.85595690244836,0.0,4.633276189602853e-05,4.633168856676948e-05,63.39990234375,34.14990234375,99.25,1347.5999755859375,45.608001708984375,12161.6298828125,6051.0,7283.6201171875,1319.050048828125,23553.58984375,24.690000534057617,2783.989990234375,10592.0400390625
2011-02-08,5432.35009765625,5432.35009765625,5303.39990234375,5312.5498046875,0.0,28.046226462587057,-139.10551547657633,-22.420038424272306,-116.68547705230402,4.747163832469577,10.800410052794778,5601.749951171875,5823.923984375,5621.885498046875,5499.930473541773,5639.035989018349,35.5931697832693,108.43411678888062,0.0,-0.015465195573109658,-0.015586029138919214,128.9501953125,119.80029296875,99.91999816894531,1363.4000244140625,45.310001373291016,12233.150390625,6091.2998046875,7323.240234375,1324.5699462890625,23484.30078125,24.739999771118164,2797.050048828125,10635.98046875
2011-02-09,5293.0498046875,5339.4501953125,5225.64990234375,5253.5498046875,0.0,26.026477826211817,-148.45570158919327,-25.41617962951139,-123.03952195968188,4.304203624337438,7.606617029132064,5576.722436523438,5812.39498046875,5622.07599609375,5462.0257552565,5610.481456845693,37.039660242821334,108.81741508744271,0.0,-0.011105778236270236,-0.011167907817883387,113.80029296875,39.5,101.81999969482422,1364.800048828125,45.150001525878906,12239.8896484375,6052.2998046875,7320.89990234375,1320.8800048828125,23164.029296875,25.239999771118164,2789.070068359375,10617.830078125
2011-02-10,5246.0498046875,5272.60009765625,5196.7998046875,5225.7998046875,0.0,25.110522492823286,-156.30321832598202,-26.6109570930401,-129.69226123294192,3.825573942939529,4.292313799915514,5544.849926757813,5799.65697265625,5621.934245605469,5425.683301322808,5581.98651964879,38.52888230573749,106.4590492218218,0.0,-0.005282142747602747,-0.0052961425847933225,75.80029296875,20.25,100.87000274658203,1361.9000244140625,45.349998474121094,12229.2900390625,6020.0,7340.27978515625,1321.8699951171875,22708.619140625,24.81999969482422,2790.449951171875,10605.650390625
2011-02-11,5219.64990234375,5319.4501953125,5177.7001953125,5310.0,0.0,32.83448314753092,-153.95349969510698,-19.408990769732043,-134.54450892537494,10.282315938826471,6.13736450203448,5522.754931640625,5786.638974609375,5622.094245605469,5407.885870350068,5561.839370045175,39.06684294064076,108.97983142026311,0.0,0.016112403547677623,0.01598397644993397,141.75,-90.35009765625,101.43000030517578,1359.9000244140625,45.630001068115234,12273.259765625,6062.89990234375,7371.2001953125,1329.1500244140625,22828.919921875,23.469999313354492,2809.43994140625,10605.650390625
2011-02-14,5340.25,5463.7998046875,5340.25,5456.0,0.0,43.68117448894871,-138.7113725661302,-3.3334909126041907,-135.377881653526,23.537484018092385,12.548457966619461,5512.82744140625,5775.524970703124,5623.260495605469,5415.288044142365,5553.999416708495,37.489294728556175,112.18125808220861,0.0,0.027495291902071672,0.027124085287313617,123.5498046875,-115.75,103.08000183105469,1364.5999755859375,45.608001708984375,12268.1904296875,6060.10009765625,7396.6298828125,1332.3199462890625,23121.060546875,22.579999923706055,2817.179931640625,10725.5400390625
2011-02-15,5467.75,5506.5,5408.35009765625,5481.0,0.0,45.30984018641552,-123.19447669509464,9.746723966745094,-132.94120066183973,40.374467344471526,24.731422433796794,5504.139941406251,5765.288974609375,5624.92299560547,5425.397575812771,5548.592052507865,35.52608328690499,111.17901838660444,0.0,0.004582111436950198,0.00457164552281843,98.14990234375,-13.25,101.63999938964844,1373.5999755859375,45.349998474121094,12226.6396484375,6037.10009765625,7400.0400390625,1328.010009765625,22899.779296875,22.850000381469727,2804.35009765625,10746.669921875
2011-02-16,5467.60009765625,5504.7998046875,5460.35009765625,5481.7001953125,0.0,45.35750224289794,-109.57758284875672,18.690894250466414,-128.26847709922313,56.50981749523858,40.14058961926749,5492.0224609375,5755.077978515625,5626.706997070312,5434.059517274267,5543.637100123024,33.70310123394318,106.41263900407913,0.0,0.00012774955528183085,0.00012774139600228233,44.44970703125,-14.10009765625,103.77999877929688,1374.699951171875,45.40999984741211,12288.169921875,6085.2998046875,7414.2998046875,1336.3199462890625,23156.970703125,23.049999237060547,2825.56005859375,10808.2900390625
2011-02-17,5501.7001953125,5553.0,5463.39990234375,5546.4501953125,0.0,49.72119152279784,-92.4950867258558,28.61871229869388,-121.11379902454968,74.10592778740917,56.99673754237309,5484.79248046875,5746.475986328125,5628.984997558593,5451.35039081861,5543.845477544466,31.44126684252292,105.21174319351991,0.0,0.011812028694194066,0.011742811215976985,89.60009765625,-44.75,102.58999633789062,1384.699951171875,45.310001373291016,12318.1396484375,6087.39990234375,7405.509765625,1340.4300537109375,23301.83984375,22.56999969482422,2831.580078125,10836.6396484375
2011-02-18,5557.5498046875,5599.25,5441.9501953125,5458.9501953125,0.0,44.544307337101614,-85.03734660989812,28.861161931721256,-113.89850854161938,77.90985286462467,69.50853271575747,5472.159985351563,5737.580986328125,5631.189499511718,5452.5195915099775,5537.556938119876,29.55740867349628,108.9323190145185,0.0,-0.01577585607348453,-0.01590161932654793,157.2998046875,98.599609375,102.5199966430664,1388.199951171875,45.209999084472656,12391.25,6083.0,7426.81005859375,1343.010009765625,23595.240234375,24.18000030517578,2833.949951171875,10842.7998046875
2011-02-21,5456.60009765625,5526.25,5413.10009765625,5518.60009765625,0.0,48.4822566370181,-73.46690449037396,32.34528324099634,-105.8121877313703,81.66158132122125,77.89245399108503,5463.264990234375,5732.6229882812495,5632.814499511718,5462.685823224789,5536.152727715163,27.47276728353324,109.23357496660647,0.0,0.010926991492791194,0.01086772327922514,113.14990234375,-62.0,102.5199966430664,1388.199951171875,45.108001708984375,12391.25,6014.7998046875,7321.81005859375,1343.010009765625,23485.419921875,24.90999984741211,2833.949951171875,10857.5302734375
2011-02-22,5504.39990234375,5519.4501953125,5437.2998046875,5469.2001953125,0.0,45.59464451039675,-67.50524655531444,30.645552940844695,-98.15079949615914,72.24531100748185,77.27224839777591,5449.5625,5724.859990234375,5634.479750976562,5463.688034315206,5531.1932808705205,25.537028849996133,107.29906179934888,0.0,-0.00895152782763331,-0.008991833464499622,82.150390625,35.19970703125,105.77999877929688,1400.5,44.917999267578125,12212.7900390625,5996.7998046875,7318.35009765625,1315.43994140625,22990.810546875,26.850000381469727,2756.419921875,10664.7001953125
2011-02-23,5452.4501953125,5495.2001953125,5427.5498046875,5437.35009765625,0.0,43.78396943241425,-64.60588990577708,26.835927672305644,-91.44181757808272,70.53732004840151,74.81473745903486,5437.060009765625,5715.453994140626,5635.883251953124,5459.636044059982,5524.241933965759,23.809755981892263,104.46701385832395,0.0,-0.005823538455137944,-0.0058405613764712025,67.650390625,15.10009765625,111.25,1413.4000244140625,45.150001525878906,12105.7802734375,5923.5,7194.60009765625,1307.4000244140625,22906.900390625,26.549999237060547,2722.989990234375,10579.099609375
2011-02-24,5408.75,5423.39990234375,5242.5,5262.7001953125,0.0,35.46656094930491,-75.53025066754253,12.729253528432153,-88.25950419597469,50.302470808902854,64.3617006215954,5419.980029296875,5701.82599609375,5636.302253417969,5429.3382211757535,5504.868471843296,24.039599782478884,110.92294841531867,0.0,-0.03212040777345426,-0.03264758763813046,180.89990234375,146.0498046875,111.36000061035156,1415.300048828125,45.04999923706055,12068.5,5920.0,7130.5,1306.0999755859375,22601.0390625,28.200000762939453,2737.89990234375,10452.7099609375
2011-02-25,5321.0498046875,5338.2001953125,5232.75,5303.5498046875,0.0,38.41344504140306,-79.96982087926608,6.631746653366889,-86.60156753263297,37.20394810505938,52.681246320787906,5409.550024414062,5690.050996093751,5637.352502441407,5409.986157100638,5489.955977979904,24.32887637284905,110.53203747940304,0.0,0.007762100795972504,0.0077321306790641905,105.4501953125,17.5,112.13999938964844,1408.699951171875,45.400001525878906,12130.4501953125,6001.2001953125,7185.169921875,1319.8800048828125,23012.369140625,27.270000457763672,2781.050048828125,10526.759765625
2011-02-28,5330.14990234375,5477.0,5308.60009765625,5333.25,0.0,40.53944515227263,-80.16753328940013,5.147227394586281,-85.3147606839864,28.972410059915013,38.82627632462575,5400.917529296875,5677.740996093749,5638.719252929688,5398.18059446977,5478.34812775917,22.92863311952487,115.02619161033854,0.0,0.005600059659334189,0.00558443762100127,168.39990234375,-3.10009765625,111.80000305175781,1409.300048828125,45.25,12226.33984375,5994.0,7272.31982421875,1327.219970703125,23338.01953125,24.399999618530273,2782.27001953125,10624.08984375
2011-03-01,5382.0,5533.0498046875,5373.5498046875,5522.2998046875,0.0,51.91745763155818,-64.32794995145014,16.789448586029025,-81.11739853747916,49.49980733605611,38.558721833676834,5406.172509765625,5669.24599609375,5640.9997509765635,5417.275857580189,5481.603807531639,21.50310389945782,121.08144968727865,0.0,0.03544739224441007,0.03483359635665696,159.5,-140.2998046875,115.41999816894531,1430.699951171875,45.099998474121094,12058.01953125,5935.7998046875,7223.2998046875,1306.3299560546875,23396.419921875,22.219999313354492,2737.409912109375,10754.0302734375
2011-03-03,5478.4501953125,5570.75,5468.25,5536.2001953125,0.0,52.63513492857019,-50.07607486528923,24.833058937751957,-74.90913380304119,67.89624100676369,48.78948613424493,5411.38251953125,5659.957001953126,5644.082502441406,5435.571909539007,5485.647984404296,20.529708500669784,119.75420328104447,0.0,0.0025171379889952217,0.0025139753033331146,102.5,-57.75,114.79000091552734,1416.0,44.810001373291016,12258.2001953125,6005.10009765625,7225.9599609375,1330.969970703125,23122.419921875,22.959999084472656,2798.739990234375,10586.01953125
2011-03-04,5586.2001953125,5608.2001953125,5524.10009765625,5538.75,0.0,52.77438134736337,-38.13600512339326,29.418502943718337,-67.5545080671116,82.76378993319537,66.71994609200505,5411.98251953125,5651.04400390625,5647.038251953125,5451.445461917621,5489.581467041015,19.963402072930492,117.20748145070202,0.0,0.00046056945152717077,0.0004604634219720642,84.10009765625,47.4501953125,115.97000122070312,1428.199951171875,44.849998474121094,12169.8798828125,5990.39990234375,7178.89990234375,1321.1500244140625,23408.859375,22.90999984741211,2784.669921875,10693.66015625
2011-03-07,5490.0498046875,5491.25,5408.4501953125,5463.14990234375,0.0,48.24555983257312,-34.37742829963281,26.54166381398303,-60.91909211361584,75.97059647055697,75.54354247017201,5415.352514648437,5640.707001953125,5649.698251953125,5453.246145060103,5487.623573359736,18.809506477565186,118.1426473961876,0.0,-0.013649306730986188,-0.013743314929411162,82.7998046875,26.89990234375,115.04000091552734,1434.0999755859375,44.90299987792969,12090.0302734375,5973.7998046875,7161.93017578125,1310.1300048828125,23313.189453125,25.219999313354492,2745.6298828125,10505.01953125
2011-03-08,5466.10009765625,5530.5498046875,5464.75,5520.7998046875,0.0,51.652737977335555,-26.442056204597066,27.581628727215026,-54.02368493181209,73.19654442626603,77.3103102766728,5421.592504882812,5630.89099609375,5652.5824999999995,5463.639015772011,5490.081071976608,17.569350214207645,114.51816560672778,0.0,0.010552502379445494,0.010497213344531289,65.7998046875,-54.69970703125,113.05999755859375,1426.9000244140625,44.970001220703125,12214.3798828125,5974.7998046875,7164.75,1321.8199462890625,23711.69921875,23.670000076293945,2765.77001953125,10525.1904296875
2011-03-09,5542.39990234375,5563.2998046875,5477.4501953125,5531.0,0.0,52.25170061074477,-19.10985956726563,27.931060291637174,-47.040919858902804,72.50848157116934,73.89187415599744,5432.5150146484375,5621.548994140625,5656.20375,5474.0022441147785,5493.112103682044,16.723749291152586,112.47041159017579,0.0,0.0018475937678159582,0.0018458890658586942,85.849609375,11.39990234375,115.94000244140625,1429.300048828125,44.900001525878906,12213.08984375,5937.2998046875,7131.7998046875,1320.02001953125,23810.109375,23.280000686645508,2751.719970703125,10589.5
2011-03-10,5516.10009765625,5516.2998046875,5468.4501953125,5494.39990234375,0.0,49.86455855706119,-16.06715079472997,24.779015251338272,-40.84616604606824,75.282928567527,73.66265152165411,5444.55751953125,5611.5169921875,5659.08875,5477.140345380774,5493.207496175504,15.842634574493031,108.90465395427039,0.0,-0.006617265893373747,-0.006639257065300575,47.849609375,21.7001953125,115.43000030517578,1412.199951171875,44.869998931884766,11984.6103515625,5845.2998046875,7063.08984375,1295.1099853515625,23614.890625,23.530000686645508,2701.02001953125,10434.3798828125
2011-03-11,5456.14990234375,5502.7001953125,5411.5498046875,5445.4501953125,0.0,46.78600753053756,-17.40498065583779,18.752948312184365,-36.157928968022155,68.59321665049683,72.12820892973104,5455.5400390625,5599.218994140625,5661.300500488282,5472.264937677963,5489.6699183338005,14.991009971701017,107.63649228789393,0.0,-0.00890901789117493,-0.008948940481997226,91.150390625,10.69970703125,113.83999633789062,1421.5,45.11000061035156,12044.400390625,5828.7001953125,6981.490234375,1304.280029296875,23249.779296875,24.1299991607666,2715.610107421875,10254.4296875
2011-03-14,5436.5,5537.2998046875,5434.25,5531.5,0.0,52.354765259298595,-11.390418712621795,19.814008204320288,-31.204426916942083,68.63760780243855,70.83791767348745,5466.615039062499,5587.8119921875,5663.625251464844,5481.378024189045,5492.768442901667,14.007931610120922,107.30887174500866,0.0,0.015802147040399506,0.01567859302758532,103.0498046875,-95.0,113.66999816894531,1424.5999755859375,45.237998962402344,11993.16015625,5775.2001953125,6866.6298828125,1296.3900146484375,23345.880859375,23.299999237060547,2700.969970703125,9620.490234375
2011-03-15,5420.0,5497.85009765625,5373.64990234375,5449.64990234375,0.0,47.28582210668486,-13.077702260029582,14.50137972553,-27.579081985559583,64.66459970365437,67.29847471886325,5466.297534179686,5574.114990234375,5665.442001953125,5476.496774674385,5489.574476934415,13.53751587945698,110.91895931009734,0.0,-0.014797088973379724,-0.014907657983095256,124.2001953125,-29.64990234375,108.5199966430664,1392.5999755859375,44.95000076293945,11855.419921875,5695.2998046875,6647.66015625,1281.8699951171875,22678.25,26.6299991607666,2667.330078125,8605.150390625
2011-03-16,5475.9501953125,5535.10009765625,5475.9501953125,5511.14990234375,0.0,51.11558775298467,-9.344631509308783,14.587560381000639,-23.932191890309422,70.49757105835616,67.93325952148302,5467.805029296875,5561.185986328125,5668.146750488281,5481.828025085057,5491.172656594365,12.689907604827264,109.09976188169753,0.0,0.011285128604967998,0.01122192659188634,59.14990234375,-35.19970703125,110.62000274658203,1396.0,45.15999984741211,11613.2998046875,5598.2001953125,6513.83984375,1256.8800048828125,22700.880859375,24.889999389648438,2616.820068359375,9093.7197265625
2011-03-17,5455.39990234375,5510.0498046875,5435.2998046875,5446.64990234375,0.0,47.23928772608702,-11.458668596244934,9.978818635251592,-21.437487231496526,62.964383903698945,66.04218488856982,5466.052514648437,5547.191982421875,5670.2807495117195,5476.416006201778,5487.874674798023,12.318595089998674,106.72478586559414,0.0,-0.011703546654132868,-0.011772572247673354,74.75,8.75,114.9000015258789,1404.0,45.02000045776367,11774.58984375,5696.10009765625,6656.8798828125,1273.719970703125,22284.4296875,25.260000228881836,2636.050048828125,8962.669921875
2011-03-18,5475.35009765625,5483.0498046875,5366.39990234375,5373.7001953125,0.0,43.2449233666047,-18.803732189969196,2.1070040332218625,-20.91073622319106,50.950510020018456,61.470821660691186,5457.415014648437,5533.069990234375,5671.596750488282,5460.613573757274,5479.417305947243,12.61814363961443,107.433722756891,0.0,-0.013393500287187332,-0.013484002212295716,116.64990234375,101.64990234375,113.93000030517578,1415.9000244140625,45.04999923706055,11858.51953125,5718.10009765625,6664.39990234375,1279.2099609375,22300.23046875,25.889999389648438,2643.669921875,9206.75
2011-03-21,5408.75,5413.2998046875,5348.2001953125,5364.75,0.0,42.76712132632551,-25.058099791861423,-3.317890854936291,-21.740208936925132,28.35529512074487,47.423396348154085,5452.705004882812,5519.399990234375,5672.743000488283,5445.865331640771,5470.923431432632,13.05725032232159,104.40985751532737,0.0,-0.0016655553877581442,-0.0016669439671844774,65.099609375,44.0,114.95999908447266,1426.199951171875,44.99800109863281,12036.5302734375,5786.10009765625,6816.1201171875,1298.3800048828125,22685.220703125,25.209999084472656,2692.090087890625,9206.75
2011-03-22,5390.85009765625,5428.14990234375,5376.14990234375,5413.85009765625,0.0,46.27408460582574,-25.755866051059456,-3.2125256913074587,-22.543340359751998,17.781423136857363,32.362409425873565,5447.467504882812,5509.584990234374,5674.642250976563,5440.939911027767,5466.695777078827,13.268456787994138,101.48057500307185,0.0,0.009152355218090324,0.009110726224509216,52.0,-23.0,115.69999694824219,1427.5,44.90999984741211,12018.6298828125,5762.7001953125,6780.97021484375,1293.77001953125,22857.900390625,22.260000228881836,2683.8701171875,9608.3203125
2011-03-23,5411.39990234375,5484.9501953125,5401.9501953125,5480.25,0.0,50.67573940420536,-20.712176568010364,1.4649310333933059,-22.17710760140367,27.46788611778846,24.534868125130227,5448.019995117187,5503.93298828125,5677.1080004882815,5446.987617023496,5467.699793591506,12.742668132728557,100.16053393142387,0.0,0.012264820995412373,0.012190217458324736,83.0,-68.85009765625,115.55000305175781,1437.9000244140625,44.849998474121094,12086.01953125,5795.89990234375,6804.4501953125,1297.5400390625,22825.400390625,20.969999313354492,2698.300048828125,9449.4697265625
2011-03-24,5501.7998046875,5529.0,5496.10009765625,5522.39990234375,0.0,53.29175039256594,-13.162146426314393,7.211968940071422,-20.374115366385816,52.34131594222474,32.53020839895685,5452.272485351563,5499.298984375,5679.718500976563,5458.589507072766,5471.75165349908,11.923586681141634,96.48835293632217,0.0,0.00769123714132558,0.007661810366167588,32.89990234375,-20.60009765625,115.72000122070312,1434.800048828125,44.75,12170.5595703125,5880.89990234375,6933.580078125,1309.6600341796875,22915.279296875,19.84000015258789,2736.419921875,9435.009765625
2011-03-25,5588.64990234375,5667.10009765625,5560.9501953125,5654.25,0.0,60.37201566307792,3.4210718330778036,19.036149759570897,-15.615077926493093,75.91482573503649,51.90800926501656,5471.8499755859375,5495.118984375,5682.596750488281,5488.691121369263,5485.270049536185,12.476904856442346,99.93205596319201,0.0,0.023875507023729314,0.023594944054316423,106.14990234375,-65.60009765625,115.58999633789062,1426.0999755859375,44.599998474121094,12220.58984375,5900.7998046875,6946.35986328125,1313.800048828125,23158.669921875,20.469999313354492,2743.06005859375,9536.1298828125
2011-03-28,5645.25,5709.10009765625,5643.2001953125,5687.25,0.0,61.927568331887045,19.007113810287592,27.69775338942455,-8.690639579136958,90.30058447224694,72.85224204983605,5491.034985351562,5493.8259863281255,5685.436250000001,5519.238641158607,5500.231527348319,13.320710692239807,97.50118784751758,0.0,0.005836317814033709,0.005819352489233676,65.89990234375,-42.0,114.80000305175781,1419.800048828125,44.69300079345703,12197.8798828125,5904.5,6938.6298828125,1310.18994140625,23068.189453125,21.020000457763672,2730.679931640625,9478.5302734375
2011-03-29,5686.5,5770.35009765625,5680.7001953125,5736.35009765625,0.0,64.1805358073766,34.918611881131255,34.88740116821457,0.031210712916684535,93.95404778222579,86.72315266316973,5511.189990234375,5495.4619921875,5688.12949951172,5552.640403696705,5517.721791815574,14.552253740629332,96.94038174010562,0.0,0.008633363691810558,0.008596309323982254,89.64990234375,-49.85009765625,114.80000305175781,1416.0,44.70000076293945,12279.009765625,5932.2001953125,6934.43994140625,1319.43994140625,23060.359375,21.219999313354492,2756.889892578125,9459.080078125
2011-03-30,5755.7998046875,5803.14990234375,5753.89990234375,5787.64990234375,0.0,66.41661322950297,51.07924451135386,40.83842703874974,10.240817472604121,94.161560511911,92.80539758879458,5524.457495117187,5498.119990234375,5690.955998535157,5588.795711180866,5537.716466669513,15.921987004084263,94.78748337920521,0.0,0.00894293476063468,0.008903183538841914,49.25,-31.85009765625,115.12999725341797,1423.800048828125,44.65999984741211,12350.6103515625,5948.2998046875,7057.14990234375,1328.260009765625,23451.4296875,22.040000915527344,2776.7900390625,9708.7900390625
2011-03-31,5803.0498046875,5872.0,5778.64990234375,5833.75,0.0,68.32993296473045,66.83610983796461,45.27623389228839,21.55987594567622,93.74553689488573,93.95371506300751,5539.334985351562,5500.313994140625,5693.957998046875,5626.48098638381,5559.644876545845,17.636220648778355,94.6848129704227,0.0,0.00796525332978093,0.007933698152046535,93.35009765625,-30.7001953125,117.36000061035156,1438.9000244140625,44.61000061035156,12319.73046875,5908.7998046875,7041.31005859375,1325.8299560546875,23527.51953125,22.18000030517578,2781.070068359375,9755.099609375
2011-04-01,5835.0,5860.2001953125,5810.39990234375,5826.0498046875,0.0,67.63677766538405,77.80530658074531,44.996344508055266,32.80896207269004,93.50604966717461,93.80438235799045,5553.699975585938,5503.013994140625,5696.7139965820315,5657.183881507454,5579.378574926709,19.228009033137155,91.47877582744607,0.0,-0.0013199392007713362,-0.0013208110878279227,49.80029296875,8.9501953125,118.69999694824219,1428.0999755859375,44.45000076293945,12376.7197265625,6009.89990234375,7179.81005859375,1332.4100341796875,23801.900390625,20.110000610351562,2789.60009765625,9708.3896484375
2011-04-04,5842.0,5918.7001953125,5833.2001953125,5908.4501953125,0.0,71.02418501876413,92.0859869666192,47.421619915143324,44.66436705147588,94.04281646868282,93.76480101024771,5575.964990234375,5506.95099609375,5699.943247070312,5695.840237477461,5603.754250510842,21.067936205295478,91.56246259869992,0.0,0.014143440819661901,0.014044355538836166,85.5,-66.4501953125,121.05999755859375,1432.199951171875,44.448001861572266,12400.0302734375,6017.0,7175.330078125,1332.8699951171875,24150.580078125,20.059999465942383,2789.18994140625,9718.8896484375
2011-04-05,5923.85009765625,5928.64990234375,5855.85009765625,5910.0498046875,0.0,71.08745116808807,102.35274543029209,46.150702703052964,56.202042727239125,95.4088096047891,94.31922524688217,5595.427490234375,5511.2219921875,5702.726997070313,5728.795555509775,5626.442810079483,22.836204306868286,90.22227274789992,0.0,0.0002707324801127786,0.00027069583868808463,72.7998046875,13.80029296875,122.22000122070312,1451.800048828125,44.31800079345703,12393.900390625,6007.10009765625,7175.31005859375,1332.6300048828125,24150.580078125,19.899999618530273,2791.18994140625,9615.5498046875
2011-04-06,5908.0,5944.4501953125,5868.7998046875,5891.75,0.0,69.22528809143039,107.77027552869276,41.25458624116291,66.51568928752985,95.38676480625648,94.94613029324279,5613.464990234375,5514.1919921875,5705.602998046876,5753.865470046733,5646.09519451804,24.576268600739247,89.18142402483564,0.0,-0.003096387558863878,-0.0031011912855171014,75.650390625,16.25,122.30000305175781,1457.699951171875,44.29999923706055,12426.75,6041.10009765625,7215.10986328125,1335.5400390625,24285.05078125,20.360000610351562,2799.820068359375,9584.3701171875
2011-04-07,5888.5498046875,5906.10009765625,5866.25,5885.7001953125,0.0,68.58564519740587,110.30402237682756,35.03066647143817,75.2733559053894,92.70123817698635,94.49893752934398,5633.030004882813,5518.157998046875,5708.41574951172,5774.147735472236,5663.843713095408,26.14592349028464,85.65775785565096,0.0,-0.001026826441634543,-0.001027353989069185,39.85009765625,2.849609375,122.66999816894531,1458.5,44.04999923706055,12409.490234375,6007.39990234375,7178.77978515625,1333.510009765625,24281.80078125,20.31999969482422,2796.139892578125,9590.9296875
2011-04-08,5886.75,5926.9501953125,5822.0,5842.0,0.0,63.986393794241344,107.54607031124306,25.818171524682924,81.72789878656013,87.76022265970278,91.94940854764853,5652.857495117189,5522.912001953125,5711.022749023438,5784.586545399584,5677.040475088341,26.81033090081916,87.03578910256876,0.0,-0.007424808240709235,-0.007452509331449193,104.9501953125,44.75,126.6500015258789,1473.4000244140625,44.099998474121094,12380.0498046875,6055.7998046875,7217.02001953125,1328.1700439453125,24396.0703125,20.540000915527344,2780.419921875,9768.080078125
2011-04-11,5805.35009765625,5830.2998046875,5777.89990234375,5785.7001953125,0.0,58.53993352869272,99.66853290232484,14.352507292611762,85.31602560971308,80.95220078278064,87.13788720648992,5665.567504882813,5528.383007812499,5713.606000976564,5784.757876155418,5685.089343253093,26.699697946804733,85.39752542783171,0.0,-0.009637077146097184,-0.009683814289420984,52.39990234375,19.64990234375,123.9800033569336,1467.4000244140625,44.0629997253418,12381.1103515625,6053.39990234375,7204.85986328125,1324.4599609375,24303.0703125,21.239999771118164,2771.510009765625,9719.7001953125
2011-04-13,5747.9501953125,5923.60009765625,5735.5498046875,5911.5,0.0,65.58832853819831,102.39616142707655,13.664108653890779,88.73205277318577,81.78688022886973,83.49976789045104,5688.660009765626,5536.495009765626,5716.496000976564,5804.256664439199,5701.8605030121225,27.37787459387793,92.72986596646872,0.0,0.0217432290718107,0.021510216644902755,188.05029296875,-163.5498046875,122.87999725341797,1454.9000244140625,44.1879997253418,12270.990234375,6010.39990234375,7177.97021484375,1314.4100341796875,24135.029296875,20.40999984741211,2761.52001953125,9641.1796875
2011-04-15,5898.75,5907.35009765625,5806.4501953125,5824.5498046875,0.0,58.22092255762131,96.4300865833402,6.158427048123542,90.27165953521666,77.37444888585816,80.03784329916951,5704.330004882813,5544.642001953125,5719.338000488282,5807.378686015862,5710.948599432521,28.007610051874472,93.60986158939953,0.0,-0.014708651833291064,-0.014817896604968487,100.89990234375,74.2001953125,123.44999694824219,1485.300048828125,44.1879997253418,12341.830078125,5996.0,7178.2900390625,1319.6800537109375,24008.0703125,21.59000015258789,2764.64990234375,9591.51953125
2011-04-18,5824.35009765625,5897.89990234375,5722.25,5729.10009765625,0.0,51.39588412346855,83.0426714117275,-5.783190498791328,88.82586191051882,63.300169957732905,74.15383302415358,5718.4525146484375,5550.5840039062505,5721.421000976563,5795.335826268229,5712.293154856501,27.300714105123124,99.46986450042456,0.0,-0.016387482334588976,-0.01652324234306882,175.64990234375,95.25,121.61000061035156,1492.300048828125,44.27299880981445,12201.58984375,5870.10009765625,7026.85009765625,1305.1400146484375,23830.310546875,22.450000762939453,2735.3798828125,9556.650390625
2011-04-19,5716.0,5762.9501953125,5693.25,5740.75,0.0,52.133432769344104,72.53693753077187,-13.031139503797576,85.56807703456944,40.00580649017937,60.22680844459014,5736.805004882813,5554.864003906251,5723.867751464844,5786.938006842347,5714.401069311575,26.24833490594547,97.34345955842996,0.0,0.002033461127431746,0.0020313964438487763,69.7001953125,-24.75,121.33000183105469,1494.5,44.36000061035156,12266.75,5896.89990234375,7039.31005859375,1312.6199951171875,23520.619140625,22.06999969482422,2744.969970703125,9441.0302734375
2011-04-20,5786.0498046875,5857.35009765625,5759.64990234375,5851.64990234375,0.0,58.57733857804727,72.32603353715149,-10.59363479793437,82.91966833508586,38.113141933672416,47.1397061271949,5761.15,5563.982001953126,5726.940500488281,5796.893683073332,5724.56764953618,26.153506901894886,98.71893370827425,0.0,0.019318016346949518,0.01913379225131961,97.7001953125,-65.60009765625,121.33000183105469,1498.300048828125,44.40999984741211,12453.5400390625,6022.2998046875,7249.18994140625,1330.3599853515625,23896.099609375,20.989999771118164,2802.510009765625,9606.8203125
2011-04-21,5882.85009765625,5912.89990234375,5864.35009765625,5884.7001953125,0.0,60.29292889918686,73.97305767028774,-7.157288531838503,81.13034620212625,54.01304195495608,44.04399679293596,5784.6925048828125,5573.756005859375,5730.184501953126,5810.402377263974,5736.429319593686,26.50616569951307,96.04258130054038,0.0,0.005648029789942166,0.005632139474262156,48.5498046875,-1.85009765625,123.98999786376953,1503.199951171875,44.2599983215332,12505.990234375,6018.2998046875,7295.490234375,1337.3800048828125,24138.310546875,20.510000228881836,2820.159912109375,9685.76953125
2011-04-25,5859.60009765625,5906.60009765625,5857.0,5874.5,0.0,59.4742335936482,73.60677259103159,-6.018858888875741,79.62563147990733,70.47501124160442,54.2003983767443,5804.405004882813,5584.995009765625,5733.111752929688,5820.263549992593,5746.656777401561,26.725255012208073,92.72526104023392,0.0,-0.0017333415422973175,-0.0017348455169341906,49.60009765625,-14.89990234375,123.66000366210938,1508.5999755859375,44.268001556396484,12479.8798828125,6018.2998046875,7295.490234375,1335.25,24138.310546875,20.90999984741211,2825.8798828125,9671.9599609375
2011-04-26,5876.85009765625,5893.2001953125,5791.5498046875,5868.39990234375,0.0,58.958629588284474,71.99435600546258,-6.105020379555796,78.09937638501837,72.6976740569687,65.7285757511764,5821.705004882813,5597.29201171875,5736.248251953126,5827.669142662001,5755.674786656538,26.004036279050986,93.36277029628864,0.0,-0.0010384028693931624,-0.00103894238317352,101.650390625,8.4501953125,124.13999938964844,1503.0,44.40999984741211,12595.3701171875,6069.39990234375,7356.509765625,1347.239990234375,24007.380859375,21.709999084472656,2847.5400390625,9558.6904296875
2011-04-27,5884.2001953125,5892.35009765625,5819.9501953125,5833.89990234375,0.0,56.00160527711938,67.15848140417165,-8.75271598467738,75.91119738884903,65.95666377689399,69.7097830251557,5830.6875,5609.454013671875,5738.933500976563,5828.6277210745775,5761.469239670406,25.334333169690836,91.86542258539302,0.0,-0.00587894495503305,-0.005896293981322488,72.39990234375,50.30029296875,125.12999725341797,1516.699951171875,44.40999984741211,12690.9599609375,6068.2001953125,7404.9501953125,1355.6600341796875,23892.83984375,21.350000381469727,2869.8798828125,9691.83984375
2011-04-28,5851.35009765625,5856.39990234375,5776.9501953125,5785.4501953125,0.0,52.05328477700171,58.73941804848255,-13.737423472293187,72.47684152077574,54.140085293648845,64.2648077091705,5835.597509765625,5618.963017578126,5741.098500976563,5821.985024803488,5763.245606755006,24.123169602359944,90.97858576009709,0.0,-0.00830485744395193,-0.008339534900220089,79.44970703125,65.89990234375,125.0199966430664,1530.800048828125,44.33000183105469,12763.3095703125,6069.89990234375,7475.22021484375,1360.47998046875,23805.630859375,20.920000076293945,2872.530029296875,9849.740234375
2011-04-29,5782.5,5804.2998046875,5706.0498046875,5749.5,0.0,49.27707895468884,48.606068863987275,-19.09661812543078,67.70268698941805,38.9214433409995,53.00606413718077,5836.2550048828125,5624.833017578126,5742.931000976563,5810.833482526029,5762.227413662042,22.665524768896745,91.49797249151872,0.0,-0.006213897639569588,-0.006233284254191724,98.25,33.0,125.88999938964844,1556.0,44.29999923706055,12810.5400390625,6069.89990234375,7514.4599609375,1363.6099853515625,23720.810546875,19.579999923706055,2873.5400390625,9849.740234375
2011-05-02,5766.89990234375,5775.25,5687.7001953125,5701.2998046875,0.0,45.75368032617317,36.26789003224167,-25.147837565741114,61.41572759798278,22.1524792120622,38.404669282236846,5831.9375,5629.239013671875,5744.434250488282,5793.982147473947,5757.714257441706,21.51945137339509,91.21596050551739,0.0,-0.008383371651882743,-0.008418709752226371,87.5498046875,65.60009765625,125.12000274658203,1556.699951171875,44.24800109863281,12807.3603515625,6069.89990234375,7527.64013671875,1361.219970703125,23720.810546875,20.8799991607666,2864.080078125,10004.2001953125
2011-05-03,5689.7001953125,5710.7998046875,5554.85009765625,5565.25,0.0,37.58479470074165,15.33494054475159,-36.86462964258496,52.19957018733655,10.857959755420454,23.977294102827386,5818.512500000001,5630.910009765625,5745.329750976563,5758.792586324109,5743.457645779357,21.72524789210596,95.83979954306972,0.0,-0.02386294517885945,-0.024152277406054596,155.94970703125,124.4501953125,122.44999694824219,1540.0999755859375,44.220001220703125,12807.509765625,6082.89990234375,7500.7001953125,1356.6199951171875,23633.25,21.579999923706055,2841.6201171875,10004.2001953125
2011-05-04,5567.7001953125,5578.7998046875,5503.0,5537.14990234375,0.0,36.14920567217545,-3.4818788444599704,-44.54515922543722,41.06328038097725,5.541302647563792,12.850580538348815,5804.0675048828125,5630.72400390625,5746.121750488281,5724.693711865592,5728.175590710052,22.316482352203213,94.40837133910046,0.0,-0.0050492067124118245,-0.005061997028756225,75.7998046875,30.55029296875,121.19000244140625,1514.9000244140625,44.40999984741211,12723.580078125,5984.10009765625,7373.93017578125,1347.3199462890625,23315.240234375,21.18000030517578,2828.22998046875,10004.2001953125
2011-05-05,5531.60009765625,5560.2998046875,5443.64990234375,5459.85009765625,0.0,32.47455235387435,-24.3510878128518,-52.33149455506324,27.980406742211436,4.7973332838506035,7.065531895611617,5781.6375,5630.7420019531255,5746.451501464844,5683.9485404487705,5708.299628261622,23.28396000067892,95.99705212514685,0.0,-0.0139602152823749,-0.014058575581329499,116.64990234375,71.75,110.80000305175781,1480.9000244140625,44.31999969482422,12584.169921875,5920.0,7376.9599609375,1335.0999755859375,23261.609375,21.600000381469727,2814.719970703125,10004.2001953125
2011-05-06,5477.64990234375,5564.39990234375,5472.4501953125,5551.4501953125,0.0,40.228359779874005,-33.11697208829719,-48.8779030644069,15.760930976109712,11.514859589124978,7.284498506846457,5763.70751953125,5631.39900390625,5747.276501464844,5663.564179658575,5696.681151746872,24.12227792294571,96.6079630224578,0.0,0.016777035269809115,0.016637855340857616,91.94970703125,-73.80029296875,109.12999725341797,1491.199951171875,44.70000076293945,12638.740234375,5976.7998046875,7492.25,1340.199951171875,23159.140625,20.969999313354492,2827.56005859375,9859.2001953125
2011-05-09,5575.2001953125,5586.0498046875,5502.39990234375,5551.10009765625,0.0,40.20935544824936,-39.635356765702454,-44.31703019344973,4.681673427747279,16.441178021221805,10.917790298065794,5746.675024414062,5633.037001953126,5748.192001953124,5646.262013196679,5685.897369962381,24.572867216017194,95.68238725969296,0.0,-6.306418033719119e-05,-6.306616896621993e-05,83.64990234375,24.10009765625,115.9000015258789,1502.9000244140625,44.722999572753906,12684.6796875,5942.7001953125,7410.52001953125,1346.2900390625,23336.0,21.5,2843.25,9794.3798828125
2011-05-10,5555.5498046875,5592.89990234375,5514.5498046875,5541.25,0.0,39.64192707366385,-45.076431106439486,-39.80648362734941,-5.269947479090074,22.223447766826492,16.726495125724426,5729.4525146484375,5635.115,5748.901501464844,5630.106318858728,5675.182749965167,24.884592960896256,94.44436657373275,0.0,-0.0017744406483336528,-0.0017760168329809282,78.35009765625,14.2998046875,117.62999725341797,1516.5999755859375,44.61000061035156,12760.3603515625,6018.89990234375,7501.52001953125,1357.1600341796875,23336.0,21.739999771118164,2871.889892578125,9818.759765625
2011-05-11,5547.2001953125,5574.7001953125,5525.0,5565.0498046875,0.0,41.779768108012306,-46.927129647826405,-33.32574573498906,-13.601383912837342,23.189500643757768,20.618042143935355,5715.605004882813,5641.161992187501,5749.516999511719,5620.0976243708465,5667.024754018673,25.1740525811411,91.24835434078756,0.0,0.004295024531919767,0.004285827239714357,49.7001953125,-17.849609375,112.56999969482422,1501.0999755859375,44.61000061035156,12630.0302734375,5976.0,7495.0498046875,1342.0799560546875,23291.80078125,21.239999771118164,2845.06005859375,9864.259765625
2011-05-12,5537.7998046875,5572.5,5476.2998046875,5486.14990234375,0.0,37.08968110962923,-54.13633433704399,-32.42796033936531,-21.708373997678674,18.616823869280104,21.343257426621456,5700.627490234376,5644.813994140625,5749.702248535157,5599.490282520524,5653.626616857568,25.880725165434267,91.60205726733845,0.0,-0.014177753140195093,-0.01427921764981002,96.2001953125,51.64990234375,112.9800033569336,1506.5999755859375,44.58000183105469,12695.919921875,5945.0,7443.9501953125,1348.6500244140625,23073.759765625,21.229999542236328,2863.0400390625,9716.650390625
2011-05-13,5492.35009765625,5605.0,5472.14990234375,5544.75,0.0,42.27291776251387,-54.492981681236415,-26.227686146846192,-28.265295534390223,19.180155370116516,20.32882662771813,5682.289990234375,5649.043994140626,5750.332998046876,5591.068700594289,5645.5616822755255,25.973693111390105,94.54834586654641,0.0,0.010681461261424108,0.010624817456151603,132.85009765625,-52.39990234375,113.83000183105469,1493.4000244140625,44.709999084472656,12595.75,5925.89990234375,7403.31005859375,1337.77001953125,23276.26953125,20.6299991607666,2828.469970703125,9648.76953125
2011-05-16,5541.7001953125,5541.7998046875,5487.64990234375,5499.0,0.0,39.534304562755004,-57.80097624798236,-23.628544570873707,-34.172431677108655,14.668356247020766,17.48844516213913,5666.0125,5648.577998046876,5750.674997558594,5576.904285118245,5634.705261366227,26.06002048977767,91.87347099438239,0.0,-0.00825104828892198,-0.008285276597504446,54.14990234375,42.7001953125,112.7300033569336,1490.4000244140625,44.858001708984375,12548.3701171875,5923.7001953125,7387.5400390625,1329.469970703125,22960.630859375,21.459999084472656,2782.31005859375,9558.2998046875
2011-05-17,5496.10009765625,5523.85009765625,5421.0498046875,5438.9501953125,0.0,36.21769419566431,-64.5243071087043,-24.28150034527652,-40.24280676342779,12.978846229479185,15.609119282205487,5651.5050048828125,5646.632998046875,5750.881999511719,5555.680578994284,5620.204886102988,26.7739117709082,92.65395827826579,0.0,-0.010920131785324583,-0.010980194083480721,102.80029296875,57.14990234375,109.98999786376953,1479.800048828125,44.959999084472656,12479.580078125,5861.0,7256.64990234375,1328.97998046875,22901.080078125,21.030000686645508,2783.2099609375,9567.01953125
2011-05-18,5448.2001953125,5460.5,5401.25,5420.60009765625,0.0,35.2446664611807,-70.52037973730512,-24.22205837910186,-46.29832135820326,7.082765181359644,11.576655885953198,5635.497509765625,5644.27,5750.940500488282,5534.89896648074,5605.419346218045,27.608296803438563,90.26796125838968,0.0,-0.00337383079405007,-0.0033795349947825953,59.25,27.60009765625,112.30000305175781,1495.5999755859375,45.0099983215332,12560.1796875,5923.5,7303.52978515625,1340.6800537109375,23011.140625,20.709999084472656,2815.0,9662.080078125
2011-05-19,5448.14990234375,5452.60009765625,5411.25,5428.10009765625,0.0,36.0014679905803,-73.81621578834802,-22.014315544115803,-51.801900244232215,5.3639377876909204,8.475183066176584,5614.32001953125,5643.56900390625,5751.243000488283,5518.468371276971,5592.284587065319,28.383082905073902,86.77382814395114,0.0,0.0013836106454787611,0.0013826543382725416,41.35009765625,20.0498046875,111.41999816894531,1492.199951171875,44.959999084472656,12605.3203125,5956.0,7358.22998046875,1343.5999755859375,23163.380859375,20.40999984741211,2823.31005859375,9620.8203125
2011-05-20,5450.64990234375,5517.5498046875,5432.75,5486.35009765625,0.0,41.70037496165054,-70.91048943758778,-15.28687135468445,-55.623618082903334,13.15721969454263,8.534640887864398,5594.402514648438,5642.880009765626,5751.516501464845,5513.527098412244,5584.437587849832,27.86649250457655,86.96496235018677,0.0,0.010731194884403772,0.010674024255009313,84.7998046875,-35.7001953125,112.38999938964844,1508.800048828125,44.849998474121094,12512.0400390625,5948.5,7266.81982421875,1333.27001953125,23199.390625,19.450000762939453,2803.320068359375,9607.080078125
2011-05-23,5456.7001953125,5456.7001953125,5373.0,5386.5498046875,0.0,35.81578042735796,-75.78710339461304,-16.130788249367768,-59.65631514524527,13.503724131126791,10.674960537786781,5570.005004882813,5639.991005859375,5751.251501464843,5493.9921301468985,5569.7792335415115,28.007336700662655,88.84961487204843,0.0,-0.018190653383819644,-0.01835813752553947,83.7001953125,70.150390625,110.0999984741211,1515.300048828125,44.99300003051758,12381.259765625,5835.89990234375,7121.52001953125,1317.3699951171875,22711.01953125,21.040000915527344,2758.89990234375,9460.6298828125
2011-05-24,5385.10009765625,5422.60009765625,5367.4501953125,5394.85009765625,0.0,36.61689819044865,-78.08201000851113,-14.740555890612683,-63.34145411789845,14.955461359475022,13.872135061714815,5546.3275146484375,5638.000009765625,5750.886501464844,5478.739509763722,5556.821519772233,28.19275089952353,86.44249254859855,0.0,0.0015409294018828845,0.0015397433883911405,55.14990234375,-9.75,112.52999877929688,1523.199951171875,45.150001525878906,12356.2099609375,5858.39990234375,7150.66015625,1316.280029296875,22730.779296875,19.93000030517578,2746.159912109375,9477.169921875
2011-05-25,5389.10009765625,5389.10009765625,5328.7001953125,5348.9501953125,0.0,34.083435659383525,-82.6517209612548,-15.448213474685076,-67.20350748656972,8.234603548366564,12.231263012989459,5522.080029296874,5636.0700097656245,5750.395751953126,5458.771922925072,5541.423643886327,28.740445488550677,84.99302181968079,0.0,-0.008508095964277262,-0.008544496425544794,60.39990234375,40.14990234375,114.93000030517578,1526.5999755859375,45.15999984741211,12394.66015625,5870.10009765625,7170.93994140625,1320.469970703125,22747.279296875,20.65999984741211,2761.3798828125,9422.8798828125
2011-05-26,5372.75,5422.2001953125,5356.35009765625,5412.35009765625,0.0,40.23443234048779,-80.2325368089314,-10.423223457889335,-69.80931335104206,16.379475661270405,13.189846856370664,5503.425024414062,5633.68701171875,5750.261252441407,5451.630103652946,5531.862640461877,28.616788119515864,84.15423454684645,0.0,0.011852774849036685,0.011783080883934626,65.85009765625,-39.60009765625,115.05000305175781,1522.800048828125,45.22999954223633,12402.759765625,5881.0,7114.08984375,1325.68994140625,22900.7890625,19.18000030517578,2782.919921875,9562.0498046875
2011-05-27,5413.7001953125,5485.7998046875,5413.60009765625,5476.10009765625,0.0,45.719374550433564,-72.33736362054151,-2.022440215599559,-70.31492340494195,30.317285840010463,18.31045501654914,5489.755029296875,5634.216015624999,5750.21100341797,5455.394718114992,5527.732081735534,27.42424620635463,83.38962543858958,0.0,0.011778617208743736,0.01170978923544845,72.19970703125,-62.39990234375,115.02999877929688,1536.300048828125,45.189998626708984,12441.580078125,5938.89990234375,7163.47021484375,1331.0999755859375,23118.0703125,17.25,2796.860107421875,9521.9404296875
2011-05-30,5493.75,5509.2998046875,5458.60009765625,5473.10009765625,0.0,45.50771795111618,-65.56664544023079,3.7986223717689427,-69.36526781199973,45.29496591041632,30.663909137232395,5478.345043945314,5633.4550195312495,5750.273002929689,5458.118622659801,5523.685268100032,25.956040735962876,81.05463126663676,0.0,-0.0005478351283760841,-0.0005479852448685878,50.69970703125,20.64990234375,115.02999877929688,1536.300048828125,45.17300033569336,12441.580078125,5938.89990234375,7160.2998046875,1331.0999755859375,23184.3203125,17.8700008392334,2796.860107421875,9504.9697265625
2011-06-01,5561.0498046875,5597.35009765625,5559.4501953125,5592.0,0.0,54.498581317327265,-50.02986097592475,15.468325468859987,-65.49818644478474,66.96827141599896,47.526841055475245,5479.682543945313,5636.362021484376,5751.130002441407,5478.7157576352165,5528.745618611141,24.787467086202895,84.14001474759128,0.0,0.021724415819594833,0.021491803578991553,37.89990234375,-30.9501953125,114.52999877929688,1542.4000244140625,44.959999084472656,12290.1396484375,5928.60009765625,7217.43017578125,1314.550048828125,23626.4296875,16.729999542236328,2769.18994140625,9719.6103515625
2011-06-02,5529.89990234375,5568.2001953125,5521.9501953125,5550.35009765625,0.0,51.30524028949602,-40.60952506150079,19.910929106627165,-60.520454168127955,75.92593247116788,62.729723265861054,5480.342553710938,5639.89501953125,5751.799501953126,5489.73642533076,5530.34595039226,23.185688771732494,83.13357117187047,0.0,-0.007448122736722129,-0.007475998503883324,46.25,-20.4501953125,115.54000091552734,1532.0,44.7599983215332,12248.5498046875,5847.89990234375,7074.1201171875,1312.93994140625,23253.83984375,17.979999542236328,2773.31005859375,9555.0400390625
2011-06-03,5565.7001953125,5604.9501953125,5507.2001953125,5516.75,0.0,48.81999603140272,-35.4464830605375,20.059176886072365,-55.50565994660987,81.1960297607331,74.69674454929998,5483.187548828126,5642.93501953125,5752.122751464844,5493.892359895259,5529.338842955796,22.15247898557156,84.17760180245116,0.0,-0.0060536897790354205,-0.0060720876465728746,97.75,48.9501953125,115.83999633789062,1541.699951171875,44.7599983215332,12151.259765625,5855.0,7109.02978515625,1300.1600341796875,22949.560546875,17.610000610351562,2732.780029296875,9492.2099609375
2011-06-06,5504.2998046875,5542.64990234375,5479.85009765625,5532.0498046875,0.0,50.00751914825732,-29.77691891878021,20.582992822263726,-50.35991174104394,73.96794723252492,77.02996982147529,5482.217529296876,5645.299013671875,5752.691501464844,5499.762736017142,5529.539654935922,20.807864601307923,82.65061629424036,0.0,0.0027733365999003112,0.0027694979974720634,62.7998046875,-27.75,114.4800033569336,1546.5,44.823001861572266,12089.9599609375,5863.2001953125,7084.56982421875,1286.1700439453125,22949.560546875,18.209999084472656,2702.56005859375,9380.349609375
2011-06-07,5509.14990234375,5570.10009765625,5507.7998046875,5556.14990234375,0.0,51.90072520314251,-23.07309969076414,21.829449640223842,-44.90254933098798,74.67259379713423,76.61219026346407,5482.470019531251,5646.81701171875,5753.401501464844,5508.4376846827745,5531.510784373539,19.91066899047956,81.19702177099106,0.0,0.004356449870684287,0.004346988013065479,62.30029296875,-47.0,116.77999877929688,1543.300048828125,44.66999816894531,12070.8095703125,5864.7001953125,7103.25,1284.93994140625,22868.669921875,18.030000686645508,2701.56005859375,9442.9501953125
2011-06-08,5535.25,5556.60009765625,5514.89990234375,5526.85009765625,0.0,49.44894877342613,-19.895184718634482,20.0058916898828,-39.901076408517284,75.8913084464555,74.84394982537154,5481.750024414063,5646.906015625,5753.640002441406,5511.270363601771,5531.165548320406,19.077558780424653,78.37581988109885,0.0,-0.005273400682573426,-0.005287354136339274,41.7001953125,8.39990234375,117.8499984741211,1538.0999755859375,44.61000061035156,12048.9404296875,5808.89990234375,7060.22998046875,1279.56005859375,22661.630859375,18.579999923706055,2675.3798828125,9449.4599609375
2011-06-09,5523.5498046875,5540.10009765625,5502.0498046875,5521.0498046875,0.0,48.95590844801479,-17.641340977652362,17.807788344691943,-35.449129322344305,74.56400829562594,75.04263684640522,5479.550024414062,5644.24201171875,5753.544250488281,5512.774892999575,5530.416233977227,18.096091691301815,75.49542510164537,0.0,-0.0010494753550869262,-0.0010500264399477862,38.05029296875,2.5,119.56999969482422,1542.0999755859375,44.65999984741211,12124.3603515625,5856.2998046875,7159.66015625,1289.0,22609.830078125,18.579999923706055,2684.8701171875,9467.150390625
2011-06-10,5518.0498046875,5521.4501953125,5457.4501953125,5485.7998046875,0.0,45.95694998359228,-18.486433875996227,13.57015635707846,-32.05659023307469,66.07530872926094,72.17687515711413,5479.53251953125,5640.213007812501,5753.3200000000015,5508.6248794131025,5527.111313289099,17.109320010715635,74.6743233086707,0.0,-0.0063846553186446275,-0.006405124402290038,64.0,32.25,118.77999877929688,1528.5999755859375,44.599998474121094,11951.91015625,5765.7998046875,7069.89990234375,1270.97998046875,22420.369140625,18.540000915527344,2643.72998046875,9514.4404296875
2011-06-13,5469.85009765625,5496.7001953125,5436.9501953125,5482.7998046875,0.0,45.70036465556155,-19.17718832483206,10.303521526594103,-29.480709851426163,60.76003959276018,67.13311887254902,5476.435009765624,5635.142001953125,5753.016499023439,5504.651790993778,5523.82897931861,16.48869375158847,73.60830021519422,0.0,-0.0005468664746818286,-0.0005470160606905956,59.75,-12.94970703125,119.0999984741211,1515.0,44.722999572753906,11952.9697265625,5773.5,7085.14013671875,1271.8299560546875,22508.080078125,18.90999984741211,2639.68994140625,9448.2099609375
2011-06-14,5485.60009765625,5520.14990234375,5484.2001953125,5500.5,0.0,47.56064935178808,-18.08785285867816,9.114285594198403,-27.202138452876564,58.28042515082956,61.70525782428355,5476.510009765625,5629.39900390625,5752.993498535157,5504.013053917813,5522.100906776491,15.520712151637587,71.01842860384106,0.0,0.003228313260200899,0.0032231134450305594,35.94970703125,-14.89990234375,120.16000366210938,1523.800048828125,44.79999923706055,12076.1103515625,5803.10009765625,7204.7900390625,1287.8699951171875,22496.0,18.510000228881836,2678.719970703125,9547.7900390625
2011-06-15,5494.4501953125,5499.35009765625,5438.9501953125,5447.5,0.0,42.82909442065322,-21.25617575147953,4.756770161117629,-26.01294591259716,51.54597023792256,56.86214499383743,5476.9375,5621.67400390625,5752.9192480468755,5495.318737930456,5516.574913681936,15.281262678902552,70.34209832410241,0.0,-0.009635487682937871,-0.00968220936071541,60.39990234375,46.9501953125,117.0999984741211,1525.5999755859375,44.73899841308594,11897.26953125,5742.60009765625,7115.080078125,1265.4200439453125,22343.76953125,19.139999389648438,2631.4599609375,9574.3203125
2011-06-16,5419.64990234375,5447.5,5389.7998046875,5396.75,0.0,38.84411400500004,-27.544677439555016,-1.2253852215662846,-26.319292217988732,34.028545346665275,47.951646911805796,5475.7449951171875,5613.0880078125,5752.513498535158,5480.1543167103855,5507.6989941499405,15.687003761266585,69.43910525184509,0.0,-0.009316200091785243,-0.009359867303788395,57.7001953125,22.89990234375,114.0199966430664,1529.300048828125,44.709999084472656,11961.51953125,5698.7998046875,7110.2001953125,1267.6400146484375,21953.109375,19.65999984741211,2623.699951171875,9411.2802734375
2011-06-17,5412.5,5421.14990234375,5355.85009765625,5366.39990234375,0.0,36.64804090263675,-34.57875717983188,-6.607571969474517,-27.971185210357365,14.710276104559592,33.428263896382475,5472.659985351563,5602.247001953125,5752.3019970703135,5462.653637577057,5497.232394756889,16.45505972551331,69.14344092582044,0.0,-0.005623773133135668,-0.005639646083818007,65.2998046875,46.10009765625,113.20999908447266,1538.5999755859375,44.79999923706055,12004.3603515625,5714.89990234375,7164.0498046875,1271.5,21695.259765625,20.270000457763672,2616.47998046875,9351.400390625
2011-06-20,5372.2001953125,5377.39990234375,5195.89990234375,5257.89990234375,0.0,30.097138760948617,-48.350999059765854,-16.303851079526794,-32.04714798023906,7.540872193834101,18.75989788168632,5461.237475585938,5589.20400390625,5751.51424560547,5431.1530629257795,5479.504061985545,18.53527554260454,77.16890943111898,0.0,-0.020218396313068876,-0.020425585533706467,181.5,114.30029296875,111.69000244140625,1541.5,44.76300048828125,12080.3798828125,5693.39990234375,7150.2099609375,1278.3599853515625,21599.509765625,22.18000030517578,2629.659912109375,9354.3203125
2011-06-21,5280.7998046875,5322.4501953125,5257.0,5275.85009765625,0.0,32.25465431455642,-57.15828410817812,-20.08890890235125,-37.06937520582687,12.979182946458078,11.743443748283923,5455.702490234376,5576.886005859376,5750.881496582033,5407.26029903816,5464.418583146338,20.466904515617827,76.33185842264619,0.0,0.003413947706478515,0.0034081334163708894,65.4501953125,4.94970703125,110.94999694824219,1546.0,44.869998931884766,12190.009765625,5775.2998046875,7285.509765625,1295.52001953125,21850.58984375,21.309999465942383,2687.260009765625,9459.66015625
2011-06-22,5304.64990234375,5310.5,5262.5,5278.2998046875,0.0,32.5605705483035,-63.21178397998938,-20.913927019330004,-42.297856960659374,18.282193454175047,12.934082864822408,5449.874975585939,5564.737998046876,5749.913745117188,5387.420222984212,5450.6320069642015,22.26055999055874,74.30815424960004,0.0,0.00046432460852874335,0.0004642168432151349,48.0,26.35009765625,114.20999908447266,1552.9000244140625,44.7599983215332,12109.669921875,5773.0,7278.18994140625,1287.1400146484375,21859.970703125,20.889999389648438,2669.18994140625,9629.4296875
2011-06-23,5269.10009765625,5330.60009765625,5252.25,5320.0,0.0,37.71647508610476,-63.90768101724916,-17.287859245271825,-46.619821771977335,24.28453737363863,18.515304591423916,5448.427465820313,5554.297998046875,5749.0829956054695,5377.047880986641,5440.95556200389,23.518140635271106,74.59686449293218,0.0,0.007900308215813556,0.007869264178642029,78.35009765625,-50.89990234375,107.26000213623047,1520.0999755859375,44.75,12050.0,5674.39990234375,7149.43994140625,1283.5,21759.140625,19.5,2686.75,9596.740234375
2011-06-24,5343.39990234375,5477.85009765625,5343.39990234375,5471.25,0.0,52.03904066308163,-51.659079767041476,-4.03140639605131,-47.627673370990166,42.297307769943814,28.288012865919164,5451.3724609375,5548.008994140626,5749.042246093752,5391.540514681004,5443.199594448046,22.324534395831833,80.54352400459774,0.0,0.0284304511278195,0.028033806169414976,134.4501953125,-127.85009765625,105.12000274658203,1500.5,44.849998474121094,11934.580078125,5697.7001953125,7121.3798828125,1268.449951171875,22171.94921875,19.31999969482422,2652.889892578125,9678.7099609375
2011-06-27,5441.2001953125,5552.64990234375,5434.25,5526.60009765625,0.0,56.02439676789625,-37.05849743869385,8.455340745837056,-45.513838184530904,66.14352279779645,44.241789313792964,5453.8974609375,5540.310996093751,5748.79049560547,5412.318912061812,5449.377409500506,21.11717793931246,83.24755102882291,0.0,0.010116536012108712,0.010065706387361805,118.39990234375,-85.39990234375,105.98999786376953,1496.0,44.987998962402344,12043.5595703125,5722.2998046875,7107.89990234375,1280.0999755859375,22041.76953125,19.989999771118164,2688.280029296875,9578.3095703125
2011-06-28,5548.85009765625,5558.2998046875,5496.35009765625,5545.2998046875,0.0,57.314892998878065,-23.705261179647096,17.446861603907045,-41.15212278355414,87.22642626447718,65.22241894407247,5457.5074462890625,5534.72599609375,5748.4969946289075,5432.7775109273025,5456.48277210695,20.058400077173577,81.7262764575677,0.0,0.0033835824378138923,0.00337787100253908,61.94970703125,3.55029296875,108.77999877929688,1499.699951171875,44.95000076293945,12188.6904296875,5766.89990234375,7170.43017578125,1296.6700439453125,22061.779296875,19.489999771118164,2729.31005859375,9648.98046875
2011-06-29,5566.5,5608.64990234375,5566.5,5600.4501953125,0.0,60.95419264996717,-8.573717152705285,26.062724504679082,-34.63644165738437,95.36968074346521,82.91320993524627,5457.929956054688,5532.152998046875,5748.459995117189,5458.573308525026,5467.147025677731,19.619782222198353,80.41369225747358,0.0,0.009945429925787064,0.009896299617058683,42.14990234375,-33.9501953125,112.4000015258789,1509.9000244140625,44.939998626708984,12261.419921875,5856.0,7294.14013671875,1307.4100341796875,22061.1796875,19.459999084472656,2740.489990234375,9797.259765625
2011-06-30,5614.5,5657.89990234375,5606.10009765625,5647.39990234375,0.0,63.78493104134346,7.124463111951627,33.4087238154688,-26.28426070351717,97.38449050992176,93.32686583928805,5462.782446289063,5530.28599609375,5748.496745605469,5487.623553727906,5480.499090615955,19.69784176566976,78.77340759845761,0.0,0.008383202313011706,0.008348258431096389,51.7998046875,-32.89990234375,112.4800033569336,1502.300048828125,44.7599983215332,12414.33984375,5945.7001953125,7376.240234375,1320.6400146484375,22398.099609375,18.40999984741211,2773.52001953125,9816.08984375
2011-07-01,5705.75,5705.7998046875,5609.75,5627.2001953125,0.0,61.71196785032321,17.73104409046391,35.212243835184864,-17.481199744720954,93.44198513571637,95.39871879636777,5468.304956054688,5525.797001953125,5747.832746582033,5509.096883202459,5491.365839111995,20.20279745602239,80.00743596196064,0.0,-0.003576815416040713,-0.0035832275147961966,96.0498046875,78.5498046875,111.7699966430664,1482.300048828125,44.59299850463867,12582.76953125,5989.7998046875,7419.43994140625,1339.6700439453125,22398.099609375,18.209999084472656,2816.030029296875,9868.0703125
2011-07-04,5679.5498046875,5679.64990234375,5633.10009765625,5650.5,0.0,63.19769945261352,27.697654130290175,36.1430831000089,-8.445428969718728,90.48911053993527,93.7718620618578,5474.227465820313,5521.112998046875,5747.107497558595,5530.851208863619,5503.153554733329,20.671684882778404,78.03902675262417,0.0,0.0041405679341048884,0.0041320193718407065,46.5498046875,29.0498046875,111.7699966430664,1482.300048828125,44.62300109863281,12582.76953125,6017.5,7442.9599609375,1339.6700439453125,22770.470703125,18.170000076293945,2816.030029296875,9965.08984375
2011-07-05,5659.85009765625,5659.85009765625,5612.2998046875,5632.10009765625,0.0,61.17874824739307,33.72281048016521,33.73459155990715,-0.011781079741941092,86.428766369012,90.11995401488787,5478.024975585939,5516.265,5745.9632470703145,5546.427960985562,5512.705150505397,20.771747588917023,75.86126005377602,0.0,-0.003256331712901517,-0.0032616450989141907,47.55029296875,27.75,111.7699966430664,1512.300048828125,44.41999816894531,12569.8701171875,6024.0,7439.43994140625,1337.8800048828125,22747.94921875,18.25,2825.77001953125,9972.4599609375
2011-07-06,5622.7001953125,5655.39990234375,5610.75,5625.4501953125,0.0,60.4273972365077,37.528592499167644,30.032298863127668,7.496293636039976,86.31436483046451,87.74408057980392,5482.95498046875,5511.406005859375,5744.946997070314,5558.585227805091,5521.056635305923,20.838829018974472,73.63187736020274,0.0,-0.001180714516511805,-0.0011814121090557134,44.64990234375,-2.75,113.62000274658203,1528.699951171875,44.34000015258789,12626.01953125,6002.89990234375,7431.18994140625,1339.219970703125,22517.55078125,18.34000015258789,2834.02001953125,10082.48046875
2011-07-07,5633.35009765625,5737.14990234375,5632.9501953125,5728.9501953125,0.0,67.18283006179703,48.33906453685722,32.674216720653796,15.664847816203427,89.42445487414639,87.3891953578743,5493.35,5509.307011718751,5744.166997070313,5584.79522280623,5536.456158269373,21.706707542571817,76.35100805099182,0.0,0.018398527478963977,0.018231322343836034,104.19970703125,-95.60009765625,118.58999633789062,1530.199951171875,44.33000183105469,12719.490234375,6054.60009765625,7471.43994140625,1353.219970703125,22530.1796875,18.6200008392334,2872.659912109375,10071.1396484375
2011-07-08,5734.64990234375,5740.39990234375,5651.0498046875,5660.64990234375,0.0,59.914160248467105,50.80947863683559,28.115704656505734,22.69377398032986,88.79664323418686,88.17848764626592,5502.092504882813,5506.811005859376,5742.56799560547,5596.465173504311,5545.655694867475,22.54193521886692,77.27951445136742,0.0,-0.011921956142092904,-0.011993592594938669,89.35009765625,74.0,118.33000183105469,1541.199951171875,44.33000183105469,12657.2001953125,5990.60009765625,7402.72998046875,1343.800048828125,22726.4296875,18.670000076293945,2859.81005859375,10137.73046875
2011-07-11,5648.0498046875,5652.89990234375,5601.7001953125,5616.10009765625,0.0,55.682386788423244,48.612132288392786,20.73468664645034,27.877445641942447,85.56146606916498,87.92752139249941,5508.757519531251,5504.1430078125,5740.603247070314,5599.485931066148,5550.873798777755,22.44939221379498,75.9702424927876,0.0,-0.007870086554735423,-0.007901219137585697,51.19970703125,31.94970703125,117.23999786376953,1548.800048828125,44.41299819946289,12505.759765625,5929.2001953125,7230.25,1319.489990234375,22347.23046875,19.690000534057617,2802.6201171875,10069.5302734375
2011-07-12,5556.89990234375,5580.25,5496.9501953125,5526.14990234375,0.0,48.26921359152944,39.161066066953936,9.026896340009188,30.134169726944748,71.4363830537081,81.93149745235331,5510.040014648437,5500.640009765626,5738.278996582032,5588.203465108856,5549.042399041902,20.870720895368674,79.05450391071349,0.0,-0.016016487197234697,-0.01614613735199751,83.2998046875,30.75,117.75,1561.9000244140625,44.349998474121094,12446.8798828125,5869.0,7174.14013671875,1313.6400146484375,21663.16015625,20.829999923706055,2781.909912109375,9925.919921875
2011-07-13,5542.0498046875,5596.14990234375,5541.39990234375,5585.4501953125,0.0,52.73657328608584,36.04061230046136,4.725154058813288,31.315458241648074,63.8720636539677,73.62330425894692,5516.937524414063,5501.044013671875,5736.408498535157,5587.779885140186,5551.739272839724,19.599867729273,78.40775363137682,0.0,0.01073085131903495,0.010673684337305226,54.75,-43.400390625,117.75,1585.199951171875,44.560001373291016,12491.6103515625,5906.39990234375,7267.8701171875,1317.719970703125,21926.880859375,19.520000457763672,2796.919921875,9963.1396484375
2011-07-15,5602.9501953125,5631.7001953125,5562.75,5581.10009765625,0.0,52.379228222472456,32.83807677521236,1.2180948268514271,31.61998194836093,55.01545694235809,63.44130121667796,5526.155029296876,5501.923017578125,5734.222500000002,5586.7522255272725,5553.91414875206,18.84831358733372,77.73221375145705,0.0,-0.0007788266843558045,-0.0007791301274212043,68.9501953125,21.85009765625,117.26000213623047,1589.800048828125,44.400001525878906,12479.73046875,5843.7001953125,7220.1201171875,1316.1400146484375,21875.380859375,19.950000762939453,2789.800048828125,9974.4697265625
2011-07-18,5581.75,5596.60009765625,5550.9501953125,5567.0498046875,0.0,51.17311306683994,28.833923556781883,-2.2288467132632377,31.06277027004512,45.96865130023724,54.95205729885434,5536.187524414063,5504.067011718751,5731.87949951172,5583.721083859616,5554.887160302834,17.981784407750368,75.44062007947798,0.0,-0.002517477329362028,-0.002520651503807869,45.64990234375,14.7001953125,116.05000305175781,1602.0999755859375,44.507999420166016,12385.16015625,5752.7998046875,7107.919921875,1305.43994140625,21804.75,20.200000762939453,2765.110107421875,9974.4697265625
2011-07-19,5569.85009765625,5627.64990234375,5557.2001953125,5613.5498046875,0.0,54.87638671261426,29.077576464771482,-1.5881550442189152,30.665731508990397,41.610282975169625,47.53146373925499,5553.97001953125,5505.30900390625,5729.799748535157,5588.310117833136,5559.232541368365,17.562259403806618,75.08412629031884,0.0,0.008352718519034408,0.008318027607452367,70.44970703125,-43.69970703125,116.05000305175781,1600.9000244140625,44.5,12587.419921875,5790.0,7192.669921875,1326.72998046875,21902.400390625,19.25,2826.52001953125,9889.7197265625
2011-07-20,5642.0498046875,5645.39990234375,5555.10009765625,5567.0498046875,0.0,50.73258960222044,25.227702515592682,-4.350423194718175,29.578125710310857,35.21946885429007,40.93280104323231,5568.530004882812,5505.627998046875,5727.678498535158,5585.039300426116,5559.811597910523,17.388409222563876,76.17096046154606,0.0,-0.008283528536821905,-0.008318027607452325,90.2998046875,75.0,118.1500015258789,1596.699951171875,44.369998931884766,12571.91015625,5853.7998046875,7221.35986328125,1325.8399658203125,22003.689453125,19.110000610351562,2814.22998046875,10005.900390625
2011-07-21,5554.60009765625,5578.89990234375,5532.7001953125,5541.60009765625,0.0,48.57085086684859,19.893748262140434,-7.74750195853634,27.641250220676774,31.676511193343828,36.168754340934505,5581.69501953125,5505.635000000001,5725.2367480468765,5578.356346153829,5558.462597891688,16.860104803458434,74.03015664509634,0.0,-0.004571489015568253,-0.004581970226838186,46.19970703125,13.0,117.51000213623047,1586.800048828125,44.369998931884766,12724.41015625,5899.89990234375,7290.14013671875,1343.800048828125,21987.2890625,18.75,2834.429931640625,10010.3896484375
2011-07-22,5576.9501953125,5642.2001953125,5567.10009765625,5633.9501953125,0.0,55.91217070201908,22.854974249681618,-3.829020776796124,26.683995026477742,34.469749390775895,33.78857647946993,5597.392529296876,5507.0130078125,5722.689499511719,5586.909246024394,5564.054271774712,17.138076578666414,75.92800957446445,0.0,0.016664879462397142,0.01652754404382657,75.10009765625,-57.0,118.66999816894531,1601.300048828125,44.29999923706055,12681.16015625,5935.0,7326.39013671875,1345.02001953125,22444.80078125,17.90999984741211,2858.830078125,10132.1103515625
2011-07-25,5633.7998046875,5700.5498046875,5616.7001953125,5680.2998046875,0.0,59.070076303748955,28.61197228978199,1.5423818106433949,27.069590479138594,49.976032171044054,38.70743091838793,5607.845019531251,5510.896005859375,5720.293747558594,5601.277024280256,5572.665051990474,17.996664225602963,76.49383813164556,0.0,0.008226840452647766,0.00819318446303973,83.849609375,-46.5,117.94000244140625,1612.0,44.34299850463867,12592.7998046875,5925.2998046875,7344.5400390625,1337.4300537109375,22293.2890625,19.200000762939453,2842.800048828125,10050.009765625
2011-07-26,5688.4501953125,5702.25,5560.14990234375,5574.85009765625,0.0,50.25124153262939,24.384436036202715,-2.148123554348704,26.53255959055142,54.52864941116693,46.32481032432896,5610.25751953125,5511.4980078125,5717.438999023438,5597.211343261179,5572.826907224976,17.874315862949267,81.17999952626016,0.0,-0.018564109405674434,-0.018738585183611912,142.10009765625,113.60009765625,118.27999877929688,1616.5999755859375,44.310001373291016,12501.2998046875,5929.7001953125,7349.4501953125,1331.93994140625,22572.080078125,19.299999237060547,2839.9599609375,10097.7197265625
2011-07-27,5588.5498046875,5591.7001953125,5521.5,5546.7998046875,0.0,48.19023473976185,18.55674823846948,-6.380649081665553,24.937397320135034,42.59594652867615,49.03354270362904,5610.33251953125,5512.45400390625,5714.240747070313,5589.455721942151,5570.898973703682,17.192966923129166,80.39572779670587,0.0,-0.0050315779756199275,-0.005044278986077197,70.2001953125,41.75,117.43000030517578,1615.0,44.04999923706055,12302.5498046875,5856.60009765625,7252.68017578125,1304.8900146484375,22541.689453125,18.25,2764.7900390625,10047.1904296875
2011-07-28,5492.39990234375,5512.10009765625,5475.64990234375,5487.75,0.0,44.0906067486843,9.068897330832442,-12.694799991442075,21.763697322274517,19.015029894359653,38.71320861140091,5604.697509765625,5513.43,5711.077998046876,5573.808687797205,5564.739790466372,15.990977033892172,79.73531169292332,0.0,-0.010645742908838685,-0.01070281423571575,36.4501953125,4.64990234375,117.36000061035156,1613.4000244140625,44.029998779296875,12240.1103515625,5873.2001953125,7190.06005859375,1300.6700439453125,22570.740234375,18.510000228881836,2766.25,9901.349609375
2011-07-29,5479.0,5520.2998046875,5453.9501953125,5482.0,0.0,43.70074705992678,1.0733571914497588,-16.552272104659806,17.625629296109565,12.114494309484831,24.57515691084021,5596.427514648438,5514.657998046875,5707.970747070313,5559.684274289943,5558.610917098493,15.154699529529912,78.77919009878595,0.0,-0.0010477882556603202,-0.0010483375695179318,66.349609375,-3.0,116.73999786376953,1628.300048828125,44.0099983215332,12143.240234375,5815.2001953125,7158.77001953125,1292.280029296875,22440.25,19.770000457763672,2756.3798828125,9833.0302734375
2011-08-01,5527.5,5551.89990234375,5486.4501953125,5516.7998046875,0.0,46.76852821687618,-2.4271340787663576,-16.04221069990074,13.615076621134381,13.726373295525388,14.951965833123289,5590.907495117188,5516.4319921875,5704.87549560547,5553.086663581875,5555.513797660641,14.198965942413194,78.14495525914052,0.0,0.006348012529642455,0.006327948763364648,65.44970703125,10.7001953125,116.80999755859375,1619.0,44.202999114990234,12132.490234375,5774.39990234375,6953.97998046875,1286.93994140625,22663.369140625,18.780000686645508,2744.610107421875,9965.009765625
2011-08-02,5493.2001953125,5496.2998046875,5433.64990234375,5456.5498046875,0.0,42.4551544128735,-9.948292377895996,-18.850695199224305,8.902402821328307,15.044794304483215,13.628553969831144,5581.209985351563,5515.835986328126,5701.703745117189,5538.234839136587,5548.183131514483,13.745947216457154,78.50245147946977,0.0,-0.010921186581540843,-0.010981260525951745,62.64990234375,36.650390625,116.45999908447266,1641.9000244140625,44.0629997253418,11866.6201171875,5718.39990234375,6796.75,1254.050048828125,22421.4609375,19.149999618530273,2669.239990234375,9844.58984375
2011-08-03,5402.0,5422.60009765625,5378.85009765625,5404.7998046875,0.0,39.117987824472124,-19.855772043847537,-23.006539892140676,3.150767848293139,13.953888297877517,14.241685299295373,5569.844970703125,5516.2009863281255,5697.558244628908,5517.706372298266,5537.562144342113,13.954846257196618,78.44511259031121,0.0,-0.009484014964097565,-0.009529274623523588,43.75,-2.7998046875,113.2300033569336,1663.4000244140625,44.26300048828125,11896.4404296875,5584.5,6640.58984375,1260.3399658203125,21992.720703125,19.479999542236328,2693.070068359375,9637.1396484375
2011-08-04,5412.39990234375,5434.5,5323.14990234375,5331.7998046875,0.0,34.94514953654626,-33.21512765627358,-29.092716403653377,-4.122411252620205,6.277124461843787,11.758602354734839,5555.162451171875,5514.939980468751,5693.330493164064,5489.105361896609,5522.3204895528825,14.71296530964096,80.79546866644971,0.0,-0.01350651321750862,-0.013598555890485751,111.35009765625,80.60009765625,107.25,1656.199951171875,44.3129997253418,11383.6796875,5393.10009765625,6414.759765625,1200.0699462890625,21884.740234375,20.219999313354492,2556.389892578125,9659.1796875
2011-08-05,5204.35009765625,5229.64990234375,5116.4501953125,5211.25,0.0,29.372903756023113,-52.91984792419953,-39.037949337263456,-13.881898586936071,8.82956458358963,9.686859114436977,5529.277441406251,5512.1859765625,5689.073493652345,5446.358383143284,5499.278231067484,16.897115867881904,90.40647871706044,0.0,-0.022609589463865043,-0.022869105391128044,113.19970703125,-6.89990234375,109.37000274658203,1648.800048828125,44.5629997253418,11444.6103515625,5247.0,6236.16015625,1199.3800048828125,20946.140625,24.899999618530273,2532.409912109375,9299.8798828125
2011-08-08,5083.85009765625,5204.2001953125,5054.0498046875,5118.5,0.0,25.94499646870628,-75.15380428312437,-49.01752455695064,-26.136279726173733,9.469203055781973,8.191964033738463,5502.169946289063,5506.308974609376,5684.286242675782,5395.918631890471,5471.072436173596,19.245660957768138,95.17745847387755,0.0,-0.017798033101463218,-0.0179583228351812,150.150390625,-34.64990234375,103.73999786376953,1710.199951171875,44.733001708984375,10809.849609375,5069.0,5923.27001953125,1119.4599609375,20490.5703125,28.780000686645508,2357.68994140625,9097.5595703125
2011-08-09,4947.89990234375,5167.0,4946.4501953125,5072.85009765625,0.0,24.43359390553489,-95.35870470248847,-55.37793998105178,-39.980764721436685,14.283302703885152,10.860690114418917,5475.0074462890625,5498.243974609375,5679.513994140625,5346.215780469822,5441.57448517231,21.90048190923301,104.13262606056487,0.0,-0.008918609425368706,-0.008958618282299595,220.5498046875,-124.9501953125,102.56999969482422,1740.0,45.00299835205078,11239.76953125,5164.89990234375,5917.080078125,1172.530029296875,19330.69921875,34.880001068115234,2482.52001953125,8944.48046875
2011-08-10,5196.5498046875,5197.9501953125,5123.35009765625,5161.0,0.0,32.59869405395589,-103.07014496143529,-50.471504191998875,-52.598640769436415,18.351353131975415,14.034619630547512,5456.749951171875,5492.0019726562505,5675.408493652345,5317.721045012926,5420.791189974361,23.926345338203046,105.6303026031138,0.0,0.017376800151156946,0.017227550071201244,74.60009765625,35.5498046875,106.68000030517578,1781.300048828125,45.202999114990234,10719.9404296875,5007.2001953125,5613.419921875,1120.760009765625,19783.669921875,28.950000762939453,2381.050048828125,9038.740234375
2011-08-11,5128.0,5184.9501953125,5121.0,5138.2998046875,0.0,31.650269896125373,-109.74812490478234,-45.71958730827674,-64.0285375965056,23.498255891829544,18.710970575896702,5434.392431640625,5482.92796875,5670.592492675782,5290.117777270552,5399.865902175335,25.818891290292925,102.65315208235567,0.0,-0.00439841025237353,-0.004408111716545394,63.9501953125,-10.2998046875,108.0199966430664,1748.800048828125,45.24800109863281,11143.3095703125,5162.7998046875,5797.66015625,1172.6400146484375,19595.140625,29.09000015258789,2492.679931640625,8981.9404296875
2011-08-12,5194.39990234375,5194.4501953125,5053.35009765625,5072.9501953125,0.0,29.03165139830808,-118.94254384296255,-43.93120499716555,-75.011338845797,23.502670537772786,21.784093187192582,5408.984936523438,5473.379970703125,5665.626994628907,5256.707380046237,5375.649923889199,27.896323351667704,105.39936248049099,0.0,-0.012718138656561795,-0.012799706514216911,141.10009765625,121.44970703125,108.02999877929688,1740.199951171875,45.292999267578125,11269.01953125,5320.0,5997.740234375,1178.81005859375,19620.009765625,27.020000457763672,2507.97998046875,8963.7197265625
2011-08-16,5125.75,5132.2001953125,5015.39990234375,5035.7998046875,0.0,27.63202354707875,-127.75424176355318,-42.19432233420494,-85.55991942934824,18.656058705295056,21.885661711632462,5382.422436523439,5463.760966796875,5660.276994628906,5222.721599221816,5350.475840985369,29.992147440781345,106.21371465822378,0.0,-0.007323231885723591,-0.007350178385929561,116.80029296875,89.9501953125,108.02999877929688,1782.4000244140625,45.233001708984375,11405.9296875,5357.60009765625,5994.89990234375,1192.760009765625,20212.080078125,26.459999084472656,2523.449951171875,9107.4296875
2011-08-17,5030.2998046875,5112.14990234375,5017.25,5056.60009765625,0.0,29.676271057951446,-131.54282227062868,-36.78632227302435,-94.75649999760432,16.25919801667453,19.472642419914123,5354.574951171875,5454.2519726562505,5655.149995117188,5197.164445134806,5328.707267405434,31.938269809244012,105.40558520718994,0.0,0.004130484486176034,0.0041219774525322675,94.89990234375,-26.30029296875,110.5999984741211,1791.199951171875,45.25299835205078,11410.2099609375,5331.60009765625,5948.93994140625,1193.8900146484375,20289.029296875,25.479999542236328,2511.47998046875,9057.259765625
2011-08-18,5077.9501953125,5078.60009765625,4932.14990234375,4944.14990234375,0.0,25.48498853391485,-141.98240580086622,-37.7807246426095,-104.20168115825672,11.325540758557207,15.413599160175597,5323.429956054688,5442.011972656251,5649.8074951171875,5158.239130859259,5300.221536660125,34.10785871903952,108.33734307185495,0.0,-0.02223830106015723,-0.022489300253336914,146.4501953125,133.80029296875,106.98999786376953,1818.9000244140625,45.303001403808594,10990.580078125,5092.2001953125,5602.7998046875,1140.6500244140625,20016.26953125,27.450000762939453,2380.429931640625,8943.759765625
2011-08-19,4859.2998046875,4893.60009765625,4796.10009765625,4845.64990234375,0.0,22.48882769014227,-156.40108342938947,-41.75952181690619,-114.64156161248329,8.895093287911564,12.159944021047767,5288.6324462890625,5428.38796875,5644.097243652344,5110.148480318411,5266.549563747801,36.57917456523859,111.17394747297244,0.0,-0.019922535106248862,-0.02012366463152472,97.5,13.64990234375,108.62000274658203,1848.9000244140625,45.709999084472656,10817.650390625,5040.7998046875,5480.0,1123.530029296875,19399.919921875,29.190000534057617,2341.840087890625,8719.240234375
2011-08-22,4843.7001953125,4910.0498046875,4808.75,4898.7998046875,0.0,27.44556143554376,-161.67554140232824,-37.62718383187595,-124.04835757045228,7.719803296809751,9.313479114426173,5251.874926757813,5415.94296875,5638.50274169922,5077.633299452117,5239.308840854445,38.613521431405175,110.46865155972442,0.0,0.010968580771393066,0.010908862177967734,101.2998046875,-55.099609375,108.36000061035156,1888.699951171875,45.66299819946289,10854.650390625,5095.2998046875,5473.77978515625,1123.8199462890625,19486.869140625,27.079999923706055,2345.3798828125,8628.1298828125
2011-08-23,4925.14990234375,4965.7998046875,4863.7998046875,4948.89990234375,0.0,31.86839589621079,-159.96890619598526,-28.73643890042638,-131.23246729555888,15.052651809193831,10.555849464638381,5215.304931640625,5405.204970703125,5632.6594921875,5057.8281614354455,5217.797067631431,39.640520880489895,109.86374787688698,0.0,0.010227014708441562,0.010175072634902792,102.0,-23.75,109.30999755859375,1858.300048828125,45.61000061035156,11176.759765625,5129.39990234375,5532.3798828125,1162.3499755859375,19875.529296875,25.920000076293945,2446.06005859375,8733.009765625
2011-08-24,4934.35009765625,4962.39990234375,4875.2998046875,4888.89990234375,0.0,29.545521533446358,-161.59511614889743,-24.290119082670856,-137.30499706622658,17.712774956611447,13.495076687538342,5181.007421875001,5393.32697265625,5626.50899169922,5031.839198498261,5193.434314647158,40.59416322606857,108.2377728611272,0.0,-0.012123906561857245,-0.012198000598804451,87.10009765625,45.4501953125,110.1500015258789,1754.0999755859375,45.540000915527344,11320.7099609375,5205.89990234375,5681.080078125,1177.5999755859375,19466.7890625,28.600000381469727,2467.68994140625,8639.6103515625
2011-08-25,4914.64990234375,4915.85009765625,4825.0498046875,4839.60009765625,0.0,27.755364675341994,-164.9604204329571,-22.124338693384402,-142.8360817395727,16.168190659252247,16.311205808352508,5145.647436523438,5380.108974609375,5619.904492187501,5002.263952214875,5167.224372647832,41.718103695309075,106.99223858310026,0.0,-0.010084028241990728,-0.010135216467870713,90.80029296875,75.0498046875,110.1500015258789,1759.800048828125,45.939998626708984,11149.8203125,5131.10009765625,5584.14013671875,1159.27001953125,19752.48046875,27.940000534057617,2419.6298828125,8772.3603515625
2011-08-26,4839.25,4872.0,4720.0,4747.7998046875,0.0,24.74838901981085,-173.04026430620434,-24.163346053305304,-148.87691825289903,10.103716108736748,14.661560574866813,5108.649926757813,5366.114970703125,5612.234492187501,4963.115621826048,5136.155886132252,43.19168265753762,110.20707868430739,0.0,-0.01896856994717555,-0.01915078114017379,152.0,91.4501953125,111.36000061035156,1794.0999755859375,46.0099983215332,11284.5400390625,5129.89990234375,5537.47998046875,1176.800048828125,19582.880859375,33.2599983215332,2479.85009765625,8797.7802734375
2011-08-29,4806.2001953125,4934.39990234375,4806.0498046875,4919.60009765625,0.0,38.234671346537404,-163.6937908155869,-11.853498050150279,-151.84029276543663,19.17884325482579,15.150250007604926,5080.529931640625,5356.57197265625,5605.46649169922,4956.420925799925,5120.1147166155115,43.62044795967321,115.66372289658901,0.0,0.036185243699435654,0.035545934512972804,128.35009765625,-113.39990234375,111.87999725341797,1788.4000244140625,46.15299987792969,11539.25,5129.89990234375,5670.06982421875,1210.0799560546875,19865.109375,26.06999969482422,2562.110107421875,8851.349609375
2011-08-30,4973.25,5016.25,4927.5498046875,5001.0,0.0,43.4095946468482,-148.01215936599328,3.0625067195546762,-151.07466608554796,35.431939050664624,21.57149947140905,5054.73994140625,5349.2639746093755,5598.963742675782,4963.279244907629,5111.291404273622,42.9241592898844,114.3055928571005,0.0,0.016546040476446366,0.016410646200203265,88.7001953125,-27.75,114.0199966430664,1826.699951171875,45.849998474121094,11559.9501953125,5268.7001953125,5643.919921875,1212.9200439453125,20204.169921875,24.8799991607666,2576.110107421875,8953.900390625
2011-09-02,5109.7998046875,5113.7001953125,4993.35009765625,5040.0,0.0,45.7546188646322,-130.92812151384987,16.117235657358464,-147.04535717120834,56.000306632727636,36.87036297940601,5033.912451171876,5344.9059765625,5592.785241699219,4975.0824379987625,5106.010559512612,41.164974153002824,114.7373431998969,0.0,0.007798440311937549,0.007768189646510544,120.35009765625,69.7998046875,112.33000183105469,1873.699951171875,45.70000076293945,11240.259765625,5292.0,5538.330078125,1173.969970703125,20212.91015625,26.09000015258789,2480.330078125,8950.740234375
2011-09-05,4998.89990234375,5030.2998046875,4964.4501953125,5017.2001953125,0.0,44.591281482119,-117.86992104620185,23.340348900005182,-141.21026994620703,62.96006467984298,51.46410345441174,5014.532470703125,5339.732978515625,5586.8999926757815,4981.562092970106,5099.432014016308,39.74054702863425,111.93823330615426,0.0,-0.004523770771329372,-0.00453403398630976,65.849609375,-18.30029296875,112.33000183105469,1873.699951171875,45.737998962402344,11240.259765625,5102.60009765625,5246.18017578125,1173.969970703125,19616.400390625,27.829999923706055,2480.330078125,8784.4599609375
2011-09-06,4993.35009765625,5072.89990234375,4942.89990234375,5064.2998046875,0.0,47.55764124157086,-102.53865644424059,30.93729080157317,-133.47594724581376,71.20492807734574,63.388433129972114,5001.157470703125,5335.452978515625,5581.8632421875,4994.290971695859,5096.8296281401,37.951879905082706,113.22835949857182,0.0,0.009387628067742737,0.009343838129813015,130.0,-70.94970703125,112.88999938964844,1869.9000244140625,45.98400115966797,11139.2998046875,5156.7998046875,5193.97021484375,1165.239990234375,19710.5,28.65999984741211,2473.830078125,8590.5703125
2011-09-07,5080.14990234375,5154.5,5076.2998046875,5124.64990234375,0.0,51.165254691232526,-84.54419739668629,39.14539987930199,-123.68959727598828,79.76610234143456,71.31036503287442,4996.827465820313,5331.5459765625,5576.878491210938,5014.346191795536,5098.890389192222,35.47233613373334,111.58349062813812,0.0,0.01191677033030114,0.011846324726533429,78.2001953125,-44.5,115.80000305175781,1814.199951171875,46.040000915527344,11414.8603515625,5318.60009765625,5405.52978515625,1198.6199951171875,20048.0,27.860000610351562,2548.93994140625,8763.41015625
2011-09-08,5139.2001953125,5169.25,5098.25,5153.25,0.0,52.82161594887677,-67.20101858745966,45.19086295082289,-112.39188153828255,91.03194919616202,80.66765987164743,4998.564965820313,5325.1859765625,5572.701240234375,5035.716008442376,5102.9170270298355,33.02920328069685,108.6846698689854,0.0,0.005580888099920633,0.005565372643843948,71.0,-14.0498046875,114.55000305175781,1854.4000244140625,46.040000915527344,11295.8095703125,5340.39990234375,5408.4599609375,1185.9000244140625,19912.8203125,27.639999389648438,2529.139892578125,8793.1201171875
2011-09-09,5161.2998046875,5163.75,5046.7998046875,5059.4501953125,0.0,47.17071497152568,-60.329839910430564,41.649633302281586,-101.97947321271215,88.37594319667346,86.39133157809,4997.894970703125,5315.842978515625,5568.004492187501,5039.36742180701,5099.697261717441,31.232234863843516,109.27506454352215,0.0,-0.018202067566584157,-0.0183697632542546,116.9501953125,101.849609375,112.7699966430664,1856.4000244140625,46.130001068115234,10992.1298828125,5214.7001953125,5189.93017578125,1154.22998046875,19866.630859375,28.149999618530273,2467.989990234375,8737.66015625
2011-09-12,4981.7001953125,4985.60009765625,4911.25,4946.7998046875,0.0,41.43730535124927,-63.24527421719722,30.987359196411944,-94.23263341360916,74.16063810053792,84.52284349779113,4987.1849609375,5303.872978515625,5563.286992187501,5025.12624994247,5088.371524159667,30.6131659263478,112.05543102702056,0.0,-0.022265342334898075,-0.022516956939733934,74.35009765625,34.900390625,112.25,1809.9000244140625,46.643001556396484,11061.1201171875,5129.60009765625,5072.330078125,1162.27001953125,19030.5390625,32.75,2495.090087890625,8535.669921875
2011-09-13,4977.7998046875,5030.14990234375,4911.0498046875,4940.9501953125,0.0,41.15755609680751,-65.27533803483857,23.165836303016476,-88.44117433785505,58.40847303375996,73.6483514436571,4977.317480468751,5290.682978515625,5557.941743164063,5012.176087691705,5077.451425726544,29.57051915166157,112.55862150053696,0.0,-0.0011825037612108735,-0.0011832034704437695,119.10009765625,36.849609375,111.88999938964844,1826.800048828125,47.15999984741211,11105.849609375,5174.2998046875,5166.35986328125,1172.8699951171875,19030.5390625,32.77000045776367,2532.14990234375,8616.5498046875
2011-09-14,4965.0498046875,5026.14990234375,4917.39990234375,5012.5498046875,0.0,45.96608608842958,-60.41031562803437,22.424686967856545,-82.83500259589091,54.92857018642181,62.49922710690656,4974.2974609375015,5277.985976562501,5553.330742187501,5012.233582614135,5072.64389824217,28.60234714659579,112.28657710764146,0.0,0.014491060736237849,0.014387068747856058,108.75,-47.5,112.4000015258789,1823.5,47.459999084472656,11246.73046875,5227.0,5340.18994140625,1188.6800537109375,19045.439453125,32.45000076293945,2572.550048828125,8518.5703125
2011-09-15,5062.35009765625,5091.4501953125,4967.4501953125,5075.7001953125,0.0,49.85808421072453,-50.8726137423273,25.569911082850894,-76.4425248251782,64.4926874652198,59.27657689513386,4976.292480468751,5266.9559765625,5549.3804931640625,5021.997676875422,5072.87029061775,27.01326896246142,113.12325017138137,0.0,0.012598456491333954,0.012519756250054883,124.0,-13.35009765625,115.33999633789062,1778.5,47.560001373291016,11433.1796875,5337.5,5508.240234375,1209.1099853515625,19181.5,30.790000915527344,2607.070068359375,8668.8603515625
2011-09-16,5123.35009765625,5143.60009765625,5068.10009765625,5084.25,0.0,50.37920066636853,-42.13827469734588,27.443400102265855,-69.58167479961173,75.12520868113523,64.84882211092561,4977.674975585938,5255.6309765625,5545.802993164063,5031.574957356126,5073.713232053472,25.13750820112048,110.43587515913984,0.0,0.0016844581749324572,0.0016830410664110814,75.5,39.10009765625,112.22000122070312,1812.0999755859375,47.5,11509.08984375,5368.39990234375,5573.509765625,1216.010009765625,19455.310546875,28.450000762939453,2622.31005859375,8864.16015625
2011-09-19,5068.39990234375,5068.39990234375,5019.25,5031.9501953125,0.0,47.15105004844689,-38.986987503872115,24.475749836591696,-63.46273734046381,74.15107877858375,71.25632497497959,4982.064990234375,5243.627978515626,5542.202993164063,5031.632686272491,5070.619673776363,23.74275219205822,107.19045550491556,0.0,-0.010286631201750551,-0.010339904240795181,49.14990234375,36.44970703125,109.13999938964844,1776.4000244140625,47.16999816894531,11401.009765625,5259.60009765625,5415.91015625,1204.0899658203125,18917.94921875,29.600000381469727,2612.830078125,8864.16015625
2011-09-20,5042.5498046875,5149.89990234375,5035.25,5140.2001953125,0.0,53.756011975664585,-27.438406511789253,28.819464662939644,-56.2578711747289,77.34196788456127,75.53941844809341,4996.792504882813,5233.922978515625,5538.753994140625,5048.335379970954,5075.773786482743,22.414868914420804,107.9589734710823,0.0,0.021512534066978617,0.021284405456725344,114.64990234375,-97.650390625,110.54000091552734,1806.5999755859375,47.722999572753906,11408.66015625,5363.7001953125,5571.68017578125,1202.0899658203125,19014.80078125,27.25,2590.239990234375,8721.240234375
2011-09-21,5153.75,5168.39990234375,5109.85009765625,5133.25,0.0,53.295460726866175,-18.632116112587028,30.100604049713496,-48.732720162300524,79.00121901153655,76.83142189156052,5008.5150146484375,5222.0089746093745,5535.106743164062,5061.399167667731,5080.031283780318,21.346516755183423,104.42974712939785,0.0,-0.0013521254130992588,-0.0013530403595068234,58.5498046875,20.5,110.36000061035156,1805.5,47.90999984741211,11124.83984375,5288.39990234375,5433.7998046875,1166.760009765625,18824.169921875,27.670000076293945,2538.18994140625,8741.16015625
2011-09-22,5054.4501953125,5059.85009765625,4907.75,4923.64990234375,0.0,41.69418881678298,-28.240504745475846,16.39377233345975,-44.6342770789356,60.29557164977801,72.21291951529193,5007.252514648438,5207.268974609375,5529.920493164063,5040.206973002503,5068.447477747979,20.99594751602494,113.07762233444087,0.0,-0.04083185070983297,-0.041688881314134854,152.10009765625,130.80029296875,105.48999786376953,1739.199951171875,48.209999084472656,10733.830078125,5041.60009765625,5164.2099609375,1129.56005859375,17911.94921875,33.880001068115234,2455.669921875,8560.259765625
2011-09-23,4873.75,4930.25,4829.60009765625,4867.75,0.0,39.24084727446564,-39.905866912677084,3.782728133006813,-43.6885950456839,34.45657475245755,57.91778847125737,5006.195019531251,5192.30197265625,5524.2007421875005,5013.675131002118,5053.580997914795,21.17630911416257,112.18992804939154,0.0,-0.011353346288317634,-0.011418287525742744,100.64990234375,6.0,103.97000122070312,1637.5,49.472999572753906,10771.48046875,5066.7998046875,5196.56005859375,1136.4300537109375,17668.830078125,35.15999984741211,2483.22998046875,8560.259765625
2011-09-26,4878.60009765625,4879.7998046875,4758.85009765625,4835.39990234375,0.0,37.85272148319226,-51.17126253291826,-5.98613398978749,-45.18512854313077,11.988294921424812,35.58014710788679,5005.985009765625,5178.48697265625,5518.413742675781,4986.248172746985,5037.419435279903,21.760746659506644,112.81562654809572,0.0,-0.006645800966822435,-0.006667982633315816,120.94970703125,43.2001953125,103.97000122070312,1592.5,49.34299850463867,11043.8603515625,5089.39990234375,5345.56005859375,1162.949951171875,17407.80078125,35.43000030517578,2516.68994140625,8374.1298828125
2011-09-27,4905.14990234375,4982.9501953125,4905.14990234375,4971.25,0.0,46.423730642018306,-48.57723407439971,-2.7136844250151455,-45.86354964938457,27.212996888753185,24.55262218754518,5017.157519531251,5166.20296875,5513.308742675781,4983.940761555141,5032.517995629541,21.314616206627317,115.29667414957103,0.0,0.02809490433054007,0.027707482159485847,77.80029296875,-66.10009765625,107.13999938964844,1650.5999755859375,49.400001525878906,11190.6904296875,5294.10009765625,5628.43994140625,1175.3800048828125,18130.55078125,32.0099983215332,2546.830078125,8609.9501953125
2011-09-28,5005.5,5006.0498046875,4918.4501953125,4945.89990234375,0.0,45.171796251490825,-48.01351889486796,-1.7199753963867082,-46.29354349848125,38.69297288262706,25.964754897601683,5018.472509765625,5153.4989648437495,5508.155493164062,4978.088321676466,5026.101840571334,20.69275877800166,113.31831237995881,0.0,-0.005099340740507885,-0.005112386748091802,87.599609375,59.60009765625,103.80999755859375,1616.300048828125,48.810001373291016,11010.900390625,5217.60009765625,5578.419921875,1151.06005859375,18011.060546875,32.0,2491.580078125,8615.650390625
2011-09-29,4924.2001953125,5034.25,4906.0,5015.4501953125,0.0,49.21806554209032,-41.47652757556443,3.853612738333453,-45.330140313897886,53.3602046653195,39.75539147889991,5019.19501953125,5142.46697265625,5503.714243164062,4983.836302235856,5025.312829811421,19.85777878025575,114.38486149567603,0.0,0.014062212002267094,0.013964256346404452,128.25,-91.25,103.94999694824219,1615.5,48.75,11153.98046875,5196.7998046875,5639.580078125,1160.4000244140625,18011.060546875,31.06999969482422,2480.760009765625,8701.23046875
2011-09-30,4990.14990234375,5025.5498046875,4924.2998046875,4943.25,0.0,45.46686831501457,-41.641845939209816,2.9506354997504616,-44.59248143896028,51.11708820263612,47.723421916860886,5014.35751953125,5129.0609765625,5499.597993164063,4977.592255738032,5019.234101677242,19.08244021092026,113.44665710312775,0.0,-0.014395556231418527,-0.014500177519274064,101.25,46.89990234375,102.76000213623047,1620.4000244140625,48.86000061035156,10913.3798828125,5128.5,5502.02001953125,1131.4200439453125,17592.41015625,31.940000534057617,2415.39990234375,8700.2900390625
2011-10-03,4874.39990234375,4879.14990234375,4823.89990234375,4849.5,0.0,41.08785363791118,-48.775450401447415,-3.346375169989706,-45.42907523145771,43.27108256096116,49.24945847630559,5005.972509765625,5114.7099804687505,5494.558742675781,4957.885754855258,5006.661205256705,19.12145615018015,113.86833142835077,0.0,-0.018965255651646196,-0.019147402767341518,55.25,24.89990234375,101.70999908447266,1656.0,49.04999923706055,10655.2998046875,5075.5,5502.02001953125,1099.22998046875,16822.150390625,35.06999969482422,2335.830078125,8545.48046875
2011-10-04,4823.5,4869.75,4728.2998046875,4772.14990234375,0.0,37.84887140020568,-59.97898931849795,-11.639931269632193,-48.33905804886576,25.70757532632218,40.03191536330648,4991.365014648438,5099.3209765625,5488.881242675781,4929.311008315026,4989.289997633524,19.771579361204537,115.83846456293287,0.0,-0.015950118085627407,-0.016078690212319283,141.4501953125,51.35009765625,99.79000091552734,1614.699951171875,49.099998474121094,10808.7099609375,4944.39990234375,5216.7099609375,1123.949951171875,16250.26953125,37.189998626708984,2404.820068359375,8456.1201171875
2011-10-05,4791.2998046875,4827.7998046875,4741.0,4751.2998046875,0.0,37.002124373337736,-69.73642515693064,-17.117893686451893,-52.61853147047874,12.44126156779227,27.139973151691866,4972.697509765625,5081.66796875,5482.917241210938,4901.924669295407,4971.661094452337,20.375265200012898,113.76427457183053,0.0,-0.0043691204347980905,-0.004378692933928154,86.7998046875,40.0,99.79000091552734,1640.300048828125,49.303001403808594,10939.9501953125,5102.2001953125,5473.02978515625,1144.030029296875,16250.26953125,35.369998931884766,2460.510009765625,8382.98046875
2011-10-07,4883.64990234375,4922.60009765625,4861.2001953125,4888.0498046875,0.0,45.59850276557326,-65.67759084052432,-10.447247496036454,-55.23034334448786,17.162769626198465,18.437202173437633,4959.4375,5065.822968750001,5477.8959912109385,4899.790074740344,4965.467665580868,19.932817060219342,117.87399017161049,0.0,0.02878159779879308,0.028375187287192356,61.39990234375,-4.39990234375,105.87999725341797,1634.5,49.040000915527344,11103.1201171875,5303.39990234375,5675.7001953125,1155.4599609375,17707.009765625,33.02000045776367,2479.35009765625,8605.6201171875
2011-10-10,4886.85009765625,4991.14990234375,4882.0498046875,4979.60009765625,0.0,50.47114978945873,-54.44597259693728,0.627496598040473,-55.073469194977754,32.87511903771299,20.826383410567907,4955.444995117188,5053.91796875,5473.0502416992185,4912.06853980433,4966.514512401267,18.881097389340916,117.24728356337046,0.0,0.01872941083393953,0.01855617514435224,109.10009765625,-92.75,108.94999694824219,1669.5999755859375,48.893001556396484,11433.1796875,5399.0,5847.2900390625,1194.8900146484375,17711.060546875,30.030000686645508,2566.050048828125,8605.6201171875
2011-10-11,5019.89990234375,5045.10009765625,4964.0,4974.35009765625,0.0,50.19350732450046,-45.44460818846346,7.703088805211436,-53.1476969936749,49.769025231372325,33.26897129842792,4956.822509765625,5042.468974609375,5468.186743164063,4921.650317935395,4967.094926123858,17.629640980358023,114.66534171286186,0.0,-0.0010543015296491376,-0.0010548576964528867,81.10009765625,45.5498046875,110.7300033569336,1659.699951171875,48.8129997253418,11416.2998046875,5395.7001953125,5865.009765625,1195.5400390625,18141.58984375,30.299999237060547,2583.030029296875,8773.6796875
2011-10-12,5011.2001953125,5109.7998046875,4997.64990234375,5099.39990234375,0.0,56.35250965254332,-27.898886888367997,20.199048084245526,-48.09793497261352,70.09415319374243,50.912765820942575,4964.7449951171875,5034.70197265625,5463.680493164064,4948.996407844372,4976.89529473274,16.99336205259879,116.14993923560387,0.0,0.02513892312212196,0.024828138159656368,112.14990234375,-88.19970703125,111.36000061035156,1681.300048828125,49.237998962402344,11518.849609375,5441.7998046875,5994.47021484375,1207.25,18329.4609375,28.40999984741211,2604.72998046875,8738.900390625
2011-10-13,5130.7998046875,5136.9501953125,5067.64990234375,5077.85009765625,0.0,55.088272452358844,-15.553375851814963,26.035647296638857,-41.58902314845382,79.57316096882575,66.47877979798017,4968.010009765625,5026.618974609375,5459.147744140626,4968.820052430814,4984.373428282629,16.615238467352867,112.8035359308286,0.0,-0.004225949150917785,-0.00423490371061113,69.30029296875,52.94970703125,111.11000061035156,1667.300048828125,48.90999984741211,11478.1298828125,5403.39990234375,5914.83984375,1203.6600341796875,18757.810546875,28.239999771118164,2620.239990234375,8823.25
2011-10-14,5057.35009765625,5141.39990234375,5056.60009765625,5132.2998046875,0.0,57.672186318111024,-1.3601540987247063,32.18309523978329,-33.543249338508,93.53626697804532,81.0678603802045,4970.839990234375,5018.928974609375,5454.909243164063,4993.970783547227,4995.330937645952,16.15164688390897,110.80326941344799,0.0,0.010722984330786334,0.010665900841971407,84.7998046875,-74.94970703125,114.68000030517578,1681.800048828125,49.20000076293945,11644.490234375,5466.39990234375,5967.2001953125,1224.5799560546875,18501.7890625,25.979999542236328,2667.85009765625,8747.9599609375
2011-10-17,5156.2001953125,5160.2001953125,5084.5,5118.25,0.0,56.76466718367105,8.654609625617923,33.758287171300736,-25.103677545682814,91.20730788451645,88.1055786104625,4972.539990234375,5012.162978515626,5450.442492675781,5013.0906630015,5004.436053375882,15.882816668192024,108.295906977666,0.0,-0.0027375261037299037,-0.0027412799807702906,75.7001953125,37.9501953125,110.16000366210938,1675.5,48.893001556396484,11397.0,5436.7001953125,5859.43017578125,1200.8599853515625,18873.990234375,25.43000030517578,2614.919921875,8879.599609375
2011-10-18,5049.4501953125,5057.5,5011.0498046875,5037.5,0.0,51.726639314064734,9.9607110093566,28.051510844031533,-18.090799834674932,86.55827131481351,90.43394872579177,4972.817480468751,5004.816982421875,5445.6394921875,5016.845945616654,5006.885234607297,14.864180779317584,108.21764185872556,0.0,-0.015776876862208744,-0.015902656477749584,46.4501953125,11.9501953125,111.1500015258789,1651.699951171875,48.900001525878906,11577.0498046875,5410.39990234375,5877.41015625,1225.3800048828125,18076.4609375,25.899999618530273,2657.429931640625,8741.91015625
2011-10-19,5080.4501953125,5148.0498046875,5075.2998046875,5139.14990234375,0.0,56.91102977574046,18.97932155669332,29.656097113094603,-10.676775556401282,85.66793890253075,87.81117270062023,4972.764965820314,5000.963984375,5441.355241699219,5035.661938959283,5016.68261740259,14.711162133710772,108.38422491792373,0.0,0.02017864066377162,0.019977749866985615,72.75,-58.69970703125,108.38999938964844,1646.0,49.2400016784668,11504.6201171875,5450.5,5913.52978515625,1209.8800048828125,18309.220703125,24.049999237060547,2604.0400390625,8772.5400390625
2011-10-20,5086.5498046875,5099.0,5033.9501953125,5091.89990234375,0.0,54.00751593032278,22.05966518715195,26.189152594842586,-4.129487407690635,83.63428344028254,85.28683121920892,4970.6974609375,4998.576982421875,5436.5129907226565,5044.313933326124,5022.254268138972,14.145800220007068,108.1567593545899,0.0,-0.00919412760823557,-0.009236654465073555,65.0498046875,-5.35009765625,109.76000213623047,1611.9000244140625,49.0099983215332,11541.7802734375,5384.7001953125,5766.47998046875,1215.3900146484375,17983.099609375,25.600000381469727,2598.6201171875,8682.150390625
2011-10-21,5106.60009765625,5120.75,5037.9501953125,5049.9501953125,0.0,51.49557638259463,20.87523225482346,20.003775730011274,0.8714565248121842,84.5951682170157,84.63246351994299,4977.012475585938,4997.205986328125,5431.253491210938,5045.181050554797,5024.305818299974,13.813340874663663,106.34554830694063,0.0,-0.008238517613423868,-0.008272641750434453,82.7998046875,56.64990234375,109.55999755859375,1635.0999755859375,49.86000061035156,11808.7900390625,5488.7001953125,5970.9599609375,1238.25,18025.720703125,26.299999237060547,2637.4599609375,8678.8896484375
2011-10-24,5114.7001953125,5145.64990234375,5084.75,5098.35009765625,0.0,54.145522058583886,23.570324221248484,18.15909415714904,5.411230064099445,81.4463090839751,83.22525358042444,4988.542480468751,4997.715986328125,5426.072741699219,5053.360903955021,5029.790579733773,13.727184838532015,105.58513107296272,0.0,0.009584233600694825,0.009538596201786407,60.89990234375,16.35009765625,111.44999694824219,1651.5,49.823001861572266,11913.6201171875,5548.10009765625,6055.27001953125,1254.18994140625,18771.8203125,25.219999313354492,2699.43994140625,8843.98046875
2011-10-25,5137.89990234375,5211.0,5085.5498046875,5191.60009765625,0.0,58.81418311608917,32.85200226649613,21.952617761917345,10.899384504578782,85.34172926097892,83.79440218732324,5006.352490234376,4998.32798828125,5421.242741699219,5074.628472216748,5041.776469950252,14.200703241651263,107.00406423292968,0.0,0.018290230802876284,0.018124976515835178,125.4501953125,-53.7001953125,110.91999816894531,1699.5999755859375,49.54999923706055,11706.6201171875,5525.5,6046.75,1229.050048828125,18968.19921875,22.309999465942383,2638.419921875,8762.3095703125
2011-10-28,5341.89990234375,5399.7001953125,5322.7998046875,5360.7001953125,0.0,65.64509975328293,53.23905693245615,33.87173794230189,19.367318990154256,91.43652238809874,86.07485357768425,5025.825000000001,5002.77599609375,5417.3144921875,5118.639506539172,5065.4004496067155,15.869981593792428,114.22520947745255,0.0,0.03257186502723708,0.03205264636282784,76.900390625,-18.80029296875,109.91000366210938,1746.199951171875,49.790000915527344,12231.1103515625,5702.2001953125,6346.18994140625,1285.0899658203125,20019.240234375,20.889999389648438,2737.14990234375,9050.4697265625
2011-10-31,5358.89990234375,5360.25,5314.60009765625,5326.60009765625,0.0,63.3628536360685,65.88487194964819,37.21404236759514,28.670829582053045,91.50283416277303,89.42702860395022,5044.860009765625,5007.848994140625,5413.548493652344,5150.633443634107,5084.7485716844585,17.32163083624876,109.35913006165237,0.0,-0.0063611275418961055,-0.006381445723893785,45.64990234375,32.2998046875,109.55999755859375,1724.199951171875,48.62799835205078,11955.009765625,5544.2001953125,6141.33984375,1253.300048828125,19864.869140625,22.65999984741211,2684.409912109375,8988.3896484375
2011-11-01,5278.60009765625,5310.85009765625,5238.2998046875,5257.9501953125,0.0,58.92161802902002,69.56539154025813,32.71564956656407,36.849741973694066,82.03410076664345,88.32448577250507,5056.985009765625,5012.292001953125,5409.596994628906,5167.1437131230905,5097.578321582832,17.782462283945843,107.85492741215934,0.0,-0.012888127714704267,-0.012971900191361616,72.55029296875,20.64990234375,109.54000091552734,1711.0,48.67300033569336,11657.9599609375,5421.60009765625,5834.509765625,1218.280029296875,19369.9609375,24.020000457763672,2606.9599609375,8835.51953125
2011-11-02,5216.75,5300.10009765625,5204.9501953125,5258.4501953125,0.0,58.944189428115564,71.69610755523445,27.87709246523231,43.81901509000214,72.73740717339747,82.09144736760464,5072.74501953125,5016.32900390625,5406.366245117188,5181.190864229154,5109.494756673919,17.846500178336232,106.94742562155868,0.0,9.509409207519859e-05,9.508957091864603e-05,95.14990234375,-41.7001953125,109.33999633789062,1728.699951171875,49.257999420166016,11836.0400390625,5484.10009765625,5965.6298828125,1237.9000244140625,19733.7109375,24.889999389648438,2639.97998046875,8640.419921875
2011-11-03,5241.5498046875,5281.60009765625,5201.85009765625,5265.75,0.0,59.29583882715422,73.13074289753513,23.44938224602639,49.68136065150874,65.95608914553978,73.57586569519356,5093.55751953125,5022.7610058593755,5403.8807446289065,5194.199962040053,5121.069219142518,17.871179483548353,105.00475236287592,0.0,0.0013882045881137284,0.001387241922938985,79.75,-24.2001953125,110.83000183105469,1764.199951171875,49.12300109863281,12044.4697265625,5545.60009765625,6133.18017578125,1261.1500244140625,19242.5,24.65999984741211,2697.969970703125,8640.419921875
2011-11-04,5325.39990234375,5326.4501953125,5256.7998046875,5284.2001953125,0.0,60.22318036989623,74.8931566191659,20.16943677412572,54.72371984504017,66.89462693032938,68.5293744164222,5119.1600341796875,5031.532011718751,5401.531245117188,5208.046151774275,5133.152995155109,18.245224626433345,102.47944081017049,0.0,0.0035038114822198985,0.003497687435602619,69.650390625,41.19970703125,111.97000122070312,1755.300048828125,49.04800033569336,11983.240234375,5527.2001953125,5966.16015625,1253.22998046875,19842.7890625,23.43000030517578,2686.14990234375,8801.400390625
2011-11-08,5292.25,5304.25,5252.0,5289.35009765625,0.0,60.493731669641285,75.8313002447976,16.88606431980594,58.945235924991664,69.14104967276248,67.3305885828772,5146.062548828125,5039.343017578125,5398.661745605468,5220.554451140732,5144.723150895935,18.53207338171477,98.89162360944403,0.0,0.0009745850182432125,0.0009741104185977595,52.25,2.89990234375,115.0,1798.4000244140625,48.90999984741211,12170.1796875,5567.2998046875,5961.43994140625,1275.9200439453125,19678.470703125,23.709999084472656,2727.489990234375,8655.509765625
2011-11-09,5309.7001953125,5317.5,5211.75,5221.0498046875,0.0,55.137325279783816,70.25368227597846,9.046757080789433,61.20692519518903,65.30725316474779,67.11430992261322,5162.712548828125,5044.786015625,5396.007495117188,5220.630659378697,5150.376977102718,18.28773599496766,99.38150763734089,0.0,-0.012912794900646563,-0.012996889754193604,105.75,88.650390625,112.30999755859375,1790.9000244140625,49.310001373291016,11780.9404296875,5460.39990234375,5829.5400390625,1229.0999755859375,20014.4296875,24.299999237060547,2621.64990234375,8755.4404296875
2011-11-11,5159.75,5198.60009765625,5142.25,5168.85009765625,0.0,51.39200559835212,60.919062710725484,-0.23028998757084196,61.149352698296326,54.17435843588312,62.87422042446446,5172.175048828126,5050.38501953125,5393.578996582031,5212.664419113705,5151.745356402979,17.2544238724497,97.91138599806654,0.0,-0.009997933171291495,-0.01004824814991453,56.35009765625,-9.10009765625,114.16000366210938,1787.5,49.959999084472656,12153.6796875,5545.39990234375,6057.02978515625,1263.8499755859375,19137.169921875,24.739999771118164,2678.75,8514.4697265625
2011-11-14,5217.35009765625,5228.89990234375,5140.5498046875,5148.35009765625,0.0,49.956818731300395,51.27605236517684,-7.8986402664955975,59.174692631672436,40.73146549380183,53.40435903147757,5180.875048828126,5056.560019531251,5391.0469970703125,5202.76990812025,5151.493855755073,16.597341944991925,97.22843683079392,0.0,-0.003966065877842984,-0.003973951574149737,88.35009765625,69.0,111.88999938964844,1777.800048828125,50.03300094604492,12078.98046875,5519.0,5985.02001953125,1251.780029296875,19508.1796875,25.290000915527344,2657.219970703125,8603.7001953125
2011-11-15,5131.2001953125,5158.75,5052.85009765625,5068.5,0.0,44.71834380453178,36.76683644249442,-17.926284951342417,54.69312139383684,25.535421240833756,40.14708172350623,5179.330053710938,5062.9740234375,5387.769248046875,5182.112999178673,5145.3461627361785,15.767721941318847,97.8478272245765,0.0,-0.015509842209954106,-0.01563137811895635,105.89990234375,62.7001953125,112.38999938964844,1781.699951171875,50.36800003051758,12096.16015625,5517.39990234375,5933.14013671875,1257.81005859375,19348.439453125,25.969999313354492,2686.199951171875,8541.9296875
2011-11-16,5059.10009765625,5065.2001953125,4989.5,5030.4501953125,0.0,42.43487698110646,21.944909787915094,-26.198569284737403,48.1434790726525,16.56871718463939,27.611867973091655,5176.960058593751,5065.191025390625,5384.4662499999995,5158.780260122339,5136.835350334424,15.579743222959497,96.50155385139247,0.0,-0.0075071134827858765,-0.007535433683540195,75.7001953125,28.64990234375,111.87999725341797,1773.800048828125,50.62300109863281,11905.58984375,5509.0,5913.35986328125,1236.9100341796875,18960.900390625,25.040000915527344,2639.610107421875,8463.16015625
2011-11-17,5027.10009765625,5036.7998046875,4919.4501953125,4934.75,0.0,37.278835436285675,2.448001132896934,-36.55638235180445,39.004383484701385,7.204594268170647,16.436244231214598,5167.082568359376,5063.8660253906255,5380.581999511718,5124.314066257364,5121.866065124467,15.980414259107176,97.9907006745073,0.0,-0.019024181056732425,-0.01920746911581733,117.349609375,92.35009765625,108.22000122070312,1719.800048828125,50.702999114990234,11770.73046875,5423.10009765625,5850.169921875,1216.1300048828125,18817.470703125,26.920000076293945,2587.989990234375,8479.6298828125
2011-11-18,4899.14990234375,4915.89990234375,4837.9501953125,4905.7998046875,0.0,35.85938681660377,-15.164669389642768,-43.335242299475325,28.170572909832558,8.415678391302597,10.729663281370877,5156.46005859375,5061.182021484375,5376.628498535156,5090.696487554308,5105.861156943951,16.938322040939482,97.90563667543535,0.0,-0.0058665981686002455,-0.005883874256683862,77.94970703125,-6.64990234375,107.55999755859375,1724.699951171875,50.948001861572266,11796.16015625,5362.89990234375,5800.240234375,1215.6500244140625,18491.23046875,26.579999923706055,2572.5,8374.91015625
2011-11-21,4873.7998046875,4873.7998046875,4764.7998046875,4778.35009765625,0.0,30.375881630312744,-38.95788167743376,-53.70276366981305,14.744881992379295,5.846565168150944,7.155612609208062,5143.5025634765625,5056.40501953125,5371.803999023437,5042.643196800761,5081.601078478195,18.288785998673482,100.98380548433282,0.0,-0.025979394207947815,-0.026322819719387578,109.0,95.44970703125,107.55999755859375,1678.300048828125,51.22800064086914,11547.3095703125,5222.60009765625,5606.0,1192.97998046875,18225.849609375,28.610000610351562,2523.139892578125,8348.26953125
2011-11-22,4794.85009765625,4854.0,4782.5498046875,4812.35009765625,0.0,33.3058821092528,-54.44307214020591,-55.35036330606817,0.9072911658622527,7.606689443558636,7.2896443343373925,5127.162573242187,5051.3660253906255,5367.428749999999,5007.213489240067,5061.656561380273,19.542788245140766,99.1742409742912,0.0,0.007115426727873464,0.007090231524927415,71.4501953125,-17.5,109.02999877929688,1702.199951171875,52.05799865722656,11493.7197265625,5206.7998046875,5537.39013671875,1188.0400390625,18251.58984375,27.350000381469727,2521.280029296875,8314.740234375
2011-11-23,4779.5,4779.5,4640.9501953125,4706.4501953125,0.0,29.18600750060433,-74.4027654573747,-60.24804529858956,-14.154720158785139,6.765626834185966,6.739627148631849,5107.890087890625,5043.00203125,5362.939501953125,4960.942213251211,5035.344978708586,21.487427515898823,104.3332167863954,0.0,-0.022005859963373453,-0.02225160074786096,138.5498046875,73.0498046875,107.0199966430664,1695.699951171875,52.483001708984375,11257.5498046875,5139.7998046875,5457.77001953125,1161.7900390625,17864.4296875,30.68000030517578,2460.080078125,8314.740234375
2011-11-25,4731.2998046875,4767.2998046875,4693.10009765625,4710.0498046875,0.0,29.505208751432814,-88.90565872772277,-59.8007508551501,-29.104907872572664,9.36713952669065,7.91315193481175,5090.895068359376,5034.13802734375,5358.929001464843,4922.343381164486,5011.249039892209,23.29316398160273,102.18082323245643,0.0,0.0007648247034643951,0.0007645323740951998,74.19970703125,21.25,106.4000015258789,1685.5,52.0629997253418,11231.650390625,5164.7001953125,5492.8701171875,1158.6700439453125,17689.48046875,29.1200008392334,2441.510009765625,8160.009765625
2011-11-28,4769.2998046875,4859.10009765625,4766.39990234375,4851.2998046875,0.0,40.784867806800044,-87.98734822753613,-47.105952283970765,-40.881395943565366,16.773606552394842,10.968790971090485,5078.542553710939,5029.97501953125,5355.656000976562,4911.413600168027,4999.400948395563,23.780194844300418,105.52864249933455,0.0,0.02998906717704486,0.02954818779399277,92.7001953125,-82.0,109.0,1710.800048828125,52.22800064086914,11523.009765625,5312.7998046875,5745.330078125,1192.550048828125,18037.810546875,26.639999389648438,2527.340087890625,8287.490234375
2011-11-29,4864.2001953125,4866.10009765625,4787.10009765625,4805.10009765625,0.0,38.608855628958615,-89.95061608056676,-39.255376109601116,-50.695239970965645,21.676182288787917,15.938976122624469,5059.217553710938,5027.141025390625,5352.595500488281,4895.057676704677,4985.008292785244,24.146627004660896,103.6337394636678,0.0,-0.00952316057371061,-0.009568795826361632,79.0,59.10009765625,110.81999969482422,1713.4000244140625,51.94300079345703,11555.6298828125,5337.0,5799.91015625,1195.18994140625,18256.19921875,26.8700008392334,2515.510009765625,8477.8203125
2011-11-30,4766.14990234375,4851.5498046875,4754.7998046875,4832.0498046875,0.0,40.59975810296209,-88.31387647483007,-30.094909203091532,-58.218967271738535,27.731523404653043,22.0604374152786,5032.7850341796875,5024.963017578125,5349.595749511718,4885.364157932803,4973.678034407633,24.709648456663142,103.14204378769153,0.0,0.005608563085791829,0.00559289365719913,96.75,-65.89990234375,110.81999969482422,1745.5,51.90299987792969,12045.6796875,5505.39990234375,6088.83984375,1246.9599609375,17989.349609375,26.549999237060547,2620.340087890625,8434.6103515625
2011-12-01,4970.85009765625,5011.89990234375,4916.7001953125,4936.85009765625,0.0,47.702388901344904,-77.66496735630608,-15.55680006765403,-62.10816728865205,34.278804510934464,27.895503401458477,5013.297534179688,5023.4490234375,5346.64625,4893.28507173641,4970.950039092716,23.440823484914716,108.62119049258857,0.0,0.021688578802951275,0.021456727931786077,95.19970703125,34.0,108.98999786376953,1735.300048828125,51.72999954223633,12020.0302734375,5489.2998046875,6035.8798828125,1244.5799560546875,19002.259765625,25.020000457763672,2626.199951171875,8597.3798828125
2011-12-02,4940.85009765625,5062.5498046875,4918.39990234375,5050.14990234375,0.0,54.09324410507893,-59.39857303075132,2.1676754063205834,-61.566248437071906,49.39045226439028,37.133593393325924,5002.907519531251,5022.938017578124,5344.918249511718,4917.418122599078,4976.816695629829,21.79892397849974,111.15895562481438,0.0,0.022949816673852208,0.02269043070647762,144.14990234375,-109.2998046875,109.94000244140625,1747.0,51.29999923706055,12019.419921875,5552.2998046875,6080.68017578125,1244.280029296875,19040.390625,23.989999771118164,2626.929931640625,8643.75
2011-12-05,5036.5,5055.39990234375,5002.5498046875,5039.14990234375,0.0,53.410819657439895,-45.28788148758758,13.022693559587466,-58.31057504717505,65.60913610772363,49.759464294349456,4991.9425048828125,5022.036015625001,5343.133999023437,4936.146088713643,4981.43397020123,20.274303008257263,106.99403719848836,0.0,-0.0021781531662842246,-0.00218052879217037,52.85009765625,-2.64990234375,109.80999755859375,1730.699951171875,51.10300064086914,12097.830078125,5568.0,6106.08984375,1257.0799560546875,19179.689453125,25.020000457763672,2655.760009765625,8695.98046875
2011-12-07,5050.10009765625,5099.25,5032.25,5062.60009765625,0.0,54.722219540979445,-31.845724310748665,21.17188058914111,-53.017604899889776,79.50102124330226,64.83353653847206,4981.785009765626,5022.649013671876,5341.884250488281,4955.60055162789,4987.446275938639,19.20589709757619,104.1373202557392,0.0,0.004653601454005729,0.004642806926756286,67.0,-12.5,109.52999877929688,1740.9000244140625,51.20000076293945,12196.3701171875,5546.89990234375,5994.72998046875,1261.010009765625,19240.580078125,26.459999084472656,2649.2099609375,8722.169921875
2011-12-08,5037.39990234375,5049.0498046875,4921.4501953125,4943.64990234375,0.0,47.429318304956254,-30.440109917234622,18.06199598612413,-48.50210590335875,78.31790935899343,74.4760222366731,4964.757495117188,5018.7180078125,5340.334750976563,4953.76199019956,4984.202100116795,18.47127286230334,106.78107611916855,0.0,-0.023495870307348232,-0.023776299598409673,127.599609375,93.75,108.11000061035156,1709.800048828125,51.599998474121094,11997.7001953125,5483.7998046875,5874.43994140625,1234.3499755859375,19107.810546875,28.579999923706055,2596.3798828125,8664.580078125
2011-12-09,4870.75,4918.35009765625,4841.75,4866.7001953125,0.0,43.39981937578646,-35.130387407232774,10.697374796900789,-45.82776220413356,69.10320854437505,75.64071304889025,4943.625,5013.387011718751,5338.539252929687,4940.367867909244,4975.498255316476,18.4058384199259,106.4324208494958,0.0,-0.01556536335527492,-0.01568777554509722,76.60009765625,4.0498046875,108.62000274658203,1712.800048828125,51.70000076293945,12184.259765625,5529.2001953125,5986.7099609375,1255.18994140625,18586.23046875,29.530000686645508,2646.85009765625,8536.4599609375
2011-12-12,4906.85009765625,4910.25,4755.5498046875,4764.60009765625,0.0,38.701564686350295,-46.54949707816104,-0.577387899221975,-45.972109178939064,47.4288957217751,64.95000454171452,4920.802514648438,5010.206015625001,5335.812253417968,4913.326672485706,4959.876169563867,18.930648839441037,109.88011902542468,0.0,-0.02097932758516552,-0.02120252082692823,154.7001953125,142.25,107.26000213623047,1664.199951171875,51.86800003051758,12021.3896484375,5427.89990234375,5785.43017578125,1236.469970703125,18575.66015625,29.270000457763672,2612.260009765625,8653.8203125
2011-12-13,4733.60009765625,4824.7001953125,4728.5,4800.60009765625,0.0,41.12183528328773,-52.09381950321131,-4.897368259417796,-47.19645124379351,37.02451244657812,51.185538904242755,4902.3900146484375,5008.863017578125,5332.53525390625,4895.9841225119435,4948.077942015155,19.59039002135399,108.90298161735863,0.0,0.007555723305657569,0.007527321801210558,96.2001953125,-67.0,109.5,1659.9000244140625,52.650001525878906,11954.9404296875,5490.2001953125,5774.259765625,1225.72998046875,18447.169921875,28.110000610351562,2579.27001953125,8552.8095703125
2011-12-14,4788.7001953125,4839.5498046875,4750.39990234375,4763.25,0.0,39.384384455829256,-58.82349506802893,-9.301635059388339,-49.521860008640594,29.500311457443264,37.984573208598825,4883.135009765625,5007.420019531251,5328.94650390625,4875.5634882793365,4934.3869833473655,20.030364812882507,107.49204738352944,0.0,-0.0077802976495553455,-0.007810722075448438,89.14990234375,25.4501953125,105.0199966430664,1584.300048828125,53.099998474121094,11823.48046875,5366.7998046875,5675.14013671875,1211.8199462890625,18354.4296875,28.790000915527344,2539.31005859375,8519.1298828125
2011-12-15,4712.7998046875,4768.64990234375,4673.85009765625,4746.35009765625,0.0,38.58989028767486,-64.77382004146966,-12.201568026263246,-52.572252015206416,26.1878624491275,30.90422878438296,4867.027514648438,5002.922021484375,5325.269753417969,4855.684505106554,4920.4583251480235,20.941532087315338,106.58545861952733,0.0,-0.003547977188631757,-0.003554286186905766,94.7998046875,-33.55029296875,105.08999633789062,1574.5999755859375,53.709999084472656,11868.8095703125,5400.89990234375,5730.6201171875,1215.75,18026.83984375,28.809999465942383,2541.010009765625,8377.3701171875
2011-12-16,4752.5,4818.85009765625,4628.2001953125,4651.60009765625,0.0,34.39998151051492,-76.25599692902051,-18.946995931051276,-57.309000997969235,16.231979969815523,23.973384625462096,4848.085009765626,4997.036025390626,5320.795502929687,4824.286903960353,4900.542900889373,21.192628540534386,112.59006174268609,0.0,-0.01996270777555742,-0.02016465475128,190.64990234375,100.89990234375,103.3499984741211,1595.5999755859375,53.209999084472656,11866.3896484375,5387.2998046875,5701.77978515625,1219.6600341796875,18285.390625,29.690000534057617,2555.330078125,8401.7197265625
2011-12-19,4623.14990234375,4623.14990234375,4555.89990234375,4613.10009765625,0.0,32.839722509343524,-87.45421532320961,-24.116171460192298,-63.33804386301731,10.845904171276059,17.755248863406358,4832.002514648439,4988.9890234375,5316.566252441406,4791.796626067414,4879.2508413906235,21.904246791337606,111.38364271195852,0.0,-0.008276721814370669,-0.008311164053918654,67.25,10.0498046875,103.63999938964844,1594.4000244140625,52.49300003051758,11766.259765625,5365.0,5670.7099609375,1205.3499755859375,18070.2109375,30.579999923706055,2523.139892578125,8296.1201171875
2011-12-20,4635.7998046875,4637.25,4531.14990234375,4544.2001953125,0.0,30.199833899944338,-100.72740752473146,-29.91149092937131,-70.81591659536015,5.930702433497237,11.002862191529605,4813.922534179688,4981.008027343751,5311.6942529296875,4753.704867489735,4854.4322750144665,22.720692401385428,111.00624663655077,0.0,-0.014935705032447788,-0.015048365861574937,106.10009765625,91.599609375,106.7300033569336,1615.5999755859375,52.70000076293945,12103.580078125,5419.60009765625,5847.02978515625,1241.300048828125,18080.19921875,30.530000686645508,2603.72998046875,8336.48046875
2011-12-21,4636.4501953125,4707.35009765625,4601.9501953125,4693.14990234375,0.0,41.20362644885651,-98.09671358867581,-21.82463759465253,-76.27207599402328,13.780200624103449,10.18560240962558,4809.662524414063,4977.881025390625,5307.814001464843,4744.388719005738,4842.485432594413,22.640247951055496,114.7307934727793,0.0,0.0327779808611639,0.03225224047519715,105.39990234375,-56.69970703125,107.70999908447266,1611.9000244140625,52.709999084472656,12107.740234375,5389.7001953125,5791.52978515625,1243.719970703125,18416.44921875,27.530000686645508,2577.969970703125,8459.98046875
2011-12-22,4636.89990234375,4740.60009765625,4632.9501953125,4733.85009765625,0.0,43.81028582906048,-91.67097810286396,-12.319121687072538,-79.35185641579142,22.164549864815193,13.95848430747196,4805.737524414062,4977.115029296875,5304.2965014648435,4742.7673926442785,4834.4383707471425,22.191728939211213,114.2250155349915,0.0,0.008672255555309372,0.00863486755049247,107.64990234375,-96.9501953125,107.88999938964844,1608.9000244140625,52.393001556396484,12169.650390625,5457.0,5852.18017578125,1254.0,18378.23046875,26.84000015258789,2599.449951171875,8395.16015625
2011-12-23,4763.2001953125,4763.4501953125,4693.2001953125,4714.0,0.0,42.81335765314862,-87.17537002128392,-6.258810884393995,-80.91655913688993,32.12757136918416,22.690773952700933,4806.115014648438,4976.369033203126,5301.553000488282,4738.341639929774,4825.517009951058,21.5186687809624,111.08394299677782,0.0,-0.004193224805761786,-0.00420204102712772,70.25,49.2001953125,107.95999908447266,1604.699951171875,52.5099983215332,12294.0,5512.7001953125,5878.93017578125,1265.3299560546875,18629.169921875,27.389999389648438,2618.639892578125,8395.16015625
2011-12-27,4780.2001953125,4800.5,4723.64990234375,4750.5,0.0,45.27914466779872,-79.74803753547258,0.9348172811338884,-80.68285481660646,35.49259441663966,29.928238550213003,4808.137524414063,4973.618037109375,5298.787751464844,4740.212156863655,4819.960194399127,20.481697746503404,109.32794706843656,0.0,0.0077428935086973905,0.007713071150727649,76.85009765625,29.7001953125,109.2699966430664,1594.199951171875,52.70000076293945,12291.349609375,5512.7001953125,5889.759765625,1265.4300537109375,18629.169921875,26.290000915527344,2625.199951171875,8440.5595703125
2011-12-28,4756.2001953125,4756.2001953125,4685.64990234375,4705.7998046875,0.0,42.84279298518435,-76.5859203987493,3.2775475342857447,-79.86346793303504,34.84004364414251,34.15340314332211,4800.862524414063,4968.1420312499995,5295.650500488281,4734.917948836554,4811.503869235304,19.874007519274546,106.55811463274466,0.0,-0.009409576952426058,-0.00945412670476182,70.55029296875,50.400390625,107.55999755859375,1562.9000244140625,52.849998474121094,12151.41015625,5507.39990234375,5771.27001953125,1249.6400146484375,18518.669921875,26.739999771118164,2589.97998046875,8423.6201171875
2011-12-29,4681.14990234375,4701.7998046875,4639.0498046875,4646.25,0.0,39.77249712605109,-77.98611594591785,1.5018815896937525,-79.4879975356116,34.020044784469704,34.78422761508396,4792.920019531251,4961.580029296874,5291.270251464844,4721.276725938623,4799.262841884541,19.724460526098387,103.7146778732629,0.0,-0.012654555476028118,-0.012735306330580514,62.75,34.89990234375,108.01000213623047,1539.9000244140625,52.86000061035156,12287.0400390625,5566.7998046875,5848.77978515625,1263.02001953125,18397.919921875,26.6200008392334,2613.739990234375,8398.8896484375
2011-12-30,4659.9501953125,4690.4501953125,4608.89990234375,4624.2998046875,0.0,38.67236237107772,-79.94541731468598,-0.36593582325950536,-79.57948149142648,29.340094969666886,32.73339446609303,4782.532519531251,4952.07802734375,5286.710749511718,4706.357199592296,4786.302616906982,19.84364694653477,102.13150752294057,0.0,-0.004724282015065917,-0.004735476707182386,81.55029296875,35.650390625,107.37999725341797,1565.800048828125,53.0,12217.5595703125,5572.2998046875,5898.35009765625,1257.5999755859375,18434.390625,27.110000610351562,2605.14990234375,8455.349609375
2012-01-03,4675.7998046875,4773.10009765625,4675.7998046875,4765.2998046875,0.0,48.5225681852591,-69.32156035500611,8.206336909136297,-77.52789726414241,43.407229300400616,35.589123018179066,4773.955004882813,4945.827021484375,5282.843498535156,4715.425292683865,4784.746853038871,18.958695163194186,105.46499219764124,0.0,0.030491102643706913,0.03003548729238125,97.30029296875,-89.5,112.12999725341797,1599.699951171875,53.29800033569336,12397.3798828125,5699.89990234375,6166.56982421875,1277.06005859375,18877.41015625,26.15999984741211,2648.719970703125,8455.349609375
2012-01-04,4774.9501953125,4782.85009765625,4728.85009765625,4749.64990234375,0.0,47.60855745508724,-61.45646166638289,12.85714847820762,-74.31361014459051,57.11500216139092,43.287442143819476,4758.930004882813,4938.1740234375,5279.275998535157,4720.690617246924,4782.147078913307,18.026601450979072,101.78892132638116,0.0,-0.0032841380364684314,-0.0032895426540406015,54.0,25.30029296875,113.69999694824219,1611.9000244140625,53.04999923706055,12418.419921875,5668.5,6111.5498046875,1277.300048828125,18727.310546875,26.40999984741211,2648.360107421875,8560.1103515625
2012-01-05,4749.0,4779.7998046875,4730.14990234375,4749.9501953125,0.0,47.62894275341867,-54.57003377703222,15.794861094046638,-70.36489487107886,74.27505934848345,58.26576360342499,4744.47001953125,4930.80802734375,5275.421750488282,4725.1920907954745,4779.762124572507,17.16108586106504,98.06470568476465,0.0,6.322423229598861e-05,6.322223372845206e-05,49.64990234375,-0.9501953125,112.73999786376953,1619.4000244140625,52.849998474121094,12415.7001953125,5624.2998046875,6095.990234375,1281.06005859375,18813.41015625,25.90999984741211,2669.860107421875,8488.7099609375
2012-01-06,4724.14990234375,4794.89990234375,4686.85009765625,4754.10009765625,0.0,47.93046393070819,-48.22175722345855,17.714510118096243,-65.9362673415548,74.79833123644234,68.72946424877223,4729.04501953125,4925.140029296876,5271.537250976563,4729.639476466363,4777.861233689821,16.820766064727064,98.7779270421029,0.0,0.0008736728119476123,0.0008732913820035912,108.0498046875,-29.9501953125,113.05999755859375,1616.0999755859375,52.7599983215332,12359.919921875,5649.7001953125,6057.919921875,1277.81005859375,18593.060546875,25.459999084472656,2674.219970703125,8390.349609375
2012-01-09,4747.5498046875,4758.7001953125,4695.4501953125,4742.7998046875,0.0,47.13466488867773,-43.59994845422261,17.869055109865748,-61.46900356408836,77.37447292438492,75.48262116977023,4719.002514648438,4917.213027343751,5267.779250488282,4731.664142346538,4775.264090800761,16.504754825270368,96.24021796766698,0.0,-0.0023769573077186967,-0.0023797867552800087,63.25,4.75,112.44999694824219,1607.5,52.67300033569336,12392.6904296875,5612.2998046875,6017.22998046875,1280.699951171875,18865.720703125,25.68000030517578,2676.56005859375,8390.349609375
2012-01-10,4771.85009765625,4855.89990234375,4768.25,4849.5498046875,0.0,54.773808291211395,-30.966338182551226,24.402132305229713,-55.36847048778094,84.70551525195776,78.95943980426166,4718.144995117188,4912.3660253906255,5264.799748535156,4749.800398091301,4780.766736273852,15.662139889275226,97.44449508828006,0.0,0.022507802225701035,0.022258239444290267,87.64990234375,-77.69970703125,113.27999877929688,1631.0,52.380001068115234,12462.4697265625,5696.7001953125,6162.97998046875,1292.0799560546875,19004.279296875,24.0,2702.5,8422.259765625
2012-01-11,4863.14990234375,4877.2001953125,4841.60009765625,4860.9501953125,0.0,55.51314439662702,-19.805884863633764,28.450068499317744,-48.25595336295151,90.23962977157993,84.1065393159742,4722.962500000001,4908.586025390626,5261.446999511719,4766.9003668945625,4786.706251758196,15.115690432671418,93.02703812884934,0.0,0.002350814216606434,0.002348055375701594,35.60009765625,2.19970703125,112.23999786376953,1639.199951171875,51.599998474121094,12449.4501953125,5670.7998046875,6152.33984375,1292.47998046875,19151.939453125,24.540000915527344,2710.760009765625,8447.8798828125
2012-01-12,4840.9501953125,4869.2001953125,4803.89990234375,4831.25,0.0,53.078718381094625,-13.2054782157511,28.040380117760336,-41.245858333511435,91.67149685907974,88.87221396087247,4724.4949951171875,4903.244023437501,5258.3550000000005,4776.800310449245,4790.0057886649965,14.130039321982071,91.04655633169939,0.0,-0.0061099567202190785,-0.006128698887331798,65.30029296875,9.7001953125,111.26000213623047,1647.300048828125,51.75,12471.01953125,5662.39990234375,6179.2099609375,1295.5,19095.380859375,24.030000686645508,2724.699951171875,8385.58984375
2012-01-13,4861.9501953125,4898.85009765625,4834.2001953125,4866.0,0.0,55.53564902718333,-5.11164989372628,28.90736675182812,-34.0190166455544,88.54676843113387,90.15263168726452,4729.632495117188,4896.732021484375,5255.129250488282,4790.5233396109,4795.634989504626,13.566396989518307,89.37180928345302,0.0,0.007192755498059533,0.0071670110077358545,64.64990234375,-4.0498046875,110.44000244140625,1630.4000244140625,51.45000076293945,12422.0595703125,5636.60009765625,6143.080078125,1289.0899658203125,19204.419921875,23.479999542236328,2710.669921875,8500.01953125
2012-01-16,4844.0,4880.7998046875,4827.0498046875,4873.89990234375,0.0,56.09844954315254,1.918112652589116,28.749703438514818,-26.8315907859257,87.64634524386847,89.28820351136068,4736.009985351563,4886.996015625,5252.265500488282,4803.350503108261,4801.432390455672,12.945964659617381,86.82739433463495,0.0,0.0016234900007705555,0.0016221735654996564,53.75,-29.89990234375,110.44000244140625,1630.4000244140625,51.43299865722656,12422.0595703125,5657.39990234375,6220.009765625,1289.0899658203125,19012.19921875,24.06999969482422,2710.669921875,8378.3603515625
2012-01-17,4904.5,4975.5498046875,4904.0,4967.2998046875,0.0,62.19157956867109,14.854606998033887,33.34895822716767,-18.494351229133787,92.60511268321976,89.59940878607404,4751.794970703126,4879.810009765625,5250.233498535156,4828.57347258199,4813.718865583956,13.418457975586714,87.8861449067146,0.0,0.019163278732670763,0.01898197568577206,71.5498046875,-62.7998046875,111.52999877929688,1655.199951171875,51.380001068115234,12482.0703125,5694.0,6332.93017578125,1293.6700439453125,19627.75,22.610000610351562,2728.080078125,8466.400390625
2012-01-18,4977.75,4980.64990234375,4931.0498046875,4955.7998046875,0.0,61.067729281666374,23.903374852750858,33.918180865507715,-10.014806012756857,94.15342584643611,91.46829459117477,4768.929956054688,4873.767001953125,5248.188747558594,4848.146754444377,4824.243379591626,13.908149692840658,85.15142724596713,0.0,-0.0023151411133163213,-0.0023178251959906026,49.60009765625,21.9501953125,110.66000366210938,1659.5,50.650001525878906,12578.9501953125,5702.39990234375,6354.56982421875,1308.0400390625,19686.919921875,22.68000030517578,2769.7099609375,8550.580078125
2012-01-19,4995.0,5023.7998046875,4991.39990234375,5018.39990234375,0.0,64.79695723112653,35.71420218896401,36.58320656137669,-0.8690043724126841,96.58792526042103,94.44882126335895,4792.63994140625,4868.965996093751,5246.211496582031,4874.339546428896,4838.625344239932,14.788561676354071,83.92632529982663,0.0,0.012631684112227148,0.012552569924145546,32.39990234375,-23.39990234375,111.55000305175781,1654.0999755859375,50.36000061035156,12623.98046875,5741.2001953125,6416.259765625,1314.5,19942.94921875,21.68000030517578,2788.330078125,8639.6796875
2012-01-20,5044.85009765625,5064.14990234375,5004.2998046875,5048.60009765625,0.0,66.46580420620151,46.969832324156414,38.27106935725528,8.698762966901135,96.00326998762844,95.58154036482853,4810.412451171875,4864.622998046875,5244.053247070313,4901.148862002335,4854.179029678178,15.974968890765615,82.20659475385688,0.0,0.006017893332573188,0.005999858132263353,59.85009765625,-3.75,109.86000061035156,1663.699951171875,50.303001403808594,12720.48046875,5728.60009765625,6404.39013671875,1315.3800048828125,20110.369140625,21.959999084472656,2786.699951171875,8766.3603515625
2012-01-23,5025.35009765625,5059.5498046875,5021.35009765625,5046.25,0.0,66.20279347486839,55.065605040698756,37.0934736590381,17.97213138166066,96.65007472275916,96.4137566569362,4826.032446289062,4859.863994140625,5241.672497558594,4923.472114001976,4868.406508961277,17.076632732719194,79.06324563081353,0.0,-0.0004654949116174034,-0.000465603288007518,38.19970703125,-20.89990234375,110.58000183105469,1678.0,50.222999572753906,12708.8203125,5782.60009765625,6436.6201171875,1316.0,20110.369140625,22.139999389648438,2784.169921875,8765.900390625
2012-01-24,5064.7998046875,5141.0498046875,5049.7998046875,5127.35009765625,0.0,70.53580580086354,67.25044210981923,39.422648582526854,27.82779352729238,96.07849651663238,96.24394707567332,4846.699951171875,4856.623994140625,5239.037998046875,4954.837957641094,4887.587515531275,18.78999780678887,80.18728556343399,0.0,0.016071359456279355,0.015943582375194214,91.25,-62.55029296875,110.02999877929688,1664.199951171875,49.84000015258789,12675.75,5751.89990234375,6419.22021484375,1314.6500244140625,20110.369140625,21.420000076293945,2786.639892578125,8785.330078125
2012-01-25,5151.5,5174.14990234375,5130.25,5158.2998046875,0.0,72.01057140449277,78.49950257262208,40.53736723626376,37.962135336358315,96.32897348099267,96.35251490679474,4867.089941406251,4855.368994140625,5236.393247070313,4986.1397802636175,4907.640277690995,20.625338916432852,77.80246550086729,0.0,0.00603619929237853,0.006018054422187115,43.89990234375,-6.7998046875,109.80999755859375,1699.800048828125,50.0,12758.849609375,5723.0,6421.85009765625,1326.06005859375,20110.369140625,21.020000457763672,2818.31005859375,8883.6904296875
2012-01-27,5216.75,5217.0,5162.39990234375,5204.7001953125,0.0,74.1033433645534,90.11974346857824,41.72608650577593,48.393656962802304,97.12427134469512,96.51058044744005,4892.034960937501,4856.08599609375,5233.734997558594,5019.764459501907,4929.644716033329,22.62645683366187,76.43801763026963,0.0,0.008995287668784657,0.008955071062037441,54.60009765625,12.0498046875,111.45999908447266,1731.800048828125,52.49300003051758,12660.4599609375,5733.5,6511.97998046875,1316.3299560546875,20501.669921875,21.700000762939453,2816.550048828125,8841.2197265625
2012-01-30,5163.5498046875,5166.14990234375,5076.7001953125,5087.2998046875,0.0,61.56130124119892,88.8316418589302,32.35038791690231,56.48125394202789,88.495497790739,93.9829142054756,4914.087451171875,4854.864990234375,5230.233247070312,5030.154512607383,4941.322870748453,23.01034655978902,80.12101637096465,0.0,-0.02255660964501549,-0.022814901479942987,89.44970703125,76.25,110.75,1731.0,49.38800048828125,12653.7197265625,5671.10009765625,6444.4501953125,1313.010009765625,20160.41015625,23.459999084472656,2811.93994140625,8793.0498046875
2012-01-31,5125.25,5215.39990234375,5120.14990234375,5199.25,0.0,67.25300070091518,95.74061894913211,31.407492005683366,64.33312694344875,88.14745058312675,91.25573990618695,4942.8349609375,4857.479990234375,5227.060747070313,5056.169202975478,4960.428584026346,23.773800492876283,83.5480936056279,0.0,0.022005818333990845,0.021767184851403856,95.25,-74.0,110.9800033569336,1737.800048828125,52.49300003051758,12632.91015625,5681.60009765625,6458.91015625,1312.4100341796875,20390.490234375,22.65999984741211,2813.840087890625,8802.509765625
2012-02-01,5198.14990234375,5244.60009765625,5159.0,5235.7001953125,0.0,68.86930025369185,102.97028189146567,30.909723958413537,72.06055793305214,88.2603929110607,88.30111376164214,4966.35498046875,4861.584990234374,5224.108999023438,5083.789355642712,4980.819073751246,24.710509227430528,83.69466532352948,0.0,0.007010664098187291,0.006986203648760355,85.60009765625,-37.55029296875,111.55999755859375,1747.0999755859375,49.5,12716.4599609375,5790.7001953125,6616.64013671875,1324.0899658203125,20333.369140625,22.889999389648438,2848.27001953125,8809.7900390625
2012-02-02,5272.10009765625,5289.9501953125,5225.75,5269.89990234375,0.0,70.34810230602298,110.18927898106904,30.502976838413517,79.68630214265552,96.45076017234449,90.95286788884398,4992.36748046875,4868.28798828125,5220.916247558594,5112.4217474428715,5002.2324684618025,25.915966391611853,82.30220317988451,0.0,0.0065320216504889395,0.006510780445565732,64.2001953125,2.2001953125,112.06999969482422,1756.800048828125,49.0099983215332,12705.41015625,5796.10009765625,6655.6298828125,1325.5400390625,20739.44921875,23.690000534057617,2859.679931640625,8876.8203125
2012-02-03,5276.10009765625,5334.85009765625,5255.5498046875,5325.85009765625,0.0,72.63808186462437,119.05273354650217,31.493145123077312,87.55958842342486,97.29223654832336,94.00112987724285,5021.1624755859375,4876.688994140624,5217.995249023437,5145.25687824493,5026.204144698428,27.342196826041835,82.08778102194634,0.0,0.010616937010059058,0.01056097309606885,79.30029296875,-49.75,114.58000183105469,1737.9000244140625,49.0,12862.23046875,5901.10009765625,6766.669921875,1344.9000244140625,20756.98046875,24.09000015258789,2905.659912109375,8831.9296875
2012-02-06,5379.4501953125,5390.0498046875,5327.25,5361.64990234375,0.0,74.02060340378014,127.49613412359122,31.949236560133087,95.54689756345813,96.01773282599355,96.58690984888713,5051.539965820313,4888.354990234375,5215.344748535156,5178.548112721672,5051.0519785980805,29.00956368936908,80.81006145118232,0.0,0.006721894914626825,0.006699403711750445,62.7998046875,17.80029296875,115.93000030517578,1722.800048828125,48.65299987792969,12845.1298828125,5892.2001953125,6764.830078125,1344.3299560546875,20709.939453125,24.6200008392334,2901.989990234375,8929.2001953125
2012-02-07,5412.9501953125,5413.35009765625,5322.9501953125,5335.14990234375,0.0,71.15459018786824,130.5444264945454,27.998023144869805,102.5464033496756,92.05688061001445,95.12228332811046,5081.157470703125,4898.810986328124,5212.591997070313,5202.640695740453,5072.096269245908,30.694412470636593,81.49505008636574,0.0,-0.004942508459647055,-0.004954763050203981,90.39990234375,77.80029296875,116.2300033569336,1746.4000244140625,49.053001403808594,12878.2001953125,5890.2998046875,6754.2001953125,1347.050048828125,20699.189453125,24.90999984741211,2904.080078125,8917.51953125
2012-02-08,5343.7998046875,5396.89990234375,5325.2001953125,5368.14990234375,0.0,72.57845961242379,134.07748260860353,25.224863407142337,108.8526192014612,89.0769270363273,92.38384682411176,5107.087475585938,4912.04498046875,5210.222746582032,5228.103650602499,5094.026167993896,32.258914910385,80.79538272528605,0.0,0.006185393213694601,0.006166342187456197,71.69970703125,-24.35009765625,117.19999694824219,1729.300048828125,49.042999267578125,12883.9501953125,5875.89990234375,6748.759765625,1349.9599609375,21018.4609375,24.270000457763672,2915.860107421875,9015.58984375
2012-02-09,5343.0498046875,5423.39990234375,5338.89990234375,5412.35009765625,0.0,74.40113407408259,138.8435395022825,23.992736240657038,114.85080326162547,90.145742868266,90.42651683820259,5134.657470703125,4926.090986328125,5208.355996093751,5256.449257841538,5117.605718339256,33.87640871193251,81.05999824490848,0.0,0.008233785590302078,0.008200072906646953,84.5,-69.30029296875,118.58999633789062,1739.0,49.14799880981445,12890.4599609375,5895.5,6788.7998046875,1351.949951171875,21010.009765625,23.299999237060547,2927.22998046875,9002.240234375
2012-02-10,5399.7998046875,5427.75,5341.0498046875,5381.60009765625,0.0,70.87177236213701,138.54237564972573,18.953257910480204,119.58911773924552,91.7651493901918,90.3292730982617,5162.174975585938,4936.6969921875,5205.706496582032,5275.703233197648,5137.160857547922,35.40583728359263,81.46286946402216,0.0,-0.00568145065362935,-0.005697651486356129,86.7001953125,18.19970703125,117.30999755859375,1723.300048828125,49.487998962402344,12801.23046875,5852.39990234375,6692.9599609375,1342.6400146484375,20783.859375,23.829999923706055,2903.8798828125,8947.169921875
2012-02-13,5382.10009765625,5421.0498046875,5351.39990234375,5390.2001953125,0.0,71.28208273899608,137.41363824893597,14.259616407752347,123.15402184118362,92.02417979627272,91.31169068491016,5188.384985351562,4948.398994140625,5203.534748535156,5293.318150446086,5155.90451219715,36.82602095727703,80.61908609828843,0.0,0.0015980558756112373,0.0015967803430544996,69.64990234375,-8.10009765625,117.93000030517578,1723.0,49.35300064086914,12874.0400390625,5905.7001953125,6738.47021484375,1351.77001953125,20887.400390625,23.709999084472656,2931.389892578125,8999.1796875
2012-02-14,5380.7998046875,5428.0498046875,5377.9501953125,5416.0498046875,0.0,72.53442330390797,137.02540954320102,11.097110161613926,125.9282993815871,91.76456428860327,91.85129782502258,5215.492480468751,4960.078994140626,5201.969497070313,5312.199943406304,5175.174533863103,38.19479526063276,78.4391234751964,0.0,0.004795667774543766,0.004784205192390807,50.099609375,-35.25,118.16000366210938,1715.9000244140625,49.1879997253418,12878.2802734375,5899.89990234375,6728.18994140625,1350.5,20917.830078125,22.709999084472656,2931.830078125,9052.0703125
2012-02-15,5460.60009765625,5542.10009765625,5460.60009765625,5531.9501953125,0.0,77.31176057909904,144.40531383166217,14.781611560060071,129.6237022716021,94.82285984607762,92.8705346436512,5243.725,4971.98099609375,5200.925498046875,5346.007674468795,5201.602360637133,40.143608764161755,81.8399212961645,0.0,0.021399432206973046,0.02117367933441728,81.5,-71.35009765625,118.93000030517578,1726.300048828125,49.358001708984375,12780.9501953125,5892.2001953125,6757.93994140625,1343.22998046875,21365.23046875,22.100000381469727,2915.830078125,9260.33984375
2012-02-16,5513.75,5531.39990234375,5483.75,5521.9501953125,0.0,76.08211614593058,147.74392472625095,14.496177963719077,133.24774676253188,96.69137015806325,94.42626476424803,5272.032519531251,4981.417001953125,5199.27699951172,5373.075754598596,5225.331829872345,41.953221303152965,79.43708372590275,0.0,-0.0018076807720491805,-0.001809316598601389,47.64990234375,-8.2001953125,120.11000061035156,1726.800048828125,49.28300094604492,12904.080078125,5885.39990234375,6751.9599609375,1358.0400390625,21277.279296875,23.329999923706055,2959.85009765625,9238.099609375
2012-02-17,5574.2001953125,5606.7001953125,5545.2001953125,5564.2998046875,0.0,77.69974160042416,152.05427048011643,15.045218974067637,137.0090515060488,94.92500638188517,95.47974546200868,5299.3275146484375,4991.92,5197.6749975585935,5402.494839227658,5250.440568747542,43.982993848984414,79.81657774548113,0.0,0.007669321141460017,0.007640061404398583,61.5,9.900390625,119.58000183105469,1724.5,49.28300094604492,12949.8701171875,5905.10009765625,6848.02978515625,1361.22998046875,21491.619140625,24.18000030517578,2951.780029296875,9384.169921875
2012-02-21,5561.89990234375,5621.5,5561.75,5607.14990234375,0.0,79.23037427714992,157.1167512059501,16.08615975992103,141.03059144602906,94.61773148047955,95.41136934014264,5327.2550048828125,5002.810996093751,5196.338247070313,5433.98023355321,5276.86348234726,45.92941267835818,78.38325076366104,0.0,0.007700896637552246,0.007671396090022358,59.75,-45.25,121.66000366210938,1757.0999755859375,49.14799880981445,12965.6904296875,5928.2001953125,6908.18017578125,1362.2099609375,21478.720703125,26.25,2948.570068359375,9463.01953125
2012-02-22,5609.75,5629.9501953125,5491.35009765625,5505.35009765625,0.0,67.3953111196004,151.17179583139296,8.112963508291102,143.05883232310185,85.78548347938144,91.77607378058204,5350.210009765626,5014.045,5194.522998046876,5444.960212645986,5293.788416814593,46.14911865007213,82.68445411313168,0.0,-0.018155356368294795,-0.018322187184283887,138.60009765625,104.39990234375,122.9000015258789,1770.0,49.303001403808594,12938.669921875,5916.60009765625,6843.8701171875,1357.6600341796875,21549.279296875,26.799999237060547,2933.169921875,9554.0
2012-02-23,5490.0498046875,5537.39990234375,5460.7998046875,5483.2998046875,0.0,65.12604373323734,143.03231402383244,-0.0212146394155468,143.053528663248,75.63384741393418,85.34568745793172,5368.007495117188,5026.3769921875,5192.769997558595,5450.858611421603,5307.826297397771,45.74439607360239,82.24985722335443,0.0,-0.004005248090968361,-0.004013290579059847,76.60009765625,6.75,123.62000274658203,1784.9000244140625,49.21799850463867,12984.6904296875,5937.89990234375,6809.4599609375,1363.4599609375,21380.990234375,24.329999923706055,2956.97998046875,9595.5703125
2012-02-24,5479.14990234375,5521.39990234375,5405.89990234375,5429.2998046875,0.0,59.8144350370822,130.71753694926247,-9.868793371188417,140.58633032045088,54.88194421034378,72.10042503455313,5381.5574951171875,5039.670986328125,5190.9892456054695,5447.54187192405,5316.824334974787,44.36858266965841,84.62486742168626,0.0,-0.00984808453366659,-0.009896897659749845,115.5,49.85009765625,125.47000122070312,1775.0999755859375,49.09299850463867,12982.9501953125,5935.10009765625,6864.43017578125,1365.739990234375,21406.859375,24.81999969482422,2963.75,9647.3798828125
2012-02-27,5448.10009765625,5449.7998046875,5268.14990234375,5281.2001953125,0.0,48.20290552549949,107.76533493842544,-26.256796305620355,134.0221312440458,33.02640290890514,54.51406484439437,5385.382495117188,5049.282988281249,5188.647746582032,5421.9508447530425,5314.185509814617,41.22445635925491,91.55522705897653,0.0,-0.027277846997348587,-0.027656794612663387,181.64990234375,166.89990234375,124.16999816894531,1773.5999755859375,49.007999420166016,12981.509765625,5915.60009765625,6849.60009765625,1367.5899658203125,21217.859375,27.3799991607666,2966.159912109375,9633.9296875
2012-02-28,5310.5,5391.10009765625,5306.4501953125,5375.5,0.0,54.28785021424402,96.07723704245836,-30.35591536126995,126.43315240372831,22.639900588422115,36.84941590255701,5399.792504882813,5061.52798828125,5187.0187475585935,5414.804560944882,5318.727323902423,38.30491049959451,92.86556100788891,0.0,0.01785575270772699,0.01769821133763864,84.64990234375,-65.0,121.55000305175781,1787.0,49.17300033569336,13005.1201171875,5927.89990234375,6887.6298828125,1372.1800537109375,21568.73046875,25.850000381469727,2986.760009765625,9722.51953125
2012-02-29,5424.9501953125,5458.7998046875,5352.25,5385.2001953125,0.0,54.875098652376735,86.5988028521142,-31.867479641291297,118.4662824934055,21.876772739766636,25.847692079031297,5409.090014648437,5074.3049902343755,5186.1184985351565,5410.250043155284,5323.65124030317,36.31705762723487,93.843006985004,0.0,0.001804519637708113,0.0018028934481800647,106.5498046875,39.75,122.66000366210938,1709.9000244140625,49.06800079345703,12952.0703125,5871.5,6856.080078125,1365.6800537109375,21680.080078125,26.93000030517578,2966.889892578125,9723.240234375
2012-03-01,5366.0,5372.4501953125,5297.5,5339.75,0.0,51.53447148147224,74.56014164840144,-35.12491267600325,109.68505432440469,27.271075050125937,23.92924945943823,5414.292504882813,5088.06798828125,5185.131499023439,5399.403882669856,5324.843741021455,33.793464032183095,93.40423472268228,0.0,-0.008439833927076923,-0.008475650994548561,74.9501953125,26.25,126.19999694824219,1721.0999755859375,49.00299835205078,12980.2998046875,5931.2998046875,6941.77001953125,1374.0899658203125,21387.9609375,27.670000076293945,2988.969970703125,9707.3701171875
2012-03-02,5369.4501953125,5392.5498046875,5315.0498046875,5359.35009765625,0.0,52.86702515656228,65.84199445968534,-35.07444789177549,100.91644235146083,25.783154535447146,24.977000775113236,5418.7650146484375,5102.99298828125,5184.628999023438,5393.241761898532,5327.3997674388465,31.682386171008254,92.26821795677641,0.0,0.0036706021173744663,0.0036638818972382233,77.5,10.10009765625,123.6500015258789,1708.800048828125,49.198001861572266,12977.5703125,5911.10009765625,6921.3701171875,1369.6300048828125,21562.259765625,27.84000015258789,2976.18994140625,9777.0302734375
2012-03-05,5342.5498046875,5344.5,5265.7001953125,5280.35009765625,0.0,47.230309942827475,51.95920683935674,-39.16578840968329,91.12499524904003,16.339738902654346,23.13132282940914,5416.490014648438,5117.715986328126,5183.273498535156,5375.873813553566,5323.914606714209,29.711491120589084,92.36690969870311,0.0,-0.014740593273529279,-0.01485031539972594,78.7998046875,62.19970703125,123.80000305175781,1703.0,49.518001556396484,12962.8095703125,5874.7998046875,6866.4599609375,1364.3299560546875,21265.310546875,28.920000076293945,2950.47998046875,9698.58984375
2012-03-06,5266.0,5382.0498046875,5206.39990234375,5222.39990234375,0.0,43.5612559015787,35.86744361514593,-44.20604130711527,80.0734849222612,11.002286026671783,17.708393154924423,5409.527514648438,5128.300986328126,5181.6299975585935,5352.262442598209,5316.3949989830635,28.523307606334942,98.31569488763503,0.0,-0.010974688087106554,-0.01103535424618985,175.64990234375,43.60009765625,121.9800033569336,1671.4000244140625,49.83300018310547,12759.150390625,5765.7998046875,6633.10986328125,1343.3599853515625,20806.25,27.34000015258789,2910.320068359375,9637.6298828125
2012-03-07,5207.0498046875,5243.85009765625,5171.4501953125,5220.4501953125,0.0,43.4389880869265,22.695658834536516,-45.902260870179745,68.59791970471626,6.162183519951925,11.168069483092683,5403.792529296876,5138.03298828125,5180.025998535157,5331.983635323484,5309.287976488948,27.768525559376492,96.4645668487861,0.0,-0.0003733354526096466,-0.0003734051596396779,72.39990234375,-13.400390625,124.12000274658203,1683.300048828125,50.358001708984375,12837.330078125,5791.39990234375,6671.10986328125,1352.6300048828125,20627.779296875,26.329999923706055,2935.68994140625,9576.0595703125
2012-03-09,5294.10009765625,5342.2998046875,5291.60009765625,5333.5498046875,0.0,51.87701235561599,21.13943550830936,-37.96678735712552,59.10622286543488,16.606315270679243,11.256928272434315,5402.062524414063,5150.423984375,5178.8684985351565,5332.2245844564095,5311.0851489481,25.841658213544207,98.2777841720871,0.0,0.02166472337511305,0.021433378638431977,50.69970703125,-39.44970703125,125.9800033569336,1710.9000244140625,50.073001861572266,12922.01953125,5887.5,6880.2099609375,1370.8699951171875,21086.0,25.469999313354492,2988.340087890625,9929.740234375
2012-03-12,5420.10009765625,5421.89990234375,5327.2998046875,5359.5498046875,0.0,53.591057279815054,21.75334104464673,-29.882305456630526,51.63564650127726,29.022116957470008,17.26353858270039,5399.422509765625,5162.60498046875,5178.235498046875,5336.428464491962,5314.675123447315,24.748828318893732,98.01509227809873,0.0,0.004874802139683609,0.004862958765541654,94.60009765625,60.55029296875,125.33999633789062,1699.199951171875,49.75299835205078,12959.7099609375,5892.7998046875,6901.35009765625,1371.0899658203125,21134.1796875,26.270000457763672,2983.659912109375,9889.8603515625
2012-03-13,5391.0498046875,5438.64990234375,5390.7998046875,5429.5,0.0,57.93234154741739,27.56649240380375,-19.25532327797881,46.82181568178256,44.22021253635042,29.949548254833218,5401.8175048828125,5177.078984375001,5177.659248046875,5350.747162262429,5323.180669858625,23.892846511814646,96.66402123368097,0.0,0.013051505790900864,0.012967068782384641,47.85009765625,-38.4501953125,126.22000122070312,1693.699951171875,49.96799850463867,13177.6796875,5955.89990234375,6995.91015625,1395.949951171875,21339.69921875,24.75,3039.8798828125,9899.080078125
2012-03-14,5490.5498046875,5499.39990234375,5437.7998046875,5463.89990234375,0.0,59.91806249843189,34.550959411718395,-9.816685016051338,44.36764442776973,59.07385970807258,44.105396400630994,5405.502490234376,5193.431982421875,5177.483747558594,5368.155276121094,5333.604316709376,23.649291802575735,94.75229845582875,0.0,0.006335740370890575,0.0063157539426588645,61.60009765625,26.64990234375,124.97000122070312,1642.5,49.83000183105469,13194.099609375,5945.39990234375,7079.419921875,1394.280029296875,21307.890625,24.719999313354492,3040.72998046875,10050.51953125
2012-03-15,5462.5,5462.5,5362.2998046875,5380.5,0.0,53.34380264470711,32.9763933829563,-9.113000835850748,42.08939421880705,65.31122734385966,56.201766529427545,5403.725,5208.555986328125,5177.1914965820315,5370.0544644101565,5337.0780710272,22.51197220910274,95.24142697014456,0.0,-0.015263804944152692,-0.015381495959166968,100.2001953125,82.0,123.55000305175781,1659.0999755859375,49.90800094604492,13252.759765625,5940.7001953125,7144.4501953125,1402.5999755859375,21353.529296875,25.420000076293945,3056.3701171875,10123.2802734375
2012-03-16,5380.35009765625,5445.64990234375,5305.0,5317.89990234375,0.0,48.9980771167955,26.37321969117147,-12.572939622108464,38.946159313279935,61.4361735149163,61.9404201889495,5393.022485351562,5219.60798828125,5176.677995605469,5362.030685630709,5335.657465939537,20.96488952604116,98.48488949683066,0.0,-0.011634624599247245,-0.011702836439644667,140.64990234375,62.4501953125,125.80999755859375,1655.5,50.37799835205078,13232.6201171875,5965.60009765625,7157.81982421875,1404.1700439453125,21317.849609375,23.1299991607666,3055.260009765625,10129.830078125
2012-03-19,5337.35009765625,5340.7001953125,5238.5498046875,5257.0498046875,0.0,45.14785000732006,16.045104653050657,-18.320843728183426,34.365948381234084,43.498230575039386,56.74854381127178,5379.7774658203125,5229.755986328124,5175.822744140625,5345.879780870215,5329.834676217164,20.168996003950372,98.74671100598562,0.0,-0.011442505269689596,-0.011508474451056095,102.150390625,80.30029296875,125.70999908447266,1666.9000244140625,50.132999420166016,13239.1298828125,5961.10009765625,7154.22021484375,1409.75,21317.849609375,22.969999313354492,3078.320068359375,10141.990234375
2012-03-20,5257.14990234375,5297.35009765625,5233.25,5274.85009765625,0.0,46.47289796191002,9.190392826923926,-20.140444443448125,29.33083727037205,34.0955957125905,46.34333326751539,5365.30498046875,5240.253984375,5174.765244140625,5334.952137298836,5325.761744471912,19.479616794047978,96.27195290957594,0.0,0.003385985225568655,0.0033802656848120043,64.10009765625,-17.7001953125,124.12000274658203,1646.699951171875,50.22800064086914,13170.1904296875,5891.39990234375,7054.93994140625,1405.52001953125,20888.240234375,21.940000534057617,3074.14990234375,10141.990234375
2012-03-21,5267.2001953125,5372.35009765625,5256.0,5364.9501953125,0.0,52.70121512082355,10.902630464765934,-14.742565444484896,25.64519590925083,38.877862826519916,38.82389637138326,5353.194995117187,5252.470986328124,5174.6572460937505,5339.567223147092,5328.664592682326,18.167027189859404,97.70610610576695,0.0,0.01708107263489511,0.01693683132759836,116.35009765625,-97.75,124.19999694824219,1650.0,50.38800048828125,13124.6201171875,5892.0,7071.31982421875,1402.8900146484375,20856.630859375,21.0,3075.320068359375,10086.490234375
2012-03-22,5361.10009765625,5385.9501953125,5205.64990234375,5228.4501953125,0.0,44.29266897235885,1.230991799659023,-19.531363287673447,20.76235508733247,35.97095273615915,36.31480375842319,5339.349999999999,5262.183994140625,5173.8252465820315,5322.472295787924,5321.241303988265,17.30078653297657,103.6056908816943,0.0,-0.025442920256606216,-0.02577218838569368,180.30029296875,132.64990234375,123.13999938964844,1642.300048828125,50.62799835205078,13046.1396484375,5845.7001953125,6981.259765625,1392.780029296875,20901.560546875,24.770000457763672,3063.320068359375,10127.080078125
2012-03-23,5255.64990234375,5312.0,5220.0,5278.2001953125,0.0,47.57572172152437,-2.391870308896614,-18.523380316983268,16.131510008086654,36.31146202609231,37.05342586292379,5329.095019531249,5270.757001953125,5173.471496582031,5315.6612034070895,5318.053073715986,16.496420208728225,102.77671296157328,0.0,0.009515247949497985,0.009470263113838983,92.0,-22.55029296875,125.12999725341797,1662.300048828125,51.119998931884766,13080.73046875,5854.89990234375,6995.6201171875,1397.1099853515625,20668.80078125,23.34000015258789,3067.919921875,10011.4697265625
2012-03-26,5274.35009765625,5274.9501953125,5174.89990234375,5184.25,0.0,42.4838373596435,-12.6976397315957,-23.063319791745883,10.365680060150183,17.944804838696065,30.075739866982506,5316.842529296875,5277.222998046876,5172.33099609375,5295.444095190614,5308.141734922209,16.20841073157969,102.81411153351448,0.0,-0.01779966500625274,-0.017959984312352094,100.05029296875,90.10009765625,125.6500015258789,1685.5,51.167999267578125,13241.6298828125,5902.7001953125,7079.22998046875,1416.510009765625,20668.859375,26.739999771118164,3122.570068359375,10018.240234375
2012-03-27,5242.9501953125,5277.9501953125,5184.64990234375,5243.14990234375,0.0,46.35984597706731,-15.928690348948294,-21.035496327278782,5.106805978330488,19.438906598415915,24.565057821068095,5314.940014648438,5285.4609960937505,5171.166245117189,5287.398834752635,5303.327525101583,15.901817522993527,102.16311751772773,0.0,0.011361315975068731,0.011297260934515444,93.30029296875,-0.19970703125,125.54000091552734,1684.800048828125,51.02299880981445,13197.73046875,5869.60009765625,7078.89990234375,1412.52001953125,21046.91015625,25.049999237060547,3120.35009765625,10255.150390625
2012-03-28,5231.7001953125,5236.5498046875,5169.60009765625,5194.75,0.0,43.750722377642106,-22.13957759681489,-21.7971068601163,-0.3424707366985871,11.130601919114902,16.17143778540896,5305.902514648438,5292.03599609375,5169.774494628907,5273.145167867614,5295.284745464429,15.77855384232375,100.11930945842575,0.0,-0.009231073542664614,-0.009273943932475727,66.94970703125,36.9501953125,124.16000366210938,1657.9000244140625,50.678001403808594,13126.2099609375,5809.0,6998.7998046875,1405.5400390625,20885.419921875,24.8700008392334,3104.9599609375,10182.5703125
2012-03-29,5145.9501953125,5194.2998046875,5135.9501953125,5178.85009765625,0.0,42.89661910080314,-28.021722748954744,-22.143401609804926,-5.8783211391498185,13.764119930505064,14.777876149345293,5295.585009765626,5298.135,5167.708745117188,5258.638233988942,5286.659956737897,16.020791051504705,97.16791626050248,0.0,-0.0030607637217864303,-0.0030654574390867073,58.349609375,-32.89990234375,122.38999938964844,1652.199951171875,50.77299880981445,13145.8203125,5742.0,6875.14990234375,1403.280029296875,20609.390625,24.329999923706055,3095.360107421875,10114.7900390625
2012-03-30,5206.60009765625,5307.10009765625,5203.64990234375,5295.5498046875,0.0,50.530154230037006,-23.001526820087747,-13.698564544750342,-9.302962275337405,21.113924595716973,15.336215481778979,5293.375,5304.700000000001,5166.434743652344,5264.316937173336,5287.318463993423,14.984794906740827,99.38806509903802,0.0,0.022533903246989784,0.02228376559490159,103.4501953125,-88.94970703125,122.87999725341797,1669.300048828125,51.3380012512207,13212.0400390625,5768.5,6946.830078125,1408.469970703125,20555.580078125,22.3799991607666,3091.570068359375,10083.5595703125
2012-04-02,5296.35009765625,5331.5498046875,5278.7998046875,5317.89990234375,0.0,51.8575083222691,-17.02328544660213,-6.17625853701178,-10.847026909590351,35.25927717209986,23.37910723277396,5291.302490234375,5311.942001953124,5165.440493164063,5272.560470276476,5289.583755723078,14.296739211293502,96.05677473482102,0.0,0.004220543377094987,0.004211661864997884,52.75,-21.5498046875,125.43000030517578,1677.5,50.86800003051758,13264.490234375,5874.89990234375,7056.64990234375,1419.0400390625,20522.259765625,20.8799991607666,3119.699951171875,10109.8701171875
2012-04-03,5353.2001953125,5378.75,5344.4501953125,5358.5,0.0,54.25849117954599,-8.906726318767141,1.5522404726585677,-10.45896679142571,54.0420571615918,36.805086309802874,5295.209985351563,5318.744003906249,5164.572744140625,5285.781936387787,5294.688662706554,14.164180206861571,93.54201208635166,0.0,0.0076346111062295385,0.007605614952249603,34.2998046875,-5.2998046875,124.86000061035156,1670.0,50.86800003051758,13199.5498046875,5838.2998046875,6982.27978515625,1413.3800048828125,20790.98046875,20.010000228881836,3113.570068359375,10050.3896484375
2012-04-04,5328.64990234375,5338.39990234375,5305.2998046875,5322.89990234375,0.0,51.81814653816072,-5.285991472455862,4.138380255175878,-9.42437172763174,59.52619004679934,49.609174793497,5300.234985351563,5324.23,5163.406494140625,5291.492392688705,5296.778384161161,13.537454809026244,90.66045374536226,0.0,-0.006643668499813349,-0.006665835901845565,33.10009765625,5.75,122.33999633789062,1612.300048828125,50.25,13074.75,5703.7998046875,6784.06005859375,1398.9599609375,20790.98046875,20.6299991607666,3068.090087890625,9819.990234375
2012-04-09,5282.5,5287.89990234375,5228.0,5234.39990234375,0.0,46.24929850752501,-9.44882324275477,-0.019561212098423653,-9.429262030656346,55.96552882656335,56.51125867831816,5300.9324707031265,5327.992998046875,5161.944243164063,5282.708932635635,5292.15775587839,13.071136355054339,90.96327150238996,0.0,-0.016626275455796646,-0.016766043352304694,59.89990234375,48.10009765625,122.66999816894531,1642.5,51.03300094604492,12929.58984375,5703.7998046875,6784.06005859375,1382.199951171875,20790.98046875,22.329999923706055,3047.080078125,9546.259765625
2012-04-10,5254.10009765625,5255.7998046875,5211.85009765625,5243.60009765625,0.0,46.88831494812452,-11.868703513727269,-1.9515531864567368,-9.917150327270532,47.60155849478989,54.36442578938419,5296.434985351563,5330.317998046876,5160.556994628907,5276.692188792653,5288.56089230638,12.80941574959378,87.60515975445139,0.0,0.001757640891820289,0.0017560980486462775,43.94970703125,10.5,119.87999725341797,1659.5,51.04999923706055,12715.9296875,5595.60009765625,6606.43017578125,1358.5899658203125,20356.240234375,21.920000076293945,2991.219970703125,9538.01953125
2012-04-11,5209.4501953125,5263.64990234375,5190.7998046875,5226.85009765625,0.0,45.82027370889005,-14.965547560629602,-4.038717786687256,-10.926829773942346,39.59993489583333,47.72234073906218,5289.8,5331.689003906251,5159.26224609375,5269.024174771667,5283.989722332297,12.792444362612189,86.55122674743701,0.0,-0.0031943702204687563,-0.0031994831122376596,72.85009765625,-17.39990234375,120.18000030517578,1659.0,51.472999572753906,12805.3896484375,5634.7001953125,6674.72998046875,1368.7099609375,20140.669921875,22.290000915527344,3016.4599609375,9458.740234375
2012-04-12,5246.75,5290.60009765625,5246.75,5276.85009765625,0.0,49.51692966598666,-13.232698337425063,-1.8446948507861727,-11.38800348663889,45.2599609375,44.153818109374406,5282.167504882813,5333.132001953125,5158.232497558594,5270.228162907757,5283.460861245182,12.407190898627421,84.92256769404867,0.0,0.00956599081010956,0.00952052643128076,43.85009765625,-30.10009765625,121.70999908447266,1679.5,51.45800018310547,12986.580078125,5710.5,6743.240234375,1387.5699462890625,20327.3203125,21.780000686645508,3055.550048828125,9524.7900390625
2012-04-13,5255.7001953125,5306.75,5185.39990234375,5207.4501953125,0.0,44.934213981976214,-17.26042749951648,-4.6979392103020725,-12.562488289214409,40.72268366671845,41.86085983335059,5269.345019531251,5335.535009765625,5156.767248535157,5260.570014046948,5277.8304415464645,12.719143355378419,87.52453411992019,0.0,-0.01315176687974795,-0.013239017207444477,121.35009765625,48.25,121.83000183105469,1659.0999755859375,51.22800064086914,12849.58984375,5651.7998046875,6583.89990234375,1370.260009765625,20701.0390625,22.75,3011.330078125,9637.990234375
2012-04-16,5190.60009765625,5233.5,5183.5,5226.2001953125,0.0,46.378118096245515,-18.723629236202214,-4.928912757590243,-13.79471647861197,40.99287689056004,42.32517383159283,5261.630029296875,5336.074013671875,5155.66074951172,5255.2823496262645,5274.005978862467,13.028818985518829,84.8442102542116,0.0,0.003600610528522674,0.0035941438484491926,50.0,-35.60009765625,118.68000030517578,1648.699951171875,51.542999267578125,12921.41015625,5666.2998046875,6625.18994140625,1369.5699462890625,20610.640625,22.229999542236328,2988.39990234375,9470.6396484375
2012-04-17,5266.60009765625,5298.2001953125,5208.35009765625,5289.7001953125,0.0,51.05859474426004,-14.591110605559152,-0.6371153015577438,-13.953995304001408,43.31414796730309,41.676569508193865,5260.220043945314,5337.154013671875,5155.125500488282,5260.577402808763,5275.168513414322,12.397833181437596,85.2017736400715,0.0,0.01215031908975761,0.012077096484755998,89.85009765625,-23.10009765625,118.77999877929688,1650.300048828125,51.667999267578125,13115.5400390625,5767.0,6801.0,1390.780029296875,20562.310546875,20.309999465942383,3042.820068359375,9464.7099609375
2012-04-18,5320.7001953125,5342.0,5293.4501953125,5300.0,0.0,51.793603723917364,-10.365465029777624,2.8708242193790277,-13.236289249156652,56.02006218150079,46.77569567978797,5262.367553710938,5337.756015625,5154.793500976562,5266.642417761261,5277.007882791038,11.764513582408373,82.8516330006021,0.0,0.0019471433743309952,0.0019452501478614526,48.5498046875,20.7001953125,117.97000122070312,1638.800048828125,51.46799850463867,13032.75,5745.2998046875,6732.02978515625,1385.1400146484375,20780.73046875,20.030000686645508,3031.449951171875,9667.259765625
2012-04-19,5320.60009765625,5342.4501953125,5291.2998046875,5332.39990234375,0.0,54.12743077686335,-4.352041499623738,7.107398199626331,-11.459439699250069,70.59993484215309,56.644714996985655,5265.245043945313,5337.887011718751,5155.166000976563,5276.758953850875,5281.110995350498,11.147550693138244,80.58725854520195,0.0,0.0061131891214623035,0.006094579385556793,51.150390625,-11.7998046875,118.0,1640.5999755859375,51.78799819946289,12964.099609375,5744.60009765625,6671.22021484375,1376.9200439453125,20995.009765625,19.350000381469727,3007.56005859375,9588.3798828125
2012-04-20,5313.9501953125,5336.14990234375,5245.4501953125,5290.85009765625,0.0,50.73521494538023,-2.90558820748538,6.843081193411752,-9.748669400897132,67.81895807625618,64.81298503330335,5261.5400390625,5336.471015625,5155.241000976563,5278.926822128625,5281.83241033611,10.734130122777781,81.30957629420539,0.0,-0.0077919521132009395,-0.007822467994285074,90.69970703125,23.10009765625,118.76000213623047,1642.0999755859375,52.13800048828125,13029.259765625,5772.2001953125,6750.1201171875,1378.530029296875,21010.640625,20.09000015258789,3000.449951171875,9561.3603515625
2012-04-23,5277.39990234375,5310.5498046875,5187.14990234375,5200.60009765625,0.0,44.24846469675717,-8.938645164272202,0.6480193892999431,-9.586664553572145,48.21635167928155,62.21174819923027,5260.147534179689,5333.78001953125,5154.852502441407,5266.876556825182,5275.815201989454,11.034875859927672,84.31602815488714,0.0,-0.01705775033013679,-0.017204909624993044,123.39990234375,76.7998046875,118.70999908447266,1631.9000244140625,52.06800079345703,12927.169921875,5665.60009765625,6523.0,1366.93994140625,20624.390625,21.56999969482422,2970.449951171875,9542.169921875
2012-04-24,5215.89990234375,5232.35009765625,5180.35009765625,5222.64990234375,0.0,46.06292424051067,-11.80457550959727,-1.7743287648200994,-10.030246744777171,28.353124337845102,48.129478031127604,5257.37001953125,5330.87001953125,5154.365751953124,5260.072456135731,5271.877031645328,11.390454111071104,82.00774042953805,0.0,0.004239857761306753,0.00423089488965838,52.0,-6.75,118.16000366210938,1643.0,52.49800109863281,13001.5595703125,5709.5,6590.41015625,1371.969970703125,20677.16015625,19.25,2961.60009765625,9468.0400390625
2012-04-25,5222.2001953125,5236.10009765625,5160.64990234375,5202.0,0.0,44.599016594920776,-15.56272311230623,-4.425981094023246,-11.136742018282984,17.607773561422057,31.3924165261829,5258.257519531251,5326.663017578125,5153.019501953125,5251.138232114849,5266.700955227156,11.946879244853378,81.53934434974961,0.0,-0.003953912808607574,-0.003961750187553282,75.4501953125,20.2001953125,119.12000274658203,1641.4000244140625,52.67300033569336,13090.7197265625,5718.89990234375,6704.5,1390.68994140625,20646.2890625,18.940000534057617,3029.6298828125,9561.009765625
2012-04-26,5214.75,5215.60009765625,5179.0498046875,5189.0,0.0,43.65834193431397,-19.366824816852386,-6.584066238855522,-12.782758577996864,19.886452033328595,21.949116644198583,5255.550024414064,5322.8110156249995,5151.331501464843,5241.5785040971805,5260.945328914033,12.46355972622263,78.32584067967821,0.0,-0.002499038831218714,-0.002502166640857171,36.55029296875,25.75,119.91999816894531,1659.5999755859375,52.53799819946289,13204.6201171875,5748.7001953125,6739.89990234375,1399.97998046875,20809.7109375,18.739999771118164,3050.610107421875,9561.830078125
2012-04-27,5189.0,5223.0498046875,5154.2998046875,5190.60009765625,0.0,43.815421290148684,-21.99889870604875,-7.372912102441507,-14.625986603607242,19.210704127290008,18.90164324068022,5255.342529296876,5318.819013671875,5149.558002929687,5233.735672337038,5255.734571043086,13.24402941182242,77.64185205970121,0.0,0.0003083633949219067,0.0003083158607018674,68.75,-1.60009765625,119.83000183105469,1664.0,52.40299987792969,13228.3095703125,5777.10009765625,6801.31982421875,1403.3599853515625,20741.44921875,17.889999389648438,3069.199951171875,9520.8896484375
2012-04-30,5201.4501953125,5262.14990234375,5201.4501953125,5248.14990234375,0.0,49.29130219886408,-19.21949754779962,-3.6748087553539026,-15.544688792445717,28.25589458297696,22.451016914531856,5258.80751953125,5315.461015625,5147.7965014648435,5235.953246184225,5255.172743732024,13.251284989032875,77.2067058188297,0.0,0.011087312373281533,0.01102629869634238,60.69970703125,-46.69970703125,119.47000122070312,1663.4000244140625,52.53799819946289,13213.6298828125,5737.7998046875,6761.18994140625,1397.9100341796875,21094.2109375,17.81999969482422,3046.360107421875,9520.8896484375
2012-05-02,5254.2998046875,5279.60009765625,5226.4501953125,5239.14990234375,0.0,48.495289924617104,-17.540827152616657,-1.5969106881367523,-15.943916464479905,38.09018370305779,28.51892747110825,5255.987524414063,5309.605009765624,5145.755251464844,5236.445039439535,5253.985866592152,12.953187181044468,75.48836271346687,0.0,-0.0017148900407705225,-0.001716362147938504,53.14990234375,15.14990234375,118.19999694824219,1653.4000244140625,52.529998779296875,13268.5703125,5758.10009765625,6710.77001953125,1402.31005859375,21309.080078125,18.540000915527344,3059.85009765625,9380.25
2012-05-03,5211.2001953125,5217.2998046875,5180.64990234375,5188.39990234375,0.0,44.16419218635428,-20.074167131859213,-3.304200533903444,-16.76996659795577,37.70038996674729,34.68215608426068,5249.512524414064,5302.93400390625,5143.561250000001,5229.053479886337,5249.1276470181965,13.301066422964988,74.27490823393353,0.0,-0.009686685997912892,-0.009733907132363178,36.64990234375,22.80029296875,116.08000183105469,1634.199951171875,52.95800018310547,13206.58984375,5766.60009765625,6694.43994140625,1391.5699462890625,21249.529296875,19.25,3024.300048828125,9380.25
2012-05-04,5166.64990234375,5177.2001953125,5070.60009765625,5086.85009765625,0.0,37.03640150975792,-29.93105133987592,-10.528867793536122,-19.4021835463398,23.066122000050434,32.95223188995183,5235.930029296876,5293.385009765625,5140.743000488282,5207.176036466324,5237.1070878062,14.793911435846741,77.38382940918828,0.0,-0.019572470626565863,-0.019766547986143027,106.60009765625,79.7998046875,113.18000030517578,1644.699951171875,53.40800094604492,13038.26953125,5655.10009765625,6561.47021484375,1369.0999755859375,21086.0,21.1200008392334,2956.340087890625,9380.25
2012-05-07,5017.7998046875,5124.75,4988.0,5114.14990234375,0.0,39.84705107024012,-35.134824617925005,-12.586112857268162,-22.548711760656843,19.897238244324186,26.887916737040634,5225.492529296876,5283.525009765624,5138.153249511719,5192.86432352439,5227.999148142315,16.832201347194285,81.62427016567483,0.0,0.005366740549338722,0.005352390914891362,136.75,-96.35009765625,113.16000366210938,1638.5999755859375,53.46799850463867,13008.5302734375,5655.10009765625,6569.47998046875,1369.5799560546875,20536.650390625,20.219999313354492,2957.760009765625,9119.1396484375
2012-05-08,5114.7001953125,5119.9501953125,4983.60009765625,4999.9501953125,0.0,33.1755261621951,-47.9214062414776,-20.298155584656605,-27.623250656820993,15.374703443153347,19.44602122917599,5213.770043945313,5273.41701171875,5135.0257495117185,5163.185226876407,5211.1066331178845,18.756861307466718,85.53325784357305,0.0,-0.02233014464024874,-0.022583237144103662,136.35009765625,114.75,112.7300033569336,1604.0,52.90299987792969,12932.08984375,5554.60009765625,6444.740234375,1363.719970703125,20484.75,22.15999984741211,2946.27001953125,9181.650390625
2012-05-09,4967.89990234375,5016.25,4956.4501953125,4974.7998046875,0.0,31.908460266452163,-59.39956937256375,-25.4210549725942,-33.97851439996955,14.966778711298875,16.746240132925468,5200.330029296875,5263.2470117187495,5131.2549975585935,5134.2028542319595,5193.602423604523,20.744259045584265,83.69515404671068,0.0,-0.005030128229792874,-0.005042821909914006,59.7998046875,-6.89990234375,113.19999694824219,1593.699951171875,53.11800003051758,12835.0595703125,5530.10009765625,6475.31005859375,1354.5799560546875,20330.640625,23.040000915527344,2934.7099609375,9045.0595703125
2012-05-10,4984.14990234375,5039.2998046875,4950.2998046875,4965.7001953125,0.0,31.44058010529834,-68.44140882002375,-27.57031553604336,-40.87109328398039,4.433773520416331,11.59175189162285,5187.272534179688,5253.97501953125,5127.780249023437,5108.27936824435,5176.720777064374,22.133259239786742,84.07407161480279,0.0,-0.0018291408161642542,-0.0018308157369825856,89.0,18.44970703125,112.7300033569336,1595.0999755859375,53.81800079345703,12855.0400390625,5544.0,6518.0,1357.989990234375,20227.279296875,22.719999313354492,2933.639892578125,9009.650390625
2012-05-11,4938.85009765625,4976.25,4906.14990234375,4928.89990234375,0.0,29.553252561085106,-77.68114789665105,-29.44804369013653,-48.233104206514525,4.790230961145809,8.063594397620339,5169.875024414063,5246.9290136718755,5124.344248046875,5080.682527336566,5158.363675233217,23.775521873127413,83.07593061776332,0.0,-0.00741089705808029,-0.0074384941865402255,70.10009765625,9.9501953125,112.26000213623047,1583.5999755859375,53.25299835205078,12820.599609375,5575.5,6579.93017578125,1353.3900146484375,19964.630859375,22.479999542236328,2933.820068359375,8953.3095703125
2012-05-14,4934.35009765625,4957.2001953125,4874.5,4907.7998046875,0.0,28.49698600477244,-85.71820313557055,-29.988079143244818,-55.73012399232573,5.945683473767515,5.056562651776551,5154.892504882813,5237.5750097656255,5121.252497558595,5054.085185390556,5139.803388526127,25.535196347847975,83.04909238167308,0.0,-0.004280893926495999,-0.00429008318777997,82.7001953125,26.55029296875,111.56999969482422,1560.5999755859375,53.62799835205078,12695.349609375,5465.5,6451.97021484375,1338.3499755859375,19735.0390625,23.260000228881836,2902.580078125,8973.83984375
2012-05-15,4869.85009765625,4955.2001953125,4868.5498046875,4942.7998046875,0.0,32.78821727799569,-88.24617287392084,-26.012839105276086,-62.233333768644755,10.6364149863261,7.124109807079808,5140.722485351563,5228.727001953125,5118.039245605469,5036.9643575900855,5125.210530464006,27.213320113873735,83.30632797048214,0.0,0.007131505235109747,0.007106196307577927,86.650390625,-72.94970703125,112.23999786376953,1556.800048828125,53.95800018310547,12632.0,5437.60009765625,6401.06005859375,1330.6600341796875,19894.310546875,22.280000686645508,2893.760009765625,8900.740234375
2012-05-16,4875.2998046875,4882.25,4837.0498046875,4858.25,0.0,28.360316384418695,-95.96583531779652,-26.98600123932141,-68.97983407847511,10.358028508164532,8.980042322752714,5119.149975585939,5219.097001953125,5114.424995117188,5009.469841037765,5105.435676355562,29.004320504625007,84.909447401162,0.0,-0.017105650244486403,-0.01725364197067538,45.2001953125,17.0498046875,111.70999908447266,1536.199951171875,53.78799819946289,12598.5498046875,5405.2998046875,6384.259765625,1324.800048828125,19259.830078125,23.709999084472656,2874.0400390625,8801.169921875
2012-05-17,4878.60009765625,4922.25,4850.2001953125,4870.2001953125,0.0,29.803242902267296,-99.9670842125106,-24.789800107228388,-75.17728410528221,10.114901833912999,10.369781776134543,5097.659985351564,5209.31400390625,5110.940747070313,4988.043741695416,5088.010825907927,29.792907180750362,83.99090149304328,0.0,0.002459773645345553,0.0024567533539605795,72.0498046875,8.39990234375,107.48999786376953,1574.5,54.487998962402344,12442.490234375,5338.39990234375,6308.9599609375,1304.8599853515625,19200.9296875,23.59000015258789,2813.68994140625,8876.58984375
2012-05-18,4796.39990234375,4908.5,4788.9501953125,4891.4501953125,0.0,32.41023726433865,-100.2675830991102,-20.072239195062394,-80.1953439040478,11.057293954099745,10.510074765392424,5075.612500000001,5201.536005859375,5107.330249023438,4973.183196098045,5073.4507791971555,31.026449166885843,86.5308231497902,0.0,0.004363270327255364,0.004353778862483168,119.5498046875,-95.05029296875,107.13999938964844,1591.5999755859375,54.46799850463867,12369.3798828125,5267.60009765625,6271.22021484375,1295.219970703125,18951.849609375,23.549999237060547,2778.7900390625,8611.3095703125
2012-05-22,4954.7001953125,4956.35009765625,4849.89990234375,4860.5,0.0,30.626194649515867,-101.8293276295044,-17.307186980365273,-84.52214064913913,14.321360419052628,11.831185402355123,5054.094995117188,5194.2980078125,5103.797500000001,4955.847319775269,5057.676647404774,31.23015248433635,87.95363544712662,0.0,-0.00632740681734012,-0.00634750970013281,106.4501953125,94.2001953125,108.41000366210938,1576.300048828125,55.02799987792969,12502.8095703125,5403.2998046875,6435.60009765625,1316.6300048828125,19039.150390625,24.389999389648438,2839.080078125,8729.2900390625
2012-05-23,4843.0,4853.75,4803.9501953125,4835.64990234375,0.0,29.234732102482724,-103.87481244350874,-15.482137435495687,-88.39267500801306,15.458519999551179,13.612391457567849,5035.847485351563,5186.602001953125,5100.267749023438,4937.355409401189,5041.230221844698,31.82003079249499,85.71050467858187,0.0,-0.00511266282404077,-0.005125777203313112,49.7998046875,7.35009765625,105.55999755859375,1548.0999755859375,55.38800048828125,12496.150390625,5266.39990234375,6285.75,1318.8599853515625,18786.189453125,27.1299991607666,2850.1201171875,8556.599609375
2012-05-24,4863.39990234375,4931.89990234375,4830.14990234375,4921.39990234375,0.0,39.456715536811664,-97.4531858739283,-7.248408692732198,-90.2047771811961,19.866480666413633,16.548787028339145,5020.784985351564,5178.359003906251,5096.704997558594,4934.900716007736,5032.353901881665,31.027673872589766,86.85618291582603,0.0,0.017732880115749916,0.01757748695340402,101.75,-58.0,106.55000305175781,1557.300048828125,55.99300003051758,12529.75,5350.10009765625,6315.89013671875,1320.6800537109375,18666.400390625,25.489999771118164,2839.3798828125,8563.3798828125
2012-05-25,4905.9501953125,4935.7998046875,4889.35009765625,4920.39990234375,0.0,39.38526601025291,-91.39119142911204,-0.9491313983327387,-90.4420600307793,28.054014200573434,21.12633828884608,5006.70498046875,5169.576005859375,5092.905498046875,4932.669821597892,5024.061013027004,30.230028805629935,83.97000606692774,0.0,-0.0002031942170608314,-0.00020321486380266794,46.44970703125,-14.44970703125,106.83000183105469,1568.800048828125,55.560001373291016,12454.830078125,5351.5,6339.93994140625,1317.8199462890625,18713.41015625,25.139999389648438,2837.530029296875,8580.3896484375
2012-05-28,4931.7001953125,4994.9501953125,4931.2998046875,4985.64990234375,0.0,46.22758288300661,-80.39514231788507,8.037534170315382,-88.43267648820046,44.228564965284455,30.71635327742384,4996.5374755859375,5160.69900390625,5089.959497070313,4940.820603251101,5021.215745568986,28.59108564916745,83.2971694170579,0.0,0.013261117245555454,0.013173958334390843,63.650390625,-53.94970703125,106.83000183105469,1568.800048828125,55.36800003051758,12454.830078125,5351.5,6323.18994140625,1317.8199462890625,18800.990234375,23.68000030517578,2837.530029296875,8593.150390625
2012-05-29,5005.35009765625,5020.14990234375,4982.14990234375,4990.10009765625,0.0,46.6697453512989,-70.50881883181955,14.339086125104728,-84.84790495692428,59.639584441639094,43.97405453583232,4986.512475585938,5151.2230078125,5087.175998535156,4948.402063928816,5018.910882760635,26.717265289426265,80.06165731583948,0.0,0.0008926008443568278,0.0008922027131203923,38.0,15.25,106.68000030517578,1548.5999755859375,55.36800003051758,12580.6904296875,5391.10009765625,6396.83984375,1332.4200439453125,19055.4609375,24.030000686645508,2870.989990234375,8657.080078125
2012-05-30,4964.25,4982.25,4944.89990234375,4950.75,0.0,43.280767745557284,-65.0986436192261,15.799409070158546,-80.89805268938464,68.13434490144027,57.3341647694546,4971.64248046875,5142.6280078125,5084.490998535157,4948.763284862844,5013.86192848207,25.452455354673162,77.57155288702953,0.0,-0.007885632930435982,-0.007916888957933466,37.35009765625,13.5,103.47000122070312,1563.4000244140625,55.667999267578125,12419.8603515625,5297.2998046875,6280.7998046875,1313.3199462890625,18690.220703125,25.299999237060547,2837.360107421875,8633.1904296875
2012-05-31,4896.10009765625,4924.25,4894.4501953125,4924.25,0.0,41.11544325811616,-62.231997585207864,14.932844083341422,-77.16484166854929,67.83263075495123,65.20218669934353,4955.897485351563,5134.755009765625,5081.702248535156,4944.99201026856,5007.224007853768,24.865443840570414,76.05214230134884,0.0,-0.005352724334696801,-0.005367101491185887,29.7998046875,-28.14990234375,101.87000274658203,1562.5999755859375,56.22800064086914,12393.4501953125,5320.89990234375,6264.3798828125,1310.3299560546875,18629.51953125,25.25,2827.340087890625,8542.73046875
2012-06-01,4910.85009765625,4925.0,4831.75,4841.60009765625,0.0,35.200413303953084,-65.87000788700061,9.035867025238943,-74.90587491223955,48.64092346371052,61.53596637336734,4938.5574951171875,5126.446015625001,5078.32625,4929.0855621743585,4994.955570061359,24.95837403398921,77.28056070839536,0.0,-0.016784262038635367,-0.01692671398152418,93.25,69.25,98.43000030517578,1620.5,56.077999114990234,12118.5703125,5260.2001953125,6050.2900390625,1278.0400390625,18558.33984375,26.770000457763672,2747.47998046875,8440.25
2012-06-04,4797.2998046875,4858.2998046875,4770.35009765625,4848.14990234375,0.0,35.986363737208215,-67.44715395593266,5.966976765045516,-73.41413072097818,37.47936366239151,51.31763929368442,4926.622485351563,5117.91201171875,5075.284250488282,4916.633922200419,4984.081076156352,25.583560736662744,78.04264258859926,0.0,0.001352818191380667,0.001351903957286658,87.94970703125,-50.85009765625,98.8499984741211,1612.199951171875,55.53799819946289,12101.4599609375,5260.2001953125,5978.22998046875,1278.1800537109375,18185.58984375,25.600000381469727,2760.010009765625,8295.6298828125
2012-06-05,4869.4501953125,4898.9501953125,4847.7001953125,4863.2998046875,0.0,37.86366814770227,-66.70564195452971,5.366791013158775,-72.07243296768848,30.375673229996487,38.83198678536617,4914.07998046875,5107.87900390625,5072.5767504882815,4908.428673352278,4975.134315306807,25.515519883861153,76.12888240369932,0.0,0.0031248832335868393,0.0031200109335819946,51.25,6.150390625,98.83999633789062,1615.199951171875,55.64799880981445,12127.9501953125,5260.2001953125,5969.39990234375,1285.5,18259.029296875,26.260000228881836,2778.110107421875,8382.0
2012-06-06,4886.64990234375,5010.4501953125,4886.14990234375,4997.10009765625,0.0,51.41534995505743,-54.6909793581508,13.905162887630155,-68.59614224578095,53.04241026342709,40.29914905193836,4913.937475585937,5103.252001953126,5070.903251953125,4922.070430937504,4976.761410295655,23.96497906182818,81.20184727664937,0.0,0.02751224443119593,0.02714058403860763,124.30029296875,-110.4501953125,100.63999938964844,1632.800048828125,55.63800048828125,12414.7900390625,5384.10009765625,6093.990234375,1315.1300048828125,18520.529296875,24.899999618530273,2844.719970703125,8533.5302734375
2012-06-07,5035.35009765625,5059.64990234375,5007.75,5049.64990234375,0.0,55.518572097388294,-40.462515931692906,22.50690105127044,-62.969416982963345,74.8419156446138,52.75333304601246,4917.67998046875,5098.68099609375,5070.095251464844,4941.69804192308,4982.160557854773,22.526595605542386,79.86955852028157,0.0,0.010516060046935394,0.010461150903908,51.89990234375,-14.2998046875,99.93000030517578,1586.5999755859375,55.358001708984375,12460.9599609375,5447.7998046875,6144.22021484375,1314.989990234375,18678.2890625,23.639999389648438,2831.02001953125,8639.7197265625
2012-06-08,5044.25,5084.4501953125,4994.7998046875,5068.35009765625,0.0,56.91311154221656,-27.361994636100462,28.485937877490308,-55.84793251359077,94.06342722726342,73.98258437843477,4922.812475585937,5096.362998046875,5069.8445019531255,4961.182973574338,4988.544968210438,21.454713173067887,80.56818938490431,0.0,0.003703265706365144,0.0036964255001187096,89.650390625,-24.10009765625,99.47000122070312,1590.0999755859375,54.9379997253418,12554.2001953125,5435.10009765625,6130.81982421875,1325.6600341796875,18502.33984375,23.469999313354492,2858.419921875,8459.259765625
2012-06-11,5096.7001953125,5124.4501953125,5040.7001953125,5054.10009765625,0.0,55.485580304200816,-17.922987984156862,30.339955623547127,-48.26294360770399,90.51676712726126,86.47403666637949,4929.072485351562,5092.582001953125,5069.750751953125,4975.477915740786,4993.4009037249425,20.872396567406998,80.79546157169688,0.0,-0.002811565840053043,-0.0028155257153311976,83.75,42.60009765625,98.0,1595.5,55.417999267578125,12411.23046875,5432.39990234375,6141.0498046875,1308.9300537109375,18953.630859375,25.020000457763672,2809.72998046875,8624.900390625
2012-06-12,5015.5,5128.89990234375,5015.14990234375,5115.89990234375,0.0,60.15347129342479,-5.393605327544719,34.29547062412742,-39.68907595167214,90.46040216081539,91.68019883844669,4939.477490234375,5091.004999999999,5069.525251464844,4997.081298295087,5002.474903622632,19.997957520457515,83.14935717371853,0.0,0.01222765744512233,0.01215350351575396,113.75,-100.39990234375,97.13999938964844,1612.699951171875,55.65800094604492,12573.7998046875,5473.7001953125,6161.240234375,1324.1800537109375,18872.560546875,24.200000762939453,2843.070068359375,8536.7197265625
2012-06-13,5117.5498046875,5144.89990234375,5095.4501953125,5121.4501953125,0.0,60.5535463201712,4.927086567053266,35.69293001498032,-30.765843447927057,90.08207357113619,90.35308095307094,4948.410009765626,5089.857001953125,5069.441003417969,5016.214974759305,5011.287888192252,19.362557005280383,80.74223930639934,0.0,0.00108491039205183,0.0010843223020839507,49.44970703125,-3.900390625,97.12999725341797,1618.0999755859375,55.79800033569336,12496.3798828125,5483.7998046875,6152.490234375,1314.8800048828125,19026.51953125,24.360000610351562,2818.610107421875,8587.83984375
2012-06-14,5105.10009765625,5130.0,5047.60009765625,5054.75,0.0,53.58999830592911,7.6361362992365684,30.7215837977309,-23.085447498494332,88.68154760294351,89.7413411116317,4958.235009765625,5085.041005859375,5069.350002441406,5022.143440180951,5014.5073038817145,18.13644803249925,80.86064380906726,0.0,-0.013023693049587504,-0.01310924495287964,82.39990234375,50.35009765625,97.02999877929688,1618.4000244140625,55.678001403808594,12651.91015625,5467.10009765625,6138.60986328125,1329.0999755859375,18808.400390625,25.709999084472656,2836.330078125,8568.8896484375
2012-06-15,5069.5498046875,5146.2001953125,5069.14990234375,5139.0498046875,0.0,59.871057083766814,16.396360408648434,31.585446325714212,-15.189085917065778,89.25596712282153,89.33986276563374,4971.677490234375,5081.464003906251,5069.866252441407,5040.12903472042,5023.732674311772,17.196281965779832,81.61704034502674,0.0,0.016677344020475715,0.016539804211283652,77.05029296875,-69.5,97.61000061035156,1627.0,55.79800033569336,12767.169921875,5478.7998046875,6229.41015625,1342.8399658203125,19233.939453125,25.540000915527344,2872.800048828125,8569.3203125
2012-06-18,5174.0,5190.2001953125,5041.7001953125,5064.25,0.0,53.01494138727288,17.105994759655914,25.836064541377354,-8.73006978172144,81.34327470762767,86.42692981113089,4980.31748046875,5075.57900390625,5069.904501953125,5043.839952455741,5026.733957696085,16.84376906443744,86.39439460609626,0.0,-0.014555181897492497,-0.014662147764778139,148.5,109.75,96.05000305175781,1625.699951171875,55.38800048828125,12741.8203125,5491.10009765625,6248.2001953125,1344.780029296875,19427.810546875,22.600000381469727,2895.330078125,8721.01953125
2012-06-19,5050.7998046875,5113.60009765625,5048.10009765625,5103.85009765625,0.0,55.894552997580625,20.62601812678713,23.484870326806856,-2.858852200019726,82.51060188804908,84.36994790616609,4992.4849853515625,5071.1980078125,5070.7030029296875,5053.072282486588,5032.446264359801,16.516435656048074,84.90193784851796,0.0,0.00781953846201322,0.007789124317959819,65.5,-53.05029296875,95.76000213623047,1622.199951171875,55.90299987792969,12837.330078125,5586.2998046875,6363.35986328125,1357.97998046875,19416.669921875,21.43000030517578,2929.760009765625,8655.8701171875
2012-06-20,5114.5498046875,5141.7001953125,5100.7001953125,5120.5498046875,0.0,57.088928215492054,24.480987216044014,21.871871532850992,2.6091156831930222,77.61497217159987,80.48961625575888,5006.72998046875,5068.921005859374,5072.077502441407,5063.453439748268,5038.9724525322235,16.549306736680585,81.7660851450524,0.0,0.0032719822705840063,0.0032666409844854687,41.0,-6.0,92.69000244140625,1614.800048828125,55.948001861572266,12824.3896484375,5622.2998046875,6392.1298828125,1355.68994140625,19518.849609375,21.030000686645508,2930.449951171875,8752.3095703125
2012-06-21,5097.35009765625,5170.39990234375,5093.4501953125,5165.0,0.0,60.17993544059729,30.768161060577768,22.5272363019078,8.240924758669971,85.61385880299694,81.91314428754863,5018.909985351563,5067.34900390625,5073.40850341797,5079.075987479303,5048.307826418725,16.91082537801663,81.42205813692367,0.0,0.008680746601040568,0.0086432855573779,76.94970703125,-67.64990234375,89.2300033569336,1564.5,56.14799880981445,12573.5703125,5566.39990234375,6343.1298828125,1325.510009765625,19265.0703125,19.940000534057617,2859.090087890625,8824.0703125
2012-06-22,5101.75,5159.7998046875,5094.0,5146.0498046875,0.0,58.253401571317355,33.83167870802572,20.4726031594846,13.35907554854112,88.17261300163128,83.80048132540936,5030.192480468751,5065.732998046875,5074.394252929687,5089.379651665179,5055.547972957153,17.24652125925724,80.6776254128577,0.0,-0.0036689632744433265,-0.003675710428627626,65.7998046875,-44.2998046875,90.9800033569336,1566.0,56.29800033569336,12640.7802734375,5513.7001953125,6263.25,1335.02001953125,18995.130859375,20.579999923706055,2892.419921875,8798.349609375
2012-06-25,5158.5,5194.60009765625,5105.64990234375,5114.64990234375,0.0,55.105513546869105,33.34148888634809,15.985930670245573,17.355558216102516,85.0624057180782,86.28295917423547,5036.64248046875,5062.4889941406245,5075.523002929688,5093.267382538806,5059.9258936524575,17.965747843793803,81.26852326283215,0.0,-0.00610174862962809,-0.006120440371459533,88.9501953125,43.85009765625,91.01000213623047,1587.5,57.11800003051758,12502.66015625,5450.7001953125,6132.39013671875,1313.719970703125,18897.44921875,21.56999969482422,2836.159912109375,8734.6201171875
2012-06-26,5107.4501953125,5134.5498046875,5095.5,5120.7998046875,0.0,55.611447209822465,33.06806754480476,12.570007462961797,20.498060081842965,74.75079216454846,82.6619369614193,5043.177465820313,5060.755986328125,5076.929001464845,5097.50313979245,5064.435072247646,18.430361110669953,78.25290050745129,0.0,0.0012024092481739412,0.001201686933128108,39.0498046875,-13.349609375,93.0199966430664,1574.0,57.007999420166016,12534.669921875,5447.0,6136.68994140625,1319.989990234375,18981.83984375,20.229999542236328,2854.06005859375,8663.990234375
2012-06-27,5149.4501953125,5160.10009765625,5129.25,5141.89990234375,0.0,57.385862223631946,34.160203143867875,10.929714449619926,23.23048869424795,70.25552201309921,76.68957329857528,5052.734960937501,5059.06998046875,5078.899501953125,5104.333410954188,5070.1732078103205,19.16997698249193,75.47057139754405,0.0,0.004120469157363971,0.004112003271970844,30.85009765625,7.55029296875,93.5,1577.5,57.007999420166016,12627.009765625,5523.89990234375,6228.990234375,1331.8499755859375,19176.94921875,20.3700008392334,2875.320068359375,8730.490234375
2012-06-28,5148.9501953125,5159.0498046875,5125.2998046875,5149.14990234375,0.0,58.00701606884238,35.204922452036044,9.579547006230477,25.625375445805567,70.45302154023906,71.8197785726289,5063.979956054688,5056.258974609375,5080.047250976562,5111.228255783351,5076.023333331315,19.77009462613408,72.49053058343377,0.0,0.0014099846628081725,0.0014089915678230246,33.75,-0.19970703125,91.36000061035156,1549.699951171875,56.849998474121094,12602.259765625,5493.10009765625,6149.91015625,1329.0400390625,19025.26953125,20.6200008392334,2849.489990234375,8874.1103515625
2012-06-29,5191.25,5286.25,5189.0,5278.89990234375,0.0,67.216823466927,45.972666383483556,16.277832750142387,29.69483363334117,81.86162743145589,74.19005699493138,5085.844946289063,5055.8369726562505,5081.436750488281,5137.02389371572,5091.0512273322365,21.601374650669385,77.1054996600635,0.0,0.02519833418346229,0.0248860906366406,97.25,-87.64990234375,97.80000305175781,1603.5,56.79800033569336,12880.08984375,5571.2001953125,6416.27978515625,1362.1600341796875,19441.4609375,19.079999923706055,2935.050048828125,9006.7802734375
2012-07-02,5283.85009765625,5302.14990234375,5263.35009765625,5278.60009765625,0.0,67.1801602487369,53.86111192298267,19.333022631713206,34.52808929126947,87.63977998321621,79.98480965163705,5107.367456054688,5054.7609765625,5082.629750976563,5158.804848168109,5104.943736245126,23.42696899897962,74.36937859059468,0.0,-5.679302374472783e-05,-5.679463652956444e-05,38.7998046875,5.25,97.33999633789062,1597.199951171875,55.50299835205078,12871.3896484375,5640.60009765625,6496.080078125,1365.510009765625,19441.4609375,19.010000228881836,2951.22998046875,9003.48046875
2012-07-03,5298.85009765625,5317.0,5265.9501953125,5287.9501953125,0.0,67.77058884147242,60.173592863282465,20.516402857610395,39.65719000567207,92.56491632410695,87.35544124625969,5128.5999755859375,5054.702978515625,5083.983500976563,5178.673363113399,5118.499770250117,25.240165398991497,72.70369474037362,0.0,0.0017713214646439823,0.001769754524874917,51.0498046875,10.89990234375,100.68000030517578,1621.300048828125,55.428001403808594,12943.66015625,5687.7001953125,6578.2099609375,1374.02001953125,19735.529296875,18.559999465942383,2976.080078125,9066.58984375
2012-07-04,5310.39990234375,5317.64990234375,5273.2998046875,5302.5498046875,0.0,68.71693493821942,65.5981710673559,20.752784849347066,44.84538621800884,91.6446379028957,90.61644473673962,5143.8724609375,5056.741972656249,5085.174750976563,5197.731277201723,5132.133106134367,26.92922746127852,70.67843780579337,0.0,0.0027609203634220147,0.002757116023506428,44.35009765625,7.85009765625,100.68000030517578,1621.300048828125,54.358001708984375,12943.66015625,5684.5,6564.7998046875,1374.02001953125,19709.75,18.270000457763672,2976.080078125,9104.169921875
2012-07-05,5297.0498046875,5333.64990234375,5288.85009765625,5327.2998046875,0.0,70.30858353796451,71.07499819513487,20.983689581700816,50.09130861343405,93.93360863485469,92.7143876206191,5157.754956054687,5058.834970703125,5086.1880004882805,5217.664896814919,5146.589898619784,28.634716161478543,68.82996401162956,0.0,0.004667565777151328,0.004656706469918981,44.7998046875,-30.25,100.69999694824219,1608.9000244140625,54.47800064086914,12896.669921875,5692.60009765625,6535.56005859375,1367.5799560546875,19809.130859375,18.350000381469727,2976.1201171875,9079.7998046875
2012-07-06,5324.7001953125,5327.2001953125,5287.75,5316.9501953125,0.0,68.73372619127804,73.73037826595737,18.91125572201865,54.81912254393872,95.50154106310876,93.6932625336197,5170.1849609375,5061.133974609375,5087.0065014648435,5232.93955812224,5159.209179856282,30.188521279293354,66.73852405990601,0.0,-0.0019427495644028792,-0.0019446391500623072,39.4501953125,7.75,98.19000244140625,1578.4000244140625,54.9379997253418,12772.4697265625,5662.60009765625,6410.10986328125,1354.6800537109375,19800.640625,18.040000915527344,2937.330078125,9020.75
2012-07-09,5283.7001953125,5300.60009765625,5257.75,5275.14990234375,0.0,62.63178891532848,71.63607571121975,13.453562533824815,58.18251317739493,89.20731202265992,92.88082057354111,5181.237451171875,5062.856972656251,5088.085,5239.433457233241,5167.797381522021,30.822600968683044,66.20007200651987,0.0,-0.007861704818224902,-0.007892770948501047,42.85009765625,8.55029296875,100.31999969482422,1588.5999755859375,55.40299987792969,12736.2900390625,5627.2998046875,6387.56982421875,1352.4599609375,19428.08984375,18.719999313354492,2931.77001953125,8896.8798828125
2012-07-10,5286.60009765625,5348.5498046875,5284.5498046875,5345.35009765625,0.0,67.8016117609321,74.77889042162587,13.277101795384752,61.50178862624112,89.51423485330007,91.40769597968958,5192.7099609375,5065.95197265625,5090.0777514648435,5255.728324990627,5180.949434569001,31.91071745082785,66.71434560203632,0.0,0.013307715726013747,0.0132199458969235,64.0,-58.75,97.97000122070312,1579.300048828125,55.84299850463867,12653.1201171875,5664.10009765625,6438.330078125,1341.469970703125,19396.359375,17.829999923706055,2902.330078125,8857.73046875
2012-07-11,5315.25,5336.4501953125,5300.25,5306.2998046875,0.0,62.6123672218928,73.27390546592869,9.417693471750049,63.85621199417864,85.93101271364083,88.21751986320027,5201.952441406251,5067.114970703125,5091.904499511719,5263.5085526363,5190.234647170371,32.92111132710517,65.17047074876587,0.0,-0.00730546966154233,-0.007332285285333639,36.2001953125,8.9501953125,100.2300033569336,1575.199951171875,55.38800048828125,12604.5302734375,5664.5,6453.85009765625,1341.449951171875,19419.869140625,18.389999389648438,2887.97998046875,8851.0
2012-07-12,5240.0,5261.75,5217.7001953125,5235.25,0.0,54.447234961868176,65.59196524960225,1.3886026043388853,64.20336264526337,79.12468491936741,84.85664416210277,5210.97744140625,5067.036972656249,5093.018000488282,5259.161082999946,5193.569117750344,31.91500455840808,66.84398065063974,0.0,-0.013389707951430796,-0.013480158401750039,44.0498046875,4.75,101.06999969482422,1564.9000244140625,55.61800003051758,12573.26953125,5608.2998046875,6419.35009765625,1334.760009765625,19025.109375,18.709999084472656,2866.18994140625,8720.009765625
2012-07-13,5242.75,5267.14990234375,5216.85009765625,5227.25,0.0,53.59966230896066,58.18768769835424,-4.8125399575273065,63.000227655881545,63.56440046033116,76.20669936444646,5215.387451171875,5067.813974609375,5093.775749511719,5254.251685615339,5196.063997916985,31.055891122382004,65.66225379612976,0.0,-0.001528102764910888,-0.001529271504729059,50.2998046875,15.5,102.4000015258789,1591.5999755859375,55.928001403808594,12777.08984375,5666.10009765625,6557.10009765625,1356.780029296875,19092.630859375,18.260000228881836,2908.469970703125,8724.1201171875
2012-07-16,5232.35009765625,5246.85009765625,5190.4501953125,5197.25,0.0,50.42936112085103,49.33034559753651,-10.935905646676034,60.26625124421254,46.50655431523904,63.06521323164587,5222.037451171875,5070.02197265625,5094.340749511719,5245.482195520671,5196.151849923134,29.711190012873594,65.00065726381692,0.0,-0.005739155387632144,-0.005755687624308978,56.39990234375,35.10009765625,103.55000305175781,1591.199951171875,55.13800048828125,12727.2099609375,5662.39990234375,6565.72021484375,1353.6400146484375,19121.33984375,18.770000457763672,2896.93994140625,8724.1201171875
2012-07-17,5228.0498046875,5236.7001953125,5181.7001953125,5192.85009765625,0.0,49.96260501266881,41.477674014231525,-15.030861783984818,56.50853579821634,38.18369015542305,49.418214976997746,5226.487451171875,5071.595976562499,5095.145249023437,5237.384949695374,5195.907275681143,28.28385476787633,64.28632460211571,0.0,-0.0008465827781518609,-0.0008469413317297982,55.0,35.19970703125,104.0,1589.0999755859375,55.04800033569336,12805.5400390625,5629.10009765625,6577.64013671875,1363.6700439453125,19455.330078125,17.780000686645508,2910.0400390625,8755.0
2012-07-18,5199.10009765625,5222.85009765625,5169.0498046875,5216.2998046875,0.0,52.48667302302973,36.723247847306084,-15.828230360728213,52.5514782080343,29.603113577268672,38.09778601597692,5231.274951171876,5075.922968749999,5095.525747070313,5234.141081232624,5197.417833385318,26.695590192720193,63.5373223425896,0.0,0.004515768140858523,0.004505602651746632,53.80029296875,-17.19970703125,105.16000366210938,1570.4000244140625,55.097999572753906,12908.7001953125,5685.7998046875,6684.419921875,1372.780029296875,19239.880859375,17.440000534057617,2942.60009765625,8726.740234375
2012-07-19,5249.85009765625,5257.75,5233.14990234375,5242.7001953125,0.0,55.22508476489909,34.685785597182075,-14.292554088681776,48.97833968586385,32.53722269455457,33.44134214241543,5235.1599609375,5081.280976562501,5096.072998046875,5235.457868014143,5200.772082416961,25.82890426213223,61.95967041186891,0.0,0.005061133679715946,0.00504836919305378,24.60009765625,7.14990234375,107.80000305175781,1580.0999755859375,55.3129997253418,12943.3603515625,5714.2001953125,6758.39013671875,1376.510009765625,19559.05078125,16.3799991607666,2965.89990234375,8795.5498046875
2012-07-20,5233.5498046875,5238.7001953125,5197.5,5205.10009765625,0.0,50.73974932764724,29.69476566684716,-15.426859215213355,45.121624882060516,29.145902245821723,30.428746172548323,5238.112475585937,5086.068974609375,5097.480249023438,5230.787441805237,5201.09267613839,24.282332419895184,60.76256504762828,0.0,-0.007171895446142051,-0.007197737118262219,41.2001953125,28.44970703125,106.83000183105469,1582.5,55.11800003051758,12822.5703125,5651.7998046875,6630.02001953125,1362.6600341796875,19640.80078125,16.889999389648438,2925.300048828125,8669.8701171875
2012-07-23,5163.25,5164.2001953125,5108.10009765625,5117.9501953125,0.0,42.18709740712469,18.49389156674806,-21.302186652249965,39.796078218998026,21.73703944047459,27.806721460283626,5238.277490234375,5089.84998046875,5098.73125,5213.427865421739,5194.933973854991,23.712962415407368,63.35095325851198,0.0,-0.016743175099167007,-0.016884926528955263,56.10009765625,45.2998046875,103.26000213623047,1577.0999755859375,55.31800079345703,12721.4599609375,5533.89990234375,6419.330078125,1350.52001953125,19053.470703125,18.65999984741211,2890.14990234375,8508.3203125
2012-07-24,5128.7998046875,5144.0,5103.25,5128.2001953125,0.0,43.39559108728569,10.325185174171565,-23.57671443586117,33.901899610032736,11.450522223535845,20.777821303277385,5238.647509765626,5094.25798828125,5100.195251464844,5200.315916174163,5189.990730999992,23.252167238498757,61.736599454332556,0.0,0.0020027549329002525,0.002000752092925557,40.75,0.599609375,103.41999816894531,1576.0,55.9630012512207,12617.3203125,5499.2001953125,6390.41015625,1338.31005859375,18903.19921875,16.969999313354492,2862.989990234375,8488.08984375
2012-07-25,5118.39990234375,5121.60009765625,5076.60009765625,5109.60009765625,0.0,41.69244079917497,2.323767131349996,-25.262505982946195,27.58627311429619,8.80081154427732,13.996124402762584,5237.032519531251,5097.593994140625,5100.887001953125,5186.359636402176,5184.035869270826,23.196523052546546,61.01256361161238,0.0,-0.003627022531852764,-0.00363361612631477,45.0,8.7998046875,104.37999725341797,1608.0,56.108001708984375,12676.0498046875,5498.2998046875,6406.52001953125,1337.8900146484375,18877.330078125,16.75,2854.239990234375,8365.900390625
2012-07-26,5126.2998046875,5126.2998046875,5032.39990234375,5043.0,0.0,36.21212374188856,-9.284460118438801,-29.496586586187995,20.212126467749194,8.552924679641894,9.601419482485019,5231.725024414063,5101.288994140625,5101.372502441406,5164.3043077249185,5173.588767843357,23.704841572783206,63.3616592353365,0.0,-0.013034307261501565,-0.013119999282962123,93.89990234375,83.2998046875,105.26000213623047,1615.0,56.15800094604492,12887.9296875,5573.2001953125,6582.9599609375,1360.02001953125,18892.7890625,16.3700008392334,2893.25,8443.099609375
2012-07-27,5124.2998046875,5149.9501953125,5077.5,5099.85009765625,0.0,43.088920936251554,-13.738368719131358,-27.160396149504443,13.422027430373085,12.274115065781093,9.8759504299001,5222.772534179689,5105.8819921875,5101.794501953125,5154.388275406662,5168.126644125793,23.664325259703258,66.47512609799104,0.0,0.01127307111962117,0.01121000358729877,72.4501953125,24.44970703125,106.47000122070312,1617.9000244140625,55.518001556396484,13075.66015625,5627.2001953125,6689.39990234375,1385.969970703125,19274.9609375,16.440000534057617,2958.090087890625,8566.6396484375
2012-07-30,5129.75,5206.60009765625,5129.75,5199.7998046875,0.0,52.73632658862972,-9.098139640609588,-18.01613365678614,8.91799401617655,26.581465827647328,15.802835191023437,5218.83251953125,5112.048984375,5103.077250976563,5161.374664526791,5170.472804167401,22.532785541403907,69.35190280527739,0.0,0.01959855782372588,0.019408979065827576,76.85009765625,-70.0498046875,106.19999694824219,1619.699951171875,55.24800109863281,13073.009765625,5693.60009765625,6774.06005859375,1385.300048828125,19585.400390625,16.600000381469727,2945.840087890625,8635.4404296875
2012-07-31,5214.85009765625,5234.5498046875,5154.0498046875,5229.0,0.0,55.129444411243085,-3.0295897149526354,-9.558066984903348,6.528477269950713,53.380079037476506,30.745219976968304,5215.885009765625,5119.418984375,5104.974750976562,5171.7785622919,5174.808152006853,21.004676734209482,70.14819546204329,0.0,0.005615638372495901,0.005599929458278862,80.5,-14.14990234375,104.91999816894531,1610.5,55.42300033569336,13008.6796875,5635.2998046875,6772.259765625,1379.3199462890625,19796.810546875,16.010000228881836,2939.52001953125,8695.0595703125
2012-08-01,5220.7001953125,5246.35009765625,5212.64990234375,5240.5,0.0,56.072781862446426,2.6768763489099,-3.0812807368326505,5.758157085742551,75.81763275187325,51.92639253899902,5212.782519531251,5127.515986328125,5107.316501464844,5182.35109117007,5179.67421482116,19.620989642322506,67.54476687993305,0.0,0.002199273283610692,0.0021968584221014834,33.7001953125,-19.7998046875,105.95999908447266,1603.699951171875,55.64799880981445,12976.1298828125,5712.7998046875,6754.4599609375,1375.3199462890625,19820.380859375,16.450000762939453,2920.2099609375,8641.849609375
2012-08-02,5233.10009765625,5236.89990234375,5209.9501953125,5227.75,0.0,54.69972722905948,6.100154588699297,0.27359800236539655,5.826556586333901,86.36121009920436,71.85297396285137,5207.805029296875,5133.64298828125,5109.698752441407,5189.335538682366,5183.235384093667,18.28743881349894,64.90226958047356,0.0,-0.0024329739528671235,-0.0024359384433229802,26.94970703125,5.35009765625,105.9000015258789,1587.4000244140625,55.46799850463867,12878.8798828125,5662.2998046875,6606.08984375,1365.0,19690.19921875,16.770000457763672,2909.77001953125,8653.1796875
2012-08-03,5195.60009765625,5220.2001953125,5164.64990234375,5215.7001953125,0.0,53.36962693786632,7.751454777695471,1.5399185530892563,6.211536224606215,85.55838407390578,82.57907564166112,5202.742529296875,5139.548994140625,5111.337004394532,5193.391639702387,5185.640184924691,17.692842363799034,64.77354301445759,0.0,-0.0023049695734302933,-0.00230763010487979,55.55029296875,-20.10009765625,108.94000244140625,1606.0,55.8380012512207,13096.169921875,5787.2998046875,6865.66015625,1390.989990234375,19666.1796875,16.1200008392334,2967.89990234375,8555.1103515625
2012-08-06,5260.85009765625,5293.2001953125,5260.85009765625,5282.5498046875,0.0,59.28470360736454,14.289605191834198,6.462455173782386,7.827150018051812,87.98129304496204,86.63362907269072,5203.112524414062,5145.486992187501,5112.851752929688,5207.108280469327,5192.818675277493,16.958306223588973,65.68257565628205,0.0,0.012816996159993987,0.012735553625573123,32.35009765625,-21.69970703125,109.55000305175781,1612.9000244140625,55.74800109863281,13117.509765625,5808.7998046875,6918.72021484375,1394.22998046875,19998.720703125,16.219999313354492,2989.909912109375,8726.2900390625
2012-08-07,5295.39990234375,5350.10009765625,5281.64990234375,5336.7001953125,0.0,63.341250812235565,23.568932487051825,12.59342597520001,10.975506511851815,91.01290531796305,88.18419414561029,5202.680029296875,5152.418994140626,5114.663503417969,5227.045498137508,5203.476565650456,17.05059958464424,65.88026277458334,0.0,0.010250805506263116,0.010198622309721916,68.4501953125,-41.30029296875,112.0,1609.699951171875,55.518001556396484,13168.599609375,5841.2001953125,6967.9501953125,1401.3499755859375,20072.55078125,16.209999084472656,3015.860107421875,8803.3095703125
2012-08-08,5345.25,5377.60009765625,5331.0498046875,5338.0,0.0,63.43542257080453,30.67415700980564,15.75892039836306,14.91523661144258,93.40895039114483,90.80104958468996,5204.2650390625,5160.163994140625,5115.8565039062505,5244.115421500968,5213.441264491163,17.471711557132497,64.49955064559525,0.0,0.00024355962297484268,0.0002435299671450816,46.55029296875,7.25,112.13999938964844,1612.9000244140625,55.0629997253418,13175.6396484375,5845.89990234375,6966.14990234375,1402.219970703125,20065.51953125,16.3700008392334,3011.25,8881.16015625
2012-08-09,5348.2998046875,5368.2001953125,5312.10009765625,5322.9501953125,0.0,61.466542464954806,34.69081109660965,15.820459588133655,18.870351508475995,89.49307349462943,91.30497640124577,5208.650048828125,5168.1379980468755,5117.082004394531,5256.243848241204,5221.553037144595,17.503712502708364,63.89958971778488,0.0,-0.0028193714289059812,-0.0028233533426232993,56.10009765625,25.349609375,113.22000122070312,1617.0999755859375,55.417999267578125,13165.1904296875,5851.5,6964.990234375,1402.800048828125,20269.470703125,16.329999923706055,3018.639892578125,8978.599609375
2012-08-10,5308.2001953125,5330.10009765625,5294.10009765625,5320.39990234375,0.0,61.12035035817352,37.23898325147911,14.694905394402493,22.54407785707662,85.37561707003125,89.42588031860183,5213.307543945313,5177.713994140626,5118.022504882813,5266.114010410826,5228.875027159347,17.195311856696474,61.906761880800246,0.0,-0.0004791126866067197,-0.00047922749776307234,36.0,-12.19970703125,112.94999694824219,1619.699951171875,55.268001556396484,13207.9501953125,5847.10009765625,6944.56005859375,1405.8699951171875,20136.119140625,16.06999969482422,3020.860107421875,8891.4404296875
2012-08-13,5316.35009765625,5352.4501953125,5309.0498046875,5347.89990234375,0.0,63.50713709834813,41.0047707431695,14.768554308874304,26.236216434295198,86.33157465427576,87.06675507297881,5220.8400390625,5187.708994140625,5119.170754394532,5278.696455323584,5237.691684580414,17.224841440730927,60.58487821967166,0.0,0.00516878439680557,0.005155472083349568,43.400390625,-31.5498046875,113.5999984741211,1609.5999755859375,55.27799987792969,13169.4296875,5831.89990234375,6909.68017578125,1404.1099853515625,20081.359375,16.010000228881836,3022.52001953125,8885.150390625
2012-08-14,5343.25,5387.0498046875,5328.7998046875,5380.35009765625,0.0,66.14799466871565,46.07650278303299,15.872229078990237,30.204273704042755,90.97899478908397,87.56206217113032,5230.2150390625,5198.05,5120.8850048828135,5294.335477220917,5248.258974437884,17.712961629131932,60.418101203980825,0.0,0.006067838947074966,0.006049503744983293,58.25,-37.10009765625,114.02999877929688,1599.4000244140625,55.3380012512207,13172.1396484375,5864.7998046875,6974.39013671875,1403.9300537109375,20291.6796875,15.640000343322754,3016.97998046875,8929.8798828125
2012-08-16,5385.9501953125,5390.64990234375,5356.64990234375,5362.9501953125,0.0,63.494681153312015,48.13696726794933,14.346154851125256,33.790812416824075,93.55387516871342,90.28814820402437,5237.54755859375,5205.3670019531255,5122.004006347657,5304.891587696545,5256.754620428595,18.213384441233448,58.53109397512505,0.0,-0.0032339721445505676,-0.00323921273413046,34.0,23.0,116.9000015258789,1616.0999755859375,55.64799880981445,13250.1103515625,5834.5,6996.2900390625,1415.510009765625,19962.94921875,15.6899995803833,3062.389892578125,9092.759765625
2012-08-17,5368.60009765625,5399.9501953125,5341.7001953125,5366.2998046875,0.0,63.79574839031056,49.46992717330522,12.543291805184914,36.92663536812031,92.27050389151935,92.26779128310558,5243.7275390625,5211.700000000001,5123.376005859376,5314.339005695153,5264.869078521848,18.344606638105958,58.51101583404469,0.0,0.0006245833455489347,0.0006243883745507009,58.25,2.30029296875,113.70999908447266,1616.300048828125,55.61800003051758,13275.2001953125,5852.39990234375,7040.8798828125,1418.1600341796875,20116.0703125,15.729999542236328,3076.590087890625,9162.5
2012-08-21,5368.7001953125,5425.14990234375,5368.7001953125,5421.0,0.0,68.38166122978873,54.314057469686304,13.9099376812528,40.404119788433505,92.38995074660318,92.73810993561197,5254.522534179689,5218.752998046875,5125.231254882813,5330.74838943436,5276.434331964674,18.8298009332088,58.535235964202215,0.0,0.010193279783719644,0.01014167866750203,56.44970703125,-52.2998046875,114.63999938964844,1639.9000244140625,55.49800109863281,13203.580078125,5857.5,7089.31982421875,1413.1700439453125,20100.08984375,16.299999237060547,3067.260009765625,9156.919921875
2012-08-22,5395.75,5433.35009765625,5394.7998046875,5412.85009765625,0.0,67.01953965031979,56.840217971114726,13.14887854614497,43.691339424969755,92.79534725059659,92.4852672962397,5269.267529296876,5225.9279980468755,5126.803754882812,5343.379421468498,5286.539203497383,19.39696713235552,57.10774003595563,0.0,-0.0015033946400572207,-0.0015045258717129944,38.55029296875,-17.10009765625,114.91000366210938,1637.4000244140625,55.362998962402344,13172.759765625,5774.2001953125,7017.75,1413.489990234375,19887.779296875,16.0,3073.669921875,9131.740234375
2012-08-23,5426.14990234375,5448.60009765625,5393.85009765625,5415.35009765625,0.0,67.23514363442814,58.37108197683574,11.74379404149279,46.62728793534295,93.04337175999088,92.74288991906354,5283.625024414063,5231.917001953126,5127.922504882812,5354.45183318969,5296.080751212854,20.142543996262628,56.93933003338737,0.0,0.00046186388961388936,0.0004617572633175854,54.75,10.7998046875,115.01000213623047,1669.5999755859375,55.49300003051758,13057.4599609375,5776.60009765625,6949.56982421875,1402.0799560546875,20132.240234375,16.1200008392334,3053.39990234375,9178.1201171875
2012-08-24,5392.60009765625,5399.64990234375,5371.0,5386.7001953125,0.0,62.21556845953468,56.61981704248046,7.994023285710014,48.62579375677045,86.28710530927209,90.70860810661985,5297.480029296876,5237.222001953125,5128.052504882813,5359.413119670123,5302.793302627642,20.248167338421304,56.04009914930613,0.0,-0.0052904986431348,-0.005304542887016916,28.64990234375,5.89990234375,113.58999633789062,1669.800048828125,55.257999420166016,13157.9697265625,5776.60009765625,6971.06982421875,1411.1300048828125,19880.029296875,16.15999984741211,3069.7900390625,9070.759765625
2012-08-27,5387.85009765625,5399.14990234375,5346.64990234375,5350.25,0.0,56.44211942685114,51.694795407528545,2.455201320606477,49.23959408692207,71.3690320242618,83.56650303117492,5312.842529296875,5243.132001953125,5128.170754394532,5358.003408951642,5306.3086135441135,19.758227637472373,55.787234924355694,0.0,-0.006766702060793883,-0.0067896999946754025,52.5,37.60009765625,112.26000213623047,1672.4000244140625,55.49800109863281,13124.669921875,5776.60009765625,7047.4501953125,1410.43994140625,19798.669921875,16.469999313354492,3073.18994140625,9085.3896484375
2012-08-29,5343.85009765625,5345.5,5282.7001953125,5287.7998046875,0.0,48.190870998640484,42.26526378361996,-5.579464242641691,47.84472802626165,43.16685697510492,66.9409981028796,5322.240014648438,5246.107001953125,5128.320002441407,5347.202854449466,5304.937590665846,18.691944014223267,56.627418478866005,0.0,-0.011672388264567068,-0.01174104537301993,62.7998046875,56.05029296875,112.54000091552734,1659.800048828125,55.66299819946289,13107.48046875,5743.5,7010.56982421875,1410.489990234375,19788.509765625,16.739999771118164,3081.18994140625,9069.8095703125
2012-08-30,5268.60009765625,5342.7998046875,5255.0498046875,5315.0498046875,0.0,51.52118895367024,36.56958785282404,-9.020112138750086,45.58969999157413,27.433276297439047,47.32305509893525,5328.002514648438,5251.122998046875,5128.603000488281,5342.256231409163,5305.686643556339,18.175021836357562,58.85046001608987,0.0,0.00515337210305189,0.005140138925224487,87.75,-46.44970703125,112.6500015258789,1653.5,55.62300109863281,13000.7099609375,5719.5,6895.490234375,1399.47998046875,19552.91015625,16.670000076293945,3048.7099609375,8983.7802734375
2012-08-31,5298.2001953125,5303.25,5238.89990234375,5258.5,0.0,45.04948653856759,27.179320719975294,-14.728303417279072,41.907624137254366,14.676697731216695,28.42561033458689,5329.477514648437,5254.21599609375,5128.566750488282,5329.370657346215,5302.19133662624,17.960330724192463,60.086134468065595,0.0,-0.010639562518798384,-0.010696567362371883,64.35009765625,39.7001953125,114.56999969482422,1684.5999755859375,55.62799835205078,13090.83984375,5711.5,6970.7900390625,1406.5799560546875,19482.5703125,17.299999237060547,3066.9599609375,8839.91015625
2012-09-03,5276.5,5295.7998046875,5243.14990234375,5253.75,0.0,44.54335572508742,19.133620593440355,-18.219202835051206,37.35282342849156,15.80933446320066,19.306436163952135,5330.1400146484375,5256.879999999999,5128.4144995117185,5317.736710062181,5298.603089468741,17.760974691467727,59.55497503061448,0.0,-0.0009032994199866806,-0.0009037076407566584,52.64990234375,22.75,114.56999969482422,1684.5999755859375,55.518001556396484,13090.83984375,5758.39990234375,7014.830078125,1406.5799560546875,19559.2109375,17.280000686645508,3066.9599609375,8783.8896484375
2012-09-04,5249.14990234375,5278.35009765625,5233.2001953125,5274.0,0.0,47.26355002012979,14.227347040246968,-18.500381110595676,32.727728150842644,11.789910245069077,14.091980813162143,5332.4525146484375,5259.0599999999995,5128.337749023438,5311.00798543723,5296.780638396983,17.752187259157207,58.52604126726702,0.0,0.003854389721627438,0.003846980593905577,45.14990234375,-24.85009765625,114.18000030517578,1692.9000244140625,55.52799987792969,13035.9404296875,5672.0,6932.580078125,1404.93994140625,19429.91015625,16.59000015258789,3075.06005859375,8775.509765625
2012-09-05,5243.89990234375,5259.5,5215.7001953125,5225.7001953125,0.0,41.974940975276105,6.368289642699892,-21.087550806514205,27.455840449214097,10.105565736070718,12.568270148113484,5332.9525146484375,5260.6530078125,5128.361000976563,5297.883710033425,5291.515420390725,18.051359847698212,58.509881511569375,0.0,-0.00915809721037164,-0.009200290386331456,43.7998046875,18.19970703125,113.08999633789062,1690.800048828125,55.64799880981445,13047.48046875,5657.89990234375,6964.68994140625,1403.43994140625,19145.0703125,17.010000228881836,3069.27001953125,8679.8203125
2012-09-06,5217.64990234375,5260.60009765625,5217.64990234375,5238.39990234375,0.0,43.75697824055836,1.1514174318144796,-21.043538413919695,22.194955845734174,10.993887618922114,10.963121200020636,5330.74501953125,5263.1280078125,5128.70875,5288.732355004245,5287.58093757243,18.2984675073027,57.398475354492994,0.0,0.0024302402657239153,0.0024272920075337386,42.9501953125,-20.75,113.48999786376953,1702.5999755859375,55.90299987792969,13292.0,5777.2998046875,7167.330078125,1432.1199951171875,19209.30078125,16.979999542236328,3135.81005859375,8680.5703125
2012-09-07,5309.4501953125,5347.14990234375,5309.2001953125,5342.10009765625,0.0,55.716497209415195,5.323383075772654,-13.497258215969218,18.82064129174187,22.77081380941299,14.623422388135273,5331.0150146484375,5267.554013671875,5129.677500000001,5296.942776950707,5291.619393874935,17.450614036804765,61.06644140060064,0.0,0.01979615860677275,0.01960276282144217,37.94970703125,-32.64990234375,114.25,1737.5,55.65800094604492,13306.6396484375,5794.7998046875,7214.5,1437.9200439453125,19802.16015625,15.260000228881836,3136.419921875,8871.650390625
2012-09-10,5361.89990234375,5375.4501953125,5349.10009765625,5363.4501953125,0.0,57.71031072259086,10.234493486484098,-6.86891824420622,17.10341173069032,42.4860074203127,25.416902949549268,5332.287524414062,5271.98501953125,5131.152250976564,5307.174687467906,5296.9401939814215,17.163948278963435,59.086702561718454,0.0,0.0039965738690701524,0.003988608782709102,26.35009765625,-1.55029296875,114.80999755859375,1728.699951171875,55.358001708984375,13254.2900390625,5793.2001953125,7213.7001953125,1429.0799560546875,19827.169921875,15.270000457763672,3104.02001953125,8869.3701171875
2012-09-11,5336.10009765625,5393.35009765625,5332.10009765625,5390.0,0.0,60.115205483463576,16.083530296313256,-0.815905147501649,16.899435443814905,64.1834685943546,43.14676327469343,5335.6400146484375,5276.802021484375,5132.950000000001,5319.917043242074,5303.833512945761,17.197906115452202,59.24122380730999,0.0,0.00495013540178002,0.004937923764457274,61.25,-53.89990234375,115.4000015258789,1731.800048828125,55.4379997253418,13323.3603515625,5792.2001953125,7310.10986328125,1433.56005859375,19857.880859375,15.380000114440918,3104.530029296875,8807.3798828125
2012-09-12,5404.4501953125,5435.5498046875,5393.9501953125,5431.0,0.0,63.561332487121916,23.753476169583337,5.483232580614747,18.27024358896859,76.90708955041347,61.19218852169358,5341.17001953125,5279.844023437499,5135.431250000001,5337.00672889714,5313.253252727557,17.874931905045536,58.26326529875214,0.0,0.007606679035250474,0.007577894131802447,41.599609375,-26.5498046875,115.95999908447266,1730.5999755859375,55.3380012512207,13333.349609375,5782.10009765625,7343.52978515625,1436.56005859375,20075.390625,15.039999961853027,3114.31005859375,8959.9599609375
2012-09-13,5435.2001953125,5447.4501953125,5421.85009765625,5435.35009765625,0.0,63.91755365872749,29.839014473987845,9.255016708015404,20.58399776597244,87.3536040425842,76.14805406245075,5345.542529296876,5282.9790234375,5138.079001464845,5352.136477937003,5322.297463463015,18.67249391980969,55.93018189571627,0.0,0.0008009754476616671,0.0008006548380166689,25.60009765625,-0.14990234375,116.9000015258789,1769.0999755859375,55.20800018310547,13539.8603515625,5819.89990234375,7310.31982421875,1459.989990234375,20047.630859375,15.670000076293945,3155.830078125,8995.150390625
2012-09-14,5528.35009765625,5586.64990234375,5526.9501953125,5577.64990234375,0.0,73.16067746959948,45.61839198699545,20.027515376818403,25.590876610177045,94.93189100347493,86.39752819882419,5355.407519531251,5288.773017578125,5142.075500488282,5386.830850922657,5341.212458935662,20.877250872728354,62.742297809415106,0.0,0.026180430355141393,0.02584358933331103,59.69970703125,-49.2998046875,116.9000015258789,1769.800048828125,55.417999267578125,13593.3701171875,5915.60009765625,7412.1298828125,1465.77001953125,20629.779296875,15.380000114440918,3183.949951171875,9159.3896484375
2012-09-17,5631.75,5652.2001953125,5585.14990234375,5610.0,0.0,74.74459686417062,60.04191900267506,27.560833913998408,32.48108508867665,94.22825086405174,92.17124863670362,5367.760009765625,5294.922021484375,5146.063750000001,5421.164566165325,5361.12264716265,23.38508273002399,63.58572603508188,0.0,0.005799951273861126,0.005783196310569196,67.05029296875,21.75,116.9000015258789,1767.699951171875,54.29800033569336,13553.099609375,5893.5,7403.68994140625,1461.18994140625,20658.109375,17.780000686645508,3178.669921875,9159.3896484375
2012-09-18,5602.39990234375,5620.5498046875,5586.4501953125,5600.0498046875,0.0,73.31150394826456,69.8644169643594,29.906665500546204,39.9577514638132,91.98618019373549,93.71544068708738,5379.447509765625,5300.377021484374,5150.531748046876,5448.685372091813,5378.820955127454,25.713783740369937,61.47957484507604,0.0,-0.0017736533533868615,-0.0017752281388536857,34.099609375,2.35009765625,112.02999877929688,1768.4000244140625,54.007999420166016,13564.6396484375,5868.2001953125,7347.68994140625,1459.3199462890625,20601.9296875,17.829999923706055,3177.800048828125,9123.76953125
2012-09-20,5536.9501953125,5581.35009765625,5534.89990234375,5554.25,0.0,66.94863503579919,73.11038488560098,26.52210673743022,46.58827814817076,85.31494606720122,90.50979237499615,5386.110009765625,5305.123017578125,5154.752749023439,5464.926084077688,5391.815699192087,26.713181066609113,61.74174109498132,0.0,-0.008178463814583092,-0.00821209092065133,46.4501953125,-17.2998046875,110.02999877929688,1767.699951171875,54.018001556396484,13596.9296875,5854.60009765625,7389.490234375,1460.260009765625,20590.919921875,18.6200008392334,3175.9599609375,9086.98046875
2012-09-21,5577.0,5720.0,5575.4501953125,5691.14990234375,0.0,74.16623421893753,85.74114529706549,31.322293719115784,54.4188515779497,86.6306241326563,87.97725013119766,5400.025,5313.443017578125,5158.95199951172,5499.729748426313,5413.988603129247,28.640987027935857,69.17090244533979,0.0,0.024647774648917542,0.024348919045650126,144.5498046875,-114.14990234375,111.41999816894531,1775.5,54.257999420166016,13579.4697265625,5852.60009765625,7451.6201171875,1460.1500244140625,20734.939453125,18.93000030517578,3179.9599609375,9110.0
2012-09-24,5691.9501953125,5709.85009765625,5662.75,5669.60009765625,0.0,71.51866311846972,92.94086039881586,30.81760705669292,62.123253342122936,87.28174478505481,86.40910499497078,5412.737500000001,5319.928017578125,5163.27449951172,5525.863648307842,5432.922787909026,30.431092563453547,67.59441638897623,0.0,-0.0037865466658373315,-0.003793733782301371,47.10009765625,22.35009765625,109.80999755859375,1762.0999755859375,53.358001708984375,13558.919921875,5838.7998046875,7413.16015625,1456.8900146484375,20694.69921875,18.829999923706055,3160.780029296875,9069.2900390625
2012-09-25,5674.89990234375,5702.7001953125,5652.4501953125,5673.89990234375,0.0,71.7354700905571,97.86551208723904,28.59380699609288,69.27170509114616,91.71457821378523,88.54231571049877,5427.097485351564,5327.28001953125,5167.483750000001,5548.638456621059,5450.77294453382,31.8780596717171,66.35552950404936,0.0,0.0007583964677293498,0.00075810903044665,50.25,1.0,110.44999694824219,1763.800048828125,53.46799850463867,13457.5498046875,5859.7001953125,7425.10986328125,1441.5899658203125,20698.6796875,17.110000610351562,3117.72998046875,9091.5400390625
2012-09-26,5653.39990234375,5672.7998046875,5638.64990234375,5663.4501953125,0.0,70.33420745822515,99.77498607325742,24.402624785689,75.37236128756842,89.86916891037623,89.62183063640542,5442.757495117188,5335.844023437499,5171.116750488282,5566.301801035127,5466.52681496187,32.92551788044785,64.13370596804583,0.0,-0.0018417150832945595,-0.0018434131257124254,34.14990234375,-10.05029296875,110.04000091552734,1750.5999755859375,53.358001708984375,13413.509765625,5768.10009765625,7276.509765625,1433.3199462890625,20527.73046875,16.969999313354492,3093.699951171875,8906.7001953125
2012-09-27,5673.75,5693.7001953125,5639.7001953125,5649.5,0.0,68.41295344120057,99.02113972884672,18.91902275302263,80.10211697582409,87.47996613504827,89.68790441973658,5460.842504882812,5344.2890234375,5174.113500976564,5579.101523952801,5480.080384223954,34.06215319498674,63.40986982747113,0.0,-0.0024631973146062025,-0.0024662359760189018,54.0,24.25,112.01000213623047,1777.5999755859375,53.507999420166016,13485.9697265625,5779.39990234375,7290.02001953125,1447.1500244140625,20762.2890625,16.90999984741211,3136.60009765625,8949.8701171875
2012-09-28,5684.7998046875,5735.14990234375,5683.4501953125,5703.2998046875,0.0,71.63136596514431,101.59379564799656,17.193342937737967,84.40045271025859,87.89301065646936,88.41404856729795,5480.2550048828125,5354.410019531249,5177.4342504882825,5598.208951758139,5496.615156110142,35.424646970757664,64.9984435786339,0.0,0.00952293206257182,0.009477874770864534,51.69970703125,-18.5,112.38999938964844,1771.0999755859375,53.007999420166016,13437.1298828125,5742.10009765625,7216.14990234375,1440.6700439453125,20840.380859375,16.15999984741211,3116.22998046875,8870.16015625
2012-10-01,5704.75,5722.9501953125,5694.0,5718.7998046875,0.0,72.50070645689465,103.68811244336393,15.430127786484277,88.25798465687966,90.29316257047296,88.5553797873302,5503.269995117187,5364.9290136718755,5180.715249023438,5616.761390670348,5513.073278226984,36.68981976254495,62.423568702481475,0.0,0.0027177249190477593,0.0027140385821359655,28.9501953125,-14.0498046875,112.19000244140625,1780.5,52.847999572753906,13515.1103515625,5820.5,7326.72998046875,1444.489990234375,20840.380859375,16.34000015258789,3113.530029296875,8796.509765625
2012-10-03,5727.7001953125,5743.25,5715.7998046875,5731.25,0.0,73.21083952605308,105.14050599807251,13.506017072954279,91.63448892511823,94.86856248973518,91.01824523889249,5527.144995117188,5375.228017578125,5184.653249511719,5634.37502287491,5529.234516876838,38.01709263163813,59.92547060319709,0.0,0.002177064373243942,0.00217469800247328,27.4501953125,-3.5498046875,108.16999816894531,1777.300048828125,52.39799880981445,13494.6103515625,5825.7998046875,7326.72998046875,1450.989990234375,20888.279296875,16.5,3135.22998046875,8746.8701171875
2012-10-04,5751.5498046875,5807.25,5751.35009765625,5787.60009765625,0.0,76.20580860377012,109.5754032571258,14.352731465606055,95.22267179151974,95.80312869850604,93.65495125290472,5552.825000000001,5386.126015625,5189.257749023438,5657.948111302809,5548.372708045683,39.67747624909947,61.0736512743973,0.0,0.009832078107960829,0.009784057731510025,55.89990234375,-36.05029296875,112.58000183105469,1794.0999755859375,52.15299987792969,13575.3603515625,5827.7998046875,7305.2099609375,1461.4000244140625,20907.94921875,16.440000534057617,3149.4599609375,8824.58984375
2012-10-05,5815.0,5815.35009765625,4888.2001953125,5746.9501953125,0.0,70.11604844777747,108.5585880650633,10.668733018834843,97.88985504622846,94.6961812317941,95.12262414001177,5578.887500000001,5396.963017578125,5194.16949951172,5671.640739611991,5563.082151546928,40.07538381301284,122.93624063649392,0.0,-0.007023619748747212,-0.007048401472376666,927.14990234375,68.0498046875,112.0199966430664,1778.5999755859375,51.737998962402344,13610.150390625,5871.0,7397.8701171875,1460.9300537109375,21012.380859375,16.780000686645508,3136.18994140625,8863.2998046875
2012-10-08,5751.85009765625,5751.85009765625,5666.2001953125,5676.0,0.0,60.95949113931097,100.86495843877401,2.3800827140364333,98.48487572473758,90.83134846050227,93.77688613026747,5600.767504882813,5408.124013671875,5198.546499023438,5672.3113950563,5571.446436617526,40.444869408075256,120.27293075844078,0.0,-0.012345712578189838,-0.012422553983974943,85.64990234375,75.85009765625,111.81999969482422,1773.5,51.90800094604492,13583.650390625,5841.7001953125,7291.2099609375,1455.8800048828125,20824.560546875,17.170000076293945,3112.35009765625,8863.2998046875
2012-10-09,5708.14990234375,5728.64990234375,5677.89990234375,5704.60009765625,0.0,63.053993671869144,95.96921699544237,-2.0125269834361745,97.98174397887854,88.54913683339802,91.35888884189814,5618.892504882812,5419.65201171875,5203.253249511719,5677.278887763985,5581.309670768543,40.78796317491893,115.44271444310573,0.0,0.00503877689504062,0.005026124741861446,50.75,3.5498046875,114.5,1763.0,52.63800048828125,13473.5302734375,5810.2998046875,7234.52978515625,1441.47998046875,20937.279296875,16.799999237060547,3065.02001953125,8769.58984375
2012-10-10,5671.14990234375,5686.5,5647.0498046875,5652.14990234375,0.0,57.01306023973145,86.85579467735624,-8.900759441217843,95.75655411857409,85.14083170643119,88.17377233344382,5633.327490234375,5430.5030078125,5207.782248535157,5673.412890007025,5586.557095329669,41.21855463970831,111.30754148065175,0.0,-0.009194368477125958,-0.009236897569122873,39.4501953125,19.0,114.33000183105469,1763.199951171875,52.71799850463867,13344.9697265625,5776.7001953125,7205.22998046875,1432.56005859375,20919.599609375,16.829999923706055,3051.780029296875,8596.23046875
2012-10-11,5663.5,5721.10009765625,5636.9501953125,5708.0498046875,0.0,61.271678826828555,83.18509082961282,-10.05717063116903,93.24226146078185,86.29310149604777,86.66102334529232,5649.22998046875,5443.80400390625,5213.064497070312,5678.7416461117145,5595.556555282102,41.26776110681207,109.3677101137302,0.0,0.009890024735644376,0.009841438524261526,84.14990234375,-44.5498046875,115.70999908447266,1768.800048828125,53.042999267578125,13326.3896484375,5829.7998046875,7281.7001953125,1432.8399658203125,20999.05078125,16.489999771118164,3049.409912109375,8546.7802734375
2012-10-12,5681.7001953125,5725.0,5659.35009765625,5676.0498046875,0.0,57.74496705931373,76.80849846081492,-13.147010399973553,89.95550886078847,85.26664781268339,85.56686033838744,5661.482470703125,5455.327998046874,5218.379245605469,5678.327516661835,5601.51901820102,41.2724814709761,106.24500955873162,0.0,-0.005606117867738569,-0.0056218911252959814,65.64990234375,5.650390625,114.62000274658203,1758.0,52.667999267578125,13328.849609375,5793.2998046875,7232.490234375,1428.5899658203125,21136.4296875,16.489999771118164,3044.110107421875,8534.1201171875
2012-10-15,5674.25,5693.7001953125,5651.0498046875,5687.25,0.0,58.64224591668935,71.83074510892857,-14.499811001487927,86.3305561104165,86.52858318284378,86.0294441638583,5674.077465820313,5465.077001953125,5224.0944946289055,5679.700206406169,5607.86946129724,41.31533111463131,101.70253677775081,0.0,0.001973237673716488,0.0019712933975172303,42.650390625,-13.0,115.80000305175781,1736.0,52.803001403808594,13424.23046875,5805.60009765625,7261.25,1440.1300048828125,21148.25,15.899999618530273,3064.179931640625,8577.9296875
2012-10-16,5705.60009765625,5714.0,5635.60009765625,5648.0,0.0,54.291352920699005,63.98115778071042,-17.87951866376487,81.86067644447529,84.36964410385559,85.38829169979425,5677.594970703125,5473.457001953125,5228.868745117188,5674.823251574451,5610.842093793741,41.115898495701686,100.0380628896079,0.0,-0.006901402259440026,-0.006925327076076647,78.39990234375,57.60009765625,115.06999969482422,1744.699951171875,53.01300048828125,13551.7802734375,5870.5,7376.27001953125,1454.9200439453125,21207.0703125,15.569999694824219,3101.169921875,8701.3095703125
2012-10-17,5681.10009765625,5684.35009765625,5633.89990234375,5660.25,0.0,55.403468691788156,58.07927417278188,-19.02512181735473,77.10439599013661,83.80160202682075,84.8999431045067,5680.107470703126,5481.852001953125,5233.500744628906,5672.581212870689,5614.5019386979075,40.94004105294249,96.49607234838592,0.0,0.0021689093484418276,0.0021665606600093767,50.4501953125,20.85009765625,115.06999969482422,1751.5,52.86800003051758,13557.0,5910.89990234375,7394.5498046875,1460.9100341796875,21416.640625,15.170000076293945,3104.1201171875,8806.5498046875
2012-10-18,5675.2998046875,5722.5,5650.5498046875,5718.7001953125,0.0,60.35941151494341,57.456112861894326,-15.718626502593821,73.17473936448815,84.93231437560048,84.36785350209226,5686.039990234376,5491.671005859375,5238.524245605469,5679.676440938661,5622.220328076766,40.293087804866055,94.74279541725122,0.0,0.010326433516629097,0.010273480136426792,71.9501953125,-43.400390625,115.06999969482422,1743.300048828125,52.86800003051758,13548.9404296875,5917.10009765625,7437.22998046875,1457.3399658203125,21518.7109375,14.760000228881836,3072.8701171875,8982.8603515625
2012-10-19,5703.2998046875,5711.7001953125,5660.0,5684.25,0.0,56.382380142592595,53.56494682003722,-15.68783403556074,69.25278085559796,86.23559158059051,84.98983599433724,5692.539990234375,5501.042001953125,5243.192995605468,5680.380065409636,5626.815118589599,39.692345503080794,92.16832398119756,0.0,-0.00602413033310234,-0.0060423486092661665,51.7001953125,19.0498046875,110.13999938964844,1722.800048828125,53.40800094604492,13343.509765625,5896.2001953125,7380.64013671875,1433.18994140625,21551.759765625,14.539999961853027,3005.6201171875,9002.6796875
2012-10-22,5667.60009765625,5721.5498046875,5658.0498046875,5717.14990234375,0.0,59.15052076181265,52.53037934663007,-13.37792120717431,65.90830055380438,88.28128387550822,86.48306327723307,5693.839990234375,5509.734003906251,5248.24974609375,5686.0369633995,5633.50658405287,38.99874967880909,90.12058655396918,0.0,0.005787905588907849,0.005771220015412784,63.5,-49.5498046875,109.44000244140625,1725.0999755859375,53.8380012512207,13345.8896484375,5882.89990234375,7328.0498046875,1433.8199462890625,21697.55078125,13.039999961853027,3016.9599609375,9010.7099609375
2012-10-23,5715.64990234375,5720.7998046875,5681.4501953125,5691.39990234375,0.0,56.14706951338352,49.0670529290428,-13.472998099809267,62.54005102885207,87.29977078541937,87.27221541383936,5694.92998046875,5516.827998046876,5253.475495605469,5686.862030929385,5637.794978000342,38.35469641341393,86.49408818404281,0.0,-0.004503992450756611,-0.004514165983925739,39.349609375,24.25,108.25,1708.300048828125,53.46799850463867,13102.5302734375,5797.89990234375,7173.68994140625,1413.1099853515625,21697.55078125,13.710000038146973,2990.4599609375,9014.25
2012-10-25,5688.7998046875,5718.75,5685.7001953125,5705.2998046875,0.0,57.40439017872641,46.90327597483156,-12.509420043216409,59.41269601804797,88.05656335421139,87.87920600504633,5696.499975585937,5524.173994140625,5258.880495605469,5689.698611507556,5642.7953355327245,37.75664695268986,82.67663936286118,0.0,0.0024422642200956357,0.0024392867397124295,33.0498046875,-16.5,108.48999786376953,1712.0,53.733001708984375,13103.6796875,5805.10009765625,7200.22998046875,1412.969970703125,21810.23046875,13.520000457763672,2986.1201171875,9055.2001953125
2012-10-29,5665.2001953125,5698.2998046875,5645.10009765625,5665.60009765625,0.0,52.752290705735895,41.506570666620064,-14.324900281142327,55.83147094776239,67.21240868854608,80.85624760939227,5696.607470703126,5531.026992187501,5263.381997070313,5685.991147838125,5644.4845771715045,37.546764117723704,81.07114419631752,0.0,-0.006958391038211942,-0.006982713537108193,53.19970703125,-0.39990234375,108.48999786376953,1712.0,53.54800033569336,13103.6796875,5795.10009765625,7203.16015625,1412.969970703125,21511.05078125,15.119999885559082,2986.1201171875,8929.33984375
2012-10-30,5656.35009765625,5689.89990234375,5589.89990234375,5597.89990234375,0.0,45.91826431636926,31.404788013700454,-19.541346347249558,50.94613436095001,40.257313528302724,65.17542852368673,5694.0274658203125,5536.576992187501,5267.623247070313,5672.438648531297,5641.033860517597,37.77949246316424,82.42320532515198,0.0,-0.01194934237248868,-0.012021309646340173,100.0,58.4501953125,108.48999786376953,1712.0,54.077999114990234,13103.6796875,5849.89990234375,7284.39990234375,1412.969970703125,21428.580078125,15.170000076293945,2986.1201171875,8841.98046875
2012-10-31,5596.75,5624.39990234375,5583.0498046875,5619.7001953125,0.0,48.24345050816685,24.87145132286605,-20.859746430467176,45.73119775333323,19.48695722466085,42.31889314716988,5689.847485351563,5542.0129980468755,5271.971997070314,5664.32504034379,5639.453589020924,38.04686692457353,79.48941192023042,0.0,0.0038943699153359823,0.0038868064869830134,41.35009765625,-22.9501953125,108.69999694824219,1717.5,53.95800018310547,13096.4599609375,5782.7001953125,7260.6298828125,1412.1600341796875,21641.8203125,14.399999618530273,2977.22998046875,8928.2900390625
2012-11-01,5609.85009765625,5649.75,5601.9501953125,5645.0498046875,0.0,50.88763403529521,21.491495958847736,-19.391761435588393,40.88325739443613,25.087415614462813,28.27722878914213,5686.159985351563,5547.3069921875,5276.4267456054695,5661.359619473592,5639.868123514744,37.829157850481785,77.22586854646397,0.0,0.0045108472861496995,0.0045007039065821375,47.7998046875,-35.19970703125,108.16999816894531,1714.0999755859375,53.87799835205078,13232.6201171875,5861.89990234375,7335.669921875,1427.5899658203125,21821.869140625,14.079999923706055,3020.06005859375,8946.8701171875
2012-11-02,5696.35009765625,5711.2998046875,5682.5498046875,5697.7001953125,0.0,55.92427251385305,22.7984966100139,-14.467808627537785,37.266305237551684,50.08817371483083,31.55418218465149,5684.482495117188,5554.0019921875,5281.201247558594,5666.950477294962,5644.151980684948,36.58974927071511,76.44187793600227,0.0,0.009326824819380741,0.009283598556758567,28.75,-1.35009765625,105.68000030517578,1674.0999755859375,53.65299987792969,13093.16015625,5868.60009765625,7363.85009765625,1414.199951171875,22111.330078125,13.65999984741211,2982.1298828125,9051.2197265625
2012-11-05,5693.0498046875,5709.2001953125,5679.5,5704.2001953125,0.0,56.517149201850955,24.0812065605287,-10.548078941618392,34.62928550214709,70.44083548033333,48.53880826987566,5680.3125,5560.76,5285.47449951172,5672.681203143814,5648.599996583285,35.4712879953438,73.10318632003782,0.0,0.0011408111654149788,0.001140160934837295,29.7001953125,-11.150390625,107.7300033569336,1682.199951171875,53.80799865722656,13112.4404296875,5839.10009765625,7326.47021484375,1417.260009765625,22006.400390625,14.630000114440918,2999.659912109375,9007.4404296875
2012-11-06,5694.10009765625,5730.7998046875,5693.64990234375,5724.39990234375,0.0,58.39031289875318,26.423121680256372,-6.564931057512574,32.988052737768946,87.77121338910398,69.43340752808938,5679.184985351562,5566.827998046876,5289.791748046876,5680.63792609765,5654.214804417394,34.07239549129681,70.53509460744584,0.0,0.003541198825358416,0.003534943543911931,37.14990234375,-30.2998046875,111.06999969482422,1714.0999755859375,54.5880012512207,13245.6796875,5884.89990234375,7377.759765625,1428.3900146484375,21944.4296875,15.210000038146973,3011.929931640625,8975.150390625
2012-11-07,5718.60009765625,5777.2998046875,5711.39990234375,5760.10009765625,0.0,61.54341908969033,30.804716096079574,-1.7466693133514966,32.55138540943107,91.2303940221122,83.14748096384983,5683.389990234375,5573.772998046876,5294.435998535157,5692.862875568204,5662.058159472124,32.0434872156129,70.20400944575329,0.0,0.0062364956888989465,0.0062171292271889006,65.89990234375,-41.5,106.81999969482422,1713.199951171875,54.417999267578125,12932.73046875,5791.60009765625,7232.830078125,1394.530029296875,22099.849609375,14.510000228881836,2937.2900390625,8972.8896484375
2012-11-08,5709.0,5744.5,5693.9501953125,5738.75,0.0,58.679602078349355,32.18339662483322,-0.2943910276782802,32.4777876525115,88.98951582565161,89.33037441228925,5685.097485351563,5580.24099609375,5298.799748535157,5699.922433173096,5667.739036548262,30.391360052720138,69.91443036703876,0.0,-0.0037065497637683853,-0.0037134360408294775,50.5498046875,-29.75,107.25,1725.4000244140625,54.198001861572266,12811.3203125,5776.10009765625,7204.9599609375,1377.510009765625,21566.91015625,14.220000267028809,2895.580078125,8837.150390625
2012-11-09,5731.10009765625,5751.7001953125,5677.75,5686.25,0.0,52.24195471302412,28.70876288952695,-3.0152198103876415,31.723982699914593,74.8092121138996,85.00970732055447,5686.802490234375,5586.2319921875005,5302.861499023437,5697.818981915696,5669.110219026169,29.073635000216385,70.20269929171457,0.0,-0.009148333696362476,-0.009190436679217989,73.9501953125,44.85009765625,109.4000015258789,1730.300048828125,54.358001708984375,12815.3896484375,5769.7001953125,7163.5,1379.8499755859375,21384.380859375,14.369999885559082,2904.8701171875,8757.599609375
2012-11-12,5688.4501953125,5718.89990234375,5665.75,5683.7001953125,0.0,51.94389257632993,25.45590288947824,-5.014463848349088,30.470366737827327,61.69897576147575,75.16590123367564,5685.585009765626,5592.900996093749,5306.443500976562,5695.64686089982,5670.190958010342,28.01259793454529,68.98464236685996,0.0,-0.00044841586062871475,-0.00044851642908619777,53.14990234375,4.75,109.06999969482422,1730.300048828125,54.5880012512207,12815.080078125,5767.2998046875,7168.759765625,1380.030029296875,21430.30078125,14.859999656677246,2904.25,8676.4404296875
2012-11-15,5650.35009765625,5651.64990234375,5603.5498046875,5631.0,0.0,46.090725401716206,18.41326590850531,-9.645680663457618,28.058946571962927,43.20905727155727,59.90574838231087,5683.33251953125,5599.764999999999,5309.819501953125,5685.701189992155,5667.28792408365,27.79988644798233,69.78219581386996,0.0,-0.009272163115845444,-0.009315417200509159,48.10009765625,19.35009765625,110.9800033569336,1713.300048828125,54.803001403808594,12542.3798828125,5677.7998046875,7043.419921875,1353.3299560546875,21108.9296875,15.529999732971191,2836.93994140625,8829.7197265625
2012-11-16,5624.7998046875,5650.14990234375,5559.7998046875,5574.0498046875,0.0,40.747265201407174,8.142657070467067,-15.933031601196689,24.075688671663755,27.683794092738058,44.197275708590354,5677.672509765625,5604.945,5312.597751464844,5668.52405379144,5660.381396720973,28.069184938565392,71.25133165975426,0.0,-0.010113691229355348,-0.010165182073687593,90.35009765625,50.75,110.9800033569336,1714.300048828125,54.698001861572266,12588.3095703125,5605.60009765625,6950.52978515625,1359.8800048828125,21159.009765625,16.219999313354492,2853.1298828125,9024.16015625
2012-11-19,5577.2998046875,5592.75,5549.25,5571.39990234375,0.0,40.511916848601416,-0.20829826961107756,-19.427189553019865,19.218891283408787,13.649752383441262,28.180867915912195,5673.842504882812,5611.202998046875,5315.211750488282,5653.581876645641,5653.7901749152525,28.427455985663407,69.26909368405754,0.0,-0.00047539983254574203,-0.0004755128708731552,43.5,5.89990234375,110.83999633789062,1734.0,55.15800094604492,12795.9599609375,5737.7001953125,7123.83984375,1386.8900146484375,21262.060546875,16.68000030517578,2916.070068359375,9153.2001953125
2012-11-20,5604.7998046875,5613.7001953125,5548.35009765625,5571.5498046875,0.0,40.53284125389459,-6.736737756272305,-20.764503231744875,14.027765475472568,8.799191260952473,16.710912579043928,5669.407495117188,5617.558994140625,5317.838249511719,5640.961557882851,5647.698295639123,28.330420078604842,68.989165396357,0.0,2.6905687327660743e-05,2.6905325376147813e-05,65.35009765625,33.25,109.83000183105469,1723.199951171875,55.05799865722656,12788.509765625,5748.10009765625,7172.990234375,1387.81005859375,21228.279296875,15.8100004196167,2916.679931640625,9142.6396484375
2012-11-21,5582.5,5620.2001953125,5561.39990234375,5614.7998046875,0.0,46.39175506824786,-8.324697607573398,-17.881970466436773,9.557272858863374,16.289854382138692,12.91293267551081,5664.212475585939,5624.374990234375,5320.275498046875,5636.936672775873,5645.261370383447,28.10526625388171,68.26138879438507,0.0,0.007762651598952397,0.007732677239436856,58.80029296875,-32.2998046875,110.86000061035156,1727.9000244140625,55.097999572753906,12836.8896484375,5752.0,7184.7099609375,1391.030029296875,21524.359375,15.460000038146973,2926.550048828125,9222.51953125
2012-11-22,5628.60009765625,5643.35009765625,5608.0,5627.75,0.0,48.04243768436347,-8.440893333862732,-14.398532954180887,5.957639620318154,24.612292745902188,16.567112796331116,5661.387475585938,5632.415986328125,5322.622749023438,5635.523338502662,5643.964231836525,27.413471657546438,65.91058228451828,0.0,0.002306439367916191,0.002303783619401963,35.35009765625,0.85009765625,110.86000061035156,1727.9000244140625,55.108001708984375,12836.8896484375,5791.0,7244.990234375,1391.030029296875,21743.19921875,14.90999984741211,2926.550048828125,9366.7998046875
2012-11-23,5635.4501953125,5637.75,5593.5498046875,5626.60009765625,0.0,47.90139535333423,-8.527467456425256,-11.588085661394729,3.0606182049694715,32.62719605990614,24.509781062649004,5656.8599853515625,5640.179990234375,5324.732248535157,5634.1505322185985,5642.677999675024,26.975161080536672,64.35984035794554,0.0,-0.00020432719004037647,-0.0002043480676846334,44.2001953125,8.85009765625,111.37999725341797,1751.300048828125,55.20800018310547,13009.5302734375,5819.10009765625,7309.1298828125,1409.1500244140625,21913.98046875,14.680000305175781,2966.85009765625,9366.7998046875
2012-11-26,5648.64990234375,5649.2001953125,5623.4501953125,5635.89990234375,0.0,49.20031712014935,-7.756252307219256,-8.653496409750982,0.8972441025317262,35.69920954995034,30.97956611858622,5654.084985351563,5646.055986328125,5327.475249023439,5634.419666084006,5642.175918391225,26.316790030472124,61.60199461809229,0.0,0.001652828444547394,0.001651464026839213,25.75,12.75,110.91999816894531,1749.5,55.44300079345703,12967.3701171875,5786.7001953125,7292.02978515625,1406.2900390625,21861.810546875,14.670000076293945,2976.780029296875,9388.9404296875
2012-11-27,5658.5,5733.2001953125,5658.0,5727.4501953125,0.0,59.820500571820354,0.23952369957714836,-0.5261763223636623,0.7657000219408107,50.214798527298925,39.51373471238513,5655.1925048828125,5653.335986328126,5330.116250000001,5648.732055196082,5648.492531496505,24.73726684897408,64.15187307171071,0.0,0.016244130405985047,0.016113606124935557,75.2001953125,-68.9501953125,109.87000274658203,1742.199951171875,55.63600158691406,12878.1298828125,5799.7001953125,7332.330078125,1398.93994140625,21844.029296875,13.960000038146973,2967.7900390625,9423.2998046875
2012-11-29,5736.7001953125,5833.5,5736.10009765625,5825.0,0.0,67.59445075795783,14.283041757470528,10.813873388423774,3.4691683690467543,71.16189850083106,52.35863552602677,5663.1625,5662.035986328125,5333.062749023438,5675.850200550531,5661.56715879306,24.59411815854687,67.14458247283852,0.0,0.0170319778192638,0.016888559855538453,97.39990234375,-88.2998046875,110.76000213623047,1727.199951171875,55.702999114990234,13021.8203125,5870.2998046875,7400.9599609375,1415.949951171875,21922.890625,15.369999885559082,3012.030029296875,9400.8798828125
2012-11-30,5836.0,5885.25,5827.85009765625,5879.85009765625,0.0,70.99287506536128,29.498534729737003,20.823493088552198,8.675041641184805,91.21437351424746,70.86369018079247,5677.260009765625,5671.01298828125,5336.112499999999,5707.234800105256,5677.736265375519,24.996799110535548,66.65211229620719,0.0,0.009416325777896972,0.009372268537928177,57.39990234375,-43.85009765625,111.2300033569336,1710.9000244140625,54.8380012512207,13025.580078125,5866.7998046875,7405.5,1416.1800537109375,22030.390625,15.149999618530273,3010.239990234375,9446.009765625
2012-12-03,5878.25,5899.14990234375,5854.60009765625,5870.9501953125,0.0,69.71532193224398,40.373375649480295,25.35866720663639,15.014708442843904,95.7925337494728,86.05626858818377,5689.822509765625,5679.724990234375,5338.838000488281,5732.421783983294,5692.048408333813,25.506790338955316,65.0733760384424,0.0,-0.001513627421776853,-0.0015147741130177722,44.5498046875,7.2998046875,110.91999816894531,1719.5999755859375,54.257999420166016,12965.599609375,5871.2001953125,7435.2099609375,1409.4599609375,21767.849609375,15.619999885559082,3002.199951171875,9458.1796875
2012-12-04,5866.7998046875,5894.9501953125,5859.0,5889.25,0.0,70.87586982412449,49.89326818959853,27.9028477974037,21.990420392194828,95.84546497398102,94.28412407923375,5702.03251953125,5685.9569921875,5341.476000976563,5756.549201832018,5706.65593364242,25.980353622487957,62.993148843732236,0.0,0.00311700901535672,0.0031121612139040416,35.9501953125,-22.4501953125,109.83999633789062,1694.4000244140625,54.768001556396484,12951.7802734375,5869.0,7435.1201171875,1407.050048828125,21799.970703125,15.90999984741211,2996.68994140625,9432.4599609375
2012-12-05,5906.60009765625,5917.7998046875,5891.35009765625,5900.5,0.0,71.59648425763898,57.680725100635755,28.552243766752742,29.128481333883013,94.81887623708596,95.48562498684659,5712.172509765625,5691.7669921875,5344.302751464844,5778.695478473246,5721.01475337261,26.659944667166855,60.53290997542993,0.0,0.001910260219892157,0.0019084379930875174,26.44970703125,6.10009765625,108.80999755859375,1692.4000244140625,54.67300033569336,13034.490234375,5892.10009765625,7454.5498046875,1409.280029296875,22270.91015625,16.6200008392334,2973.699951171875,9468.83984375
2012-12-06,5926.2998046875,5942.5498046875,5838.89990234375,5930.89990234375,0.0,73.50427259447557,65.5497422395465,29.137008724530787,36.41273351501572,96.5133293885017,95.72589019985621,5723.507495117188,5698.383994140626,5347.116501464845,5802.111543684093,5736.561801444546,26.236193157328746,63.612695144595655,0.0,0.005152089203245502,0.005138862601968067,103.64990234375,-4.60009765625,107.02999877929688,1700.300048828125,54.53799819946289,13074.0400390625,5901.39990234375,7534.5400390625,1413.93994140625,22249.810546875,15.239999771118164,2989.27001953125,9545.16015625
2012-12-07,5934.0,5949.85009765625,5888.64990234375,5907.39990234375,0.0,69.61183609866183,69.09327712342656,26.144434886728675,42.948842236697885,93.9297274379154,95.08731102116768,5732.657495117188,5705.446992187501,5349.591750488282,5818.309752708655,5749.216475585228,25.93372431943631,63.4403737280174,0.0,-0.0039622992103969246,-0.00397016991551854,61.2001953125,26.60009765625,107.0199966430664,1704.0,54.132999420166016,13155.1298828125,5914.39990234375,7517.7998046875,1418.0699462890625,22191.169921875,14.960000038146973,2978.0400390625,9527.3896484375
2012-12-10,5916.0498046875,5919.9501953125,5888.10009765625,5908.89990234375,0.0,69.7220518012678,71.20182123902032,22.60238320185794,48.59943803716238,92.09082268828791,94.177959838235,5740.097485351564,5709.8019921875,5352.22824951172,5832.246698806362,5761.044877567341,25.641514438365434,61.183925437176875,0.0,0.0002539188178889429,0.00025388658596198357,31.85009765625,7.14990234375,107.33000183105469,1713.0,54.3380012512207,13169.8798828125,5921.60009765625,7530.919921875,1418.550048828125,22276.720703125,14.510000228881836,2986.9599609375,9533.75
2012-12-11,5923.7998046875,5965.14990234375,5865.4501953125,5898.7998046875,0.0,67.93534297444438,71.23669192978195,18.109803114095662,53.12688881568629,87.5981124603525,91.20622086218526,5748.0999755859375,5714.385986328125,5354.771247558594,5842.48563817269,5771.2489462429085,25.94717776116301,63.93505269389638,0.0,-0.001709302547542535,-0.001710765071977491,99.69970703125,25.0,108.01000213623047,1708.199951171875,54.487998962402344,13248.4404296875,5925.0,7589.75,1427.8399658203125,22323.939453125,14.670000076293945,3022.300048828125,9525.3203125
2012-12-12,5917.7998046875,5924.60009765625,5874.25,5888.0,0.0,65.98808208314216,69.5906752374467,13.171029137408325,56.41964610003838,84.20189932873365,87.96361149245801,5758.187475585937,5718.66798828125,5357.130998535156,5849.487847684584,5779.897172447138,26.231007989475046,62.964698762635926,0.0,-0.001830847807196001,-0.001832525857525198,50.35009765625,29.7998046875,109.5,1716.5999755859375,54.257999420166016,13245.4501953125,5945.89990234375,7614.7900390625,1428.47998046875,22503.349609375,14.510000228881836,3013.81005859375,9581.4599609375
2012-12-13,5900.35009765625,5907.4501953125,5841.35009765625,5851.5,0.0,59.75420170370621,64.59632398006306,6.541342304019743,58.05498167604332,77.40702416753926,83.0690119855418,5766.577465820313,5722.428984375,5358.7287475585945,5849.797409579264,5785.201085599201,25.749857868993317,63.18865582646551,0.0,-0.006199048913043459,-0.006218342793891255,66.10009765625,48.85009765625,107.91000366210938,1695.5999755859375,54.31800079345703,13170.7197265625,5929.60009765625,7581.97998046875,1419.449951171875,22445.580078125,14.710000038146973,2992.159912109375,9742.73046875
2012-12-14,5846.89990234375,5886.10009765625,5839.14990234375,5879.60009765625,0.0,62.67743882596357,62.18883350335091,3.3070814618460673,58.88175204150484,74.53932903953702,78.7160841786033,5779.007470703125,5727.030986328125,5360.516997070314,5854.382438514185,5792.193605010834,25.254029505665436,62.028765789753685,0.0,0.004802204162394297,0.004790710362347276,46.9501953125,-32.7001953125,109.1500015258789,1695.800048828125,54.45800018310547,13135.009765625,5921.7998046875,7596.47021484375,1413.5799560546875,22605.98046875,14.229999542236328,2971.330078125,9737.5595703125
2012-12-17,5860.5,5886.0498046875,5850.14990234375,5857.89990234375,0.0,59.10698979407964,57.86284864905065,-0.8151227139633619,58.67797136301401,69.82057441784926,73.92230920830852,5793.199975585938,5730.12298828125,5361.984997558594,5854.923586795656,5797.060738146605,24.79361745400383,60.162418400753424,0.0,-0.0036907604177280895,-0.0036975880786428313,35.89990234375,2.60009765625,109.1500015258789,1697.0,54.4379997253418,13235.3896484375,5912.2001953125,7604.93994140625,1430.3599853515625,22513.609375,14.920000076293945,3010.60009765625,9828.8798828125
2012-12-18,5873.60009765625,5905.7998046875,5823.14990234375,5896.7998046875,0.0,63.15851273168834,56.917264706305104,-1.4085653253671282,58.32583003167223,70.06831198565835,71.4760718143482,5809.469970703125,5733.682988281251,5363.433247070312,5861.366081855939,5804.448817149634,23.724536607109464,61.76866725382461,0.0,0.006640588434805084,0.006618636854775263,82.64990234375,-23.19970703125,109.1500015258789,1669.5,54.847999572753906,13350.9599609375,5935.89990234375,7653.580078125,1446.7900390625,22494.73046875,14.4399995803833,3054.530029296875,9923.009765625
2012-12-19,5917.2998046875,5939.39990234375,5910.7998046875,5929.60009765625,0.0,66.19944628822127,58.14434037594856,-0.14519172457894314,58.2895321005275,70.06880277906814,69.98589639419191,5827.372485351562,5737.649990234375,5365.554497070312,5871.863622748295,5813.719282372346,23.32435654207877,60.39948371114071,0.0,0.00556238876257531,0.005546975807021157,28.60009765625,-12.30029296875,110.36000061035156,1666.5,54.847999572753906,13251.9697265625,5961.60009765625,7668.5,1435.81005859375,22623.369140625,14.470000267028809,3044.360107421875,10160.400390625
2012-12-20,5934.4501953125,5937.60009765625,5881.4501953125,5916.39990234375,0.0,63.913074746312674,57.390103848592844,-0.7195426015477295,58.10964645014057,70.26440871102116,70.13384115858254,5842.452490234375,5740.225986328125,5367.719997558594,5878.715358070673,5821.32525422208,22.28076098692249,60.09594218489852,0.0,-0.002226152707619833,-0.00222863426913261,56.14990234375,18.05029296875,110.19999694824219,1644.9000244140625,54.54800033569336,13311.7197265625,5958.2998046875,7672.10009765625,1443.68994140625,22659.779296875,14.319999694824219,3050.389892578125,10039.330078125
2012-12-21,5888.0,5888.0,5841.64990234375,5847.7001953125,0.0,53.547550550341235,50.66484100730395,-5.955844354269303,56.62068536157325,52.64095969043427,64.32472372684119,5853.450000000001,5742.240986328125,5369.8119995117195,5873.943794569415,5823.278953562111,20.875954814481606,61.142660600262914,0.0,-0.011611741627545302,-0.011679684367163802,46.35009765625,40.2998046875,108.97000122070312,1659.0999755859375,54.847999572753906,13190.83984375,5940.0,7636.22998046875,1430.1500244140625,22506.2890625,14.630000114440918,3021.010009765625,9940.0595703125
2012-12-24,5869.0,5871.89990234375,5844.7001953125,5855.75,0.0,54.47914545896825,45.46053298982952,-8.928121897394988,54.388654887224504,35.30525601525821,52.736874805571205,5864.907495117188,5745.835986328125,5372.684748535157,5871.144749251043,5825.684216261214,19.571491940072214,58.71816391676199,0.0,0.001376576161334686,0.0013756295489937814,27.19970703125,13.25,108.80000305175781,1658.5999755859375,55.05799865722656,13138.9296875,5954.2001953125,7636.22998046875,1426.6600341796875,22541.1796875,14.489999771118164,3012.60009765625,9940.0595703125
2012-12-26,5864.9501953125,5917.2998046875,5859.5498046875,5905.60009765625,0.0,59.849192876932534,44.84166090324925,-7.63759518718021,52.47925609042946,32.77009059565728,40.23876876711658,5878.392504882813,5749.855986328125,5375.335249023438,5876.445572082614,5831.603911179364,18.874784292825645,58.92042397181471,0.0,0.008513016719677191,0.008476985338926086,57.75,-40.64990234375,111.06999969482422,1659.800048828125,55.007999420166016,13114.58984375,5954.2001953125,7636.22998046875,1419.8299560546875,22541.1796875,14.100000381469727,2990.159912109375,10230.3603515625
2012-12-27,5930.2001953125,5930.7998046875,5864.7001953125,5870.10009765625,0.0,54.883744499205534,41.01386469976569,-9.172313112531015,50.186177812296705,38.02828363409624,35.36787674833724,5885.525000000001,5754.214990234375,5377.759748535157,5875.469345247788,5834.455480548022,18.468405997484467,59.433222929185085,0.0,-0.006011243466026217,-0.006029383723567037,66.099609375,60.10009765625,110.80000305175781,1662.5999755859375,54.8380012512207,13096.3095703125,5954.2998046875,7655.8798828125,1418.0999755859375,22619.779296875,13.739999771118164,2985.909912109375,10322.98046875
2012-12-28,5887.14990234375,5915.75,5879.5,5908.35009765625,0.0,58.845646482376566,40.598766652025006,-7.669928928217367,48.26869558024237,50.375724398474176,40.39136620940923,5889.692504882813,5758.220996093751,5380.602749023437,5880.527922541398,5839.929155889373,18.091054723239083,58.44870003022543,0.0,0.006516072871614487,0.0064949350428471515,36.25,-21.2001953125,110.62000274658203,1654.9000244140625,54.94200134277344,12938.1103515625,5925.39990234375,7612.39013671875,1402.4300537109375,22666.58984375,13.630000114440918,2960.31005859375,10395.1796875
2012-12-31,5901.2001953125,5919.0,5897.14990234375,5905.10009765625,0.0,58.37656764440611,39.551624117162646,-6.973657170463788,46.525281287626434,50.2583535064554,46.22078717967527,5890.955004882813,5762.802001953125,5383.331499023438,5884.308257174453,5844.75663305729,17.804647697109527,55.83451414637005,0.0,-0.0005500689610944409,-0.0005502203045275154,21.85009765625,-3.89990234375,111.11000061035156,1674.800048828125,54.75299835205078,13104.1396484375,5897.7998046875,7612.39013671875,1426.18994140625,22656.919921875,14.949999809265137,3019.510009765625,10395.1796875
2013-01-02,5982.60009765625,6006.0498046875,5982.0,5993.25,0.0,66.23772314283434,45.31238358174687,-0.9703181647036487,46.28270174645052,70.2377619947098,56.95727996654645,5897.069995117188,5768.922001953126,5386.895998535158,5901.06852530146,5855.756141719713,18.94642802017458,59.057027923861476,0.0,0.014927757512313233,0.01481743509598375,24.0498046875,-10.64990234375,112.47000122070312,1687.9000244140625,54.678001403808594,13412.5498046875,6027.39990234375,7778.77978515625,1462.4200439453125,23311.98046875,13.710000038146973,3112.260009765625,10395.1796875
2013-01-03,6015.7998046875,6017.0,5986.5498046875,6009.5,0.0,67.45786615478502,50.60571497329602,3.4584105814764,47.14730439181962,82.28139317848051,67.59250289321523,5903.082495117187,5776.152001953125,5390.831499023438,5917.750290639697,5867.144575666401,20.149182881064036,57.01368273733566,0.0,0.0027113836399281777,0.0027077144701615867,30.4501953125,6.2998046875,112.13999938964844,1673.699951171875,54.347999572753906,13391.3603515625,6047.2998046875,7756.43994140625,1459.3699951171875,23398.599609375,13.470000267028809,3100.570068359375,10395.1796875
2013-01-04,6011.9501953125,6020.75,5981.5498046875,6016.14990234375,0.0,67.96802949982668,54.70668516819023,6.047504621096486,48.65918054709375,95.60159696415312,82.70691737911447,5908.864990234375,5783.27,5394.809997558594,5932.8886924403205,5878.18200727213,21.12438977974486,55.74129077841882,0.0,0.0011065649960479984,0.0011059532042860644,39.2001953125,-4.19970703125,111.30999755859375,1648.0999755859375,54.49800109863281,13435.2099609375,6089.7998046875,7776.3701171875,1466.469970703125,23331.08984375,13.369999885559082,3101.659912109375,10688.1103515625
2013-01-07,6042.14990234375,6042.14990234375,5977.14990234375,5988.39990234375,0.0,63.49467869156417,55.082582783355974,5.138721789009779,49.943860994346196,89.75322286885272,89.21207100382878,5911.739990234375,5788.663994140626,5398.0842480468755,5941.42887857931,5886.346295795954,22.328137161232533,56.40262715138891,0.0,-0.004612584535034436,-0.004623255329017686,65.0,53.75,111.4000015258789,1645.5,54.880001068115234,13384.2900390625,6064.60009765625,7732.66015625,1461.8900146484375,23329.75,13.920000076293945,3098.81005859375,10599.009765625
2013-01-08,5983.4501953125,6007.0498046875,5964.39990234375,6001.7001953125,0.0,64.69406449839923,55.8103597524796,4.693199006506717,51.11716074597288,84.88615055073788,90.0803234612479,5916.455004882812,5795.0129980468755,5401.295,5950.701388845955,5894.8910290934755,23.062616817860107,55.420289665129,0.0,0.0022210094826073945,0.0022185466869673303,42.64990234375,-18.25,111.94000244140625,1661.5,55.21799850463867,13328.849609375,6053.60009765625,7695.830078125,1457.1500244140625,23111.189453125,13.270000457763672,3091.81005859375,10508.0595703125
2013-01-09,6006.2001953125,6020.10009765625,5958.4501953125,5971.5,0.0,59.88301714767694,53.335407498203494,1.774597401784483,51.56081009641901,73.91652537374458,82.85196626444505,5919.585009765625,5800.1,5404.004999999999,5953.901175177347,5900.565767679143,23.94249983257878,55.86526199931621,0.0,-0.005031940005281732,-0.005044642846597446,61.64990234375,34.7001953125,111.76000213623047,1654.800048828125,54.987998962402344,13390.509765625,6098.7001953125,7720.47021484375,1461.02001953125,23218.470703125,13.319999694824219,3105.81005859375,10578.5703125
2013-01-10,5998.7998046875,6005.14990234375,5947.2998046875,5968.64990234375,0.0,59.433813305206364,50.56117321246529,-0.7997095071629801,51.36088271962827,69.87820033398476,76.22695875282241,5923.0775146484375,5805.6449999999995,5406.5287499999995,5956.170210126024,5905.609036913559,24.40710623194203,56.00703597481148,0.0,-0.00047728337205898974,-0.0004773973080222145,57.85009765625,30.14990234375,111.88999938964844,1677.300048828125,54.74800109863281,13471.2197265625,6101.5,7708.47021484375,1472.1199951171875,23354.310546875,13.270000457763672,3121.760009765625,10652.6396484375
2013-01-11,6012.39990234375,6018.85009765625,5940.60009765625,5951.2998046875,0.0,56.648004720677264,46.427378751489414,-3.946803174511089,50.3741819260005,60.93100581878636,68.24191050883857,5926.242504882812,5810.565,5409.382749023438,5955.420916981637,5908.993538230147,25.06708412830552,57.595819119467805,0.0,-0.0029068713930493484,-0.0029111045491811488,78.25,61.10009765625,110.63999938964844,1660.0,54.55799865722656,13488.4296875,6121.60009765625,7715.52978515625,1472.050048828125,23264.0703125,13.229999542236328,3125.6298828125,10801.5703125
2013-01-14,5967.2001953125,6036.89990234375,5962.14990234375,6024.0498046875,0.0,64.22091287649309,48.462982763529,-1.528959329977205,49.9919420935062,69.6209785766131,66.81006157646141,5934.8699951171875,5817.733994140625,5412.913498535156,5965.979207397924,5917.516224634395,25.970330352483572,59.59612472923796,0.0,0.01222422031951731,0.012150107904682364,74.75,-56.849609375,111.87999725341797,1668.9000244140625,54.86800003051758,13507.3203125,6107.89990234375,7729.52001953125,1470.6800537109375,23413.259765625,13.699999809265137,3117.5,10801.5703125
2013-01-15,6037.85009765625,6068.5,6018.60009765625,6056.60009765625,0.0,66.99865442207233,52.102149075157286,1.68816558532086,50.413983489836426,79.94206650868082,70.16468363469343,5943.719995117188,5826.907998046876,5416.91125,5979.920882822283,5927.818733747125,27.269814862089028,58.903537415988815,0.0,0.005403390414106646,0.005388844474855894,49.89990234375,-18.75,110.30000305175781,1683.4000244140625,54.49300003051758,13534.8896484375,6117.2998046875,7675.91015625,1472.3399658203125,23381.509765625,13.579999923706055,3110.780029296875,10879.080078125
2013-01-16,6049.0,6055.9501953125,5992.0498046875,6001.85009765625,0.0,58.7383137541487,49.99206970021987,-0.3375310316932456,50.32960073191312,84.1447848319725,77.90260997242214,5950.917504882813,5834.550996093751,5420.546249999999,5983.294608181354,5933.302538481134,27.594233167842994,59.3068770983289,0.0,-0.00903972511263984,-0.00908083134121998,63.900390625,47.14990234375,110.61000061035156,1682.699951171875,54.612998962402344,13511.23046875,6104.0,7691.1298828125,1472.6300048828125,23356.990234375,13.989999771118164,3117.5400390625,10600.4404296875
2013-01-17,6001.25,6053.2001953125,5988.10009765625,6039.2001953125,0.0,62.165315287679555,50.748658382460235,0.3352461204376951,50.41341226202254,82.03291769468436,82.03992301177922,5958.037524414063,5842.434003906251,5423.9175,5991.8954677399925,5941.146809357532,27.76799669316818,59.720678566751836,0.0,0.0062230973863934835,0.006203813876608185,65.10009765625,-37.9501953125,110.61000061035156,1690.4000244140625,54.6879997253418,13596.01953125,6132.39990234375,7735.4599609375,1480.93994140625,23339.759765625,14.010000228881836,3136.0,10609.6396484375
2013-01-18,6059.85009765625,6083.39990234375,6048.2998046875,6064.39990234375,0.0,64.31858217956861,52.77332804331854,1.8879326250367967,50.885395418281746,80.53083370689464,82.23617874451716,5964.777514648437,5849.767998046876,5428.097248535156,6003.04999614057,5950.276668097252,28.430699803093233,58.61203774278742,0.0,0.0041726894648748125,0.004164007938021129,35.10009765625,-4.5498046875,110.61000061035156,1686.5999755859375,54.347999572753906,13649.7001953125,6154.39990234375,7702.22998046875,1485.97998046875,23601.779296875,13.890000343322754,3134.7099609375,10913.2998046875
2013-01-21,6085.75,6094.35009765625,6065.10009765625,6082.2998046875,130900.0,65.80719687690625,55.186114682030166,3.4405754109987328,51.74553927103143,88.81950887755272,83.7944200930439,5973.072509765625,5857.329990234375,5432.117746582031,6015.242274378559,5960.056159696529,29.215560531736475,56.56476328348118,130900.0,0.002951636210011932,0.0029472886846284353,29.25,3.4501953125,110.61000061035156,1686.5999755859375,53.737998962402344,13649.7001953125,6181.0,7748.85986328125,1485.97998046875,23590.91015625,13.65999984741211,3134.7099609375,10747.740234375
2013-01-22,6080.14990234375,6101.2998046875,6040.5,6048.5,129000.0,60.660873505435035,53.75129227652451,1.6046024043944556,52.146689872130054,83.03495884842611,84.12843381095783,5983.1125,5863.8119921875,5436.438996582032,6020.358847551089,5966.607555274564,29.112120053688006,56.86726624091109,1900.0,-0.00555707639755787,-0.005572574388951168,60.7998046875,31.64990234375,112.41999816894531,1692.800048828125,53.768001556396484,13712.2099609375,6179.2001953125,7696.2099609375,1492.56005859375,23658.990234375,13.890000343322754,3143.179931640625,10709.9296875
2013-01-23,6052.85009765625,6069.7998046875,6021.14990234375,6054.2998046875,137000.0,61.22127726686881,52.477255811082614,0.2644527511620396,52.212803059920574,76.68637377523049,82.84694716706977,5993.039990234375,5869.695986328125,5440.49474609375,6025.580533264383,5973.1032774533005,28.41271299625433,56.280311676828155,138900.0,0.0009588831425146882,0.0009584237077469017,48.64990234375,-1.44970703125,112.80000305175781,1686.300048828125,53.80799865722656,13779.330078125,6197.60009765625,7707.5400390625,1494.81005859375,23635.099609375,13.670000076293945,3153.669921875,10486.990234375
2013-01-24,6046.2001953125,6065.2998046875,6007.85009765625,6019.35009765625,185200.0,56.04051896105218,48.09303687058127,-3.295812951471447,51.38884982205272,62.300385176722486,74.00723926679302,5998.727490234375,5875.307988281251,5444.617746582031,6024.622004709286,5976.528967838704,27.365645971682245,56.36383991642971,-46300.0,-0.005772708349228162,-0.005789434832539505,57.44970703125,26.85009765625,113.27999877929688,1669.5,53.667999267578125,13825.330078125,6264.89990234375,7748.1298828125,1494.8199462890625,23598.900390625,14.460000038146973,3130.3798828125,10620.8701171875
2013-01-25,6024.5,6080.5498046875,6014.4501953125,6074.64990234375,147600.0,61.58049015892161,48.52141913590913,-2.2939445489148795,50.81536368482401,67.72456066254853,68.90377320483383,6008.95498046875,5883.0759863281255,5449.09674560547,6032.318604345357,5983.797185209448,26.728933307475394,57.0592520206133,101300.0,0.009187005871120979,0.009145062029183172,66.099609375,-50.14990234375,113.27999877929688,1656.4000244140625,53.678001403808594,13895.98046875,6284.5,7857.97021484375,1502.9599609375,23580.4296875,14.770000457763672,3149.7099609375,10926.650390625
2013-01-28,6082.10009765625,6088.39990234375,6061.39990234375,6074.7998046875,113100.0,61.59461932511198,48.316053643165105,-1.999448033327127,50.31550167649223,71.97679824254891,67.33391469393997,6017.277465820313,5890.897978515626,5452.992995605469,6038.854173628764,5990.538119985599,26.30843415100803,54.912162590569494,214400.0,2.467670502159791e-05,2.4676400556721332e-05,27.0,7.30029296875,113.4800033569336,1652.4000244140625,53.792999267578125,13881.9296875,6294.39990234375,7833.0,1500.1800537109375,23671.880859375,15.170000076293945,3154.300048828125,10824.3095703125
2013-01-29,6064.7001953125,6111.7998046875,6042.4501953125,6049.89990234375,157600.0,57.79262849626213,45.61822745882728,-3.7578193741319694,49.37604683295925,76.92313418619688,72.20816436376477,6024.517456054688,5899.275976562501,5456.652995605469,6040.553516507993,5994.9352890491655,26.40423184193032,55.94340878945739,56800.0,-0.004098884431473215,-0.004107307883982924,69.349609375,14.80029296875,114.36000061035156,1660.699951171875,53.90800094604492,13954.419921875,6339.2001953125,7848.56982421875,1507.8399658203125,23655.169921875,14.470000267028809,3153.659912109375,10866.7197265625
2013-01-30,6065.0,6071.9501953125,6044.14990234375,6055.75,124200.0,58.441675978738466,43.45135459229277,-4.739753792533179,48.19110838482595,71.53788014280488,73.47927085718355,6027.6424560546875,5908.90998046875,5460.139245605469,6042.891437045224,5999.440082452931,26.493186840643872,53.93318623083544,181000.0,0.0009669742889437671,0.0009665070704739352,27.80029296875,9.25,114.9000015258789,1679.9000244140625,53.757999420166016,13910.419921875,6323.10009765625,7811.31005859375,1501.9599609375,23822.060546875,14.380000114440918,3142.31005859375,11113.9501953125
2013-01-31,6045.64990234375,6058.0498046875,6025.14990234375,6034.75,168500.0,55.162441263036754,39.583276368173756,-6.886265613321761,46.46954198149552,59.87243985503258,69.44448472801145,6028.904956054688,5918.176982421875,5463.69849609375,6041.638908269036,6002.055631900862,25.8926904004104,52.43080881032934,12500.0,-0.003467778557569301,-0.003473805238461769,32.89990234375,10.89990234375,115.55000305175781,1660.5999755859375,53.303001403808594,13860.580078125,6276.89990234375,7776.0498046875,1498.1099853515625,23729.529296875,14.130000114440918,3142.1298828125,11138.66015625
2013-02-01,6040.9501953125,6052.9501953125,5983.2001953125,5998.89990234375,159300.0,50.004087972934116,33.2418024323315,-10.58219163933122,43.82399407166272,42.660691284966475,58.02367042760131,6028.042456054687,5926.723984375,5467.52099609375,6035.063676588223,6001.821874155891,24.05974307294835,53.667893895305816,-146800.0,-0.005940610241724986,-0.005958325862656894,69.75,42.05029296875,116.76000213623047,1669.4000244140625,53.2130012512207,14009.7900390625,6347.2001953125,7833.39013671875,1513.1700439453125,23721.83984375,13.760000228881836,3179.10009765625,11191.33984375
2013-02-04,6025.2001953125,6038.5,5981.25,5987.25,141700.0,48.41954177572518,26.965250273610764,-13.486995038441563,40.45224531205233,21.772482968776885,41.43520470292531,6027.9849609375,5934.172988281251,5471.2392456054695,6027.7077263438805,6000.74247607027,22.378448067878807,53.92375861706969,-288500.0,-0.0019420064567502449,-0.0019438945962046322,57.25,37.9501953125,115.5999984741211,1675.300048828125,53.16299819946289,13880.080078125,6246.7998046875,7638.22998046875,1495.7099609375,23685.009765625,14.34000015258789,3131.169921875,11260.349609375
2013-02-05,5948.2001953125,5970.35009765625,5946.89990234375,5956.89990234375,136200.0,44.466304147440326,19.31933694279178,-16.90632669540844,36.22566363820022,7.622813168376339,24.018662474039896,6025.744946289063,5940.755986328126,5474.889494628906,6016.814214959245,5997.494878016453,21.70356314660774,52.95421140558257,-424700.0,-0.00506912149254668,-0.005082013073346008,23.4501953125,-8.69970703125,116.5199966430664,1672.4000244140625,53.28300094604492,13979.2998046875,6282.7998046875,7664.66015625,1511.2900390625,23148.529296875,14.609999656677246,3171.580078125,11046.919921875
2013-02-06,5988.0498046875,5990.89990234375,5953.14990234375,5959.2001953125,157800.0,44.83393503636159,13.29228477577908,-18.346703089936913,31.638987865715993,6.039826761770287,11.811707632974503,6025.129956054688,5947.40798828125,5478.301245117187,6007.9505196289765,5994.658234853197,20.476865131816254,51.868196305183815,-266900.0,0.0003861560554081489,0.0003860815163471072,37.75,28.849609375,116.7300033569336,1677.699951171875,53.132999420166016,13986.51953125,6295.2998046875,7581.18017578125,1512.1199951171875,23256.9296875,14.260000228881836,3168.47998046875,11463.75
2013-02-07,5936.4501953125,5978.5,5927.60009765625,5938.7998046875,157600.0,42.167833298092816,6.791374740077117,-19.878090500511103,26.66946524058822,6.534577075441582,6.7324056685294025,6023.637451171875,5953.465986328125,5481.957993164062,5997.311948099519,5990.520573359442,19.95545524325165,51.799032450795686,-424500.0,-0.0034233437300943415,-0.003429216778715081,50.89990234375,-2.349609375,117.23999786376953,1670.4000244140625,53.15299987792969,13944.0498046875,6228.39990234375,7590.85009765625,1509.3900146484375,23177.0,14.890000343322754,3165.1298828125,11357.0703125
2013-02-08,5929.10009765625,5953.7001953125,5883.64990234375,5903.5,192600.0,37.961255460774574,-1.1952642628530157,-22.291783602752993,21.096519339899977,7.413303057555259,6.662568964922376,6021.2474609375,5956.986982421875,5485.3444921875,5982.879340699594,5984.074604962447,20.362360965707314,53.102693916363854,-617100.0,-0.005943929051058117,-0.005961664511139566,70.05029296875,25.60009765625,118.9000015258789,1666.0,53.21799850463867,13992.9697265625,6263.89990234375,7652.14013671875,1517.9300537109375,23215.16015625,15.15999984741211,3193.8701171875,11153.16015625
2013-02-11,5920.0498046875,5924.14990234375,5879.10009765625,5897.85009765625,122000.0,37.31954763431431,-7.889685728320728,-23.188964054576566,15.299278326255836,7.612752002582328,7.18687737852639,6014.937475585937,5958.443984375001,5488.3852416992195,5969.797918692926,5977.687604421247,20.823928342819706,52.52748754287358,-739100.0,-0.0009570428294656264,-0.0009575010873592933,45.0498046875,22.19970703125,118.12999725341797,1648.199951171875,53.5880012512207,13971.240234375,6277.10009765625,7633.740234375,1517.010009765625,23215.16015625,15.649999618530273,3192.0,11153.16015625
2013-02-12,5894.35009765625,5927.64990234375,5886.4501953125,5922.5,142800.0,41.93161322565331,-11.07831790628461,-21.10207698603236,10.023759079747746,11.802887524151377,8.942980861429653,6008.232470703125,5959.296982421874,5491.497741699219,5962.521315817092,5973.599633723376,21.135732642967852,51.718360363471895,-596300.0,0.004179472508727411,0.004170762773135264,41.19970703125,-28.14990234375,118.66000366210938,1648.699951171875,53.95800018310547,14018.7001953125,6338.39990234375,7660.18994140625,1519.4300537109375,23215.16015625,15.3100004196167,3186.489990234375,11369.1201171875
2013-02-13,5943.14990234375,5969.5,5922.9501953125,5932.9501953125,142600.0,43.81894028878399,-12.616651548921254,-18.1123285029352,5.4956769540139465,16.616551503210097,12.010730343314599,6004.7874755859375,5960.536982421875,5494.500493164063,5957.971912662539,5970.58856421146,20.1520785216989,51.3813346232239,-453700.0,0.0017644905550864287,0.001762935670411124,46.5498046875,10.19970703125,118.72000122070312,1644.199951171875,53.847999572753906,13982.91015625,6359.10009765625,7711.89013671875,1520.3299560546875,23215.16015625,15.140000343322754,3196.8798828125,11251.41015625
2013-02-14,5933.2001953125,5940.2001953125,5884.5498046875,5896.9501953125,143800.0,39.10385302071734,-16.549914071795683,-17.636472820647704,1.086558748852021,16.48764397180681,14.969027666389428,5997.674975585938,5960.690986328125,5497.5309936523445,5948.5839561471485,5965.133870218944,20.054810746664767,51.68626719477934,-597500.0,-0.006067807551872417,-0.006086291505428713,55.650390625,36.25,118.58000183105469,1634.699951171875,53.81800079345703,13973.3896484375,6327.39990234375,7631.18994140625,1521.3800048828125,23413.25,15.09000015258789,3198.659912109375,11307.2802734375
2013-02-15,5869.9501953125,5899.9501953125,5853.89990234375,5887.39990234375,125100.0,37.937590065154424,-20.204773731705245,-17.033065984445813,-3.1717077472594326,14.600621008518385,15.901605494511763,5988.824975585938,5960.428984375,5500.964992675783,5939.1710247927795,5959.375798524485,20.52052658586847,51.283697607205816,-722600.0,-0.0016195308850228685,-0.0016208437428339576,46.05029296875,-17.44970703125,118.58000183105469,1608.800048828125,53.917999267578125,13981.759765625,6328.2998046875,7593.509765625,1519.7900390625,23444.560546875,15.239999771118164,3192.030029296875,11173.830078125
2013-02-18,5888.64990234375,5911.0,5878.4501953125,5898.2001953125,114300.0,40.11286420722468,-21.9764521032821,-15.043795484818133,-6.932656618463966,13.658985470913894,14.915750150413029,5979.6199951171875,5959.774990234376,5504.342744140626,5932.867820257352,5954.844272360634,20.628575166495203,49.945562398655404,-608300.0,0.0018344758548591855,0.001832795259055871,32.5498046875,-9.55029296875,118.58000183105469,1608.800048828125,54.31800079345703,13981.759765625,6318.2001953125,7628.72998046875,1519.7900390625,23381.939453125,16.290000915527344,3192.030029296875,11407.8701171875
2013-02-19,5900.2001953125,5947.5498046875,5883.14990234375,5939.7001953125,101000.0,47.69857265375279,-19.803533994366262,-10.296701900721837,-9.506832093644425,25.11138941559578,17.79033196500935,5974.180004882813,5960.4209960937515,5508.0312451171885,5933.918954881221,5953.722488875587,19.741054739514077,50.97801525187645,-507300.0,0.007036044662061647,0.0070114071991698905,64.39990234375,-39.5,117.5199966430664,1603.5999755859375,54.178001403808594,14035.669921875,6379.10009765625,7752.4501953125,1530.93994140625,23143.91015625,15.8100004196167,3213.590087890625,11372.33984375
2013-02-20,5966.2998046875,5971.0,5937.5498046875,5943.0498046875,135400.0,48.26814825649492,-17.608218671205577,-6.481109262048921,-11.127109409156656,35.71075309817985,24.82704266156317,5968.617504882813,5961.103994140625,5511.801494140625,5935.3237010052635,5952.931919676469,18.355675732086546,49.72602811334956,-371900.0,0.0005639357652500454,0.0005637768132327255,33.4501953125,23.25,115.5999984741211,1577.5999755859375,54.16299819946289,13927.5400390625,6395.39990234375,7728.89990234375,1511.949951171875,23307.41015625,15.600000381469727,3164.409912109375,11468.2802734375
2013-02-21,5909.64990234375,5921.14990234375,5844.39990234375,5852.25,159400.0,36.62458343654613,-22.930868080596156,-9.443006937151598,-13.487861143444558,30.286688795188645,30.369610436321423,5960.262500000001,5960.172998046875,5515.109743652345,5922.543131619838,5945.473999700434,18.75638388006805,53.22059055837816,-531300.0,-0.015278317980085387,-0.01539623406156752,76.75,57.39990234375,113.52999877929688,1578.199951171875,54.06800079345703,13880.6201171875,6291.5,7583.56982421875,1502.4200439453125,22906.669921875,16.940000534057617,3131.489990234375,11309.1298828125
2013-02-22,5837.9501953125,5873.7998046875,5835.7998046875,5850.2998046875,157000.0,36.42136671383651,-26.995285698858424,-10.80593964433109,-16.189346054527334,19.39359448761106,28.463678793659852,5949.044995117188,5959.418994140625,5518.120493164063,5911.428773630248,5938.424059329106,19.253511201419247,52.13340551849401,-688300.0,-0.0003332385514118741,-0.00033329408771618207,38.0,-12.349609375,114.0999984741211,1572.4000244140625,54.46799850463867,14000.5703125,6335.7001953125,7661.91015625,1515.5999755859375,22782.439453125,16.790000915527344,3161.820068359375,11385.9404296875
2013-02-25,5870.5498046875,5878.39990234375,5825.0,5854.75,125100.0,37.27663379058517,-29.51701855776537,-10.662138002590424,-18.854880555174944,10.441885559309394,20.0407229473697,5938.042504882813,5959.483994140624,5521.198493652344,5902.708962302518,5932.225980860283,19.875350007135612,52.223869577440865,-563200.0,0.0007606781636959603,0.000760388994695336,53.39990234375,15.7998046875,114.44000244140625,1586.199951171875,54.27299880981445,13784.169921875,6355.39990234375,7773.18994140625,1487.8499755859375,22820.080078125,16.729999542236328,3116.25,11662.51953125
2013-02-26,5838.2998046875,5838.85009765625,5748.60009765625,5761.35009765625,157400.0,28.585316495510884,-38.60706336572457,-15.801746248439699,-22.805317117284872,10.942397738376886,13.592625928432447,5923.615014648438,5957.118994140625,5524.063244628906,5880.96144466463,5919.568508030355,21.415142960061182,56.075729060748664,-720600.0,-0.01595284211003889,-0.016081458393314825,90.25,76.94970703125,112.70999908447266,1615.199951171875,53.862998962402344,13900.1298828125,6270.39990234375,7597.10986328125,1496.93994140625,22519.689453125,17.360000610351562,3129.64990234375,11398.8095703125
2013-02-27,5784.89990234375,5818.2001953125,5749.7001953125,5796.89990234375,175200.0,34.81507967046211,-42.45304495397522,-15.718182269352283,-26.73486268462294,15.065313165144751,12.149865487610343,5910.672509765625,5955.898994140625,5527.613493652344,5868.028899692186,5910.4819446461615,22.844950702063496,56.963176984980905,-545400.0,0.006170394800684376,0.006151435864131232,68.5,-12.0,111.87000274658203,1595.199951171875,54.0880012512207,14075.3701171875,6325.89990234375,7675.830078125,1515.989990234375,22577.009765625,16.229999542236328,3162.260009765625,11253.9697265625
2013-02-28,5834.35009765625,5849.89990234375,5671.89990234375,5693.0498046875,334900.0,27.318065428723944,-53.2668212825447,-21.225566878337403,-32.041254404207294,11.444872723407771,12.484194542309801,5893.5875,5951.823994140625,5530.507993164063,5841.1090389222345,5894.375860204779,24.92947510315274,65.60866434319655,-880300.0,-0.017914764685562745,-0.018077176721828157,178.0,141.30029296875,111.37999725341797,1577.699951171875,53.858001708984375,14054.490234375,6360.7998046875,7741.7001953125,1514.6800537109375,23020.26953125,14.859999656677246,3160.18994140625,11559.3603515625
2013-03-01,5702.4501953125,5739.4501953125,5679.89990234375,5719.7001953125,174500.0,31.4005356028406,-59.006166774643134,-21.57192989634867,-37.43423687829446,14.923365398093232,13.81118376221525,5879.627514648439,5947.62599609375,5534.106743164062,5822.430755289967,5881.43692206461,26.86510490416418,65.17592353073609,-705800.0,0.004681215084936907,0.004670292272359843,59.55029296875,-17.25,110.4000015258789,1571.9000244140625,54.362998962402344,14089.66015625,6378.60009765625,7708.16015625,1518.199951171875,22880.220703125,14.0600004196167,3169.739990234375,11606.3798828125
2013-03-04,5704.7001953125,5712.0,5663.60009765625,5698.5,144900.0,29.958938407823506,-64.5215537033564,-21.669853460049552,-42.85170024330685,11.46860201292894,12.61228004480998,5865.190014648439,5943.267998046875,5537.725244140625,5803.364485245357,5867.886038948714,28.806760895075417,64.52765025398709,-850700.0,-0.0037065221232879253,-0.003713408297517434,48.39990234375,6.2001953125,110.08999633789062,1572.0999755859375,54.89799880981445,14127.8203125,6345.60009765625,7691.68017578125,1525.199951171875,22537.810546875,13.670000076293945,3182.030029296875,11652.2900390625
2013-03-05,5722.4501953125,5790.10009765625,5722.39990234375,5784.25,154400.0,41.6314592608553,-61.266981596753794,-14.732225082757552,-46.53475651399624,22.194381388710703,16.19544959991096,5856.55751953125,5941.998994140625,5541.8179931640625,5800.42379520761,5861.690776804364,28.645653707596683,66.46139649700588,-696300.0,0.01504781960164947,0.014935724292001495,67.7001953125,-61.7998046875,111.61000061035156,1574.5999755859375,54.858001708984375,14253.76953125,6432.0,7870.31005859375,1539.7900390625,22560.5,13.390000343322754,3224.1298828125,11683.4501953125
2013-03-06,5816.39990234375,5828.7001953125,5795.0498046875,5818.60009765625,156900.0,45.54633165884347,-55.27872521476638,-6.9951749606161115,-48.28355025415027,33.67489734812685,22.445960249922162,5849.527514648438,5941.25599609375,5546.266494140626,5803.220149430478,5858.4988746452445,27.711771918083844,64.88916784096975,-539400.0,0.005938556883995361,0.005920993156224326,33.650390625,-2.2001953125,111.05999755859375,1574.5999755859375,54.917999267578125,14296.240234375,6427.60009765625,7919.330078125,1541.4599609375,22777.83984375,13.399999618530273,3222.3701171875,11932.26953125
2013-03-07,5801.2998046875,5878.0,5801.2998046875,5863.2998046875,134700.0,50.224893332609284,-46.39132577664532,1.51377958200397,-47.90510535864929,51.545191974225176,35.804823570354245,5845.752514648438,5940.409990234375,5551.043994140626,5812.463173316174,5858.854499092819,25.964486827830356,65.73281266036477,-404700.0,0.007682209858219213,0.007652851943975546,76.7001953125,-62.0,111.1500015258789,1574.800048828125,54.7130012512207,14329.490234375,6439.2001953125,7939.77001953125,1544.260009765625,22771.439453125,13.069999694824219,3232.090087890625,11968.080078125
2013-03-08,5883.64990234375,5952.85009765625,5883.0,5945.7001953125,150800.0,57.47777333588802,-32.326336927386365,12.46301474501034,-44.789351672396705,69.05226707753889,51.42411879996364,5847.862524414062,5941.9219921875,5556.05849609375,5832.961176700224,5865.287513627611,24.97251908081279,67.43406125382086,-253900.0,0.014053586439350063,0.01395575035978997,69.85009765625,-62.05029296875,110.8499984741211,1576.5999755859375,54.55799865722656,14397.0703125,6483.60009765625,7986.47021484375,1551.1800537109375,23091.94921875,13.34000015258789,3244.3701171875,12283.6201171875
2013-03-11,5946.10009765625,5971.2001953125,5930.35009765625,5942.35009765625,125400.0,57.11339783336203,-21.205611722598405,18.866991959838643,-40.07260368243705,82.45159698936583,67.68301868037662,5850.0875244140625,5942.6019921874995,5561.478996582032,5849.79024146269,5870.995853185288,24.288254310367744,65.53520671113723,-379300.0,-0.0005634488026979856,-0.000563607599626711,40.85009765625,3.75,110.22000122070312,1577.800048828125,54.34299850463867,14447.2900390625,6503.60009765625,7984.2900390625,1556.219970703125,23090.8203125,14.25,3252.8701171875,12349.0498046875
2013-03-12,5944.60009765625,5952.0,5893.64990234375,5914.10009765625,115900.0,54.00437542755843,-14.504694690668657,20.45432719341472,-34.95902188408338,87.94251828502058,79.81546078397508,5849.667529296875,5942.7819921875,5566.698496093751,5859.684065492468,5874.188760183137,23.033648390378005,65.02198463578814,-495200.0,-0.00475401138198539,-0.0047653476368216515,58.35009765625,30.5,109.6500015258789,1591.5,54.40800094604492,14450.0595703125,6510.60009765625,7966.1201171875,1552.47998046875,22890.599609375,15.130000114440918,3242.320068359375,12314.8095703125
2013-03-13,5884.7998046875,5893.85009765625,5842.25,5851.2001953125,116700.0,47.76918289165482,-14.107048830502208,16.681578442864936,-30.788627273367144,77.68204053664357,82.69205193700998,5845.580029296876,5939.94099609375,5571.497246093751,5858.37885469555,5872.485903526052,21.683986049502142,65.50970699439257,-611900.0,-0.01063558298052436,-0.010692545036311767,51.60009765625,33.599609375,108.5199966430664,1588.300048828125,54.141998291015625,14455.2802734375,6481.5,7970.91015625,1554.52001953125,22556.650390625,16.200000762939453,3245.1201171875,12239.66015625
2013-03-14,5845.9501953125,5920.14990234375,5791.75,5908.9501953125,149000.0,53.12083074594007,-9.027901232588192,17.408580832623162,-26.436482065211354,74.0626331092468,79.89573064363698,5846.180029296876,5937.93,5576.739497070313,5866.159060944312,5875.1869621769,21.09641118946579,70.00186380506096,-462900.0,0.009869769974075515,0.009821381919884518,128.39990234375,-63.0,109.41999816894531,1590.5999755859375,54.362998962402344,14539.1396484375,6529.39990234375,8058.3701171875,1563.22998046875,22619.1796875,14.65999984741211,3258.929931640625,12381.1904296875
2013-03-15,5914.89990234375,5945.64990234375,5861.0,5872.60009765625,152200.0,49.670969544365796,-7.845352913552233,14.872903321327296,-22.71825623487953,69.56545204892333,73.77004189827123,5845.440039062501,5935.059003906251,5581.924248046875,5867.149989669226,5874.995342582778,20.143877955493,71.04815227211017,-615100.0,-0.006151701479069183,-0.006170701154912373,84.64990234375,42.2998046875,109.37999725341797,1592.5,54.35300064086914,14514.1103515625,6489.7001953125,8042.85009765625,1560.699951171875,22533.109375,15.15999984741211,3249.070068359375,12560.9501953125
2013-03-18,5816.75,5850.2001953125,5814.35009765625,5835.25,102700.0,46.34076573638755,-9.80894418131902,10.327449642848407,-20.136393824167428,67.83699623524058,70.48836046447023,5842.292529296876,5931.996005859375,5586.493498535156,5862.242298950883,5872.051243132202,19.852478449841932,70.13399853838803,-717800.0,-0.0063600614779059095,-0.0063803728356968134,35.85009765625,-18.5,109.37999725341797,1604.5999755859375,54.02299880981445,14452.0595703125,6457.89990234375,8010.7001953125,1552.0999755859375,22083.359375,15.850000381469727,3237.590087890625,12220.6298828125
2013-03-19,5859.5,5863.60009765625,5724.2998046875,5745.9501953125,182300.0,39.51872174985042,-18.35921869174672,1.4217401059365677,-19.780958797683287,50.17336941999422,62.525272568052706,5832.605029296876,5926.881005859374,5590.62125,5844.35120608344,5862.710424775187,20.52698791914534,75.07444814055674,-900100.0,-0.015303509650400615,-0.015421816917123578,139.30029296875,113.5498046875,107.44999694824219,1611.300048828125,54.073001861572266,14455.8203125,6441.2998046875,7947.7900390625,1548.3399658203125,22041.859375,16.709999084472656,3229.10009765625,12468.23046875
2013-03-20,5740.5498046875,5745.2998046875,5682.2998046875,5694.39990234375,187600.0,36.20521574912977,-28.961203930281954,-7.3441961060789325,-21.61700782420302,30.862561147576976,49.62430893427059,5820.172534179688,5921.33900390625,5594.165,5821.281774738873,5850.242978669155,21.52385431409078,74.25844403230269,-1087700.0,-0.008971587155559457,-0.009012074180768975,63.0,46.14990234375,108.72000122070312,1607.5,54.36800003051758,14511.73046875,6432.7001953125,8001.97021484375,1558.7099609375,22256.439453125,16.65999984741211,3254.18994140625,12468.23046875
2013-03-21,5705.89990234375,5757.75,5647.9501953125,5658.75,179200.0,34.07726535848494,-39.78142726504393,-14.531535552672729,-25.249891712371202,13.375249624453053,31.470393397341418,5810.497534179687,5915.141005859376,5597.508249511719,5796.276886317507,5836.058313582551,22.733569296882145,76.79711265053108,-1266900.0,-0.00626051962544405,-0.006280198856235595,109.7998046875,47.14990234375,107.47000122070312,1613.800048828125,54.349998474121094,14421.490234375,6388.60009765625,7932.509765625,1545.800048828125,22225.880859375,16.510000228881836,3222.60009765625,12635.6904296875
2013-03-22,5659.7998046875,5691.4501953125,5631.7998046875,5651.35009765625,165300.0,33.635350459874026,-48.395766221237864,-18.51669960709333,-29.879066614144534,6.3713962591960005,16.86973567707534,5800.550048828125,5909.142011718751,5601.011250000001,5773.980457292698,5822.376223513936,23.987946391671983,75.57234679156457,-1432200.0,-0.0013076920421912774,-0.0013085478175716774,59.650390625,8.44970703125,107.66000366210938,1606.199951171875,54.27799987792969,14512.0302734375,6392.7998046875,7911.35009765625,1556.8900146484375,22115.30078125,15.539999961853027,3245.0,12338.5302734375
2013-03-25,5707.2998046875,5718.39990234375,5624.39990234375,5633.85009765625,150400.0,32.5599879623432,-55.9893848767033,-20.888254610047007,-35.10113026665629,3.9420730207396946,7.896239634796249,5789.505053710938,5901.338017578126,5604.559250488282,5752.421940425552,5808.411325302255,24.643072266476562,76.88860773502424,-1582600.0,-0.003096605182407286,-0.0031014095850241405,94.0,73.44970703125,108.16999816894531,1604.5999755859375,54.34299850463867,14447.75,6378.39990234375,7870.89990234375,1551.68994140625,22251.150390625,16.360000610351562,3235.300048828125,12546.4599609375
2013-03-26,5613.75,5655.2998046875,5612.0498046875,5641.60009765625,126500.0,33.572855955710544,-60.68251191586569,-20.465105319367517,-40.21740659649817,5.571014937036976,5.294828072324224,5783.517553710938,5893.038017578125,5608.559250488281,5735.372426153352,5796.054938069217,25.3683011872443,74.48585003966537,-1456100.0,0.0013756134553923882,0.0013746681660056223,43.25,-27.85009765625,109.36000061035156,1595.800048828125,54.167999267578125,14559.650390625,6399.39990234375,7879.669921875,1563.77001953125,22311.080078125,15.800000190734863,3252.47998046875,12471.6201171875
2013-03-28,5647.75,5692.9501953125,5604.85009765625,5682.5498046875,209700.0,38.802838808559734,-60.40128140655361,-16.14709984804434,-44.254181558509266,10.720646883558862,6.744578280445177,5777.800048828126,5886.65201171875,5612.73125,5727.245869004759,5787.647150411312,25.325336237622782,75.45829629799285,-1246400.0,0.007258527070761689,0.007232310747962538,88.10009765625,-34.7998046875,110.0199966430664,1594.800048828125,54.38800048828125,14578.5400390625,6411.7001953125,7795.31005859375,1569.18994140625,22299.630859375,15.220000267028809,3267.52001953125,12335.9599609375
2013-04-01,5697.35009765625,5720.9501953125,5675.89990234375,5704.39990234375,97800.0,41.45168272645247,-57.749582688428745,-10.79632090393558,-46.953261784493165,18.870126859293627,11.720596226629821,5778.367553710938,5879.956005859375,5616.936750488281,5723.731104903065,5781.480687591494,24.78424482772712,73.28629606018978,-1148600.0,0.0038451220679536213,0.003837748481610424,45.05029296875,-7.0498046875,111.08000183105469,1600.0,54.27799987792969,14572.849609375,6411.7001953125,7795.31005859375,1562.1700439453125,22299.630859375,14.850000381469727,3239.169921875,12135.01953125
2013-04-02,5701.7001953125,5754.60009765625,5687.14990234375,5748.10009765625,106400.0,46.444480829812214,-51.527870588747646,-3.6596870434035864,-47.86818354534406,29.882380868819745,19.82438487055741,5779.787548828125,5873.630009765625,5620.691750488282,5727.480180711247,5779.008051299995,23.711156996932694,72.86943172106909,-1042200.0,0.007660787472937303,0.0076315926493432315,67.4501953125,-46.39990234375,110.69000244140625,1575.0999755859375,54.25,14662.009765625,6490.7001953125,7943.8701171875,1570.25,22367.8203125,14.100000381469727,3254.860107421875,12003.4296875
2013-04-03,5740.2001953125,5744.9501953125,5650.10009765625,5672.89990234375,140700.0,40.1063273043578,-52.06497360579124,-3.3574320483577367,-48.7075415574335,29.46855973934175,26.07368915581837,5778.507543945312,5865.44201171875,5623.808000488281,5719.083214808556,5771.148188414347,23.194653113412013,74.6644723124213,-1182900.0,-0.013082617566656962,-0.013168948793470324,94.85009765625,67.30029296875,107.11000061035156,1552.800048828125,54.42300033569336,14550.349609375,6420.2998046875,7874.75,1553.68994140625,22337.490234375,14.869999885559082,3218.60009765625,12362.2001953125
2013-04-04,5640.64990234375,5644.4501953125,5565.64990234375,5574.75,134600.0,33.65144975831242,-59.72206961972097,-8.811622449829969,-50.910447169891,21.209011440212322,26.853317349457935,5768.032543945312,5855.967011718751,5626.34,5696.878104838008,5756.600174457729,23.63692468933352,76.99201000439122,-1317500.0,-0.017301539606436434,-0.017452960325511746,78.80029296875,65.89990234375,106.33999633789062,1551.800048828125,54.428001403808594,14606.1103515625,6344.10009765625,7817.39013671875,1559.97998046875,22337.490234375,15.850000381469727,3224.97998046875,12634.5400390625
2013-04-05,5568.10009765625,5577.2998046875,5534.7001953125,5553.25,137500.0,32.420533405380915,-66.7557252475026,-12.676222462089271,-54.079502785413325,8.958775501788276,19.878782227114115,5754.765039062499,5845.946015625,5628.835749511719,5674.781473324469,5741.537198571971,24.33754206745283,74.5354099594347,-1455000.0,-0.003856675187228098,-0.003864131335780677,42.599609375,14.85009765625,104.12000274658203,1575.4000244140625,54.882999420166016,14565.25,6249.7998046875,7658.75,1553.280029296875,21726.900390625,16.15999984741211,3203.860107421875,12833.6396484375
2013-04-08,5550.5,5569.2001953125,5537.0498046875,5542.9501953125,97000.0,31.820050240323905,-72.32731193667678,-14.59824732101076,-57.72906461566602,3.1390037719965,11.102263571332365,5738.74755859375,5836.418017578126,5630.971000976562,5654.499738245704,5726.827050182381,24.98811534713505,71.50790857840366,-1552000.0,-0.001854734558591864,-0.0018564567084833458,32.150390625,7.5498046875,104.66000366210938,1572.0,54.803001403808594,14613.48046875,6276.89990234375,7662.64013671875,1563.0699462890625,21718.05078125,16.770000457763672,3222.25,13192.58984375
2013-04-09,5568.75,5603.0498046875,5487.0,5495.10009765625,138200.0,29.12148614844097,-79.68537411944453,-17.565047603022805,-62.12032651642173,3.0576991009007313,5.05182612489517,5716.217553710938,5824.827021484375,5632.839250488281,5629.976716616557,5709.662090736001,26.054857908168948,74.68947258619626,-1690200.0,-0.008632604654596254,-0.008670081423453112,116.0498046875,73.64990234375,106.2300033569336,1586.199951171875,54.55799865722656,14673.4599609375,6313.2001953125,7637.509765625,1568.6099853515625,21870.33984375,16.81999969482422,3237.860107421875,13192.349609375
2013-04-10,5536.25,5569.25,5477.2001953125,5558.7001953125,128600.0,36.79419124628433,-79.46863015764393,-13.878642912977767,-65.58998724466616,11.236436966748595,5.811046613215275,5697.03505859375,5814.505029296875,5635.359001464844,5619.011097954394,5698.479728112038,27.131693431481885,75.92949630771795,-1561600.0,0.01157396526468668,0.011507499287045326,92.0498046875,-22.4501953125,105.79000091552734,1558.300048828125,54.577999114990234,14802.240234375,6387.39990234375,7810.6298828125,1587.72998046875,22034.560546875,16.489999771118164,3297.25,13288.1298828125
2013-04-11,5601.64990234375,5610.64990234375,5542.85009765625,5594.0,146800.0,40.635339712851994,-75.57725226198727,-7.989812013856891,-67.58744024813038,24.277805297239894,12.857313788296405,5681.030053710938,5805.38703125,5637.633752441407,5615.163236730641,5690.740488992628,27.286695520380174,75.34880404913096,-1414800.0,0.006350370310898912,0.006330291669064339,67.7998046875,7.64990234375,104.2699966430664,1564.300048828125,54.51300048828125,14865.1396484375,6416.10009765625,7871.6298828125,1593.3699951171875,22101.26953125,16.969999313354492,3300.159912109375,13549.16015625
2013-04-12,5520.7001953125,5544.5,5494.89990234375,5528.5498046875,127300.0,36.23798526913293,-76.88827088989638,-7.440664513412798,-69.44760637648358,29.731202754099407,21.748481672695966,5664.897534179687,5794.84302734375,5639.955251464844,5601.838093339389,5678.7263642292855,27.908589381056792,77.04532502106804,-1542100.0,-0.011700070667232776,-0.01176905510382896,49.60009765625,-7.849609375,103.11000061035156,1501.0,54.29800033569336,14865.0595703125,6384.39990234375,7744.77001953125,1588.8499755859375,22089.05078125,16.450000762939453,3294.949951171875,13485.1396484375
2013-04-15,5508.5,5592.85009765625,5500.2998046875,5568.39990234375,142900.0,40.46254060227177,-73.86027745610772,-3.530136863699312,-70.33014059240841,31.006708709661687,28.338572253666996,5647.87001953125,5785.516025390625,5642.278000488282,5596.693756263137,5670.554033719245,27.58073402879348,78.15282273161675,-1399200.0,0.007208056192685941,0.007182202318757875,92.55029296875,-59.89990234375,100.38999938964844,1360.5999755859375,54.51300048828125,14599.2001953125,6343.60009765625,7712.6298828125,1552.3599853515625,21772.669921875,16.610000610351562,3216.489990234375,13275.66015625
2013-04-16,5562.4501953125,5699.25,5555.85009765625,5688.9501953125,142700.0,51.03204257178954,-61.02965777735881,7.440386252039687,-68.4700440293985,42.57383334946856,34.43724827107655,5638.687524414063,5779.31703125,5645.1200024414065,5610.887054578424,5671.916712355783,25.68271264758532,82.8133284181977,-1256500.0,0.0216490006254777,0.021417989176254947,143.39990234375,-126.5,100.36000061035156,1386.800048828125,54.542999267578125,14756.7802734375,6304.60009765625,7682.580078125,1574.5699462890625,21672.029296875,16.25,3264.6298828125,13221.4404296875
2013-04-17,5708.64990234375,5732.14990234375,5669.0,5688.7001953125,154600.0,51.01181743608453,-50.30162631648818,14.53473417032825,-64.83636048681643,61.81805913708785,45.13286706540603,5631.360034179687,5773.34603515625,5647.73850341797,5622.858306999051,5673.159933315539,24.186157278273416,81.40879798430858,-1411100.0,-4.394483892755652e-05,-4.394580453027964e-05,63.14990234375,19.94970703125,100.36000061035156,1382.199951171875,54.14799880981445,14618.58984375,6244.2001953125,7503.02978515625,1552.010009765625,21569.669921875,16.360000610351562,3204.669921875,13382.8896484375
2013-04-18,5682.7001953125,5794.35009765625,5681.85009765625,5783.10009765625,149900.0,57.811097636905075,-33.792759015547745,24.83488117701495,-58.627640192562694,83.01011354122872,62.46733534259504,5633.217529296875,5769.8700390625,5650.923754882813,5647.510890177081,5681.303649192629,23.50211669815255,83.62959812828655,-1261200.0,0.0165942832462036,0.016458102609584743,112.5,-100.39990234375,99.12999725341797,1392.0,54.20800018310547,14537.1396484375,6243.7001953125,7473.72998046875,1541.6099853515625,21512.51953125,15.359999656677246,3166.360107421875,13220.0703125
2013-04-22,5789.85009765625,5844.85009765625,5789.7998046875,5834.39990234375,135100.0,60.980532289499024,-16.381066493977414,33.79725895886823,-50.17832545284564,89.9513562078098,78.25984296204211,5640.217529296875,5767.374033203125,5654.522504882812,5676.263045895031,5692.644112389008,23.37395089369288,82.0667696905518,-1126100.0,0.008870640974775856,0.008831527973868913,55.05029296875,-44.5498046875,100.38999938964844,1421.0,53.93299865722656,14567.169921875,6280.60009765625,7478.10986328125,1562.5,22044.369140625,16.219999313354492,3233.550048828125,13568.3701171875
2013-04-23,5843.10009765625,5844.2998046875,5791.5498046875,5836.89990234375,132200.0,61.13376976018759,-2.353318034127369,38.26000593497462,-40.61332396910199,97.1493046540853,90.03692480104127,5649.125024414063,5765.33603515625,5658.103005371095,5700.976408425603,5703.32972645973,23.25493978955176,79.97271471265523,-993900.0,0.0004284930827240796,0.0004284013057793631,52.75,6.2001953125,100.30999755859375,1408.5999755859375,54.13800048828125,14719.4599609375,6406.10009765625,7658.2099609375,1578.780029296875,21806.609375,15.069999694824219,3269.330078125,13529.650390625
2013-04-25,5856.10009765625,5924.60009765625,5853.2998046875,5916.2998046875,199600.0,65.73616813467386,14.997796963650217,44.48889674620177,-29.49109978255155,97.71330113570302,94.9379873325327,5662.372509765626,5765.59203125,5661.975004882813,5734.1030847735865,5719.105287809936,23.887763184282946,80.52467761264414,-794300.0,0.013603094737305366,0.013511403233731597,71.30029296875,-60.19970703125,103.41000366210938,1461.800048828125,54.27299880981445,14700.7998046875,6442.60009765625,7832.85986328125,1585.1600341796875,22401.240234375,14.199999809265137,3289.989990234375,13926.080078125
2013-04-26,5899.75,5907.0498046875,5860.5,5871.4501953125,141300.0,61.31912996057865,24.843313698791462,43.46753078507441,-18.624217086282947,94.70086803913532,96.52115794297453,5674.252514648438,5765.064033203125,5665.586506347656,5755.233409471881,5730.390095773089,24.475384907961903,78.75861526084813,-935600.0,-0.007580685708230228,-0.007609565149353201,46.5498046875,28.2998046875,103.16000366210938,1453.5999755859375,54.21799850463867,14712.5498046875,6426.39990234375,7814.759765625,1582.239990234375,22547.7109375,13.880000114440918,3279.260009765625,13884.1298828125
2013-04-29,5877.60009765625,5918.64990234375,5868.7998046875,5904.10009765625,118900.0,63.25481676903688,34.87847356486964,42.802152520922064,-7.923678956052431,93.89433667112311,95.43616861532048,5687.377514648438,5764.69603515625,5668.712507324219,5778.135976884861,5743.257503319991,25.126664576497664,76.69372114623397,-816700.0,0.005560790138323224,0.0055453860244868425,49.85009765625,-26.5,103.80999755859375,1467.4000244140625,54.37300109863281,14818.75,6458.0,7873.5,1593.6099853515625,22580.76953125,14.329999923706055,3307.02001953125,13884.1298828125
2013-04-30,5932.60009765625,5962.2998046875,5867.7998046875,5930.2001953125,153200.0,64.77244798277344,44.4253618933235,41.879232679500745,2.5461292138227556,92.30704064350978,93.6340817845894,5699.760034179688,5764.64103515625,5671.970507812501,5801.530472027574,5757.105110134251,26.11618661324397,77.96559820721725,-663500.0,0.004420673298985989,0.004410930824423511,94.5,2.39990234375,102.37000274658203,1472.199951171875,54.22800064086914,14839.7998046875,6430.10009765625,7913.7099609375,1597.5699462890625,22737.009765625,15.100000381469727,3328.7900390625,13860.8603515625
2013-05-02,5911.39990234375,6019.4501953125,5910.9501953125,5999.35009765625,162400.0,68.48610689513966,56.91507730180456,43.49515847038544,13.419918831419118,95.0313523448723,93.74424321983506,5714.507543945313,5766.689033203125,5675.527507324219,5831.964260585833,5775.049183284028,27.482373408030217,80.14662690670174,-501100.0,0.011660635402900743,0.011593174115103801,108.5,-87.9501953125,102.8499984741211,1467.699951171875,53.65800094604492,14831.580078125,6460.7001953125,7961.7099609375,1597.5899658203125,22668.30078125,16.280000686645508,3340.6201171875,13694.0400390625
2013-05-03,5993.5,6000.2998046875,5930.14990234375,5944.0,145800.0,62.78105425617889,61.63646959168909,38.57324060821598,23.063228983473113,91.76410027712731,93.03416442183646,5724.302539062501,5767.82103515625,5678.734758300782,5849.200528188012,5787.564058596323,28.750975431760303,79.43257515220519,-646900.0,-0.009226015610903193,-0.009268838888589223,70.14990234375,49.5,104.19000244140625,1464.300048828125,53.80799865722656,14973.9599609375,6521.5,8122.2900390625,1614.4200439453125,22689.9609375,15.550000190734863,3378.6298828125,13694.0400390625
2013-05-06,5944.89990234375,5976.5,5928.4501953125,5971.0498046875,110200.0,64.34426315227871,66.79097538257611,34.98219711928239,31.808778263293714,90.8941307375393,92.56319445317963,5739.210034179688,5769.27802734375,5681.953508300781,5867.946570726394,5801.155595343818,29.892365291208524,77.19094869044054,-536700.0,0.004550774678246938,0.004540451211160536,48.0498046875,-26.14990234375,105.45999908447266,1468.0999755859375,53.779998779296875,14968.8896484375,6521.5,8112.080078125,1617.5,22915.08984375,15.84000015258789,3392.969970703125,13694.0400390625
2013-05-07,5983.4501953125,6050.5,5982.9501953125,6043.5498046875,136400.0,68.19945559441382,75.85173091238903,35.23436211927625,40.61736879311278,91.70865848741164,91.45562983402608,5762.6500244140625,5771.35501953125,5685.586506347656,5894.962452874257,5819.110721961868,31.512518429995,77.35232344915907,-400300.0,0.012141918485269576,0.012068796690554202,67.5498046875,-60.099609375,104.4000015258789,1449.0,54.17300033569336,15056.2001953125,6557.2998046875,8181.77978515625,1625.9599609375,23047.08984375,16.5,3396.6298828125,14180.240234375
2013-05-08,6064.14990234375,6083.5498046875,6024.9501953125,6069.2998046875,122300.0,69.46237549536684,84.1403373142366,34.81837481689905,49.32196249733755,95.60312090560691,92.73530337685261,5788.4525146484375,5773.880019531251,5689.557255859376,5921.783583922448,5837.6432466082115,33.23340935381277,76.01284387243342,-278000.0,0.004260740927464202,0.0042516896717678145,58.599609375,-5.14990234375,104.33999633789062,1473.9000244140625,54.12799835205078,15105.1201171875,6583.5,8249.7099609375,1632.68994140625,23244.349609375,16.760000228881836,3413.27001953125,14285.6904296875
2013-05-09,6078.35009765625,6084.7001953125,6040.4501953125,6050.14990234375,110000.0,67.32112904278215,88.14776792855719,31.0606443449757,57.08712358358149,95.90834657506431,94.40670865602762,5813.8125,5777.838017578126,5693.081254882813,5941.532248294956,5853.384480366399,34.83895703492751,73.74406931011676,-388000.0,-0.0031552078427498076,-0.0031601960062404705,44.25,28.2001953125,104.47000122070312,1468.800048828125,54.15800094604492,15082.6201171875,6592.7001953125,8262.5498046875,1626.6700439453125,23211.48046875,16.600000381469727,3409.169921875,14191.48046875
2013-05-10,6046.25,6105.2998046875,6045.60009765625,6094.75,111400.0,69.66640944684714,93.8408023490656,29.402943012387283,64.43785933667832,95.49895227835297,95.67013991967472,5843.794995117188,5782.727021484376,5697.023505859375,5965.104210095731,5871.2634077466655,36.46917761306678,72.740900575912,-276600.0,0.007371734316693912,0.0073446958820698885,59.69970703125,-48.5,103.91000366210938,1436.800048828125,54.24800109863281,15118.490234375,6625.0,8278.58984375,1633.699951171875,23321.220703125,16.860000610351562,3436.580078125,14607.5400390625
2013-05-13,6098.2001953125,6104.9501953125,5972.89990234375,5980.4501953125,107900.0,58.148788880442304,88.11381296158379,18.94076289992438,69.17305006165941,83.20842411120316,91.53857432154015,5864.882495117187,5785.2410253906255,5700.749506835938,5967.465130898311,5879.351317936727,36.367899846531564,76.977285746829,-384500.0,-0.01875381347676275,-0.018931896238816203,132.05029296875,117.75,102.81999969482422,1434.5,54.803001403808594,15091.6796875,6631.7998046875,8279.2900390625,1633.77001953125,22989.810546875,17.510000228881836,3438.7900390625,14782.2099609375
2013-05-14,5989.7001953125,6026.2001953125,5970.0498046875,5995.39990234375,119300.0,59.101194266525766,83.81527866947908,11.713782886255728,72.10149578322336,74.30292125284583,84.33676588080064,5884.952490234375,5789.922021484375,5704.590256347656,5971.762788043763,5887.947509374284,36.21580037361928,75.48965038098407,-265200.0,0.002499762817683493,0.0024966436077198026,56.150390625,-5.69970703125,102.5999984741211,1424.699951171875,54.827999114990234,15215.25,6686.10009765625,8339.1103515625,1650.3399658203125,22930.279296875,17.170000076293945,3462.610107421875,14758.419921875
2013-05-15,6018.85009765625,6157.10009765625,6018.85009765625,6146.75,153900.0,67.23147305953297,91.56583334004426,15.57147004545672,75.99436329458754,73.99776108537576,77.16970214980824,5915.8625,5796.9190234375,5709.337756347656,5998.683897575493,5907.118064235448,37.15206641222133,81.64754644752094,-111300.0,0.025244370704460284,0.024930994618493872,138.25,-127.89990234375,103.68000030517578,1396.5,54.79800033569336,15275.6904296875,6693.60009765625,8362.419921875,1658.780029296875,23044.240234375,18.1299991607666,3471.6201171875,15096.0302734375
2013-05-16,6128.25,6187.2998046875,6128.25,6169.89990234375,158600.0,68.27045916591452,98.4414358091899,17.957658011681886,80.48377779750801,85.41364550183569,77.90477594668576,5945.9375,5806.456025390626,5714.223005371094,6025.024821385994,5926.583385576804,38.21663322684001,80.03342203609088,47300.0,0.0037662020325781587,0.003759127650507598,59.0498046875,-41.64990234375,103.80000305175781,1387.0999755859375,54.77799987792969,15233.2197265625,6687.7998046875,8369.8701171875,1650.469970703125,23082.6796875,17.739999771118164,3465.239990234375,15037.240234375
2013-05-17,6172.9501953125,6199.9501953125,6146.14990234375,6187.2998046875,147300.0,69.0644099040248,104.09449051404226,18.888570173227407,85.20592034081486,95.82005348449775,85.0771533572364,5970.85498046875,5815.808017578125,5719.078005371093,6049.9902034323795,5945.895712918337,39.28648095171956,78.1596271027094,194600.0,0.0028201271688605978,0.0028161580707262417,53.80029296875,-14.349609375,103.72000122070312,1364.9000244140625,54.77799987792969,15354.400390625,6723.10009765625,8398.0,1667.469970703125,23082.6796875,17.56999969482422,3498.969970703125,15138.1201171875
2013-05-20,6198.0,6229.4501953125,6146.0498046875,6156.89990234375,122300.0,65.95903442173524,104.91219654296856,15.765020961722954,89.1471755812456,90.2687147618064,90.50080458271327,5994.264965820313,5824.976015625,5723.64900390625,6066.437849418744,5961.525652875775,40.46806518251585,78.53396735430158,72300.0,-0.004913274498306808,-0.004925384313636034,83.400390625,41.10009765625,103.72000122070312,1384.300048828125,54.88800048828125,15335.2802734375,6755.60009765625,8455.830078125,1666.2900390625,23493.029296875,17.709999084472656,3496.429931640625,15360.8095703125
2013-05-21,6152.35009765625,6180.25,6102.35009765625,6114.10009765625,130600.0,61.74937770883314,100.94303939349084,9.436691049796181,91.50634834369465,79.97126794214094,88.68667872948168,6010.814965820313,5831.5730175781255,5728.19400390625,6073.770502993745,5972.827463600254,40.64825718411825,78.48867699640505,-58300.0,-0.006951518680887947,-0.006975793048095481,77.89990234375,38.25,103.91000366210938,1377.800048828125,55.108001708984375,15387.580078125,6803.89990234375,8472.2001953125,1669.1600341796875,23366.369140625,17.8799991607666,3502.1201171875,15381.01953125
2013-05-22,6127.0498046875,6147.60009765625,6074.4501953125,6094.5,133800.0,59.86509021784156,95.11941230501361,2.8904511690551544,92.22896113595846,66.29616175603022,78.84538148665918,6023.819970703125,5837.091015625,5733.076752929687,6076.959656379323,5981.840244074309,40.268049666449066,78.10733594978683,-192100.0,-0.0032057207672742116,-0.0032108700979154446,73.14990234375,32.5498046875,102.5999984741211,1367.5999755859375,55.40800094604492,15307.169921875,6840.2998046875,8530.8896484375,1655.3499755859375,23261.080078125,17.719999313354492,3463.300048828125,15627.259765625
2013-05-23,6050.39990234375,6081.4501953125,5955.7001953125,5967.0498046875,198900.0,49.324914035597736,79.30579245515219,-10.33853494464502,89.6443273997972,43.92438913177077,63.397272943313965,6030.327465820313,5839.166015625,5737.271000976562,6060.050448426735,5980.744655971583,38.008341624186116,82.44251228819492,-391000.0,-0.020912330020920522,-0.021134089920608477,125.75,83.35009765625,102.44000244140625,1392.0,55.65299987792969,15294.5,6696.7998046875,8351.98046875,1650.510009765625,22669.6796875,18.729999542236328,3459.419921875,14483.98046875
2013-05-24,6010.7001953125,6015.2998046875,5936.7998046875,5983.5498046875,161600.0,50.539043126857,67.32867385534519,-17.852522835561615,85.1811966909068,27.988177019384178,46.06957596906172,6033.689965820313,5839.9230078125,5741.640749511719,6048.281118620699,5980.952444765354,35.6562754514369,82.16090426760958,-229400.0,0.0027651855674202253,0.002761369474992902,78.5,27.150390625,102.63999938964844,1386.800048828125,55.70800018310547,15303.099609375,6654.2998046875,8305.3203125,1649.5999755859375,22618.669921875,17.700000762939453,3459.139892578125,14612.4501953125
2013-05-27,5989.39990234375,6099.89990234375,5975.5498046875,6083.14990234375,115100.0,57.20448747095323,65.12292007758515,-16.046621290657328,81.16954136824248,26.26899741197681,32.72718785437725,6044.274951171876,5842.73900390625,5746.841499023438,6053.645546885784,5988.522626808199,34.395515647347864,85.1744180810839,-114300.0,0.016645653651653936,0.016508633198256576,124.35009765625,-93.75,102.63999938964844,1386.800048828125,55.8129997253418,15303.099609375,6654.2998046875,8383.2998046875,1649.5999755859375,22686.05078125,17.030000686645508,3459.139892578125,14142.650390625
2013-05-28,6086.35009765625,6127.64990234375,6055.39990234375,6111.25,139700.0,58.88781974327105,64.89422710089275,-13.020251413879777,77.91447851477253,41.864548364778614,32.04057426537987,6054.6324462890625,5846.682001953125,5751.898498535156,6062.507770441817,5997.6135433409245,33.49361633024117,84.25124536100648,25400.0,0.004619333422216654,0.004608697044323107,72.25,-24.89990234375,104.2300033569336,1379.0999755859375,55.564998626708984,15409.3896484375,6762.0,8480.8701171875,1660.06005859375,22924.25,17.1200008392334,3488.889892578125,14311.98046875
2013-05-29,6120.4501953125,6125.0498046875,6069.7998046875,6104.2998046875,120200.0,58.27723712748042,63.421084805326245,-11.594714967557024,75.01579977288327,55.61816062343301,41.25056880006281,6063.337426757813,5851.743994140625,5756.420998535156,6068.9373141719225,6005.516229366596,32.6561383929278,82.1797278352203,-94800.0,-0.0011372788402536083,-0.0011379260325724719,55.25,16.150390625,102.43000030517578,1391.300048828125,56.108001708984375,15302.7998046875,6627.2001953125,8336.580078125,1648.3599853515625,22554.9296875,17.860000610351562,3467.52001953125,14326.4599609375
2013-05-30,6072.14990234375,6133.75,6072.14990234375,6124.0498046875,194100.0,59.5603965636339,63.1196646614444,-9.516908089151087,72.63657275059549,60.27672292780377,52.58647730533846,6069.572412109375,5856.045986328125,5760.896247558594,6077.416158866627,6014.296494205182,31.970204112787744,80.70975425100815,99300.0,0.0032354243126841986,0.0032302015895608275,61.60009765625,-51.89990234375,102.19000244140625,1411.5,56.29800033569336,15324.5302734375,6657.0,8400.2001953125,1654.4100341796875,22484.310546875,16.040000915527344,3491.300048828125,13589.0302734375
2013-05-31,6098.7001953125,6106.25,5975.5498046875,5985.9501953125,175300.0,48.36061795896847,51.147703804711455,-17.191095156707235,68.33879896141869,46.00488085942279,53.96658813688652,6071.669921875,5858.31298828125,5764.623498535157,6063.344472165992,6012.19676836128,29.891157923412898,85.55191466165043,-76000.0,-0.022550373328005135,-0.022808521266850956,130.7001953125,112.75,100.38999938964844,1392.5999755859375,56.37799835205078,15115.5703125,6583.10009765625,8348.83984375,1630.739990234375,22392.16015625,16.989999771118164,3455.909912109375,13774.5400390625
2013-06-03,5997.35009765625,6011.0,5916.35009765625,5939.2998046875,112100.0,45.2642357267981,37.46368389496729,-24.70009205316113,62.16377594812842,29.369647995878793,45.21708392770178,6070.082421875,5860.393984375,5768.181247558594,6044.260677169301,6006.7969932743335,28.269400302570663,86.20177092465755,-188100.0,-0.007793314194550316,-0.007823840773196913,94.64990234375,58.05029296875,102.05999755859375,1411.699951171875,56.573001861572266,15254.0302734375,6525.10009765625,8285.7998046875,1640.4200439453125,22282.189453125,17.290000915527344,3465.3701171875,13261.8203125
2013-06-04,5941.10009765625,5981.60009765625,5910.25,5919.4501953125,114500.0,43.974083705625894,24.732204483971145,-29.94525717132582,54.677461655296966,9.002337588705489,28.125622148002357,6063.87744140625,5863.863984375001,5771.699997558594,6025.059064575947,6000.3268600919755,26.834589242298744,85.1409371197713,-302600.0,-0.0033420790375549014,-0.00334767625808323,71.35009765625,21.64990234375,103.23999786376953,1397.0999755859375,56.667999267578125,15177.5400390625,6558.60009765625,8295.9599609375,1631.3800048828125,22285.51953125,17.260000228881836,3445.260009765625,13533.759765625
2013-06-05,5908.2998046875,5935.2001953125,5883.7001953125,5923.85009765625,110200.0,44.35270541027737,14.826539554242117,-31.88073768084388,46.707277235085996,7.274834703268523,15.2156067626176,6056.604956054687,5868.452988281251,5774.906499023438,6009.4884542806085,5994.661914726366,25.816195778152718,82.73801303978763,-192400.0,0.0007432957789279548,0.0007430196714316884,51.5,-15.55029296875,103.04000091552734,1398.4000244140625,56.4379997253418,14960.58984375,6419.2998046875,8196.1796875,1608.9000244140625,22069.240234375,16.780000686645508,3401.47998046875,13014.8701171875
2013-06-06,5895.0,5956.5498046875,5869.5,5921.39990234375,114200.0,44.17367680085879,6.701270372925137,-32.00480548972869,38.706075862653826,9.637769243570231,8.638313845181413,6050.167456054687,5873.705986328126,5777.829997558594,5995.936369367246,5989.235098994321,24.550485275447862,83.04599815748138,-306600.0,-0.0004136153467944048,-0.0004137009092160573,87.0498046875,-26.39990234375,103.61000061035156,1415.699951171875,56.722999572753906,15040.6201171875,6336.10009765625,8098.81005859375,1622.56005859375,21838.4296875,17.350000381469727,3424.050048828125,12904.01953125
2013-06-07,5900.0498046875,5972.7001953125,5871.2998046875,5881.0,118300.0,41.219291467040534,-2.9638332509466636,-33.33592729088039,30.372094039933728,9.910588949036647,8.941064298625133,6039.479956054687,5878.298984375,5780.544997558594,5978.253851003054,5981.217684254,23.132683453974,84.35702619087557,-424900.0,-0.006822694465840606,-0.006846075453972334,101.400390625,19.0498046875,104.55999755859375,1383.0,56.8380012512207,15248.1201171875,6412.0,8254.6796875,1643.3800048828125,21575.259765625,17.350000381469727,3469.219970703125,12877.5302734375
2013-06-10,5907.89990234375,5931.64990234375,5857.39990234375,5878.0,100100.0,41.00000435148745,-10.741748246846328,-32.891073829424045,22.149325582577717,8.405979985402704,9.318112726003193,6034.357446289062,5883.181982421875,5783.320246582032,5962.830181617968,5973.571929864815,22.008700964746435,83.63509574867018,-525000.0,-0.0005101173269852488,-0.0005102474810933533,74.25,29.89990234375,103.94999694824219,1386.199951171875,56.8380012512207,15238.58984375,6400.5,8307.6904296875,1642.81005859375,21615.08984375,18.110000610351562,3473.77001953125,13514.2001953125
2013-06-11,5848.75,5868.0498046875,5780.35009765625,5788.7998046875,180900.0,35.032262680384896,-23.82882830278686,-36.78252310829166,12.953694805504801,4.396760567447375,7.571109833962241,6024.02744140625,5886.1259765625,5785.662246093751,5936.05627747482,5959.885105777606,21.920565522877975,84.63615336260446,-705900.0,-0.01517526289766924,-0.01529158551760873,87.69970703125,59.9501953125,102.95999908447266,1377.0,56.8380012512207,15122.01953125,6340.10009765625,8222.4599609375,1626.1300048828125,21354.66015625,19.489999771118164,3436.949951171875,13317.6201171875
2013-06-12,5771.75,5792.89990234375,5738.60009765625,5760.2001953125,140400.0,33.35586408774249,-36.092135324644914,-39.236664104119775,3.144528779474859,4.985287446882696,5.9293426665775915,6004.699951171875,5887.678984374999,5787.7237475585935,5909.001495603694,5945.093630928339,22.278689253634177,82.46927131438271,-846300.0,-0.004940507590509791,-0.004952752244654958,54.2998046875,11.5498046875,103.48999786376953,1391.800048828125,56.8380012512207,14995.23046875,6299.5,8143.27001953125,1612.52001953125,21354.66015625,18.850000381469727,3400.429931640625,13289.3203125
2013-06-13,5709.35009765625,5729.85009765625,5683.10009765625,5699.10009765625,142000.0,30.04770152992185,-50.162914880450444,-42.64595492794024,-7.516959952510202,3.8025695582379098,4.394872524189327,5981.159960937501,5887.57298828125,5789.3174975585935,5876.708972842549,5926.871887722999,23.133937264316803,82.08575891023038,-988300.0,-0.010607287174840163,-0.010663945462104954,46.75,10.25,104.25,1377.5999755859375,57.827999114990234,15176.080078125,6304.60009765625,8095.39013671875,1636.3599853515625,20887.0390625,19.440000534057617,3445.360107421875,12445.3798828125
2013-06-14,5748.9501953125,5819.39990234375,5739.39990234375,5808.39990234375,124400.0,41.26902370351546,-51.89630002881131,-35.50347206104089,-16.392827967770423,12.27365933698422,7.020505447368274,5962.2149658203125,5888.778984375,5791.54474609375,5866.1998850735035,5918.096185102315,22.506616277196883,84.81533360860678,-863900.0,0.019178432176063964,0.018996844089153475,80.0,-59.44970703125,104.29000091552734,1387.300048828125,57.99800109863281,15070.1796875,6308.2998046875,8127.9599609375,1626.72998046875,20969.140625,18.350000381469727,3423.56005859375,12686.51953125
2013-06-17,5820.39990234375,5854.89990234375,5770.25,5850.0498046875,107200.0,44.896468096716276,-49.3404551571839,-26.35810175153078,-22.982353405653118,22.800368247102618,12.95886571410825,5946.8724609375,5892.321982421874,5793.963496093749,5863.715257321811,5913.055712478995,21.43796536833444,84.80351708968844,-756700.0,0.007170632711935632,0.007145045967808824,84.64990234375,-29.64990234375,104.29000091552734,1382.800048828125,57.49800109863281,15179.849609375,6330.5,8215.73046875,1639.0400390625,21225.900390625,18.18000030517578,3452.1298828125,13033.1201171875
2013-06-18,5841.89990234375,5863.39990234375,5804.2998046875,5813.60009765625,117500.0,42.4268001799822,-49.683397141654495,-21.360834988801102,-28.322562152853394,31.26961820547798,22.114548596521605,5931.8474609375,5897.098984374999,5795.926496582031,5856.005232757878,5905.688629899532,20.329536173243827,82.96755855872856,-874200.0,-0.006230666105106253,-0.006250157711134042,59.10009765625,28.2998046875,106.0199966430664,1366.5999755859375,58.10300064086914,15318.23046875,6374.2001953125,8229.509765625,1651.81005859375,21225.880859375,18.290000915527344,3482.179931640625,13007.2802734375
2013-06-19,5805.75,5828.39990234375,5777.89990234375,5822.25,115500.0,43.22495241688789,-48.69587062181836,-16.298646775171974,-32.39722384664638,32.96297124016922,29.010985897583268,5918.2349609375,5902.478984375,5797.973496093749,5850.812120025897,5899.507990647715,19.623669659798043,80.64844723310509,-758700.0,0.0014878736408507898,0.0014867678535771553,50.5,-16.5,106.12000274658203,1373.5999755859375,58.8380012512207,15112.1904296875,6348.7998046875,8197.080078125,1628.9300537109375,20986.890625,18.459999084472656,3443.199951171875,13245.2197265625
2013-06-20,5754.14990234375,5755.0,5645.64990234375,5655.89990234375,198400.0,33.58271689871866,-60.63732207176963,-22.5920785800986,-38.04524349167103,21.54933683069458,28.59397542544726,5902.677465820312,5904.7379785156245,5799.176245117187,5820.825624997874,5881.462947069644,20.28661697055154,87.50213654904401,-957100.0,-0.028571445344368618,-0.028987554139514253,109.35009765625,98.25,102.1500015258789,1285.9000244140625,58.7130012512207,14758.3203125,6159.5,7928.47998046875,1588.18994140625,20382.869140625,19.190000534057617,3364.639892578125,13014.580078125
2013-06-21,5639.89990234375,5686.14990234375,5616.85009765625,5667.64990234375,182400.0,34.690912236550616,-68.3648145516836,-24.255656848010048,-44.109157703673546,16.53904221271518,23.68378342785966,5886.882470703124,5908.188974609375,5800.580993652344,5797.260129204931,5865.624943756615,21.13635578704611,86.20196998750515,-774700.0,0.002077476653207899,0.0020753216826701094,69.2998046875,-27.75,100.91000366210938,1291.5999755859375,59.56800079345703,14799.400390625,6116.2001953125,7789.240234375,1592.4300537109375,20263.310546875,19.030000686645508,3357.25,13230.1298828125
2013-06-24,5638.0498046875,5640.0,5566.25,5590.25,193500.0,31.019317941882456,-79.81438275508572,-28.56418004112973,-51.250202713955986,7.545868215096338,15.211415752835364,5862.237475585937,5908.819970703125,5801.780993652344,5765.412417019557,5845.226799774643,22.314090234209228,87.28753658437978,-968200.0,-0.013656436737869537,-0.013750543628800106,73.75,47.7998046875,101.16000366210938,1276.800048828125,59.268001556396484,14659.5595703125,6029.10009765625,7692.4501953125,1573.0899658203125,19813.98046875,21.010000228881836,3320.760009765625,13062.7802734375
2013-06-25,5606.9501953125,5666.25,5570.25,5609.10009765625,196600.0,32.882405327069954,-86.37156506431711,-28.097089880288898,-58.27447518402821,10.12486585457969,11.403258760797067,5837.12998046875,5909.12197265625,5803.387495117187,5741.364367886741,5827.735932951058,22.985926932507944,87.90985539978124,-771600.0,0.0033719596898618143,0.003366287381407146,96.0,-2.14990234375,101.26000213623047,1274.800048828125,59.80799865722656,14760.3095703125,6101.89990234375,7811.2998046875,1588.030029296875,19855.720703125,21.139999389648438,3347.889892578125,12969.33984375
2013-06-26,5627.9501953125,5635.25,5579.35009765625,5588.7001953125,160100.0,31.87892564143731,-92.1520099087802,-27.10202777980159,-65.04998212897861,7.323594542753371,8.331442870809799,5811.35,5910.32498046875,5804.755747070312,5717.877572106088,5810.0295820148685,23.609775295213893,85.62343018149329,-931700.0,-0.003636929630169039,-0.0036435593381386397,55.89990234375,39.25,101.66000366210938,1229.5999755859375,59.65800094604492,14910.1396484375,6165.5,7940.990234375,1603.260009765625,20338.55078125,21.06999969482422,3376.219970703125,12834.009765625
2013-06-27,5647.9501953125,5699.35009765625,5630.9501953125,5682.35009765625,239000.0,40.80917031620823,-88.16003562663627,-18.488042798126116,-69.67199282851016,15.946478453865927,11.131646283732994,5789.2650146484375,5912.603984375,5806.874997558593,5712.4118068061125,5800.571842432749,23.16969660733841,87.4110353359402,-692700.0,0.01675700951400083,0.01661815982028318,68.39990234375,-34.39990234375,102.81999969482422,1211.4000244140625,60.7130012512207,15024.490234375,6243.39990234375,7990.75,1613.199951171875,20440.080078125,18.850000381469727,3401.860107421875,13213.5498046875
2013-06-28,5749.5,5852.9501953125,5749.5,5842.2001953125,214400.0,52.3029666537906,-71.27617293583444,-1.2833440858594258,-69.99282884997501,42.91058770678919,22.060220234469494,5782.0775146484375,5915.668984375,5809.817248535156,5732.379251191711,5803.655424127545,22.101430332472848,93.35311121596233,-478300.0,0.02813098364392963,0.0277425749122853,103.4501953125,-92.7001953125,102.16000366210938,1223.800048828125,60.1879997253418,14909.599609375,6215.5,7959.22021484375,1606.280029296875,20803.2890625,17.950000762939453,3403.25,13677.3203125
2013-07-01,5834.10009765625,5904.35009765625,5822.2001953125,5898.85009765625,144800.0,55.59392510954134,-52.71673077817377,13.820878457440998,-66.53760923561477,73.86051530759724,44.239193822750785,5780.055029296875,5919.871982421875,5812.941499023438,5757.990150647794,5810.706881425967,21.588032258021595,92.5528820108043,-333500.0,0.009696672563395348,0.009649961552167819,82.14990234375,-64.75,103.0,1255.9000244140625,59.5260009765625,14974.9599609375,6307.7998046875,7983.919921875,1614.9599609375,20803.2890625,18.09000015258789,3434.489990234375,13852.5
2013-07-02,5885.5,5898.7998046875,5852.2998046875,5857.5498046875,145700.0,52.73708581976057,-40.869707093431316,20.534321713746763,-61.40402880717808,91.98865682484089,69.58658661307577,5776.960009765625,5921.360976562501,5816.100747070313,5773.307020500057,5814.176727593488,21.111305474602574,89.26698279351471,-479200.0,-0.007001414222266744,-0.007026039129586622,46.5,27.9501953125,104.0,1243.5999755859375,59.37799835205078,14932.41015625,6303.89990234375,7910.77001953125,1614.0799560546875,20658.650390625,18.209999084472656,3433.39990234375,14098.740234375
2013-07-03,5811.9501953125,5815.0,5760.39990234375,5770.89990234375,160500.0,47.25092634144773,-38.03434220439249,18.695749282228476,-56.730091486620964,81.68683479942828,82.51200231062214,5769.3125,5920.0909765625,5818.763247070313,5772.936694629855,5810.971036834248,19.61714076213302,89.83004847567439,-639700.0,-0.01479285797525931,-0.014903363447433636,54.60009765625,41.05029296875,105.76000213623047,1252.0999755859375,59.54800033569336,14988.3701171875,6229.89990234375,7829.31982421875,1615.4100341796875,20147.310546875,18.90999984741211,3443.669921875,14055.5595703125
2013-07-04,5794.75,5848.2001953125,5786.0498046875,5836.9501953125,151900.0,51.40113367109354,-30.110493439638958,21.295678437585607,-51.406171877224565,75.58411524262175,83.08653562229696,5765.090014648438,5920.091982421875,5821.2374975585935,5782.784925504108,5812.895418943747,18.5503543965359,88.93506593946552,-487800.0,0.011445406104154454,0.011380402965057766,62.150390625,-42.2001953125,105.76000213623047,1252.0999755859375,60.21900177001953,14988.3701171875,6421.7001953125,7994.31005859375,1615.4100341796875,20468.669921875,18.579999923706055,3443.669921875,14018.9296875
2013-07-05,5889.9501953125,5900.4501953125,5858.4501953125,5867.89990234375,123600.0,53.25696433748109,-21.090287795933364,24.252707265032967,-45.34299506096633,76.60453273909671,77.95849426038225,5764.435009765626,5919.123984375,5823.75974609375,5795.879537325592,5816.969825121525,18.078460736014627,87.11827551521799,-364200.0,0.005302376411589815,0.005288368309453251,42.0,22.05029296875,107.72000122070312,1212.9000244140625,60.17499923706055,15135.83984375,6375.5,7806.0,1631.8900146484375,20854.669921875,18.670000076293945,3479.3798828125,14309.9697265625
2013-07-08,5833.14990234375,5833.85009765625,5775.5498046875,5811.5498046875,127600.0,49.54713787624957,-18.277994437449706,21.6520004988133,-39.92999493626301,80.61221198611457,77.60028665594434,5761.112500000001,5917.9259765625,5825.867495117187,5798.290347688962,5816.568342126412,16.854983741626754,87.49197709672028,-491800.0,-0.009603111606205639,-0.009649518823911232,58.30029296875,21.60009765625,107.43000030517578,1234.9000244140625,60.222999572753906,15224.6904296875,6450.10009765625,7968.5400390625,1640.4599609375,20582.189453125,19.34000015258789,3484.830078125,14109.33984375
2013-07-09,5834.60009765625,5864.9501953125,5834.60009765625,5859.0,110400.0,52.54484108974497,-12.081133696473444,22.27908899183165,-34.36022268830509,82.78610514579833,80.0009499570032,5764.622509765626,5917.023974609376,5828.007495117188,5807.630294198352,5819.711427894826,15.903833496556588,85.05686377731169,-381400.0,0.008164809200159828,0.008131657474948715,30.35009765625,-24.39990234375,107.80999755859375,1245.9000244140625,60.6879997253418,15300.33984375,6513.10009765625,8057.75,1652.3199462890625,20683.009765625,19.31999969482422,3504.260009765625,14472.900390625
2013-07-10,5869.89990234375,5879.35009765625,5802.85009765625,5816.7001953125,117500.0,49.70936443000176,-10.462710028939,19.118010127492873,-29.580720156431873,77.73831925968824,80.37887879720037,5767.447509765625,5914.753974609375,5829.914245605469,5809.025663600529,5819.488373629468,14.859755867142267,84.44565922178943,-498900.0,-0.007219628722904936,-0.007245816361832232,76.5,53.19970703125,108.51000213623047,1247.4000244140625,60.095001220703125,15291.66015625,6505.0,8066.47998046875,1652.6199951171875,20904.560546875,19.979999542236328,3520.760009765625,14416.599609375
2013-07-11,5894.5,5948.85009765625,5887.9501953125,5935.10009765625,120200.0,56.74537119933742,0.36952533947260235,23.960196396723582,-23.59067105725098,85.68956882713184,82.07133107753947,5779.247509765625,5913.468974609375,5831.701496582031,5828.421730378332,5828.052205038859,14.422625195498204,87.85310515907233,-378700.0,0.02035516673855131,0.02015076937254802,60.89990234375,-40.60009765625,107.7300033569336,1280.0999755859375,59.88800048828125,15460.919921875,6543.39990234375,8158.7998046875,1675.02001953125,21437.490234375,18.889999389648438,3578.300048828125,14472.580078125
2013-07-12,6000.5,6019.0,5951.14990234375,6009.0,127700.0,60.4634226723731,14.747257221467407,30.670342622974708,-15.923085401507302,89.41783686607158,84.28190831763055,5789.277514648438,5914.768974609375,5833.696496582031,5856.203002627819,5841.4557454063515,14.650003111663189,87.57073352940644,-251000.0,0.012451332096813816,0.012374451778423527,67.85009765625,-8.5,108.80999755859375,1277.800048828125,59.82699966430664,15464.2998046875,6544.89990234375,8212.76953125,1680.18994140625,21277.279296875,18.690000534057617,3600.080078125,14506.25
2013-07-15,5991.2001953125,6038.2001953125,5980.9501953125,6030.7998046875,116300.0,61.51435558416085,27.582817819509728,34.804722576813624,-7.221904757303897,97.52164824137904,90.87635131152749,5798.315014648438,5915.963974609375,5835.85024658203,5883.064049098539,5855.481231279029,15.02497826565541,85.40496684873455,-134700.0,0.0036278589927609683,0.003621294184999039,57.25,-39.599609375,109.08999633789062,1283.800048828125,59.88399887084961,15484.259765625,6586.10009765625,8234.8095703125,1682.5,21303.310546875,18.790000915527344,3607.489990234375,14506.25
2013-07-16,5930.7998046875,5966.0498046875,5910.9501953125,5955.25,151200.0,55.96249655138024,31.298069562910314,30.81597945617137,0.48209010673894515,91.9301344669088,92.95653985811981,5805.397509765625,5914.197978515625,5837.85524658203,5894.169580006455,5862.871510443545,14.52931901830372,87.86529845775351,-285900.0,-0.012527327574159974,-0.012606456082598512,55.099609375,-24.4501953125,109.4000015258789,1290.800048828125,59.80799865722656,15451.849609375,6556.39990234375,8201.0498046875,1676.260009765625,21312.380859375,18.989999771118164,3598.5,14599.1201171875
2013-07-17,5972.25,5989.7998046875,5926.75,5973.2998046875,191500.0,56.96189559776668,35.292076635370904,27.847989222905568,7.444087412465337,85.17953747643321,91.54377339490702,5812.95,5912.277978515625,5839.265996093749,5906.343460726616,5871.051384091245,14.297213807899716,86.0927631884497,-94400.0,0.003030906290667934,0.0030263223541821547,63.0498046875,-1.0498046875,109.36000061035156,1277.9000244140625,59.292999267578125,15470.51953125,6571.89990234375,8254.7197265625,1680.9100341796875,21371.869140625,19.360000610351562,3610.0,14615.0400390625
2013-07-18,5984.7001953125,6051.10009765625,5974.5498046875,6038.0498046875,171700.0,60.43104328945119,43.18433771339096,28.592200240740496,14.592137472650464,84.22072094575759,87.1101309630332,5832.0574951171875,5912.035976562501,5841.108244628906,5926.605975182137,5883.421637468746,14.639897267058013,85.50044388704258,77300.0,0.010839904594975858,0.010781573982748167,76.55029296875,-53.349609375,109.36000061035156,1284.5999755859375,59.323001861572266,15548.5400390625,6634.39990234375,8337.08984375,1689.3699951171875,21345.220703125,18.270000457763672,3611.280029296875,14808.5
2013-07-19,6057.2001953125,6066.85009765625,6020.25,6029.2001953125,163300.0,59.722483462897976,48.16965219516351,26.862011778010434,21.307640417153074,86.9149068274901,85.4383884165603,5850.135009765625,5910.724980468751,5842.88474609375,5942.389701356039,5894.2200491608755,15.09560130647656,82.72184772770026,-86000.0,-0.0014656403410467922,-0.0014667154424545085,46.60009765625,28.0,108.06999969482422,1293.300048828125,59.737998962402344,15543.740234375,6630.7001953125,8331.5703125,1692.0899658203125,21362.419921875,18.1299991607666,3587.610107421875,14589.91015625
2013-07-22,6009.75,6064.14990234375,6004.25,6031.7998046875,115200.0,59.871330389506994,51.733959705724374,24.34105543085704,27.392904274867334,90.59580226028709,87.24381001117825,5872.2125,5911.751972656251,5844.726494140625,5956.145101868572,5904.411142162848,15.29945430220838,81.09170877170382,29200.0,0.00043116985516933326,0.00043107692815792104,59.89990234375,-22.0498046875,108.1500015258789,1336.4000244140625,59.33300018310547,15545.5498046875,6623.2001953125,8331.0595703125,1695.530029296875,21416.5,17.6299991607666,3600.389892578125,14658.0400390625
2013-07-23,6064.2998046875,6093.35009765625,6061.2998046875,6077.7998046875,126500.0,62.51137417061099,57.60646320025808,24.17084714031259,33.43561605994549,90.4611888271817,89.32396597165297,5895.647485351563,5913.399970703125,5846.867993164062,5974.861209994561,5917.254746794303,15.767091388707504,79.69589335720713,155700.0,0.007626247801568509,0.00759731497994169,32.05029296875,-13.5,108.41999816894531,1335.0999755859375,59.71799850463867,15567.740234375,6597.39990234375,8314.23046875,1692.3900146484375,21915.419921875,16.719999313354492,3579.27001953125,14778.509765625
2013-07-24,6032.2001953125,6047.25,5962.60009765625,5990.5,151900.0,55.102265780518294,54.58685658186914,16.92099241753892,37.66586416433022,83.76875285533558,88.27524798093478,5915.737475585938,5910.274970703125,5848.303994140624,5977.267177687706,5922.680321105837,14.91847490126102,82.23188004821019,3800.0,-0.014363718367322642,-0.014467875158950037,84.64990234375,41.7001953125,107.19000244140625,1319.699951171875,59.757999420166016,15542.240234375,6620.39990234375,8379.1103515625,1685.93994140625,21968.9296875,16.90999984741211,3579.60009765625,14731.2802734375
2013-07-25,5970.39990234375,5990.64990234375,5896.39990234375,5907.5,237100.0,49.13901770648854,44.97791285997664,5.849638956517133,39.12827390345951,68.0878741552778,80.77260527926502,5926.994970703125,5905.02697265625,5849.247495117188,5966.533765735751,5921.555852875775,14.289287412165292,83.09031718762375,-233300.0,-0.013855270845505419,-0.013952151018890876,94.25,62.89990234375,107.6500015258789,1329.0,59.12699890136719,15555.6103515625,6588.0,8298.98046875,1690.25,21900.9609375,16.719999313354492,3605.18994140625,14562.9296875
2013-07-26,5937.9501953125,5944.5,5869.5,5886.2001953125,174500.0,47.71201948891838,35.23783962290963,-3.1123474244399034,38.350187047349536,45.94955624394354,65.93539441818564,5929.194970703125,5899.00498046875,5850.022246093751,5954.174754901404,5918.936915278495,13.976021417739812,82.51243738850778,-407800.0,-0.003605553057553945,-0.0036120687304303763,75.0,51.75,107.16999816894531,1321.699951171875,58.95800018310547,15558.830078125,6554.7998046875,8244.91015625,1691.6500244140625,21968.94921875,16.780000686645508,3613.159912109375,14129.98046875
2013-07-29,5869.9501953125,5886.0,5825.7998046875,5831.64990234375,173400.0,44.17392747371307,22.85356696818053,-12.397296063335205,35.250863031515735,26.70855511108668,46.91532850343601,5925.8349609375,5892.49998046875,5850.242495117189,5935.324777584842,5912.471210616662,14.110022460865101,80.93300547682865,-581200.0,-0.009267488559460024,-0.009310698906358704,60.2001953125,38.30029296875,107.44999694824219,1328.4000244140625,59.060001373291016,15521.9697265625,6560.2998046875,8259.0302734375,1685.3299560546875,21850.150390625,18.25,3599.139892578125,13661.1298828125
2013-07-30,5836.0498046875,5861.2998046875,5747.60009765625,5755.0498046875,181500.0,39.71977551991053,6.77980063684663,-22.776849915735284,29.556650552581914,13.586823236482235,28.748311530504154,5920.7099609375,5885.318974609376,5850.282993164063,5907.590166369866,5900.810365733019,14.91288294897174,83.27348415928734,-762700.0,-0.013135235986211136,-0.013222266146311269,113.69970703125,81.0,106.91000366210938,1324.0,59.4119987487793,15520.58984375,6571.0,8271.01953125,1685.9599609375,21953.9609375,18.1200008392334,3616.469970703125,13869.8203125
2013-07-31,5738.35009765625,5752.10009765625,5675.75,5742.0,235500.0,38.99832860376278,-6.931878778863393,-29.190823465156246,22.258944686292853,9.310995161769336,16.535457836446085,5919.264965820313,5878.268974609375,5850.612993164062,5882.114756159117,5889.04663493798,16.194089795783263,82.98964991130254,-998200.0,-0.0022675398355147536,-0.0022701145969533727,76.35009765625,-3.64990234375,107.69999694824219,1312.4000244140625,60.80799865722656,15499.5400390625,6621.10009765625,8275.9697265625,1685.72998046875,21883.66015625,18.770000457763672,3626.3701171875,13668.3203125
2013-08-01,5776.89990234375,5808.5,5676.85009765625,5727.85009765625,216800.0,38.18836998393587,-18.72441892082952,-32.7866908856979,14.06227196486838,10.165061781913188,11.020960060054918,5913.8099609375,5873.48498046875,5850.729243164062,5858.38173177406,5877.10615069489,16.640963553316602,86.46538222790593,-1215000.0,-0.0024642811465952486,-0.0024673224848824594,131.64990234375,49.0498046875,109.54000091552734,1311.0,60.630001068115234,15628.01953125,6682.0,8410.73046875,1706.8699951171875,22088.7890625,19.809999465942383,3675.739990234375,14005.76953125
2013-08-02,5750.0498046875,5761.85009765625,5649.0,5677.89990234375,222500.0,35.39381508095621,-31.734835821419438,-36.63768622903025,4.902850407610816,11.614797555756585,10.363618166479702,5904.3099609375,5867.371982421875,5850.8579931640625,5830.61529647709,5862.350132298509,17.277289548119462,88.35000475850194,-1437500.0,-0.008720583545463012,-0.008758830352814497,112.85009765625,72.14990234375,108.94999694824219,1310.5999755859375,60.43299865722656,15658.3603515625,6647.89990234375,8406.9404296875,1709.6700439453125,22190.970703125,20.889999389648438,3689.590087890625,14466.16015625
2013-08-05,5682.39990234375,5721.0,5661.5,5685.39990234375,197200.0,36.14935182665321,-40.968241246993784,-36.69687332368368,-4.271367923310104,9.057216580973746,10.279025306214507,5898.002465820313,5859.416982421875,5850.7447436523435,5808.274466610423,5849.2427078574165,17.868163686150687,86.28929013289466,-1240300.0,0.0013209109228755622,0.0013200392875264806,59.5,-3.0,108.69999694824219,1302.5999755859375,61.097999572753906,15612.1298828125,6619.60009765625,8398.3798828125,1707.1400146484375,22222.009765625,20.799999237060547,3692.949951171875,14258.0400390625
2013-08-06,5664.89990234375,5664.89990234375,5521.7998046875,5542.25,216200.0,29.143802617702285,-59.15488168195134,-43.90681100691299,-15.24807067503835,6.091199217025267,8.921071117918533,5882.164965820313,5848.036982421874,5850.075744628906,5767.347625593435,5826.502507275386,19.419980316364146,91.81149067027718,-1456500.0,-0.025178510712102753,-0.025500912656776276,143.10009765625,122.64990234375,108.18000030517578,1283.199951171875,60.87699890136719,15518.740234375,6604.2001953125,8299.73046875,1697.3699951171875,21923.69921875,22.729999542236328,3665.77001953125,14401.0595703125
2013-08-07,5549.2998046875,5561.4501953125,5486.85009765625,5519.10009765625,245000.0,28.192289435304872,-74.57626019622603,-47.462551616950144,-27.113708579275887,5.695711290513749,6.948042362837587,5867.284960937501,5836.33298828125,5849.234995117187,5729.155698218483,5803.731958414709,21.069633586715362,90.58210545498953,-1701500.0,-0.00417698630407326,-0.004185734279980768,74.60009765625,30.19970703125,107.44000244140625,1286.0999755859375,60.78300094604492,15470.669921875,6511.2001953125,8260.48046875,1690.9100341796875,21588.83984375,22.040000915527344,3654.010009765625,13824.9404296875
2013-08-08,5510.0498046875,5577.60009765625,5510.0498046875,5565.64990234375,204900.0,32.93389129180605,-82.09529016600027,-43.9852652693795,-38.11002489662077,7.295988360096551,6.360966289211856,5848.812451171875,5825.164990234374,5848.823244628906,5704.0009603916005,5786.096250557601,22.36220967150919,88.93697599168672,-1496600.0,0.008434310641922904,0.008398940586119187,67.55029296875,-55.60009765625,106.68000030517578,1310.699951171875,61.202999114990234,15498.3203125,6529.7001953125,8318.3203125,1697.47998046875,21655.880859375,21.190000534057617,3669.1201171875,13605.5595703125
2013-08-12,5606.7001953125,5644.10009765625,5557.10009765625,5612.39990234375,195700.0,37.40429720778676,-83.32136447091216,-36.16907165943311,-47.15229281147905,13.003550941192636,8.665083530600977,5828.982446289063,5817.693984375001,5848.583994140625,5689.9084899227,5773.229854393612,22.624259685184608,88.7986205637091,-1300900.0,0.008399737824025477,0.008364656339552535,87.0,-5.69970703125,108.97000122070312,1334.699951171875,60.672000885009766,15419.6796875,6574.2998046875,8359.25,1689.469970703125,22271.279296875,21.280000686645508,3669.949951171875,13519.4296875
2013-08-13,5600.25,5704.75,5578.89990234375,5699.2998046875,223000.0,44.77339849557223,-76.40024683655884,-23.39836322006383,-53.00188361649501,23.867877796819233,14.72247236603614,5812.407446289063,5812.893984375001,5848.4869921875,5691.353307578823,5767.753554415382,22.103876059560427,91.44515464174773,-1077900.0,0.01548355495969922,0.015364907874385061,125.85009765625,-99.0498046875,109.81999969482422,1321.199951171875,61.369998931884766,15451.009765625,6611.89990234375,8415.759765625,1694.1600341796875,22541.130859375,19.260000228881836,3684.43994140625,13867.0
2013-08-14,5715.39990234375,5754.5498046875,5690.2001953125,5742.2998046875,223700.0,48.03347317314028,-66.67686126164881,-10.93998211612304,-55.73687914552577,36.43856380667408,24.43666418156198,5801.759936523438,5809.3509765625,5848.777241210937,5699.191230210927,5765.8680914725755,21.045756515862877,89.50975855126576,-854200.0,0.007544786460370823,0.007516466913095698,64.349609375,-26.89990234375,110.19999694824219,1334.0,61.45000076293945,15337.66015625,6587.39990234375,8438.1201171875,1685.3900146484375,22541.130859375,18.700000762939453,3669.27001953125,14050.16015625
2013-08-16,5705.4501953125,5716.60009765625,5496.0498046875,5507.85009765625,248100.0,35.66983572938906,-77.0015145913585,-17.011708356666183,-59.98980623469232,31.06788069874446,30.45810743407926,5778.487451171875,5801.030976562501,5847.730742187499,5669.754132894823,5746.755647486181,21.563761363724655,100.70549008331821,-1102300.0,-0.04082853821736476,-0.04168542781460944,220.55029296875,197.60009765625,111.16999816894531,1371.699951171875,61.2599983215332,15081.4697265625,6500.0,8391.9404296875,1655.8299560546875,22517.810546875,23.639999389648438,3602.780029296875,13650.1103515625
2013-08-19,5497.5498046875,5499.64990234375,5360.64990234375,5414.75,219700.0,32.13282552978026,-91.63990872719751,-25.32008199400414,-66.31982673319337,21.863726651840853,29.790057052419797,5747.3224609375,5790.897978515626,5846.347492675781,5630.522727834081,5722.162636561278,22.789611987360363,104.0265404568312,-1322000.0,-0.016903164756765454,-0.0170476537750192,139.0,82.7998046875,111.16999816894531,1366.199951171875,62.4900016784668,15010.740234375,6465.7001953125,8366.2900390625,1646.06005859375,22463.69921875,25.59000015258789,3589.090087890625,13758.1298828125
2013-08-20,5353.4501953125,5417.7998046875,5306.35009765625,5401.4501953125,261100.0,31.65000164076324,-103.12535967790154,-29.444426355766538,-73.680933322135,10.674426458046032,21.20201126954378,5715.9349609375,5781.306982421876,5844.828244628907,5595.2807997538375,5698.406159431739,24.18655744882305,104.55676664071827,-1583100.0,-0.002456217680871675,-0.002459239132094885,111.44970703125,-48.0,110.1500015258789,1373.0999755859375,63.849998474121094,15002.990234375,6453.5,8300.0302734375,1652.3499755859375,21970.2890625,27.229999542236328,3613.590087890625,13396.3798828125
2013-08-21,5494.4501953125,5504.10009765625,5268.4501953125,5302.5498046875,255000.0,28.250582831844646,-118.83820443639797,-36.125816891410366,-82.7123875449876,11.249593018409563,14.595915376098816,5679.4724609375,5769.797978515626,5843.012993164062,5550.245262051323,5669.083466487721,24.549729453929313,113.92056204807768,-1838100.0,-0.018309969924526603,-0.018479672110444576,235.64990234375,191.900390625,109.80999755859375,1370.5999755859375,63.36000061035156,14897.5498046875,6390.7998046875,8285.41015625,1642.800048828125,21817.73046875,28.09000015258789,3599.7900390625,13424.330078125
2013-08-22,5282.7998046875,5418.9501953125,5254.0498046875,5408.4501953125,284500.0,36.15778950801584,-121.34666185332298,-30.9074194466683,-90.43924240665469,17.09944758065286,13.007822352369484,5646.00498046875,5762.190986328125,5842.065744628906,5528.430636399196,5649.777298252519,24.96900126162963,117.5619783750007,-1553600.0,0.01997159753810962,0.019774781357612244,164.900390625,-125.650390625,109.9000015258789,1371.199951171875,64.69000244140625,14963.740234375,6446.89990234375,8397.8896484375,1656.9599609375,21895.400390625,29.059999465942383,3638.7099609375,13365.169921875
2013-08-23,5428.75,5478.7998046875,5377.7998046875,5471.75,251500.0,40.38678069318567,-116.87955248292747,-21.152248061018227,-95.72730442190924,25.67761999456763,18.00888686454335,5620.06748046875,5756.421982421875,5841.325993652344,5519.710538491628,5636.590090974555,24.72711415602805,116.37897991964351,-1302100.0,0.011703871238818442,0.011635910691516363,101.0,-43.0,111.04000091552734,1395.699951171875,64.41000366210938,15010.509765625,6492.10009765625,8416.990234375,1663.5,21863.509765625,25.75,3657.7900390625,13660.5498046875
2013-08-26,5499.39990234375,5528.7001953125,5454.4501953125,5476.5,242000.0,40.70419664209101,-111.66880237811165,-12.753198364961932,-98.91560401314972,38.3880977788566,27.05505511802569,5598.517480468749,5751.96998046875,5840.4832446289065,5513.0627633390695,5624.731565717181,24.004445738515535,113.3697670682404,-1060100.0,0.0008680952163384603,0.0008677186396066932,74.25,22.89990234375,110.7300033569336,1393.0,64.06999969482422,14946.4599609375,6492.10009765625,8435.150390625,1656.780029296875,22005.3203125,26.3799991607666,3657.570068359375,13636.2802734375
2013-08-27,5426.5,5427.39990234375,5274.25,5287.4501953125,306000.0,33.14080585636815,-121.39462301319145,-17.983215200033385,-103.41140781315806,31.330073685081654,31.79859715283529,5568.57998046875,5741.550986328125,5838.431994628907,5478.353137488828,5599.747760502019,24.445677923200037,119.71835513479466,-1366100.0,-0.03452018710627225,-0.0351300857798711,153.14990234375,139.0498046875,114.36000061035156,1420.5999755859375,64.29299926757812,14776.1298828125,6441.0,8242.5595703125,1630.47998046875,21874.76953125,29.420000076293945,3578.52001953125,13542.3701171875
2013-08-28,5233.4501953125,5317.7001953125,5118.85009765625,5285.0,336000.0,33.0550774626104,-127.82661062385887,-19.53216224856064,-108.29444837529823,25.751845755602215,31.82333907318015,5541.247485351563,5730.249990234375,5836.335993652344,5448.606500952085,5576.433111575944,25.577676053460404,125.37062245775577,-1702100.0,-0.00046339827742913897,-0.0004635056795921676,198.85009765625,-51.5498046875,116.61000061035156,1419.0,66.86000061035156,14824.509765625,6430.10009765625,8157.89990234375,1634.9599609375,21524.650390625,32.380001068115234,3593.35009765625,13338.4599609375
2013-08-29,5316.5,5428.89990234375,5303.0,5409.0498046875,326500.0,41.32989708531985,-121.51349272980679,-10.575235483606832,-110.93825724619995,26.153460935201643,27.745126791961837,5523.947485351562,5722.158984375001,5834.759243164062,5442.520855372919,5564.034348102726,25.62267131494923,126.6941424496125,-1375600.0,0.023472053867076736,0.023200821268735756,125.89990234375,-92.5498046875,115.16000366210938,1412.9000244140625,67.3499984741211,14840.9501953125,6483.10009765625,8194.5498046875,1638.1700439453125,21704.779296875,29.40999984741211,3620.300048828125,13459.7099609375
2013-08-30,5407.4501953125,5493.2998046875,5360.2001953125,5471.7998046875,336400.0,45.03123871054205,-110.17685058797451,0.6091253265803687,-110.78597591455488,42.436143326525396,31.447150005776415,5510.437475585937,5715.14998046875,5833.317741699219,5447.025309113624,5557.202159701598,25.133205635707526,127.1516758014259,-1039200.0,0.011600928493137763,0.01153415365937455,133.099609375,-64.349609375,114.01000213623047,1396.0999755859375,67.38999938964844,14810.3095703125,6412.89990234375,8103.14990234375,1632.969970703125,21731.369140625,27.809999465942383,3589.8701171875,13388.8603515625
2013-09-02,5480.25,5564.89990234375,5478.85009765625,5550.75,214200.0,49.359968256938195,-93.74126808055098,13.635766267203138,-107.37703434775412,56.37091981824694,41.65350802665799,5501.582470703125,5713.046982421875,5832.37774169922,5462.982953865374,5556.724221945925,24.11956153521181,124.71942021962762,-825000.0,0.014428560643769517,0.0143254595132373,86.0498046875,-70.5,114.01000213623047,1396.0999755859375,66.58999633789062,14810.3095703125,6506.2001953125,8243.8701171875,1632.969970703125,22175.33984375,27.549999237060547,3589.8701171875,13572.919921875
2013-09-03,5574.7001953125,5580.9501953125,5323.75,5341.4501953125,250300.0,40.29960535664897,-96.49239135515563,8.707714394078792,-105.20010574923442,52.82628972391652,50.54445095622961,5484.759985351563,5706.522988281251,5830.653742675781,5444.285606395701,5540.777997750856,24.02604682982796,134.18233272626136,-1075300.0,-0.03770658103634639,-0.038435865504589016,257.2001953125,233.25,115.68000030517578,1412.0,66.51000213623047,14833.9599609375,6468.39990234375,8180.7099609375,1639.77001953125,22394.580078125,32.4900016784668,3612.610107421875,13978.4404296875
2013-09-04,5358.64990234375,5460.25,5318.89990234375,5448.10009765625,237200.0,45.76277292450308,-89.04051690920278,12.92767107202532,-101.9681879812281,52.679657703959165,53.95895574870753,5472.894995117188,5703.6799902343755,5829.4757421875,5444.872451205016,5533.9129681142185,23.963844959822517,134.69431593554629,-838100.0,0.01996646948750791,0.019769753704386283,141.35009765625,-89.4501953125,114.91000366210938,1389.9000244140625,68.61000061035156,14930.8701171875,6474.7001953125,8195.919921875,1653.0799560546875,22326.220703125,31.110000610351562,3649.0400390625,14053.8701171875
2013-09-05,5553.75,5625.75,5552.7001953125,5592.9501953125,274900.0,52.165325535915976,-70.63245344866573,25.068587626049904,-95.70104107471563,61.20914585415662,55.571697760677424,5475.430004882813,5703.3569921875005,5829.285493164063,5467.653642606167,5538.286096054832,22.665500757099778,137.76257210756083,-563200.0,0.026587268049381718,0.026239969011229082,73.0498046875,-39.2001953125,115.26000213623047,1373.0999755859375,66.2699966430664,14937.48046875,6532.39990234375,8234.98046875,1655.0799560546875,22597.970703125,28.530000686645508,3658.780029296875,14064.8203125
2013-09-06,5617.4501953125,5688.60009765625,5566.14990234375,5680.39990234375,253000.0,55.57495951406432,-48.429208256877246,37.81746625427071,-86.24667451114796,82.39054227526152,65.42644861112576,5483.4949951171875,5705.190986328125,5829.817243652345,5500.383836411949,5548.8130446688265,21.047848908308787,136.66883090791362,-310200.0,0.015635702800382845,0.015514724622354844,122.4501953125,-62.94970703125,116.12000274658203,1386.699951171875,66.00800323486328,14922.5,6547.2998046875,8275.669921875,1655.1700439453125,22621.220703125,28.649999618530273,3660.010009765625,13860.8095703125
2013-09-10,5738.5,5904.85009765625,5738.2001953125,5896.75,275200.0,62.66521675258651,-13.222906276409958,58.4190145877904,-71.64192086420036,97.01984140526712,80.20650984489508,5500.05,5709.478984375,5831.443994140625,5561.363246194726,5574.586152471136,20.744007842578135,142.93892836538407,-35000.0,0.03808712438836981,0.03737971608491806,166.64990234375,-158.25,111.25,1364.0999755859375,64.05999755859375,15191.0595703125,6584.0,8446.5400390625,1683.989990234375,22976.650390625,29.440000534057617,3729.02001953125,14423.3603515625
2013-09-11,5887.25,5924.35009765625,5832.7001953125,5913.14990234375,265000.0,63.14538658311553,15.819321459657658,69.96899385908642,-54.14967239942876,98.71324208171228,92.70787525408029,5515.087500000001,5710.897978515625,5833.151994628906,5615.484270217654,5599.664948757996,20.557326889799757,139.27542650669594,230000.0,0.0027811764690295337,0.0027773161535761984,91.64990234375,-25.89990234375,111.5,1363.9000244140625,63.619998931884766,15326.599609375,6588.39990234375,8495.73046875,1689.1300048828125,22937.140625,29.75,3725.010009765625,14425.0703125
2013-09-12,5931.14990234375,5932.0,5815.7998046875,5850.7001953125,273000.0,59.981835764525,33.41118341038327,70.04868464784963,-36.63750123746635,95.86028525119863,97.19778957939266,5522.657519531251,5709.93498046875,5834.331496582032,5651.671335616861,5618.260152206478,20.259356506938428,137.62719570711053,-43000.0,-0.01056115743091468,-0.010617322247705436,116.2001953125,80.44970703125,112.62999725341797,1330.4000244140625,63.15999984741211,15300.6396484375,6589.0,8494.0,1683.4200439453125,22953.720703125,29.709999084472656,3715.969970703125,14387.26953125
2013-09-13,5828.0,5884.2998046875,5822.89990234375,5850.60009765625,190800.0,59.976649035334056,46.80524200990658,66.75419459789835,-19.94895258799177,92.8669867202287,95.81350468437986,5528.072534179688,5709.795986328125,5835.445747070313,5682.275760545997,5635.470518536091,19.982669722852908,132.18238903829908,-233800.0,-1.7108662708431588e-05,-1.7108809063270718e-05,61.39990234375,-22.60009765625,112.77999877929688,1308.4000244140625,63.619998931884766,15376.0595703125,6583.7998046875,8509.419921875,1687.989990234375,22915.279296875,28.290000915527344,3722.179931640625,14404.669921875
2013-09-16,5930.2998046875,5957.25,5798.14990234375,5840.5498046875,219500.0,59.42105994320187,55.964036721316006,60.73039144744622,-4.766354726130215,88.69067666063577,92.47264954402104,5544.70751953125,5711.188984375001,5836.515495605469,5706.625613490844,5650.661576769528,20.136933218914645,134.10508251100987,-453300.0,-0.0017178225824691085,-0.0017192997315773116,159.10009765625,89.75,112.77999877929688,1317.9000244140625,63.290000915527344,15494.7802734375,6622.89990234375,8613.0,1697.5999755859375,23252.41015625,28.81999969482422,3717.85009765625,14404.669921875
2013-09-17,5824.2001953125,5857.7998046875,5804.89990234375,5850.2001953125,157900.0,59.8060794535111,63.271795514056066,54.430520192149025,8.841275321907041,87.7672719910993,89.77497845732125,5566.480029296875,5711.453984375001,5837.586997070313,5728.714010694175,5665.442215180119,20.28017789382912,128.30471249906276,-295400.0,0.0016523085921216207,0.0016509450320878272,52.89990234375,-26.0,112.77999877929688,1309.5,63.290000915527344,15529.73046875,6570.2001953125,8596.9501953125,1704.760009765625,23180.51953125,27.93000030517578,3745.699951171875,14311.669921875
2013-09-18,5872.75,5916.89990234375,5840.2001953125,5899.4501953125,153600.0,61.798183762738084,72.20497638570214,50.69096085103608,21.51401553466606,88.15924827480856,88.20573230884787,5591.380029296875,5712.084990234374,5838.446997070313,5754.981116020072,5682.776139634369,20.751076107141195,124.61864067993328,-141800.0,0.008418515325246734,0.008383277255138238,76.69970703125,-26.7001953125,110.5999984741211,1307.800048828125,63.18000030517578,15676.9404296875,6558.7998046875,8636.0595703125,1725.52001953125,23117.44921875,27.690000534057617,3783.639892578125,14505.3603515625
2013-09-19,6044.14990234375,6142.5,6040.14990234375,6115.5498046875,287200.0,69.04726768369841,95.61977381208362,59.284606621934046,36.335167190149576,91.70829904002926,89.21160643531238,5632.030029296875,5718.164990234375,5839.89974609375,5810.453221968907,5714.833448156824,22.2322284881662,133.07800953761662,145400.0,0.03663046592828345,0.035975516586889605,102.35009765625,-71.39990234375,108.76000213623047,1369.4000244140625,63.58000183105469,15636.5498046875,6625.39990234375,8694.1796875,1722.3399658203125,23502.509765625,24.5,3789.3798828125,14766.1796875
2013-09-20,6104.5498046875,6130.9501953125,5932.85009765625,6012.10009765625,318600.0,62.89448406808731,104.62261825690257,54.629960853402395,49.992657403500175,90.68677625351856,90.18477452278546,5662.2125244140625,5721.2269921874995,5840.560996093751,5841.475818228499,5736.853199971596,22.66913272954649,137.72244440323328,-173200.0,-0.01691584736207319,-0.01706055452564804,198.10009765625,92.44970703125,109.22000122070312,1332.5,62.189998626708984,15451.08984375,6596.39990234375,8675.73046875,1709.9100341796875,23502.509765625,24.729999542236328,3774.72998046875,14742.419921875
2013-09-23,5945.7998046875,5989.39990234375,5871.39990234375,5889.75,188300.0,56.48374147068082,100.72372656152584,40.584855326420524,60.13887123510531,83.40213497532409,88.59907008962396,5683.112524414063,5722.68798828125,5840.654995117187,5848.902615424115,5748.178888862589,22.578226175265602,137.93514089675233,-361500.0,-0.020350642149811637,-0.02056056945458911,118.0,56.0498046875,108.16000366210938,1326.9000244140625,62.720001220703125,15401.3798828125,6557.39990234375,8635.2900390625,1701.8399658203125,23371.5390625,27.020000457763672,3765.2900390625,14742.419921875
2013-09-24,5855.0,5938.39990234375,5854.5498046875,5892.4501953125,187600.0,56.58890666934923,96.73659079592744,29.278175648657694,67.45841514726975,74.3726877144555,82.82053298109938,5703.9100341796875,5721.834990234374,5840.67099609375,5855.602243099251,5758.865652303323,22.357293235190916,134.07192352243072,-173900.0,0.00045845669383259846,0.0004583516346713625,83.85009765625,-37.4501953125,108.63999938964844,1316.0,62.68000030517578,15334.58984375,6571.5,8664.599609375,1697.4200439453125,23179.0390625,26.719999313354492,3768.25,14732.6103515625
2013-09-25,5901.5498046875,5910.5498046875,5811.10009765625,5873.85009765625,200200.0,55.59226374861776,91.02658671302652,18.85453725260541,72.1720494604211,64.4672135766112,74.0806787554636,5733.230029296875,5719.131992187499,5840.537746582032,5858.409605338789,5767.383018625763,21.79463118687404,131.59890805877495,-374100.0,-0.0031565981959502665,-0.0031615907611521666,99.44970703125,27.69970703125,108.31999969482422,1335.9000244140625,62.720001220703125,15273.259765625,6551.5,8665.6298828125,1692.77001953125,23209.630859375,25.68000030517578,3761.10009765625,14620.5302734375
2013-09-26,5872.7998046875,5917.64990234375,5864.10009765625,5882.25,220600.0,55.969407148761725,86.18567445084773,11.210899992341297,74.97477445850643,59.645077303779715,66.16165953161547,5763.092529296875,5716.160996093749,5840.294497070313,5862.077358363591,5775.891683912743,21.316859976606263,126.02397210368389,-153500.0,0.0014300505127124996,0.0014290289642726517,53.5498046875,-9.4501953125,109.20999908447266,1323.5999755859375,62.43000030517578,15328.2998046875,6565.60009765625,8664.099609375,1698.6700439453125,23125.029296875,24.0,3787.429931640625,14799.1201171875
2013-09-27,5905.5498046875,5909.2001953125,5819.2998046875,5833.2001953125,163100.0,53.13181323913584,77.49795906294821,2.0185476835534217,75.47941137939479,44.264410271472684,56.1255670506212,5784.300048828125,5713.719999999999,5839.923498535156,5857.634717894192,5780.136758831244,20.483749205929797,123.4437162837779,-316600.0,-0.008338612722597616,-0.008373573438567785,89.900390625,72.349609375,108.62999725341797,1338.4000244140625,61.72999954223633,15258.240234375,6512.7001953125,8661.509765625,1691.75,23207.0390625,24.059999465942383,3781.590087890625,14760.0703125
2013-09-30,5801.0498046875,5810.2001953125,5718.5,5735.2998046875,155700.0,47.91069169780534,61.998459047496,-10.78476186551903,72.78322091301503,27.4349287287184,43.7814721013236,5797.475048828126,5708.96,5839.055498046875,5838.81396201624,5776.815502968744,19.137535816714458,122.81917907154377,-472300.0,-0.016783307163651173,-0.01692574280654838,91.7001953125,65.75,108.37000274658203,1326.5,62.90999984741211,15129.669921875,6462.2001953125,8594.400390625,1681.550048828125,22859.859375,26.649999618530273,3771.47998046875,14455.7998046875
2013-10-01,5756.10009765625,5786.4501953125,5700.9501953125,5780.0498046875,159200.0,50.31414258920513,52.71824155336617,-16.0519834877191,68.77022504108527,15.124572606658457,28.941303868949845,5808.9400390625015,5703.799999999999,5838.461748046875,5829.773322427203,5777.055080873837,18.020548269713967,120.15352342357637,-313100.0,0.007802556365654301,0.007772273841471294,85.5,-23.94970703125,107.94000244140625,1286.0,62.58000183105469,15191.7001953125,6460.0,8689.1396484375,1695.0,22859.859375,25.770000457763672,3817.97998046875,14484.7197265625
2013-10-03,5819.10009765625,5917.60009765625,5802.7001953125,5909.7001953125,199800.0,56.56691741775788,55.18911950322581,-10.864884430287574,66.05400393351339,23.05098785810487,21.87016306449391,5837.352539062501,5701.41,5838.570249023438,5842.069764409556,5786.88064490633,17.46118201190324,121.3961498196602,-113300.0,0.022430670150948462,0.02218280238265632,114.89990234375,-90.60009765625,109.0,1317.4000244140625,62.06999969482422,14996.48046875,6449.0,8689.1396484375,1678.6600341796875,23214.400390625,25.170000076293945,3774.340087890625,14157.25
2013-10-04,5891.2998046875,5950.4501953125,5885.0,5907.2998046875,191500.0,56.425335781034015,56.30457255364945,-7.799545103891148,64.1041176575406,37.307925667242436,25.16116204400192,5860.312524414063,5698.92,5838.849248046876,5852.105155221548,5795.800582667898,17.162756703044426,117.40001021200591,-304800.0,-0.00040617807091192226,-0.0004062605835685447,65.4501953125,-16.0,109.45999908447266,1309.699951171875,61.959999084472656,15072.580078125,6453.89990234375,8622.9697265625,1690.5,23138.5390625,26.1299991607666,3807.75,14024.3095703125
2013-10-07,5889.0498046875,5912.0,5825.85009765625,5906.14990234375,156400.0,56.35257089215111,56.44512535429476,-6.127193842596675,62.572319196891435,46.82743296612237,35.728782163823226,5875.972509765625,5695.487001953125,5838.981997070313,5860.419731701886,5803.974606347591,16.37898017151848,115.16785964998763,-461200.0,-0.00019465786091266146,-0.00019467680921306599,86.14990234375,-17.10009765625,109.68000030517578,1324.800048828125,61.380001068115234,14936.240234375,6437.2998046875,8591.580078125,1676.1199951171875,22973.94921875,26.829999923706055,3770.3798828125,13853.3203125
2013-10-08,5975.0,5981.7001953125,5913.0,5928.39990234375,158500.0,57.494775152441306,57.686924553042445,-3.9083157150791905,61.595240268121636,48.239105128789234,44.12482125405135,5888.372509765625,5694.245000000001,5839.334497070313,5870.878219492942,5813.191294939899,16.144435222890237,112.33803345847066,-302700.0,0.003767259613774776,0.0037601812630294537,68.7001953125,46.60009765625,110.16000366210938,1324.199951171875,61.380001068115234,14776.5302734375,6365.7998046875,8555.8896484375,1655.449951171875,23178.849609375,26.549999237060547,3694.830078125,13894.6103515625
2013-10-09,5893.25,6015.5,5877.10009765625,6007.4501953125,192000.0,61.363282951310815,64.3084495803032,2.170567449745249,62.137882130557955,55.79962563797467,50.28872124429542,5893.907519531251,5696.24400390625,5839.887749023438,5891.889292695951,5827.580843115647,15.609742300318123,114.19959552170491,-110700.0,0.013334170142182522,0.013246052547886104,138.39990234375,-114.2001953125,109.05999755859375,1306.9000244140625,62.029998779296875,14802.98046875,6337.89990234375,8516.6904296875,1656.4000244140625,23033.970703125,25.8700008392334,3677.780029296875,14037.83984375
2013-10-10,6001.0498046875,6033.9501953125,5979.7998046875,6020.9501953125,159600.0,61.999356128638574,69.84031734148721,6.161948168743393,63.678369172743814,65.11495806836368,56.38456294504252,5899.297534179688,5698.93900390625,5840.344499511719,5911.74481617542,5841.904498833933,15.251888587236184,109.91036660051171,48900.0,0.0022472096415437903,0.002244688442359527,54.150390625,-19.900390625,111.80000305175781,1296.5999755859375,61.810001373291016,15126.0703125,6430.5,8685.76953125,1692.56005859375,22951.30078125,25.8799991607666,3760.75,14194.7099609375
2013-10-11,6104.85009765625,6107.60009765625,6046.39990234375,6096.2001953125,180800.0,65.41700102088878,79.38134972029002,12.562384438036958,66.81896528225306,80.34327581756472,67.08595317463435,5911.572534179688,5704.230009765625,5841.243500976563,5940.122566811894,5860.741217091604,15.45412555662945,108.24890486788588,229700.0,0.012498027314456817,0.012420571665258479,61.2001953125,8.64990234375,111.27999877929688,1268.0,61.61000061035156,15237.1103515625,6487.2001953125,8724.830078125,1703.199951171875,23218.3203125,23.59000015258789,3791.8701171875,14404.740234375
2013-10-14,6093.0,6124.10009765625,6082.89990234375,6112.7001953125,142200.0,66.13617524225678,87.26812608863565,16.359328645106075,70.90879744352958,89.64039225142344,78.3662087124506,5924.6775390625,5711.383017578126,5842.568500976562,5966.672971196603,5879.404845107967,15.757746543123561,103.45971132821546,371900.0,0.002706604027322923,0.0027029477705162687,41.2001953125,-19.7001953125,111.04000091552734,1276.4000244140625,60.9900016784668,15301.259765625,6507.7001953125,8723.8095703125,1710.1400146484375,23218.3203125,22.850000381469727,3815.280029296875,14404.740234375
2013-10-15,6147.5498046875,6156.2998046875,6056.5498046875,6089.0498046875,218300.0,64.07920672789466,90.56607497593177,15.725822025921758,74.84025295001001,93.24456677139159,87.74274494679324,5937.1025390625,5718.324013671875,5843.735,5985.500176349049,5894.934101373117,16.26875975744865,103.19473194762865,153600.0,-0.0038690578417597266,-0.0038765620083412522,99.75,58.5,109.95999908447266,1273.0,61.380001068115234,15168.009765625,6549.10009765625,8804.4404296875,1698.06005859375,23336.51953125,23.239999771118164,3794.010009765625,14441.5400390625
2013-10-17,6098.5,6110.75,6032.5498046875,6045.85009765625,230600.0,60.38481073247673,88.67171556632275,11.065170093050185,77.60654547327256,86.09368244117016,89.65954715466172,5946.885034179688,5724.684013671875,5844.43625,5994.78477962708,5906.113064060757,16.470544122224627,101.40940790226232,-77000.0,-0.007094654899684638,-0.007119941635177799,78.2001953125,52.64990234375,110.97000122070312,1322.699951171875,61.45000076293945,15371.650390625,6576.2001953125,8811.98046875,1733.1500244140625,23094.880859375,21.059999465942383,3863.14990234375,14586.509765625
2013-10-18,6070.89990234375,6201.4501953125,6070.89990234375,6189.35009765625,250300.0,67.15823901765741,97.62432040989006,16.014219949294002,81.61010046059606,86.18583435032335,88.50802785429502,5961.380029296875,5734.913017578126,5846.0325,6024.717905477721,5927.093585067831,17.30654327118229,105.28017145611858,173300.0,0.02373528911271383,0.02345798647282757,130.55029296875,-118.4501953125,110.97000122070312,1314.4000244140625,61.099998474121094,15399.650390625,6622.60009765625,8865.099609375,1744.5,23340.099609375,20.1200008392334,3914.280029296875,14561.5400390625
2013-10-21,6202.0,6218.9501953125,6163.2998046875,6204.9501953125,197000.0,67.8027432475588,104.77039387062177,18.528234728020564,86.24215914260121,90.20789071240003,87.49580250129785,5965.850048828125,5745.3040234375,5847.515500488282,6052.445950067687,5947.675556197065,18.19974970725161,101.73518711103868,370300.0,0.002520474267913464,0.0025173031999250295,55.650390625,-2.9501953125,109.63999938964844,1315.699951171875,61.2400016784668,15392.2001953125,6654.2001953125,8867.2197265625,1744.6600341796875,23438.150390625,20.18000030517578,3920.050048828125,14693.5703125
2013-10-22,6192.2998046875,6220.10009765625,6181.7998046875,6202.7998046875,161900.0,67.60579234860411,109.00366363905141,18.209203597160155,90.79446004189126,97.18242269605938,91.19204925292757,5975.385034179688,5758.51501953125,5849.003999023438,6075.577312316889,5966.573648677838,19.037227850037056,97.20412324373235,208400.0,-0.0003465604972340275,-0.0003466205632012109,38.30029296875,-10.5,109.97000122070312,1342.5,60.619998931884766,15467.66015625,6695.7001953125,8947.4599609375,1754.6700439453125,23315.990234375,19.959999084472656,3929.570068359375,14713.25
2013-10-23,6209.5498046875,6217.9501953125,6116.60009765625,6178.35009765625,188300.0,65.28381895716208,109.12771701479687,14.666605578324493,94.46111143647238,94.65415729796145,94.01482356880695,5989.8150390625,5771.70001953125,5849.92949951172,6091.388510061406,5982.260793046609,18.984161790726173,97.5002642731979,20100.0,-0.003941721126123232,-0.003949510183774189,101.35009765625,31.19970703125,107.80000305175781,1333.9000244140625,61.189998626708984,15413.330078125,6674.5,8919.8603515625,1746.3800048828125,22999.94921875,20.350000381469727,3907.070068359375,14426.0498046875
2013-10-24,6162.7998046875,6252.4501953125,6142.9501953125,6164.35009765625,148900.0,63.929827501947635,106.86448000702148,9.922694856439279,96.9417851505822,88.6711640366033,93.50258134354138,6003.4100341796875,5783.6740234375,5850.703750000001,6102.613369691382,5995.748889684361,19.218136113950337,98.35738825368377,-128800.0,-0.0022659771263707773,-0.0022685483374774457,109.5,-1.55029296875,106.98999786376953,1350.199951171875,61.52000045776367,15509.2099609375,6713.2001953125,8980.6298828125,1752.0699462890625,22835.8203125,20.639999389648438,3928.9599609375,14486.41015625
2013-10-25,6154.0,6174.75,6125.9501953125,6144.89990234375,144500.0,62.00574832517219,102.32187725512267,4.304073683632367,98.0178035714903,81.37829534048046,88.23453889168172,6016.9625244140625,5794.3240234375,5851.3475,6109.118990099439,6006.797112844316,19.216131580311455,94.81756085609922,-273300.0,-0.0031552710349620483,-0.003160259398470375,48.7998046875,9.10009765625,106.93000030517578,1352.4000244140625,61.45000076293945,15570.2802734375,6721.2998046875,8985.740234375,1759.77001953125,22698.33984375,20.420000076293945,3943.360107421875,14088.1904296875
2013-10-28,6155.10009765625,6168.75,6094.10009765625,6101.10009765625,146300.0,57.78791582469584,94.10279521226676,-3.1320066873788477,97.2348018996456,71.27163427552443,80.44036455086939,6027.905029296875,5802.360029296875,5851.911000976563,6107.885314338948,6013.782519126681,18.803770446133505,93.37701381950285,-419600.0,-0.007127830458360185,-0.007153354803001501,74.64990234375,54.0,109.61000061035156,1352.0,61.439998626708984,15568.9296875,6725.7998046875,8978.650390625,1762.1099853515625,22806.580078125,21.290000915527344,3940.1298828125,14396.0400390625
2013-10-29,6107.5498046875,6228.0498046875,6079.2001953125,6220.89990234375,197300.0,64.83401540635586,96.14762651886304,-0.8697403046260632,97.0173668234891,75.3536737457013,76.00120112056874,6047.290014648437,5811.93203125,5853.006999511719,6125.272174031994,6029.124547513131,18.965896521501524,97.33934207346692,-222300.0,0.019635771052751938,0.019445476322178384,148.849609375,-113.35009765625,109.01000213623047,1345.199951171875,61.5099983215332,15680.349609375,6774.7001953125,9022.0400390625,1771.949951171875,22846.5390625,19.760000228881836,3952.340087890625,14325.98046875
2013-10-30,6230.7998046875,6269.2001953125,6222.60009765625,6251.7001953125,177600.0,66.38746330313253,99.11100630907276,1.6749115884669266,97.43609472060584,81.74168966236944,76.12233256119839,6073.110034179687,5826.809033203125,5854.408000488281,6144.72263884438,6045.611632535307,19.464892214504626,93.83655285170144,-44700.0,0.004951099270564585,0.004938882885003037,46.60009765625,-20.900390625,109.86000061035156,1349.0,61.45000076293945,15618.759765625,6777.7001953125,9010.26953125,1763.31005859375,23304.01953125,19.530000686645508,3930.6201171875,14502.349609375
2013-10-31,6237.14990234375,6309.0498046875,6235.89990234375,6299.14990234375,239600.0,68.68267102099092,104.08843426903513,5.321871638743431,98.7665626302917,93.98900515385279,83.69478952064117,6099.065039062501,5844.49703125,5856.060500488281,6168.480679382745,6064.39224511371,20.24853153962436,92.35893495827634,194900.0,0.0075898884381608855,0.007561230152356484,73.14990234375,-62.0,108.83999633789062,1323.5999755859375,61.31999969482422,15545.75,6731.39990234375,9033.919921875,1756.5400390625,23206.369140625,18.389999389648438,3919.7099609375,14327.9404296875
2013-11-01,6289.75,6332.60009765625,6286.9501953125,6307.2001953125,191600.0,69.06857869625647,107.4441241694285,6.94204923130944,100.50207493811907,93.96912151973206,89.89993877865142,6118.940039062501,5862.612031250001,5857.840002441406,6189.822143371937,6082.378019202509,21.160589122939594,89.02257548581018,386500.0,0.0012779967286942195,0.0012771807859823679,45.64990234375,-17.4501953125,105.91000366210938,1313.0999755859375,62.220001220703125,15615.5498046875,6734.7001953125,9007.830078125,1761.6400146484375,23249.7890625,18.639999389648438,3922.0400390625,14201.5703125
2013-11-05,6282.14990234375,6304.75,6244.2998046875,6253.14990234375,181100.0,63.41812704082766,104.53708719736369,3.2280098073956935,101.309077389968,87.15846358604024,91.7055300865417,6136.2325439453125,5881.624033203126,5858.985502929687,6199.564875521446,6095.027788324082,21.366245732168604,87.15670513860945,205400.0,-0.008569617468131119,-0.008606547777017665,60.4501953125,29.0,105.33000183105469,1308.0,61.97999954223633,15618.2197265625,6746.7998046875,9009.1103515625,1762.969970703125,23038.94921875,19.940000534057617,3939.860107421875,14225.3701171875
2013-11-06,6260.5498046875,6269.7001953125,6208.7001953125,6215.14990234375,157100.0,59.719111068440874,98.03684925973721,-2.617782504184632,100.65463176392184,75.30410754707464,85.4772308842823,6151.682543945313,5897.758027343751,5859.778251953125,6201.962571955647,6103.92572269591,21.050443124616844,85.2883690572802,48300.0,-0.00607693731854364,-0.00609547705014856,61.0,45.39990234375,105.23999786376953,1317.699951171875,62.15999984741211,15746.8798828125,6741.7001953125,9040.8701171875,1770.489990234375,23036.939453125,20.25,3931.949951171875,14337.3095703125
2013-11-07,6228.89990234375,6288.9501953125,6180.7998046875,6187.25,168800.0,57.08636510456872,89.60120796198407,-8.842739041550232,98.4439470035343,59.61228210072152,74.02495107794546,6164.625048828125,5912.06802734375,5860.705251464844,6199.699099347085,6110.097891385101,20.372512704502757,86.92137059783161,-120500.0,-0.004489015193861801,-0.004499121077551629,108.150390625,41.64990234375,103.45999908447266,1308.4000244140625,62.470001220703125,15593.98046875,6697.2001953125,9081.0302734375,1747.1500244140625,22881.029296875,19.8700008392334,3857.330078125,14228.4404296875
2013-11-08,6170.14990234375,6185.14990234375,6120.9501953125,6140.75,150100.0,52.9004542465615,78.26158919067348,-16.14588625028867,94.40747544096214,43.20179954036301,59.37272972938639,6171.2900390625,5925.35302734375,5861.213000488282,6190.630007139842,6112.368417949168,18.976776653242272,85.4484016042365,-270600.0,-0.007515455169905816,-0.007543838501638632,64.19970703125,29.39990234375,105.12000274658203,1284.5,62.849998474121094,15761.7802734375,6708.39990234375,9078.2802734375,1770.6099853515625,22744.390625,19.639999389648438,3919.22998046875,14086.7998046875
2013-11-11,6110.39990234375,6141.64990234375,6067.75,6078.7998046875,146100.0,47.86488035884913,63.543506604853064,-24.691175068887276,88.23468167374034,24.306999742390254,42.373693794491594,6174.18251953125,5941.18001953125,5861.285,6173.425360608712,6109.881854003859,18.1689298248924,84.62350879991604,-416700.0,-0.010088376063591586,-0.010139608589296157,73.89990234375,31.60009765625,106.4000015258789,1281.0,63.34000015258789,15783.099609375,6728.39990234375,9107.8603515625,1771.8900146484375,23069.849609375,19.979999542236328,3919.7900390625,14269.83984375
2013-11-12,6087.25,6108.7001953125,6011.75,6018.0498046875,153800.0,43.492735149321774,46.44194894810062,-33.43418618051179,79.8761351286124,10.14172114520402,25.883506809319094,6170.275000000001,5955.841015625001,5860.963749999999,6149.521428928526,6103.079479980425,17.99400288091646,85.50398640795775,-570500.0,-0.009993749087304105,-0.010044021820206814,96.9501953125,69.2001953125,105.80999755859375,1271.0999755859375,63.47999954223633,15750.669921875,6726.7998046875,9076.48046875,1767.68994140625,22901.41015625,20.860000610351562,3919.919921875,14588.6796875
2013-11-13,5998.85009765625,6042.25,5972.4501953125,5989.60009765625,162500.0,41.57737323514436,30.244547386066188,-39.705270194036984,69.94981758010317,3.6324831578655505,12.69373468181994,6164.119995117188,5967.452021484376,5860.669250488281,6124.91814719433,6094.673599808264,18.203844963616138,84.38225914221077,-733000.0,-0.004727396408233497,-0.004738605888357065,69.7998046875,9.25,107.12000274658203,1268.300048828125,63.959999084472656,15821.6298828125,6630.0,9054.830078125,1782.0,22463.830078125,20.450000762939453,3965.580078125,14567.16015625
2013-11-14,6037.0,6101.64990234375,6036.64990234375,6056.14990234375,154900.0,47.41153288489922,22.518424628646244,-37.945114361165544,60.46353898981179,9.988531106200252,7.920911803089941,6162.475,5979.139023437499,5860.678500976563,6114.338417217317,6091.819992588671,17.608735742949303,86.35851239544571,-578100.0,0.011110892814620632,0.011049620288933722,65.0,-19.14990234375,108.54000091552734,1286.199951171875,63.369998931884766,15876.2197265625,6666.10009765625,9149.66015625,1790.6199951171875,22649.150390625,19.260000228881836,3972.739990234375,14876.41015625
2013-11-18,6111.0498046875,6196.7998046875,6110.39990234375,6189.0,164000.0,56.70600393703993,26.80630291232228,-26.925788861991606,53.732091774313886,29.3766023533495,14.332538872471766,6169.632495117188,5991.904023437501,5861.526750488281,6125.824814568499,6099.018511656177,16.71520910105509,90.23646882032459,-414100.0,0.02193639520132029,0.021699254229649953,86.39990234375,-77.9501953125,108.54000091552734,1272.199951171875,62.709999084472656,15976.01953125,6723.5,9225.4296875,1791.530029296875,23660.060546875,18.81999969482422,3949.070068359375,15164.2998046875
2013-11-19,6197.25,6212.39990234375,6180.2001953125,6203.35009765625,161500.0,57.578174023559235,31.005003911572203,-18.181670290193352,49.186674201765555,49.160031291223945,29.508388250257894,6170.332495117188,6009.142021484376,5862.170251464844,6137.751781197384,6106.746777285812,16.044763986199875,86.09098583539068,-252600.0,0.0023186456061157212,0.0023159616952837573,32.19970703125,-6.10009765625,106.91999816894531,1273.4000244140625,62.20000076293945,15967.0302734375,6698.0,9193.2900390625,1787.8699951171875,23657.810546875,19.299999237060547,3931.550048828125,15126.5595703125
2013-11-20,6186.85009765625,6204.35009765625,6106.9501953125,6122.89990234375,155800.0,51.33450565248206,27.52357169048173,-17.330482009027065,44.854053699508796,55.3380143630514,44.624882669208276,6166.229980468751,6022.638017578125,5862.410751953124,6135.4668767583635,6107.943305067882,15.189280008367138,86.89876558598777,-408400.0,-0.01296883039744856,-0.013053659902868716,97.39990234375,63.9501953125,108.05999755859375,1257.9000244140625,62.11000061035156,15900.8203125,6681.10009765625,9202.0703125,1781.3699951171875,23700.859375,20.829999923706055,3921.27001953125,15076.080078125
2013-11-21,6096.5,6097.35009765625,5985.39990234375,5999.0498046875,137200.0,43.51201475075514,14.60251504678763,-24.201230922176933,38.80374596896456,37.75735382176385,47.41846649201306,6156.04248046875,6030.760009765625,5862.156501464844,6114.479634901308,6099.87711985452,15.48780439561483,90.51313947270293,-545600.0,-0.020227359524339406,-0.020434733748201976,111.9501953125,97.4501953125,110.08000183105469,1243.5,62.7599983215332,16009.990234375,6681.2998046875,9196.080078125,1795.8499755859375,23580.2890625,21.139999389648438,3969.159912109375,15365.599609375
2013-11-22,6027.35009765625,6049.60009765625,5972.7998046875,5995.4501953125,134800.0,43.30546622224873,4.025621315439821,-27.822499722819796,31.848121038259617,18.515375135407755,37.203581106741,6146.897485351563,6037.0610156249995,5861.855002441406,6096.167413426107,6092.141792110667,15.865759031049244,89.5336504367063,-680400.0,-0.0006000299201028847,-0.0006002100100985879,76.80029296875,31.89990234375,111.05000305175781,1244.0,62.9900016784668,16064.76953125,6674.2998046875,9219.0400390625,1804.760009765625,23696.279296875,20.040000915527344,3991.64990234375,15381.7197265625
2013-11-25,6035.9501953125,6123.5,6035.9501953125,6115.35009765625,127200.0,51.554685214372476,5.257669760575482,-21.27236102214731,26.530030782722793,18.925080283340808,25.065936413504136,6144.447485351563,6041.433017578125,5862.258002929688,6099.1185956153595,6093.860925854784,15.358323849560389,92.28480431176298,-553200.0,0.019998481921756683,0.019801138983068924,87.5498046875,-79.39990234375,111.0,1241.0999755859375,62.2400016784668,16072.5400390625,6694.60009765625,9299.9501953125,1802.47998046875,23684.44921875,21.049999237060547,3994.570068359375,15619.1298828125
2013-11-26,6099.25,6112.7001953125,6047.75,6059.10009765625,150700.0,48.024307774936936,1.6758539297215975,-19.883341482400958,21.559195412122556,25.589024042403036,21.009826487050532,6140.157495117188,6044.352021484375,5862.55900390625,6092.961903621651,6091.286049691929,14.88713403817788,90.52161097922635,-703900.0,-0.009198165125747781,-0.00924072945680619,64.9501953125,40.14990234375,110.87999725341797,1241.4000244140625,62.50299835205078,16072.7998046875,6636.2001953125,9290.0703125,1802.75,23681.279296875,21.59000015258789,4017.75,15515.240234375
2013-11-27,6062.7001953125,6074.0,6030.2998046875,6057.10009765625,124900.0,47.898713742915334,-1.3090542446489053,-18.29459972541717,16.985545480768266,32.37548906271417,25.629864462819338,6137.957495117188,6048.48001953125,5862.9082543945315,6087.444702703897,6088.753756948546,14.622471440399384,87.17722414588876,-828800.0,-0.00033008202006323817,-0.0003301365091241254,43.7001953125,5.60009765625,111.30999755859375,1237.800048828125,62.459999084472656,16097.330078125,6649.5,9351.1298828125,1807.22998046875,23806.349609375,21.139999389648438,4044.75,15449.6298828125
2013-11-28,6092.0,6112.9501953125,6068.2998046875,6091.85009765625,195300.0,50.32933536713735,-0.8606597459975092,-14.276964181412621,13.416304435415112,34.627849279503344,30.864120794873518,6131.5050048828125,6053.30501953125,5863.583005371094,6088.1224557734895,6088.983115519487,13.900690778521847,84.9395722537717,-633500.0,0.00573706880185898,0.005720674496259994,44.650390625,0.14990234375,111.30999755859375,1237.800048828125,62.540000915527344,16097.330078125,6654.5,9387.3701171875,1807.22998046875,23789.08984375,20.709999084472656,4044.75,15727.1201171875
2013-11-29,6103.89990234375,6182.5,6103.7998046875,6176.10009765625,190700.0,55.72258977784847,6.2212522942118085,-5.756041712962645,11.977294007174454,53.79264092703577,40.265326423084424,6127.725,6060.016025390625,5864.667504882813,6101.657477601607,6095.436225307395,13.356674187075965,85.34745297448444,-442800.0,0.01382995291240241,0.01373519180845845,78.7001953125,-72.2001953125,109.69000244140625,1250.5999755859375,62.41299819946289,16086.41015625,6650.60009765625,9405.2998046875,1805.81005859375,23881.2890625,21.3799991607666,4059.889892578125,15661.8701171875
2013-12-02,6171.14990234375,6228.7001953125,6171.14990234375,6217.85009765625,145900.0,58.147752978745295,15.029345746863328,2.441641391751098,12.58770435511223,76.79937119224275,55.07328713292728,6123.660009765626,6067.369023437501,5866.0627563476555,6119.5332653023215,6104.503919555458,13.312359299882358,83.36194154550341,-296900.0,0.006759929298400413,0.006737183425796762,57.55029296875,-46.7001953125,111.44999694824219,1222.300048828125,62.459999084472656,16008.76953125,6595.2998046875,9401.9599609375,1800.9000244140625,24038.55078125,23.360000610351562,4045.260009765625,15655.0703125
2013-12-03,6204.25,6225.39990234375,6191.39990234375,6201.85009765625,156900.0,56.86237186077574,20.48264579384795,6.315953150988577,14.166692642859374,90.05321329555963,73.5484084716127,6118.392504882813,6073.417021484375,5867.554506835937,6132.1973933567715,6111.714747562924,13.271209761774008,79.83608857796746,-453800.0,-0.0025732366893230774,-0.002576553153439162,34.0,2.39990234375,112.62000274658203,1221.699951171875,62.31800079345703,15914.6201171875,6532.39990234375,9223.400390625,1795.1500244140625,23910.470703125,24.719999313354492,4037.199951171875,15749.66015625
2013-12-04,6187.9501953125,6209.14990234375,6149.89990234375,6160.9501953125,186200.0,53.60058569709909,21.259083583365282,5.673912752404725,15.585170830960557,86.2708611509354,84.37448187957925,6113.782519531251,6074.325029296875,5868.870007324218,6136.620901349961,6115.361817766596,12.694112754634038,78.36565367954123,-640000.0,-0.006594790538263173,-0.006616632250020927,59.25,27.0,111.87999725341797,1248.199951171875,62.362998962402344,15889.76953125,6510.0,9140.6298828125,1792.81005859375,23728.69921875,23.709999084472656,4038.0,15407.9404296875
2013-12-05,6262.4501953125,6300.5498046875,6232.0,6241.10009765625,186100.0,58.61107430150944,28.01885943353318,9.946950882058097,18.071908551475083,81.63601065590585,85.98669503413362,6115.080029296875,6078.905029296875,5870.463007812499,6152.6946238586215,6124.675764425088,13.085881517679558,82.73950765778828,-453900.0,0.013009341059879276,0.012925446408512491,68.5498046875,21.35009765625,110.9800033569336,1233.199951171875,61.70000076293945,15821.509765625,6498.2998046875,9084.9501953125,1785.030029296875,23712.5703125,21.68000030517578,4033.169921875,15177.490234375
2013-12-06,6234.39990234375,6275.35009765625,6230.75,6259.89990234375,158500.0,59.71007769471148,34.49537639168648,13.138774272169115,21.356602119517362,80.9944675528318,82.96711311989101,6118.7125244140625,6086.30802734375,5872.097756347656,6169.1877436255645,6134.692367233878,13.432670690994367,80.01526408624983,-295400.0,0.0030122581585512176,0.003007730399185639,44.60009765625,-25.5,111.61000061035156,1230.300048828125,61.58000183105469,16020.2001953125,6552.0,9172.41015625,1805.0899658203125,23743.099609375,22.209999084472656,4062.52001953125,15299.8603515625
2013-12-09,6415.0,6415.25,6345.0,6363.89990234375,198300.0,65.21303458011427,47.47275718349647,20.892924051183286,26.579833132313183,85.95089991612528,82.8604593749543,6129.87001953125,6095.737021484375,5874.432504882812,6199.143460351439,6151.6707031679425,14.89933151492657,85.39632362696413,-97100.0,0.01661368418384157,0.016477186675700303,70.25,51.10009765625,109.38999938964844,1235.300048828125,61.150001525878906,16025.5302734375,6559.5,9195.169921875,1808.3699951171875,23811.169921875,19.15999984741211,4068.75,15650.2099609375
2013-12-10,6354.7001953125,6362.25,6307.5498046875,6332.85009765625,242400.0,62.469696735336065,54.62231318852173,22.433984044966834,32.188329143554895,85.78929756411209,84.24488834435638,6142.572534179688,6104.917021484374,5876.659755859376,6219.713712244487,6165.091399055966,15.751228167343575,83.32159320048456,-339500.0,-0.004879052965001018,-0.004890994401687254,54.7001953125,21.85009765625,109.37999725341797,1262.4000244140625,60.869998931884766,15973.1298828125,6523.2998046875,9114.4404296875,1802.6199951171875,23744.189453125,17.979999542236328,4060.489990234375,15611.3095703125
2013-12-11,6307.2001953125,6326.60009765625,6280.25,6307.89990234375,148200.0,60.27545172710364,57.6110117066919,20.3381460505096,37.2728656561823,81.83598966161887,84.52539571395207,6157.0650390625,6113.43001953125,5878.708254394532,6233.280818413605,6175.669806706913,16.17846479507054,81.12720066161067,-487700.0,-0.003939805131615848,-0.003947586608913919,46.35009765625,-0.69970703125,109.69999694824219,1258.5,60.97999954223633,15843.5302734375,6507.7001953125,9077.1103515625,1782.219970703125,23338.240234375,17.540000915527344,4003.81005859375,15515.0595703125
2013-12-12,6276.75,6286.85009765625,6230.5498046875,6237.0498046875,148500.0,54.428940489832335,53.644189231748896,13.097058860453274,40.54713037129562,70.27402121749583,79.2997694810756,6169.437524414063,6121.50701171875,5880.195002441406,6233.860662455742,6180.2164732239935,15.94052406759782,80.8574075897992,-636200.0,-0.011231962896228742,-0.011295517736679127,56.30029296875,39.7001953125,108.66999816894531,1226.0,61.59000015258789,15739.4296875,6445.2998046875,9017.0,1775.5,23218.119140625,17.739999771118164,3998.39990234375,15341.8203125
2013-12-13,6201.2998046875,6208.60009765625,6161.39990234375,6168.39990234375,169700.0,49.426307574222406,44.4486046073589,3.1211793888506207,41.32742521850828,55.106800915061015,69.07227059805857,6175.050024414062,6130.169013671875,5881.321752929687,6223.789776284667,6179.341171677308,14.92494107586773,80.48544292936711,-805900.0,-0.011006790789477972,-0.01106781370198504,47.2001953125,32.89990234375,108.83000183105469,1235.699951171875,62.15999984741211,15755.3603515625,6440.0,9006.4599609375,1775.3199462890625,23245.9609375,17.84000015258789,4000.97998046875,15403.1103515625
2013-12-16,6168.35009765625,6183.25,6146.0498046875,6154.7001953125,146500.0,48.4689192401847,35.64469581245248,-4.546183524844643,40.190879337297126,40.63300430335025,55.337942145302364,6173.335034179689,6137.662021484375,5882.83400390625,6213.160609981256,6177.515914168804,13.903142795905923,77.39363952816231,-952400.0,-0.0022209498813532402,-0.0022234198483338887,37.2001953125,13.64990234375,110.47000122070312,1245.5,62.1879997253418,15884.5703125,6522.2001953125,9163.5595703125,1786.5400390625,23114.66015625,18.360000610351562,4029.52001953125,15152.91015625
2013-12-17,6178.2001953125,6190.5498046875,6133.0,6139.0498046875,154200.0,47.34077682166687,27.092374902626943,-10.478803547736149,37.57117845036309,29.527580732280263,41.75579531689718,6170.12001953125,6142.249013671875,5884.27775390625,6201.758947628371,6174.666572725744,13.100879428735537,75.97622275382929,-1106600.0,-0.0025428355774208544,-0.0025460740749505,57.5498046875,39.150390625,110.41000366210938,1231.199951171875,61.779998779296875,15875.259765625,6486.2001953125,9085.1201171875,1781.0,23069.23046875,18.329999923706055,4023.679931640625,15278.6298828125
2013-12-18,6129.9501953125,6236.0,6129.9501953125,6217.14990234375,243300.0,53.19541512134205,26.313300784571766,-9.006302132633067,35.31960291720483,29.700746475215205,33.28711050361524,6174.83251953125,6148.446015625,5886.0897534179685,6204.126786815353,6177.813486030781,12.50134339950378,78.12433574909149,-863300.0,0.012721854381539055,0.012641611434832655,106.0498046875,-87.19970703125,110.41000366210938,1236.0999755859375,61.709999084472656,16167.9697265625,6492.10009765625,9181.75,1810.6500244140625,23143.8203125,17.540000915527344,4070.06005859375,15587.7998046875
2013-12-19,6253.89990234375,6263.75,6150.7001953125,6166.64990234375,437000.0,49.37298552439756,21.374558375444394,-11.15603563340835,32.530594008852745,23.21660919393657,27.481645467144013,6183.2125244140625,6153.656015625,5888.116252441407,6198.36111228126,6176.9865539058155,12.25176577499411,80.61901210183495,-1300300.0,-0.00812269300133206,-0.008155861807590793,113.0498046875,87.25,110.29000091552734,1195.0,62.029998779296875,16179.080078125,6584.7001953125,9335.740234375,1809.5999755859375,22888.75,16.579999923706055,4058.139892578125,15859.2197265625
2013-12-20,6179.9501953125,6284.5,6170.35009765625,6274.25,172000.0,56.53890505750953,25.845072159954725,-5.348417479118417,31.193489639073142,33.27871883359171,28.732024834247827,6197.152514648437,6160.573017578125,5890.503002929688,6210.03632577645,6184.1912536164955,12.247899813997181,83.27837535572175,-1128300.0,0.017448711919798576,0.017298231088561187,114.14990234375,-94.2998046875,111.7699966430664,1205.0999755859375,62.459999084472656,16221.1396484375,6606.60009765625,9400.1796875,1818.3199462890625,22812.1796875,16.020000457763672,4104.740234375,15870.419921875
2013-12-23,6267.2001953125,6317.5,6266.9501953125,6284.5,131200.0,57.16095502738963,29.870744530612683,-1.058196086768369,30.928940617381052,39.20429327245074,31.899873766659674,6205.610009765625,6166.114013671875,5893.460253906251,6221.492275656997,6191.621531126384,12.59958815831876,80.94062030799162,-997100.0,0.001633661393792174,0.0016323284205711835,50.5498046875,-17.2998046875,111.55999755859375,1198.4000244140625,62.02000045776367,16294.6103515625,6678.60009765625,9488.8203125,1827.989990234375,22921.560546875,16.260000228881836,4148.89990234375,15870.419921875
2013-12-24,6296.4501953125,6301.5,6262.0,6268.39990234375,107600.0,55.809741607537376,31.40001572557867,0.37686008655808934,31.02315563902058,51.092372447204085,41.19179485108218,6216.075000000001,6171.0630078125,5896.203752441406,6228.7088336088045,6197.308817883226,12.850259493220076,77.98057600027794,-1104700.0,-0.0025618740800780193,-0.002565161294966418,39.5,28.05029296875,111.9000015258789,1205.0999755859375,61.84000015258789,16357.5498046875,6694.2001953125,9488.8203125,1833.3199462890625,23179.55078125,15.579999923706055,4155.419921875,15889.330078125
2013-12-26,6270.10009765625,6302.75,6259.4501953125,6278.89990234375,182300.0,56.531422773204625,33.07793457376556,1.643823147795981,31.43411142596958,51.63564917661314,47.31077163208931,6227.164990234375,6174.717001953126,5899.105751953125,6236.430536491104,6203.352601917339,13.04151551047131,75.50337804936524,-922400.0,0.001675068624143572,0.001673667261396705,43.2998046875,-8.7998046875,111.9800033569336,1214.0999755859375,61.790000915527344,16479.880859375,6694.2001953125,9488.8203125,1842.02001953125,23179.55078125,14.880000114440918,4167.18017578125,16174.4404296875
2013-12-27,6292.7998046875,6324.89990234375,6289.39990234375,6313.7998046875,96900.0,58.932137338152536,36.79962463240099,4.292410565145126,32.507214067255866,55.058925814743944,52.59564914618705,6238.262475585938,6178.738994140625,5901.7535009765625,6248.333500829011,6211.53387619661,13.488995411073006,73.39599390298201,-825500.0,0.0055582829614344575,0.0055428927092751245,35.5,-21.0,112.18000030517578,1216.0999755859375,61.88999938964844,16478.41015625,6750.89990234375,9589.3896484375,1841.4000244140625,23243.240234375,14.65999984741211,4156.58984375,16178.9404296875
2013-12-30,6336.39990234375,6344.0498046875,6273.14990234375,6291.10009765625,101300.0,56.737240879088894,37.48530688516621,3.982474254328274,33.502832630837936,62.00683338688046,56.23380279274585,6244.012475585938,6182.78,5904.116000976563,6254.912977263972,6217.4276703788055,14.134955981751919,73.21770164875116,-926800.0,-0.0035952528957914343,-0.003601731349932257,70.89990234375,45.2998046875,111.20999908447266,1203.0999755859375,61.66999816894531,16504.2890625,6731.2998046875,9552.16015625,1841.0699462890625,23244.869140625,15.079999923706055,4154.2001953125,16291.3095703125
2013-12-31,6307.35009765625,6317.2998046875,6287.2998046875,6304.0,103400.0,57.70137824826396,38.62439137973797,4.097246999120024,34.52714438061795,71.70207008666284,62.922609762762406,6248.319970703125,6187.942998046875,5906.319501953126,6262.464826915669,6223.840435535931,14.734776511668052,70.13072295955465,-823400.0,0.00205050025329534,0.0020484008470497933,30.0,3.35009765625,110.80000305175781,1201.9000244140625,61.779998779296875,16576.66015625,6749.10009765625,9552.16015625,1848.3599853515625,23306.390625,15.119999885559082,4176.58984375,16291.3095703125
2014-01-02,6301.25,6358.2998046875,6211.2998046875,6221.14990234375,158100.0,49.99511931744455,32.46754789288116,-1.6476771901894338,34.11522508307059,63.53466477631865,65.74785608328732,6249.284960937501,6188.578994140625,5907.696750488281,6256.108684673835,6223.641136780954,13.93146004733721,75.62138560530074,-981500.0,-0.013142464729735126,-0.013229591131722482,147.0,80.10009765625,107.77999877929688,1225.0,61.84000015258789,16441.349609375,6717.89990234375,9400.0400390625,1831.97998046875,23340.05078125,16.549999237060547,4143.06982421875,16291.3095703125
2014-01-03,6194.5498046875,6221.7001953125,6171.25,6211.14990234375,139000.0,49.14201521344864,26.476088774769778,-6.111309046640656,32.587397821410434,52.263952140298876,62.500229001093444,6251.794946289063,6188.702988281249,5909.04074951172,6249.191948930746,6222.715860155976,13.286336708550108,73.82344344152928,-1120500.0,-0.001607419875260141,-0.001608713160675422,50.4501953125,-16.60009765625,106.88999938964844,1238.4000244140625,62.060001373291016,16469.990234375,6730.7001953125,9435.150390625,1831.3699951171875,22817.279296875,15.869999885559082,4131.91015625,16291.3095703125
2014-01-06,6220.85009765625,6224.7001953125,6170.25,6191.4501953125,118300.0,47.42518286738835,19.90871723786131,-10.142944466839303,30.051661704700614,34.143466050834654,49.980694322484055,6249.312451171876,6188.47599609375,5910.4275,6240.308602220246,6220.399884982385,12.638620107298555,72.43964000374147,-1238800.0,-0.0031716682644893357,-0.0031767086647526764,54.4501953125,29.39990234375,106.7300033569336,1237.800048828125,62.22999954223633,16425.099609375,6730.7001953125,9428.0,1826.77001953125,22684.150390625,16.5,4113.68017578125,15908.8798828125
2014-01-07,6203.89990234375,6221.5,6144.75,6162.25,138600.0,44.92007697211645,12.20710039925416,-14.275649044357166,26.482749443611326,25.54555303710673,37.31765707608008,6244.429956054688,6188.1539941406245,5911.982749023437,6228.299586494055,6216.092486094801,12.421157609476218,72.7475228606171,-1377400.0,-0.00471621258208732,-0.004727369003838941,76.75,41.64990234375,107.3499984741211,1229.4000244140625,62.310001373291016,16530.939453125,6755.5,9506.2001953125,1837.8800048828125,22712.779296875,16.31999969482422,4153.18017578125,15814.3701171875
2014-01-08,6178.0498046875,6192.10009765625,6160.35009765625,6174.60009765625,146900.0,46.21413732694679,7.019150832760715,-15.57087888868049,22.590029721441205,20.210195441132445,26.633071509691273,6234.9649658203125,6188.358994140625,5913.310998535156,6220.038126672854,6213.018975840093,12.219228147212618,69.81912837057301,-1230500.0,0.0020041539464075164,0.0020021483091771735,31.75,3.44970703125,107.1500015258789,1225.300048828125,62.08000183105469,16462.740234375,6721.7998046875,9497.83984375,1837.489990234375,22996.58984375,16.31999969482422,4165.60986328125,16121.4501953125
2014-01-09,6181.7001953125,6188.0498046875,6148.25,6168.35009765625,150100.0,45.62987910234101,2.3759521600641165,-16.17126204910167,18.547214209165787,14.916510477298997,20.22408631851272,6226.739965820313,6188.827998046875,5914.789748535156,6212.0861222087615,6209.710170048697,12.225203615346949,67.67489096463923,-1380600.0,-0.0010122113013233403,-0.0010127239331396106,39.7998046875,13.35009765625,106.38999938964844,1229.300048828125,62.119998931884766,16444.759765625,6691.2998046875,9421.6103515625,1838.1300048828125,22787.330078125,16.18000030517578,4156.18994140625,15880.330078125
2014-01-10,6178.85009765625,6239.10009765625,6139.60009765625,6171.4501953125,159900.0,45.994588792254454,-1.0416566982185032,-15.671096725907432,14.62944002768893,15.056010922305909,16.72757228024578,6219.91748046875,6190.235000000001,5916.470749511718,6205.834441147798,6206.876097846017,11.434363050003116,69.94811303859358,-1220700.0,0.0005025813397698808,0.0005024550880677336,99.5,7.39990234375,107.25,1246.699951171875,61.779998779296875,16437.05078125,6739.89990234375,9473.240234375,1842.3699951171875,22846.25,15.579999923706055,4174.669921875,15912.0595703125
2014-01-13,6189.5498046875,6288.2001953125,6189.5498046875,6272.75,135000.0,56.30808667028943,4.373496355957286,-8.204754937385314,12.5782512933426,28.832416379504956,19.601645926369955,6221.702490234375,6191.272001953124,5919.104748535156,6216.129142509676,6211.755646153719,11.479534615959343,73.29110496440832,-1085700.0,0.01641426269054902,0.01628100492203701,98.650390625,-83.2001953125,106.75,1250.9000244140625,61.439998626708984,16257.9404296875,6757.2001953125,9510.169921875,1819.199951171875,22888.759765625,15.949999809265137,4113.2998046875,15912.0595703125
2014-01-14,6260.25,6280.35009765625,6234.14990234375,6241.85009765625,110200.0,52.98418514930973,6.101347748690387,-5.181522835721772,11.282870584412159,40.73317451705787,28.207200606289575,6225.375,6191.075,5921.841999511718,6220.086212532226,6213.984864783536,11.521479641490126,71.35603998927202,-1195900.0,-0.004926053540113995,-0.004938226534857065,46.2001953125,18.39990234375,106.38999938964844,1245.199951171875,61.470001220703125,16373.8603515625,6766.89990234375,9540.509765625,1838.8800048828125,22791.279296875,15.739999771118164,4183.02001953125,15422.400390625
2014-01-15,6265.9501953125,6325.2001953125,6265.2998046875,6320.89990234375,145900.0,59.560876875995646,13.691513769364974,1.9269145479622516,11.764599221402722,63.51170023465216,44.35909704373833,6233.684985351563,6191.51,5925.152749023437,6235.5960109647685,6221.904497195404,12.218135746508198,72.21275839405617,-1050000.0,0.012664483037998941,0.012584959187806487,59.900390625,-54.94970703125,107.12999725341797,1238.0999755859375,61.470001220703125,16481.939453125,6819.89990234375,9733.8095703125,1848.3800048828125,22902.0,15.420000076293945,4214.8798828125,15808.73046875
2014-01-16,6341.35009765625,6346.5,6299.85009765625,6318.89990234375,153400.0,59.33473219249422,19.322652232635846,6.046442408986499,13.276209823649348,70.54568349419621,58.263519415302085,6242.677490234376,6191.743994140625,5928.490498046875,6248.411994253843,6229.089342021207,13.15087761264835,70.38684010474859,-1203400.0,-0.0003164106426141178,-0.0003164607110232277,46.64990234375,22.4501953125,107.08999633789062,1240.0,61.540000915527344,16417.009765625,6815.39990234375,9717.7099609375,1845.8900146484375,22986.41015625,15.539999961853027,4218.68994140625,15747.2001953125
2014-01-17,6306.25,6327.10009765625,6246.35009765625,6261.64990234375,167700.0,53.11755103845346,18.94736012001158,4.536920237089786,14.410439882921795,73.56349041557917,69.20695804814251,6244.902490234376,6191.913994140625,5931.629497070312,6250.448595498444,6231.501235378432,12.93531394589948,71.12706581155226,-1371100.0,-0.00906012136365153,-0.009101413862469748,80.75,44.60009765625,107.05999755859375,1251.699951171875,61.41999816894531,16458.560546875,6829.2998046875,9742.9599609375,1838.699951171875,23133.349609375,15.40999984741211,4197.580078125,15734.4599609375
2014-01-20,6261.75,6307.4501953125,6243.35009765625,6303.9501953125,122100.0,56.72556729993133,21.81178585127509,5.921076774682636,15.890709076592454,70.98008396275631,71.69641929084389,6251.767504882813,6193.6900000000005,5934.941247558592,6258.679610854453,6236.867825003178,12.678139081775614,70.62513951474496,-1249000.0,0.006755454812783057,0.006732738974413205,64.10009765625,-42.2001953125,107.05999755859375,1251.699951171875,61.54999923706055,16458.560546875,6836.7001953125,9715.900390625,1838.699951171875,22928.94921875,15.350000381469727,4197.580078125,15641.6796875
2014-01-21,6320.14990234375,6330.2998046875,6297.89990234375,6313.7998046875,141700.0,57.544877960275265,24.59315050994246,6.961953146680003,17.63119736326246,70.20274750668122,71.58210729500556,6253.7449951171875,6196.220996093751,5938.097497558592,6267.159640674922,6242.56649016498,12.802686489851613,67.89476543110247,-1107300.0,0.0015624503794975375,0.00156123102385989,32.39990234375,6.35009765625,107.05999755859375,1242.300048828125,61.61800003051758,16414.439453125,6834.2998046875,9730.1201171875,1843.800048828125,23033.119140625,15.550000190734863,4225.759765625,15795.9599609375
2014-01-22,6309.0498046875,6349.9501953125,6287.4501953125,6338.9501953125,137500.0,59.64582960463927,28.498317508784567,8.693696116417687,19.80462139236688,83.19061276012282,74.7911480765201,6256.467504882812,6200.1849999999995,5941.270249023437,6278.204341388396,6249.706023879611,13.22028264135611,67.50942504316657,-969800.0,0.003983400076500443,0.0039754873445066955,62.5,-29.900390625,108.2699966430664,1239.0,61.970001220703125,16373.33984375,6826.2998046875,9720.1103515625,1844.8599853515625,23082.25,15.850000381469727,4243.0,15820.9599609375
2014-01-23,6325.9501953125,6355.60009765625,6316.39990234375,6345.64990234375,120100.0,60.21069898496146,31.767603695455364,9.570385842470785,22.19721785298458,89.93883855306416,81.11073293995607,6260.330004882812,6205.522001953124,5944.2579980468745,6288.580581535373,6256.812977839918,13.695587088619256,65.48733720526182,-849700.0,0.0010569111327305425,0.0010563529953923905,39.2001953125,-19.69970703125,107.58000183105469,1262.5999755859375,61.869998931884766,16197.349609375,6773.2998046875,9631.0400390625,1828.4599609375,22733.900390625,15.579999923706055,4218.8798828125,15695.8896484375
2014-01-24,6301.64990234375,6331.4501953125,6263.89990234375,6266.75,160300.0,51.13316963437021,27.672976974452467,4.380607297174308,23.29236967727816,83.00991548264297,85.37978893194331,6259.722509765625,6210.496005859375,5947.227248535156,6285.2220305299315,6257.549053555479,13.015243441142509,66.64895597631455,-1010000.0,-0.012433699236166218,-0.012511644446641086,67.55029296875,34.89990234375,107.87999725341797,1264.5,62.130001068115234,15879.1103515625,6663.7001953125,9392.01953125,1790.2900390625,22450.060546875,15.829999923706055,4128.169921875,15391.5595703125
2014-01-27,6186.2998046875,6188.5498046875,6130.25,6135.85009765625,190400.0,40.2824722874885,13.70741708328842,-7.667962075191792,21.37537915848021,52.24806306037568,75.06560569869427,6250.825024414064,6213.421005859374,5950.032749023438,6262.24173316475,6248.534316081462,13.753848131706539,71.63831626372067,-1200400.0,-0.020888004522878645,-0.02110924516297498,58.2998046875,50.44970703125,106.69000244140625,1263.5999755859375,62.72999954223633,15837.8798828125,6550.7001953125,9349.2197265625,1781.56005859375,21976.099609375,18.670000076293945,4083.610107421875,15005.73046875
2014-01-28,6131.85009765625,6163.60009765625,6085.9501953125,6126.25,184100.0,39.618463877520234,1.843709468535053,-15.625335751956126,17.46904522049118,25.43199784267555,53.56332546189806,6242.582519531251,6214.8230078125,5952.897749023437,6241.319928062481,6239.476218593946,14.911572026460401,72.06771526943704,-1384500.0,-0.0015645912959830754,-0.0015658165471230908,77.64990234375,5.60009765625,107.41000366210938,1251.0,63.380001068115234,15928.5595703125,6572.2998046875,9406.91015625,1792.5,21960.640625,17.719999313354492,4097.9599609375,14980.16015625
2014-01-29,6161.0,6170.4501953125,6109.7998046875,6120.25,146700.0,39.183729964102305,-7.950861562609134,-20.33592542648025,12.385063863871117,10.050141005313892,29.243400636121706,6233.39501953125,6213.4480078125,5955.784248046875,6222.693785283638,6230.644646846247,15.855243711061837,71.25219208054868,-1531200.0,-0.0009793919608243051,-0.0009798718785080376,60.650390625,40.75,107.8499984741211,1262.199951171875,62.380001068115234,15738.7900390625,6544.2998046875,9336.73046875,1774.199951171875,22141.609375,18.040000915527344,4051.429931640625,15383.91015625
2014-01-30,6067.0,6082.85009765625,6027.25,6073.7001953125,208100.0,35.89303680505256,-19.247437398974398,-25.30600101027641,6.058563611302015,13.937300920635083,16.473146589541507,6226.022534179688,6210.855009765625,5958.677248535156,6199.771694518848,6219.019131917822,17.528059968008556,72.80560693193806,-1739300.0,-0.00760586653935702,-0.007634938648466337,55.60009765625,-6.7001953125,107.94999694824219,1242.199951171875,62.46799850463867,15848.6103515625,6538.5,9373.48046875,1794.18994140625,22035.419921875,17.25,4123.1298828125,15007.0595703125
2014-01-31,6082.75,6097.85009765625,6067.35009765625,6089.5,146700.0,37.802337009221496,-26.61830370710686,-26.141493854727102,-0.4768098523797608,15.275031062195561,13.087490996048178,6219.940039062501,6210.18701171875,5961.3312475585935,6182.806818439025,6209.425122146132,18.788255773974882,69.78377786537106,-1592600.0,0.0026013474783779245,0.002597969830382306,30.5,-6.75,106.4000015258789,1240.0999755859375,62.310001373291016,15698.849609375,6510.39990234375,9306.48046875,1782.5899658203125,22035.419921875,16.81999969482422,4103.8798828125,14914.5302734375
2014-02-03,6058.7998046875,6074.85009765625,5994.4501953125,6001.7998046875,134900.0,32.08934750159765,-39.085883446873595,-30.887258875595066,-8.198624571278527,11.713342000579114,13.641891327803254,6210.45751953125,6210.24201171875,5963.3702465820315,6154.959585554175,6194.045469001048,20.577159797459828,71.58849406695171,-1727500.0,-0.014401871305115388,-0.014506584850296355,80.39990234375,57.0,106.04000091552734,1260.4000244140625,62.5,15372.7998046875,6465.7001953125,9186.51953125,1741.8900146484375,22035.419921875,18.270000457763672,3996.9599609375,14619.1298828125
2014-02-04,5947.60009765625,6017.7998046875,5933.2998046875,6000.89990234375,183300.0,32.03584667536071,-48.48029415990186,-32.225335670898666,-16.254958489003194,12.333690090462305,13.107354384412325,6202.3900146484375,6210.351005859376,5965.731997070312,6131.258095829495,6179.738389989397,22.670375002085393,72.51074449074088,-1910800.0,-0.0001499387472150282,-0.00014994998915273514,84.5,-53.2998046875,105.77999877929688,1251.699951171875,62.869998931884766,15445.240234375,6449.2998046875,9127.91015625,1755.199951171875,21397.76953125,18.690000534057617,4031.52001953125,14008.4697265625
2014-02-05,6004.25,6028.0498046875,5962.0498046875,6022.39990234375,166600.0,34.8313874927654,-53.57300575375666,-29.85443781180277,-23.71856794195389,13.047133619819578,12.364721903620332,6194.780004882813,6208.4920019531255,5968.001997070312,6114.510681447073,6168.083687200829,24.409906055104692,72.04569131283081,-1744200.0,0.003582795972251196,0.0035763930477856866,66.0,-18.14990234375,106.25,1257.300048828125,62.130001068115234,15440.23046875,6457.89990234375,9116.3203125,1751.6400146484375,21269.380859375,18.93000030517578,4011.550048828125,14180.3798828125
2014-02-06,6028.35009765625,6048.35009765625,5965.39990234375,6036.2998046875,185500.0,36.645732091008824,-55.843679257091026,-25.700089052109707,-30.14359020498132,20.49885666956883,15.293226793283571,6188.177490234376,6208.035996093751,5969.738745117188,6102.478238868677,6158.321918125768,25.61472104211404,72.82458445566434,-1558700.0,0.0023080337687870767,0.0023053743500808565,82.9501953125,-7.94970703125,107.19000244140625,1257.5999755859375,62.22999954223633,15628.5302734375,6558.2998046875,9256.580078125,1773.4300537109375,21423.130859375,18.940000534057617,4057.1201171875,14155.1201171875
2014-02-07,6077.64990234375,6079.9501953125,6030.89990234375,6063.2001953125,181900.0,40.120236738573155,-54.840401647085855,-19.75744915368363,-35.082952493402225,25.416391577472247,19.65412728895355,6182.764990234375,6208.157998046876,5971.611245117188,6096.435462936958,6151.275864584044,26.11294018642123,71.1264207780276,-1376800.0,0.00445643713788213,0.004446536625011425,49.05029296875,14.44970703125,109.56999969482422,1263.300048828125,62.22999954223633,15794.080078125,6571.7001953125,9301.919921875,1797.02001953125,21636.849609375,18.549999237060547,4125.85986328125,14462.41015625
2014-02-10,6072.7998046875,6083.0498046875,6046.39990234375,6053.4501953125,133100.0,39.27939829603929,-54.20717387119021,-15.29937710223038,-38.90779676895983,27.867277316501536,24.594175187847537,6171.8,6207.39,5972.962995605469,6089.822344840888,6144.029518712078,26.514450318740927,68.66381231843633,-1509900.0,-0.0016080616977710571,-0.0016093560167322405,36.64990234375,19.349609375,108.62999725341797,1274.800048828125,62.09000015258789,15801.7900390625,6591.60009765625,9289.8603515625,1799.8399658203125,21579.259765625,19.049999237060547,4148.169921875,14718.33984375
2014-02-11,6072.4501953125,6081.85009765625,6053.25,6062.7001953125,150500.0,40.55233174107408,-52.355417934278194,-10.758096932254688,-41.597321002023506,29.951133367481006,27.744934087151595,6162.842504882813,6205.122001953125,5974.104497070313,6085.649706451905,6138.0051243861835,26.887281155894932,65.80211841399445,-1359400.0,0.0015280542007536368,0.0015268879138819519,28.60009765625,9.75,108.68000030517578,1290.0999755859375,62.448001861572266,15994.76953125,6672.7001953125,9478.76953125,1819.75,21962.98046875,18.6299991607666,4191.0498046875,14718.33984375
2014-02-12,6085.35009765625,6106.60009765625,6077.39990234375,6084.0,138500.0,43.49006918100364,-48.608839342718056,-5.6092146725556375,-42.99962467016242,32.31442474641176,30.044278476798098,6150.997509765626,6202.445,5975.339997558594,6085.395905459304,6134.004744802022,26.702825509392316,64.23767440897699,-1220900.0,0.0035132538310187478,0.003507096771439477,29.2001953125,1.35009765625,108.79000091552734,1295.300048828125,62.029998779296875,15963.9404296875,6675.0,9540.0,1819.260009765625,22285.7890625,17.43000030517578,4201.2900390625,14800.0595703125
2014-02-13,6087.5498046875,6094.39990234375,5991.10009765625,6001.10009765625,153700.0,36.027685174481064,-51.732636481108784,-6.986409448757087,-44.7462270323517,31.684724090377003,31.316760734756585,6135.107519531251,6198.43,5975.763999023438,6072.42731964345,6124.159956124558,27.476436817189867,67.02782657172864,-1374600.0,-0.013625887959196281,-0.013719572366101803,103.2998046875,86.44970703125,108.7300033569336,1300.4000244140625,61.68000030517578,16027.58984375,6659.39990234375,9596.76953125,1829.8299560546875,22165.529296875,17.799999237060547,4240.669921875,14534.740234375
2014-02-14,6023.75,6056.39990234375,5984.60009765625,6048.35009765625,140200.0,42.12337893767161,-49.821279407412476,-4.060041900048624,-45.76123750736385,37.64200658390944,33.88038514023273,6124.442529296875,6196.177998046875,5976.648498535156,6068.723131645419,6118.5444110528315,28.25715467007131,67.3686821514266,-1234400.0,0.007873556386512215,0.007842721688164616,71.7998046875,-24.60009765625,108.7300033569336,1319.0,62.150001525878906,16154.3896484375,6663.60009765625,9662.400390625,1838.6300048828125,22298.41015625,16.65999984741211,4244.02001953125,14313.0302734375
2014-02-18,6071.2998046875,6141.7001953125,6066.7998046875,6127.10009765625,126600.0,50.57618281177687,-41.473962276654674,3.4298201845673404,-44.903782461222015,52.26545678598576,40.53072915342407,6115.600024414063,6193.897998046875,5977.763498535156,6077.704203339393,6119.178165616047,27.351383595478957,69.22449754462828,-1107800.0,0.013020079646268501,0.012936047030872241,74.900390625,-55.80029296875,108.7300033569336,1324.699951171875,61.790000915527344,16130.400390625,6796.39990234375,9659.7802734375,1840.760009765625,22587.720703125,15.40999984741211,4272.77978515625,14843.240234375
2014-02-19,6132.0498046875,6160.35009765625,6125.75,6152.75,95200.0,52.984736520938156,-32.41525764505968,9.990819852929867,-42.40607749798955,75.62891420892116,55.17879252627212,6107.547534179688,6191.755,5978.876247558594,6089.249710517947,6121.664968163007,26.201668087956445,66.75132612402983,-1012600.0,0.004186303787261814,0.004177565596221632,34.60009765625,-20.7001953125,110.47000122070312,1320.5999755859375,62.209999084472656,16040.5595703125,6796.7001953125,9660.0498046875,1828.75,22664.51953125,15.069999694824219,4237.9501953125,14766.5302734375
2014-02-20,6127.14990234375,6129.10009765625,6086.4501953125,6091.4501953125,132100.0,47.07983038615394,-29.838590200562066,10.053989837941991,-39.89258003850406,82.6758144513581,70.19006181542167,6095.172534179688,6186.306005859376,5979.336748046875,6089.588246640185,6119.4268368407475,25.629822558589836,66.71907459284913,-1144700.0,-0.009962992919832603,-0.010012955663091487,42.64990234375,35.69970703125,110.30000305175781,1317.0999755859375,62.2599983215332,16133.23046875,6813.0,9618.849609375,1839.780029296875,22394.080078125,15.15999984741211,4267.5498046875,14449.1796875
2014-02-21,6108.2998046875,6159.64990234375,6108.0,6155.4501953125,112600.0,52.972591468763504,-22.37437963634784,14.014560321724971,-36.38893995807281,88.04965171968111,82.11812679332012,6085.662548828125,6182.7580078125,5980.393999023438,6099.720854128233,6122.095233764581,24.580045050604447,66.8248340527349,-1032100.0,0.01050652930713425,0.010451719302448996,51.64990234375,-47.150390625,109.8499984741211,1323.9000244140625,62.130001068115234,16103.2998046875,6838.10009765625,9656.9501953125,1836.25,22568.240234375,14.039999961853027,4263.41015625,14865.669921875
2014-02-24,6140.9501953125,6191.85009765625,6130.7998046875,6186.10009765625,144900.0,55.52665227443777,-13.826366276434783,18.050058945310425,-31.876425221745208,88.42411183164421,86.38319266756113,6081.630053710938,6180.32201171875,5981.469250488281,6113.009968517159,6126.836334793594,23.088606254205654,66.41236683245027,-887200.0,0.00497931123983264,0.004966955468135648,61.05029296875,-45.14990234375,110.63999938964844,1338.300048828125,62.0099983215332,16207.1396484375,6865.89990234375,9708.9404296875,1847.6099853515625,22388.560546875,14.359999656677246,4292.97021484375,14837.6796875
2014-02-25,6205.7001953125,6216.85009765625,6176.60009765625,6200.0498046875,146300.0,56.67981646590529,-5.858842242369974,20.814066383500187,-26.67290862587016,96.3414927200603,90.93841875712855,6084.8400390625,6179.58201171875,5982.251750488282,6126.400712543365,6132.259554785735,21.558074823502373,64.54362634441812,-740900.0,0.0022550082945691496,0.002252469579198007,40.25,5.650390625,109.51000213623047,1343.0,62.06800079345703,16179.66015625,6830.5,9699.349609375,1845.1199951171875,22317.19921875,13.949999809265137,4287.58984375,15051.599609375
2014-02-26,6202.4501953125,6245.9501953125,6202.10009765625,6238.7998046875,181700.0,59.7981906674437,3.54145541671096,24.1714912340649,-20.63003581735394,96.21128180842845,93.65896212004432,6090.467529296875,6180.9900097656255,5983.0992504882815,6143.69288056554,6140.151425148829,20.56436972454571,63.21196665017397,-559200.0,0.006249949794065124,0.006230499856538058,43.85009765625,-36.349609375,109.5199966430664,1328.199951171875,61.97800064086914,16198.41015625,6799.2001953125,9661.73046875,1845.1600341796875,22437.439453125,13.960000038146973,4292.06005859375,14970.9697265625
2014-02-28,6228.4501953125,6282.7001953125,6228.10009765625,6276.9501953125,180600.0,62.64890222877084,13.909338528050284,27.631499476323377,-13.722160948273093,96.30963394086302,96.28746948978392,6098.302539062501,6183.435009765626,5984.233251953126,6164.194005911226,6150.2846673831755,20.145931556306774,62.59683315060798,-378600.0,0.006115020808383109,0.00609639994140803,54.60009765625,-48.5,109.06999969482422,1321.4000244140625,62.02000045776367,16321.7099609375,6809.7001953125,9692.080078125,1859.449951171875,22836.9609375,14.180000305175781,4308.1201171875,14841.0703125
2014-03-03,6264.35009765625,6277.75,6212.25,6221.4501953125,144600.0,56.38493549153249,17.446462463965872,24.934898729791172,-7.488436265825301,91.65854205621676,94.7264859351694,6105.6900390625015,6185.083017578125,5984.866752929687,6173.002650434499,6155.556187970533,19.476439458869418,62.80420221127884,-523200.0,-0.008841873564879643,-0.008881194883291635,65.5,42.89990234375,111.19999694824219,1350.0999755859375,61.81999969482422,16168.0302734375,6708.39990234375,9358.8896484375,1845.72998046875,22500.669921875,15.279999732971191,4277.2998046875,14652.23046875
2014-03-04,6216.75,6302.14990234375,6215.7001953125,6297.9501953125,166800.0,62.02164057898652,26.121457428414033,26.887914955391466,-0.766457526977435,92.06726438276128,93.34514679328035,6116.112548828126,6186.699023437501,5986.454252929687,6192.225349646499,6166.103892218085,19.197579792092924,64.49316684127677,-356400.0,0.01229616851351456,0.012221184683582093,86.44970703125,-81.2001953125,109.30000305175781,1337.800048828125,62.16999816894531,16395.880859375,6823.7998046875,9589.150390625,1873.9100341796875,22657.630859375,14.390000343322754,4351.97021484375,14721.48046875
2014-03-05,6328.4501953125,6336.25,6287.7998046875,6328.64990234375,160300.0,64.03063637290725,35.069404956574544,28.668689986841585,6.400714969732961,91.98980240044214,91.9052029464734,6132.455053710938,6189.9390234375005,5988.120502929687,6213.213742369153,6178.144337412578,19.39027483629051,63.34724030350701,-196100.0,0.004874555383765911,0.0048627132066446956,48.4501953125,-0.19970703125,107.76000213623047,1340.199951171875,61.599998474121094,16360.1796875,6775.39990234375,9542.01953125,1873.81005859375,22579.779296875,13.84000015258789,4357.97021484375,14897.6298828125
2014-03-06,6344.75,6406.60009765625,6339.7001953125,6401.14990234375,180700.0,68.29590723826003,47.4637296016399,32.850411705525545,14.61331789611435,98.40822712348246,94.15509796889529,6152.467553710938,6192.477021484376,5989.392502441406,6242.1269977498605,6194.663268148221,20.36505652842396,64.39030851843508,-15400.0,0.011455839889823904,0.011390718629937804,66.89990234375,-56.39990234375,108.0999984741211,1351.699951171875,61.74800109863281,16421.890625,6788.5,9542.8701171875,1877.030029296875,22702.970703125,14.479999542236328,4352.1298828125,15134.75
2014-03-07,6413.9501953125,6537.7998046875,6413.5498046875,6526.64990234375,284900.0,74.03553408316355,66.64488162154339,41.62525098034323,25.01963064120016,98.17722898458003,96.1917528361682,6177.6800537109375,6197.32001953125,5991.176252441406,6285.8997523027665,6219.254870681223,22.33540464963839,69.55170807738615,269500.0,0.019605852372563293,0.01941613337444026,124.25,-112.69970703125,109.0,1338.0999755859375,60.79999923706055,16452.720703125,6712.7001953125,9350.75,1878.0400390625,22660.490234375,16.719999313354492,4336.22021484375,15274.0703125
2014-03-10,6491.7001953125,6562.2001953125,6487.35009765625,6537.25,242100.0,74.45616887012807,81.75895573368689,45.39146007398938,36.36749565969751,97.21886182155029,97.93477264320427,6202.727563476563,6202.697021484375,5992.926003417969,6324.569021179264,6242.8100654455775,24.323763504016686,69.93016447587642,511600.0,0.001624125365211171,0.0016228078999031938,74.85009765625,-45.5498046875,108.08000183105469,1341.4000244140625,61.22999954223633,16418.6796875,6689.5,9265.5,1877.1700439453125,22264.9296875,17.780000686645508,4334.4501953125,15120.1396484375
2014-03-11,6537.35009765625,6562.85009765625,6494.25,6511.89990234375,239000.0,71.47402569485911,90.64651078647785,43.42321210142427,47.22329868505358,94.08442115371193,96.49350398661409,6225.162548828125,6207.357021484375,5994.701003417969,6353.389156743031,6262.742645956553,26.174450503560212,69.83515970304597,272600.0,-0.003877792291292259,-0.0038853304216658053,68.60009765625,25.4501953125,108.55000305175781,1346.5,60.810001373291016,16351.25,6685.5,9307.7900390625,1867.6300048828125,22269.609375,17.329999923706055,4307.18994140625,15224.1103515625
2014-03-12,6497.5,6546.14990234375,6487.2998046875,6516.89990234375,175000.0,71.71466369096774,96.97554667357599,39.80179839081793,57.17374828275806,91.54116457605517,94.28148251710579,6248.335034179689,6211.4190234375,5996.715002441406,6378.5446560662185,6281.5691093926425,27.74386509240756,69.05051241398913,447600.0,0.000767825070253414,0.0007675304433891083,58.85009765625,-19.39990234375,108.0199966430664,1370.300048828125,61.040000915527344,16340.080078125,6620.89990234375,9188.6904296875,1868.199951171875,21901.94921875,17.040000915527344,4323.330078125,14830.3896484375
2014-03-13,6491.75,6561.4501953125,6476.64990234375,6493.10009765625,167900.0,68.74207759895617,98.93049867074842,33.40540031039228,65.52509836035614,88.10838033870554,91.24465535615755,6269.855029296876,6215.4590234375,5998.708002929688,6396.168570156992,6297.238071486244,29.319278263625716,70.17549673932919,279700.0,-0.0036520132339212807,-0.0036586981147299726,84.80029296875,-1.35009765625,107.38999938964844,1372.199951171875,60.77000045776367,16108.8896484375,6553.7998046875,9017.7900390625,1846.3399658203125,21756.080078125,16.81999969482422,4260.419921875,14815.98046875
2014-03-14,6447.25,6518.4501953125,6432.7001953125,6504.2001953125,177300.0,69.37957120528677,100.22022100383856,27.756098114785928,72.46412288905263,87.14839752500694,88.93264747992255,6290.865039062501,6219.463027343751,6001.393754882813,6412.788820180916,6312.568599177078,29.82150988263499,71.28796125794854,457000.0,0.0017095220294318647,0.00170806245985478,85.75,-56.9501953125,108.56999969482422,1379.0,61.459999084472656,16065.669921875,6527.89990234375,9056.41015625,1841.1300048828125,21539.490234375,16.450000762939453,4245.39990234375,14327.66015625
2014-03-18,6532.4501953125,6574.9501953125,6497.64990234375,6516.64990234375,179300.0,70.11573643003044,101.08171546098856,22.894074057548735,78.18764140343983,85.48501692481939,86.91393159617729,6316.642529296876,6225.37302734375,6004.059255371094,6428.767448205967,6327.685732744979,30.790495350772822,71.71741352300579,636300.0,0.0019141026809448292,0.0019122731206803513,77.30029296875,15.80029296875,106.79000091552734,1359.0,61.040000915527344,16336.1904296875,6605.2998046875,9242.5498046875,1872.25,21583.5,17.1299991607666,4333.31005859375,14411.26953125
2014-03-19,6530.0,6541.2001953125,6506.0,6524.0498046875,172500.0,70.56866070286546,101.19505272451352,18.40592905685895,82.78912366765456,86.04602316767694,86.22647920583441,6340.427514648438,6231.631025390625,6006.263754882813,6443.4262722800495,6342.231219555536,31.690267571186524,69.10904079368395,808800.0,0.0011355378077144707,0.0011348935723144095,35.2001953125,5.9501953125,105.8499984741211,1341.4000244140625,61.108001708984375,16222.169921875,6573.10009765625,9277.0498046875,1860.77001953125,21568.689453125,16.8799991607666,4307.60009765625,14462.51953125
2014-03-20,6508.35009765625,6523.64990234375,6473.25,6483.10009765625,142000.0,64.7227831334496,96.86398645584177,11.259890230549757,85.60409622529201,82.12962764722278,84.5535559132397,6358.227514648438,6237.4640234375,6008.123005371093,6449.529937722542,6352.6659512667,31.817237026411103,67.8012382146708,666800.0,-0.00627673121100758,-0.006296512707220438,50.39990234375,25.25,106.44999694824219,1330.5,60.95000076293945,16331.0498046875,6542.39990234375,9296.1201171875,1872.010009765625,21182.16015625,16.90999984741211,4319.2900390625,14224.23046875
2014-03-21,6515.2001953125,6522.89990234375,6485.7001953125,6493.2001953125,189900.0,65.4823029517945,93.172543620135,6.05475791587439,87.11778570426061,79.49501575776597,82.55688885755522,6375.250024414063,6244.08302734375,6010.067507324219,6456.248438890228,6363.075895270093,31.935137234833928,65.8011358198729,856700.0,0.0015579117249633345,0.001556699439417862,37.19970703125,22.0,106.91999816894531,1336.0,61.33300018310547,16302.76953125,6557.2001953125,9342.9404296875,1866.52001953125,21436.69921875,16.18000030517578,4276.7900390625,14224.23046875
2014-03-24,6510.5,6591.5,6510.5,6583.5,158400.0,71.40908290441111,96.42199540631827,7.44336776164613,88.97862764467214,83.33598598971447,81.65354313156773,6399.852514648438,6252.261025390626,6012.364758300781,6475.825602137886,6379.403606731567,32.72836925931781,68.12246931041769,1015100.0,0.013906825905766418,0.013811013280164102,81.0,-73.0,106.80999755859375,1311.199951171875,61.02000045776367,16276.6904296875,6520.39990234375,9188.76953125,1857.43994140625,21846.44921875,16.540000915527344,4226.39013671875,14475.2998046875
2014-03-25,6550.10009765625,6595.5498046875,6544.85009765625,6589.75,168100.0,71.77037625604395,98.36761153046336,7.511187108632967,90.8564244218304,91.14911576263944,84.66003917003995,6421.567504882813,6260.6890234375005,6015.383757324218,6493.352432578211,6394.984821047748,33.50182044451353,66.87798629047714,1183200.0,0.0009493430546061443,0.0009488927134847534,50.69970703125,-39.64990234375,106.98999786376953,1311.4000244140625,60.59000015258789,16367.8798828125,6604.89990234375,9338.400390625,1865.6199951171875,21732.3203125,16.920000076293945,4234.27001953125,14423.1904296875
2014-03-26,6615.64990234375,6627.4501953125,6580.60009765625,6601.39990234375,186600.0,72.46874507785765,99.70029316477394,7.075094994354828,92.62519817041911,95.64450820390593,90.04320331875329,6442.332495117189,6269.288017578125,6018.6942578125,6509.975120234448,6410.274827069674,34.50789364379203,65.44742281660378,1369800.0,0.0017678822935240923,0.0017663214289679917,46.85009765625,14.25,107.02999877929688,1303.4000244140625,60.220001220703125,16268.990234375,6605.2998046875,9448.580078125,1852.56005859375,21887.75,17.770000457763672,4173.580078125,14477.16015625
2014-03-27,6613.10009765625,6673.9501953125,6599.5,6641.75,312400.0,74.79458878956447,102.82704248429309,8.161475451099179,94.66556703319391,92.23222325856794,93.00861574170443,6464.417504882813,6276.668017578126,6022.305756835938,6530.248178659917,6427.421136175624,35.81943786792312,66.09047799488208,1682200.0,0.0061123546903929515,0.006093750024184339,74.4501953125,-28.64990234375,107.83000183105469,1294.699951171875,60.15999984741211,16264.23046875,6588.2998046875,9451.2099609375,1849.0400390625,21834.44921875,18.3700008392334,4151.22998046875,14622.8896484375
2014-03-28,6673.0498046875,6702.60009765625,6643.7998046875,6695.89990234375,184800.0,77.53715461125076,108.42460703858251,11.007232004310879,97.41737503427163,92.03292626253227,93.30321924166871,6487.272509765626,6285.749013671875,6026.166005859375,6555.733059226661,6447.308452188078,37.24832246947588,65.71616511355123,1867000.0,0.00815295702845642,0.00811990122114581,58.80029296875,-22.85009765625,108.06999969482422,1293.800048828125,60.237998962402344,16323.0595703125,6615.60009765625,9587.1904296875,1857.6199951171875,22065.529296875,18.6299991607666,4155.759765625,14696.0302734375
2014-03-31,6723.14990234375,6730.0498046875,6662.39990234375,6704.2001953125,220600.0,77.9335029982772,112.23668688872658,11.855449483563959,100.38123740516262,92.15284635213342,92.13933195774453,6508.635009765626,6293.41501953125,6030.080007324219,6578.574157086021,6466.337470197294,38.7668320647642,65.85428920142257,2087600.0,0.001239608281157878,0.0012388406011620149,67.64990234375,18.94970703125,107.76000213623047,1283.4000244140625,59.84000015258789,16457.66015625,6598.39990234375,9555.91015625,1872.3399658203125,22151.060546875,21.6200008392334,4198.990234375,14827.830078125
2014-04-01,6729.5,6732.25,6675.4501953125,6721.0498046875,177800.0,78.75307935616983,115.28843695634623,11.925759640946893,103.36267731539934,95.02839250785381,93.07138837417317,6533.614990234375,6301.458017578126,6034.280256347656,6600.493487486248,6485.205050529902,40.19233685190882,65.20754030757097,2265400.0,0.0025132915014651758,0.0025101384662722147,56.7998046875,8.4501953125,105.62000274658203,1279.5999755859375,59.9900016784668,16532.609375,6652.60009765625,9603.7099609375,1885.52001953125,22448.5390625,20.690000534057617,4268.0400390625,14791.990234375
2014-04-02,6757.60009765625,6763.5,6723.60009765625,6752.5498046875,173300.0,80.23130086860212,118.87840140298431,12.41257927006798,106.46582213291633,94.75247782805855,93.97790556268193,6556.344970703126,6311.276015625001,6038.653005371094,6623.886767055672,6505.008365652688,41.73387965039527,63.5820156650659,2438700.0,0.004686767828744776,0.004675819128421151,39.89990234375,5.05029296875,104.79000091552734,1290.5,59.779998779296875,16573.0,6659.0,9623.3603515625,1890.9000244140625,22523.939453125,21.209999084472656,4276.4599609375,14946.3203125
2014-04-03,6772.0498046875,6776.75,6696.89990234375,6736.10009765625,197500.0,77.2102985986553,119.02408465181179,10.046610015116357,108.97747463669543,93.71188365060686,94.49758466217307,6576.717480468751,6319.919013671875,6043.389506835938,6641.150356378837,6522.126271727026,42.42966740281646,64.74402152157906,2241200.0,-0.0024360734103480164,-0.0024390454649215365,79.85009765625,35.94970703125,106.1500015258789,1284.4000244140625,59.89799880981445,16572.55078125,6649.10009765625,9628.8203125,1888.77001953125,22565.080078125,22.110000610351562,4237.740234375,15071.8798828125
2014-04-04,6741.85009765625,6741.85009765625,6685.14990234375,6694.35009765625,155100.0,70.00549202843881,114.45133979375078,4.379092125644263,110.07224766810651,85.90825829555394,91.45753992473978,6591.377490234376,6327.53001953125,6048.060256347657,6649.334931959978,6534.883592166228,42.758873019209126,64.16946250664485,2086100.0,-0.0061979482778954376,-0.006217235293906131,56.7001953125,47.5,106.72000122070312,1303.199951171875,60.38999938964844,16412.7109375,6695.60009765625,9695.76953125,1865.0899658203125,22510.080078125,22.690000534057617,4127.72998046875,15063.76953125
2014-04-07,6694.25,6725.14990234375,6650.39990234375,6695.0498046875,133900.0,70.05592359484092,109.62023324598158,-0.36161153769994314,109.98184478368152,78.0385512004377,85.88623104886616,6599.797485351563,6334.65201171875,6053.040004882812,6656.367989302674,6546.747756056692,42.168457231949596,64.92521518474165,2220000.0,0.00010452202544564138,0.0001045165633993392,74.75,-0.7998046875,105.81999969482422,1298.0,59.66999816894531,16245.8701171875,6622.7998046875,9510.849609375,1845.0400390625,22377.150390625,24.950000762939453,4079.75,14808.849609375
2014-04-09,6722.0,6808.7001953125,6705.10009765625,6796.2001953125,169800.0,76.26793510940335,112.65492186102256,2.1384616618728245,110.51646019914973,80.7348131621481,81.56054088604657,6612.744995117188,6343.663017578125,6057.979006347657,6677.880636381108,6565.225714520086,42.46686934425098,68.40558485904582,2389800.0,0.015108235722784302,0.014995242988600424,103.60009765625,-74.2001953125,107.9800033569336,1305.5,60.09000015258789,16437.1796875,6635.60009765625,9506.349609375,1872.1800537109375,22843.169921875,26.90999984741211,4183.89990234375,14299.6904296875
2014-04-10,6803.0498046875,6819.0498046875,6777.2998046875,6796.39990234375,191100.0,76.27839858122361,113.76464117318028,2.598544779224426,111.16609639395585,87.51989533459565,82.09775323239381,6626.969995117188,6354.256015625,6062.710756835938,6696.11436960613,6582.34972843295,42.834294136888424,66.50161451197111,2580900.0,2.9385101308232464e-05,2.9384669574600685e-05,41.75,6.64990234375,107.45999908447266,1320.0999755859375,59.959999084472656,16170.2197265625,6642.0,9454.5400390625,1833.0799560546875,23186.9609375,28.719999313354492,4054.110107421875,14300.1201171875
2014-04-11,6758.35009765625,6789.35009765625,6743.14990234375,6776.2998046875,140700.0,72.79937457698338,111.73418963977747,0.45447459665729184,111.27971504312018,91.87462929400466,86.7097792635828,6639.939990234376,6367.065009765625,6067.524255371094,6708.450590387879,6596.7164007481015,42.3606585072946,65.5550706182589,2440200.0,-0.002957462472053529,-0.0029618444059262942,46.2001953125,-17.94970703125,107.33000183105469,1318.699951171875,60.29999923706055,16026.75,6561.7001953125,9315.2900390625,1815.68994140625,23003.640625,29.190000534057617,3999.72998046875,13960.0498046875
2014-04-15,6792.7001953125,6813.39990234375,6711.75,6733.10009765625,123200.0,65.84807132473576,105.4239254599488,-4.684631666537101,110.1085571264859,82.66818792657993,87.3542375183934,6651.939990234376,6379.202011718751,6072.078505859376,6712.242822275321,6606.818896815372,41.2292948410966,68.13327288436541,2317000.0,-0.006375117435236111,-0.006395525277556329,101.64990234375,59.60009765625,108.73999786376953,1300.0,60.34000015258789,16262.5595703125,6541.60009765625,9173.7099609375,1842.97998046875,22671.259765625,31.8799991607666,4034.159912109375,13996.8095703125
2014-04-16,6727.25,6748.64990234375,6665.14990234375,6675.2998046875,119800.0,57.88406605362655,94.66772445021252,-12.352666141018716,107.02039059123123,64.83798451850522,79.7936005796966,6660.4949707031265,6390.3030078125,6077.175505371094,6706.559281107964,6611.891556657752,39.256773581960005,69.23089624976788,2197200.0,-0.008584499284196023,-0.008621558339553982,83.5,51.9501953125,108.80000305175781,1303.0999755859375,60.29999923706055,16424.849609375,6584.2001953125,9317.8203125,1862.31005859375,22696.009765625,31.15999984741211,4086.22998046875,14417.6796875
2014-04-17,6695.4501953125,6783.0498046875,6684.39990234375,6779.39990234375,131500.0,65.8864767458441,93.4659482647321,-10.843553861199297,104.3095021259314,63.43648402226023,70.31421882244845,6673.632470703125,6404.417001953125,6082.734255371093,6717.7655305288545,6624.299582264122,37.8880426759511,71.98226080335589,2328700.0,0.0155948198136584,0.015474470218657372,98.64990234375,-83.94970703125,109.52999877929688,1293.4000244140625,60.25,16408.5390625,6625.2998046875,9409.7099609375,1864.8499755859375,22760.240234375,30.850000381469727,4095.52001953125,14417.5302734375
2014-04-21,6789.25,6825.4501953125,6786.89990234375,6817.64990234375,111800.0,68.27199197190069,94.51052876596896,-7.839178687969962,102.34970745393892,72.45366259428563,66.90937704501702,6688.312475585938,6418.980000000001,6088.871254882813,6733.132356961915,6638.621828195946,37.13395571571656,70.12997738659833,2440500.0,0.005642092301823887,0.005626235315480606,38.55029296875,-28.39990234375,109.94999694824219,1288.0,60.150001525878906,16449.25,6625.2998046875,9409.7099609375,1871.8900146484375,22760.240234375,34.38999938964844,4121.5498046875,14512.3798828125
2014-04-22,6822.89990234375,6838.0,6806.25,6815.35009765625,114700.0,67.9642545059191,94.06842902672633,-6.625022741770081,100.69345176849642,88.52424483787904,74.80479715147496,6704.924975585938,6435.251005859375,6094.902504882813,6745.781240145659,6651.712811118932,36.579363239822044,67.38855043041274,2325800.0,-0.0003373310041498989,-0.0003373879130515304,31.75,7.5498046875,109.2699966430664,1280.5999755859375,60.47999954223633,16514.369140625,6681.7998046875,9600.08984375,1879.550048828125,22730.6796875,33.349998474121094,4161.4599609375,14388.76953125
2014-04-23,6823.25,6861.60009765625,6820.75,6840.7998046875,183000.0,69.5974005827963,94.68022575742907,-4.810580808853885,99.49080656628296,91.26125304802837,84.07972016006434,6722.304956054688,6452.04900390625,6101.1630029296875,6760.399480844403,6665.719255086974,36.33562604357827,65.87865397109753,2508800.0,0.0037341745716044095,0.00372721984979212,40.85009765625,-17.5498046875,109.11000061035156,1284.199951171875,60.757999420166016,16501.650390625,6674.7001953125,9544.1904296875,1875.3900146484375,22509.640625,31.1299991607666,4126.97021484375,14546.26953125
2014-04-25,6855.7998046875,6869.85009765625,6772.85009765625,6782.75,154300.0,61.85195689611395,89.44982309835086,-8.03278677434568,97.48260987269654,79.46257983769064,86.41602590786601,6732.267456054688,6467.256005859375,6106.665002441407,6763.838022252957,6674.388199154606,35.10903781880763,68.10160725887629,2354500.0,-0.008485821299392904,-0.008522030871778505,97.0,73.0498046875,109.58000183105469,1300.699951171875,61.119998931884766,16361.4599609375,6685.7001953125,9401.5498046875,1863.4000244140625,22223.529296875,30.68000030517578,4075.56005859375,14429.259765625
2014-04-28,6778.5498046875,6786.25,6750.2998046875,6761.25,118200.0,59.22310085297596,82.61745835863621,-11.892121211248266,94.50957956988448,66.99129557779682,79.23837615450527,6740.842456054688,6481.755009765626,6111.260251464844,6763.439864983271,6680.822406624635,33.539235488085204,65.80507783413512,2236300.0,-0.003169805757251898,-0.003174840233210194,35.9501953125,17.2998046875,108.12000274658203,1298.9000244140625,60.63800048828125,16448.740234375,6700.2001953125,9446.3603515625,1869.4300537109375,22132.529296875,31.389999389648438,4074.39990234375,14288.23046875
2014-04-29,6769.0,6779.7001953125,6708.64990234375,6715.25,115500.0,53.94067076492892,72.65344087471476,-17.484910956135778,90.13835183085054,46.79122333127148,64.41503291558631,6746.534960937501,6494.796005859375,6115.342250976562,6756.026039601229,6683.372598726514,31.34241377371525,66.17973605803618,2120800.0,-0.006803475688667016,-0.006826724839414866,71.05029296875,53.75,108.9800033569336,1296.0,60.643001556396484,16535.369140625,6769.89990234375,9584.1201171875,1878.3299560546875,22453.890625,31.049999237060547,4103.5400390625,14288.23046875
2014-04-30,6724.9501953125,6780.14990234375,6656.7998046875,6696.39990234375,161100.0,51.89784016096618,62.51520353582055,-22.09851863602401,84.61372217184456,33.67509652881921,49.152538479295835,6749.2674560546875,6507.655000000001,6119.536501464845,6746.852787715463,6684.337584179642,29.706796116298946,70.26333331505145,1959700.0,-0.0028070582117195597,-0.0028110053879877397,123.35009765625,28.55029296875,108.06999969482422,1295.5999755859375,60.417999267578125,16580.83984375,6780.0,9603.23046875,1883.949951171875,22133.970703125,30.59000015258789,4114.56005859375,14304.1103515625
2014-05-02,6709.9501953125,6737.64990234375,6689.5,6694.7998046875,114300.0,51.71878703333898,53.73207300387094,-24.7053193343789,78.43739233824984,22.782936318170506,34.416418726087066,6749.212451171876,6520.296992187501,6124.1560009765635,6738.844636480391,6685.11256347652,28.188008291555235,68.68380253138707,1845400.0,-0.00023894893966680542,-0.0002389774925132282,48.14990234375,15.150390625,108.58999633789062,1302.5999755859375,60.13999938964844,16512.890625,6822.39990234375,9556.01953125,1881.1400146484375,22260.669921875,33.060001373291016,4123.89990234375,14457.509765625
2014-05-05,6681.64990234375,6741.0498046875,6680.4501953125,6699.35009765625,105000.0,52.223592065261215,46.60135794638791,-25.468827513489543,72.07018545987745,19.589862598618073,25.349298481869262,6748.969946289064,6532.603994140625,6128.468000488282,6732.768553584369,6686.167195637981,26.919180155225796,68.10636016307372,1950400.0,0.0006796757336289261,0.0006794448586849589,60.599609375,-17.7001953125,107.72000122070312,1309.0,60.02000045776367,16530.55078125,6822.39990234375,9529.5,1884.6600341796875,21976.330078125,34.189998626708984,4138.06005859375,14457.509765625
2014-05-06,6719.25,6743.4501953125,6701.89990234375,6715.2998046875,88300.0,54.03762834042683,41.75588707539464,-24.251438707586246,66.00732578298089,21.755472386535782,21.37609043444145,6748.682446289064,6546.887988281251,6132.705000000001,6730.081053754082,6688.325166678687,25.692542125995864,66.39162712687202,2038700.0,0.0023807842251488687,0.002377954648569805,41.55029296875,3.9501953125,107.05999755859375,1308.300048828125,60.11000061035156,16401.01953125,6798.60009765625,9467.5302734375,1867.719970703125,21976.330078125,33.27000045776367,4080.760009765625,14457.509765625
2014-05-07,6708.60009765625,6718.75,6642.89990234375,6652.5498046875,114100.0,46.549204162614444,32.47802941777536,-26.823437092164426,59.301466509939786,17.227414734343462,19.524249906499104,6743.682446289064,6558.9719824218755,6136.91,6718.1531692823,6685.675139864525,25.454980577949502,67.06723216468474,1924600.0,-0.009344333361884782,-0.009388265536980073,75.85009765625,56.05029296875,108.12999725341797,1288.5999755859375,59.97800064086914,16518.5390625,6796.39990234375,9521.2998046875,1878.2099609375,21746.259765625,33.61000061035156,4067.669921875,14033.4501953125
2014-05-08,6669.89990234375,6688.39990234375,6638.5498046875,6659.85009765625,101600.0,47.46139134753415,25.421292180192722,-27.104139463797658,52.52543164399038,13.639743756838598,17.54087695923928,6739.869946289064,6569.626982421875,6140.914250488282,6709.183465955215,6683.762173775022,25.295280432189543,65.83743684265369,2026200.0,0.0010973676534682397,0.0010967659857117281,49.85009765625,10.0498046875,108.04000091552734,1287.4000244140625,59.88999938964844,16550.970703125,6839.2998046875,9607.400390625,1875.6300048828125,21837.119140625,34.29999923706055,4051.5,14163.7802734375
2014-05-09,6654.14990234375,6871.35009765625,6652.14990234375,6858.7998046875,166400.0,64.99436147314253,35.47344000873545,-13.641593308203952,49.1150333169394,36.023304461615105,22.29682098426572,6748.092431640625,6583.747978515625,6146.124748535157,6732.20136422172,6696.727924212984,24.753375078961398,76.79191959049986,2192600.0,0.029873000760372248,0.029435494406797515,219.2001953125,-204.64990234375,107.88999938964844,1287.300048828125,59.93000030517578,16583.33984375,6814.60009765625,9581.4501953125,1878.47998046875,21862.990234375,37.709999084472656,4071.8701171875,14199.58984375
2014-05-12,6863.39990234375,7020.0498046875,6862.89990234375,7014.25,157700.0,72.66909891945271,55.3453840587772,4.984280593470231,50.36110346530697,67.43255294274638,39.03186705373336,6764.052441406251,6602.203974609376,6151.520498046875,6775.593462033763,6720.248077974986,25.57418376360297,82.82463961974987,2350300.0,0.022664343578924884,0.02241132323613701,157.14990234375,-150.85009765625,108.41000366210938,1295.5999755859375,59.849998474121094,16695.470703125,6851.7998046875,9702.4599609375,1896.6500244140625,22261.609375,37.099998474121094,4143.85986328125,14149.51953125
2014-05-13,7080.0,7172.35009765625,7067.14990234375,7108.75,232200.0,76.09958861666696,77.82231590358151,21.96896995061963,55.85334595296188,93.72471253783446,65.72685664739865,6779.679931640626,6621.269970703126,6157.019248046876,6826.848314028568,6749.0259981249865,27.242630249117294,88.20145805092845,2582500.0,0.013472573689275347,0.013382625556367727,105.2001953125,-28.75,109.23999786376953,1294.5999755859375,59.41999816894531,16715.439453125,6873.10009765625,9754.4296875,1897.449951171875,22352.380859375,32.04999923706055,4130.169921875,14425.4404296875
2014-05-14,7112.0,7142.25,7080.89990234375,7108.75,177200.0,76.09958861666696,94.54558369192091,30.953790191167215,63.591793500753695,91.55018788104695,84.23581778720927,6795.297436523439,6639.72296875,6162.408999023437,6870.217804178019,6775.672220486098,28.79190198566631,86.28350373702285,2582500.0,0.0,0.0,61.35009765625,3.25,110.19000244140625,1305.699951171875,59.310001373291016,16613.970703125,6878.5,9754.3896484375,1888.530029296875,22582.76953125,32.41999816894531,4100.6298828125,14405.759765625
2014-05-15,7111.2998046875,7152.5498046875,7082.5498046875,7123.14990234375,186800.0,76.61824108882914,107.71912663394505,35.30186650655308,72.41726012739197,88.9846200942839,91.4198401710551,6812.639941406251,6658.184970703125,6168.248498535157,6909.130434665054,6801.411308031109,30.286571859457265,85.12039632723551,2769300.0,0.0020256588491296412,0.0020236099686651147,70.0,-11.85009765625,110.44000244140625,1293.5,59.400001525878906,16446.810546875,6840.89990234375,9656.0498046875,1870.8499755859375,22730.859375,36.77000045776367,4069.2900390625,14298.2099609375
2014-05-16,7270.2001953125,7563.5,7130.64990234375,7203.0,393200.0,79.30066853068065,123.18251847695228,40.61220667964824,82.57031179730404,79.96445842708998,86.83308880080693,6836.134936523438,6677.468974609375,6174.3969995117195,6954.341137024276,6831.158618547323,33.10294974491128,110.49394642216512,3162500.0,0.011209942055266486,0.011147576299688492,432.85009765625,67.2001953125,110.41999816894531,1293.300048828125,59.33000183105469,16491.310546875,6855.7998046875,9629.099609375,1877.8599853515625,22712.91015625,24.290000915527344,4090.590087890625,14096.58984375
2014-05-19,7276.85009765625,7291.10009765625,7193.5498046875,7263.5498046875,316200.0,81.07378234642191,138.72410598170882,44.92303534752382,93.801070634185,73.12638919378625,80.69182257172004,6865.547436523439,6697.200966796876,6180.524499511719,7001.911701280156,6863.187595298447,35.718157781404294,109.56939974692119,3478700.0,0.008406192515271416,0.008371057244219524,97.55029296875,13.30029296875,109.37000274658203,1293.699951171875,58.560001373291016,16511.859375,6844.60009765625,9659.3896484375,1885.0799560546875,22704.5,20.6299991607666,4125.81005859375,14006.4404296875
2014-05-20,7309.9501953125,7353.64990234375,7247.7001953125,7275.5,255300.0,81.41220169569567,150.27295386954665,45.17750658828933,105.09544728125732,65.81977422066996,72.97020728051538,6890.352441406251,6718.281962890625,6186.755998535156,7044.002208775517,6893.72925490597,38.28847281361315,109.3108502672304,3734000.0,0.0016452279716989704,0.0016438760667509807,105.94970703125,34.4501953125,109.69000244140625,1294.5,58.36800003051758,16374.3095703125,6802.0,9639.080078125,1872.8299560546875,22834.6796875,19.229999542236328,4096.89013671875,14075.25
2014-05-21,7274.85009765625,7287.14990234375,7206.7001953125,7252.89990234375,203100.0,78.5515428310195,155.80582742881234,40.56830411804401,115.23752331076832,67.61806572496337,68.85474304647319,6912.114941406251,6737.38095703125,6192.861499023438,7076.140315478322,6920.33448804951,40.132381267220765,107.24934003608895,3530900.0,-0.0031063291397498416,-0.003111163794727852,80.44970703125,21.9501953125,110.55000305175781,1288.0,58.58300018310547,16533.060546875,6821.0,9697.8701171875,1888.030029296875,22836.51953125,17.90999984741211,4131.5400390625,14042.169921875
2014-05-22,7289.9501953125,7319.5498046875,7258.14990234375,7276.39990234375,240900.0,79.36353907526578,160.23977876522986,36.00180436356922,124.23797440166064,68.08115724136329,67.1729990623322,6935.167431640626,6756.33595703125,6198.854499511719,7106.949482688387,6946.709703923158,41.93765333996896,104.34938020092189,3771800.0,0.0032400833206598367,0.003234845561498608,61.39990234375,13.55029296875,110.36000061035156,1294.9000244140625,58.6879997253418,16543.080078125,6820.60009765625,9720.91015625,1892.489990234375,22953.759765625,17.84000015258789,4154.33984375,14337.7900390625
2014-05-23,7306.5,7381.0,7293.89990234375,7367.10009765625,259600.0,82.16930411065469,169.12292113333388,35.90795738533859,133.21496374799528,71.38223940126281,69.02715412252982,6961.482446289063,6775.6549609375,6205.737500000001,7146.972654221905,6977.849733088571,43.784531443457915,104.36728859058819,4031400.0,0.012464982206830788,0.012387933925730808,87.10009765625,-60.60009765625,110.54000091552734,1291.5999755859375,58.27799987792969,16606.26953125,6815.7998046875,9768.009765625,1900.530029296875,22965.859375,17.700000762939453,4185.81005859375,14462.169921875
2014-05-26,7428.75,7504.0,7269.0498046875,7359.0498046875,273200.0,81.11514497972642,173.51313271045728,32.238535169969595,141.2745975404877,75.20766707948451,71.55702124070353,6990.297436523439,6792.302958984375,6212.995249023439,7179.599908139689,7006.086775429232,45.79742981892937,113.69463907072475,3758200.0,-0.0010927356574551572,-0.0010933331283551897,234.9501953125,69.7001953125,110.54000091552734,1291.5999755859375,58.41999816894531,16606.26953125,6815.7998046875,9892.8203125,1900.530029296875,22963.1796875,19.84000015258789,4185.81005859375,14602.51953125
2014-05-27,7363.10009765625,7372.9501953125,7274.75,7318.0,168600.0,75.77668190270421,171.7007712335826,24.340938954475916,147.35983227910668,76.70685041811444,74.43225229962059,7018.134936523439,6807.917958984375,6220.154248046876,7200.892229964353,7029.19145873077,47.666549739010016,112.58789308799442,3589600.0,-0.005578139267565785,-0.0055937551853276766,98.2001953125,45.10009765625,110.0199966430664,1265.4000244140625,58.650001525878906,16675.5,6844.89990234375,9940.8203125,1911.9100341796875,22944.30078125,19.100000381469727,4237.06982421875,14636.51953125
2014-05-28,7324.9501953125,7344.75,7302.60009765625,7329.64990234375,175600.0,76.25431549236609,169.25346289896697,17.51490449588823,151.73855840307874,75.23145762768947,75.71532504176281,7048.854931640626,6824.272958984375,6227.644248046876,7220.701102638106,7051.447639739139,49.40216109337061,107.55660803483411,3765200.0,0.0015919516731006667,0.0015906858612653664,42.14990234375,-4.69970703125,109.80999755859375,1259.300048828125,59.03799819946289,16633.1796875,6851.2001953125,9939.169921875,1909.780029296875,23080.029296875,17.559999465942383,4225.080078125,14670.9501953125
2014-05-29,7316.60009765625,7325.39990234375,7224.39990234375,7235.64990234375,241100.0,65.10022923548551,157.90866619351164,4.936086232346327,152.9725799611653,67.00089188508497,72.9797333102963,7075.817431640626,6838.647958984375,6235.0472485351565,7223.000917977436,7065.092251783924,49.8683537786286,107.39185031806025,3524100.0,-0.012824623447559524,-0.012907568856390952,101.0,80.9501953125,109.97000122070312,1256.300048828125,58.83000183105469,16698.740234375,6871.2998046875,9938.900390625,1920.030029296875,23010.140625,16.690000534057617,4247.9501953125,14681.7197265625
2014-05-30,7254.85009765625,7272.5,7118.4501953125,7229.9501953125,312200.0,64.48429704166925,146.76608626288635,-4.9651949586231865,151.73128122150953,53.448044581954996,65.22679803157646,7102.574951171876,6853.3849609375,6242.486999511719,7224.070037567446,7077.30395130456,48.9673102011585,110.7245613444488,3211900.0,-0.0007877256512097697,-0.0007880360700878707,154.0498046875,24.89990234375,109.41000366210938,1245.5999755859375,58.900001525878906,16717.169921875,6844.5,9943.26953125,1923.5699462890625,23081.650390625,16.34000015258789,4242.6201171875,14632.3798828125
2014-06-02,7264.0498046875,7368.60009765625,7239.5,7362.5,169900.0,71.28774328208915,146.93737032350327,-3.8351287184050307,150.7724990419083,48.11816220288226,56.18903288997407,7135.732446289064,6870.55095703125,6250.660249023438,7245.366954864762,7098.429584541259,48.600041238923716,112.7192285586846,3381800.0,0.01833343261111775,0.018167401445903533,129.10009765625,-98.4501953125,108.83000183105469,1243.699951171875,59.1879997253418,16743.630859375,6864.10009765625,9950.1201171875,1924.969970703125,23081.650390625,16.5,4237.2001953125,14935.919921875
2014-06-03,7375.35009765625,7424.9501953125,7342.14990234375,7415.85009765625,234700.0,73.4890223128292,149.65291553646875,-0.8956668043516345,150.5485823408204,53.483491211960484,51.683232665599235,7170.759960937501,6888.5349609375,6259.35,7271.595130678837,7121.942215142369,48.507919852092265,110.58216173083214,3616500.0,0.007246193230050935,0.007220065712657715,82.80029296875,-40.5,108.81999969482422,1244.300048828125,59.15999984741211,16722.33984375,6836.2998046875,9919.740234375,1924.239990234375,23291.0390625,15.800000190734863,4234.080078125,15034.25
2014-06-04,7417.5498046875,7433.2998046875,7391.35009765625,7402.25,204600.0,71.97415076456859,148.99012504371785,-1.2467658376820339,150.2368908813999,63.80636174134807,55.136005052063595,7208.244970703125,6906.09896484375,6267.934250488282,7291.69587980517,7142.705754761452,48.45926903223526,105.67984353800486,3411900.0,-0.0018339229457386974,-0.0018356066412509439,41.94970703125,15.2998046875,108.4000015258789,1244.0,59.29999923706055,16737.529296875,6818.60009765625,9926.669921875,1927.8800048828125,23151.7109375,15.569999694824219,4251.64013671875,15067.9599609375
2014-06-05,7399.75,7484.7001953125,7360.5,7474.10009765625,250700.0,74.91599841466103,152.50458330210404,1.814153936563315,150.69042936554072,75.10444743714356,64.13143346348403,7248.957470703124,6925.91896484375,6277.5935009765635,7319.758067166875,7167.253483864771,48.641486921932135,107.00272580761167,3662600.0,0.009706521349083008,0.009659715706976952,124.2001953125,-74.35009765625,108.79000091552734,1253.0,59.2599983215332,16836.109375,6813.5,9947.830078125,1940.4599609375,23109.66015625,15.449999809265137,4296.22998046875,15079.3701171875
2014-06-06,7521.5,7592.7001953125,7497.64990234375,7583.39990234375,248400.0,78.59661491323128,162.23920500893473,9.239020514715207,153.00018449421952,84.68397121829072,74.53159346559411,7285.187475585937,6947.7229589843755,6287.915000000001,7360.318349501778,7198.079144492844,49.23521924215625,107.83110951108584,3911000.0,0.014623807984826875,0.014517911265275567,95.05029296875,-61.89990234375,108.61000061035156,1252.0999755859375,59.16299819946289,16924.279296875,6858.2001953125,9987.1904296875,1949.43994140625,22951.0,15.979999542236328,4321.39990234375,15077.240234375
2014-06-09,7621.64990234375,7673.7001953125,7580.25,7654.60009765625,231900.0,80.59418538517525,173.69695320862957,16.557414971528033,157.13953823710153,95.61463469501157,85.13435111681528,7317.20498046875,6969.1449609375,6298.359750976562,7405.592464602466,7231.895511393836,50.06094401598086,106.803901354044,4142900.0,0.009388954325156185,0.009345152051744758,93.4501953125,-32.9501953125,109.98999786376953,1253.5,59.167999267578125,16943.099609375,6875.0,10008.6298828125,1951.27001953125,23117.470703125,17.100000381469727,4336.240234375,15124.0
2014-06-10,7679.0498046875,7683.2001953125,7579.2998046875,7656.39990234375,188700.0,80.64336423860163,180.83794316114108,18.958723939231618,161.87921922190947,96.61784106269434,92.3054823253322,7344.587475585939,6990.477958984376,6308.579750976563,7444.178224254971,7263.34028109383,50.85890208465182,106.59650773054086,4331600.0,0.0002351271999239124,0.00023509956185606317,103.900390625,22.64990234375,109.5199966430664,1259.800048828125,59.198001861572266,16945.919921875,6873.60009765625,10028.7998046875,1950.7900390625,23315.740234375,16.65999984741211,4338.0,14994.7998046875
2014-06-11,7672.39990234375,7700.0498046875,7589.0498046875,7626.85009765625,186200.0,77.18482761408909,182.01465522110266,16.10834879935453,165.90630642174813,93.07621606092773,95.10289727287787,7370.492480468751,7010.986962890625,6318.217502441406,7472.2815893936295,7290.266934172527,51.65759001386327,106.9110428926451,4145400.0,-0.0038594907612459206,-0.003866957814588266,111.0,45.5498046875,109.94999694824219,1260.800048828125,59.119998931884766,16843.880859375,6838.89990234375,9949.8095703125,1943.8900146484375,23257.2890625,17.059999465942383,4331.93017578125,15069.48046875
2014-06-12,7641.2998046875,7658.0,7593.7998046875,7649.89990234375,148200.0,77.97819434698475,182.70107039732738,13.435811180463418,169.26525921686397,91.3486013079814,93.68088614386781,7396.829980468751,7031.1499609375005,6327.755502929688,7499.607483693648,7316.90641329632,52.39922880527391,103.86026806549188,4293600.0,0.0030221919130917207,0.003017634271514681,64.2001953125,-8.60009765625,113.0199966430664,1273.5999755859375,59.33300018310547,16734.189453125,6843.10009765625,9938.7001953125,1930.1099853515625,23175.01953125,16.899999618530273,4297.6298828125,14973.5302734375
2014-06-13,7668.2001953125,7678.5,7525.35009765625,7542.10009765625,174500.0,66.35650772751974,172.55738196605216,2.6336981993505333,169.92368376670163,83.8778366954464,89.43421802145184,7413.784985351564,7048.07396484375,6337.9267529296885,7506.144808918663,7333.587426952611,52.05276289340523,107.38095622822462,4119100.0,-0.014091662121549109,-0.01419189231300482,153.14990234375,126.10009765625,113.41000366210938,1273.699951171875,59.28799819946289,16775.740234375,6777.89990234375,9912.8701171875,1936.1600341796875,23319.169921875,17.760000228881836,4310.64990234375,15097.83984375
2014-06-16,7534.7998046875,7548.60009765625,7487.5498046875,7533.5498046875,155400.0,65.52237848809669,161.96150718089575,-6.369741268644702,168.33124844954045,78.53049856884915,84.58564552409231,7427.284985351564,7064.66095703125,6348.520751953125,7510.3609621138685,7348.399454932973,51.19880210667515,104.07162313826215,3963700.0,-0.0011336753501066665,-0.0011343184460937106,61.05029296875,1.25,113.22000122070312,1274.9000244140625,59.702999114990234,16781.009765625,6754.60009765625,9883.98046875,1937.780029296875,23300.669921875,17.979999542236328,4321.10009765625,14933.2900390625
2014-06-17,7525.0498046875,7637.60009765625,7509.25,7631.7001953125,158000.0,70.15952923111884,159.64384149103353,-6.949925566805547,166.59376705783907,77.48741516359448,79.96525014263,7445.094995117188,7082.87396484375,6359.672001953126,7529.02853645212,7369.384694961086,50.891542146330515,105.805799889547,4121700.0,0.013028438540876097,0.012944298456771088,128.35009765625,-106.650390625,113.44999694824219,1271.699951171875,60.09000015258789,16808.490234375,6766.7998046875,9920.3203125,1941.989990234375,23203.58984375,17.700000762939453,4337.22998046875,14975.9697265625
2014-06-18,7636.0498046875,7663.0,7515.5,7558.2001953125,165100.0,63.294250592052634,150.14545564865148,-13.158649127350088,163.30410477600157,78.41016324186728,78.14269232477031,7460.360009765625,7098.98697265625,6370.9502539062505,7533.5164839691015,7383.37102832045,50.73410148819513,108.78395704029364,3956600.0,-0.009630881470572561,-0.00967755834425001,147.5,77.849609375,114.26000213623047,1272.4000244140625,60.323001861572266,16906.619140625,6778.60009765625,9930.330078125,1956.97998046875,23181.720703125,18.579999923706055,4362.83984375,15115.7998046875
2014-06-19,7580.0498046875,7606.4501953125,7502.5498046875,7540.7001953125,148900.0,61.74504517139368,139.59662963939354,-18.96598010928642,158.56260974867996,76.4195224025417,77.43903360266782,7473.575024414063,7115.078974609375,6381.6115039062515,7534.621670329625,7395.025040690231,50.394889455429215,108.43513086777268,3807700.0,-0.0023153660326241665,-0.002318050637252134,103.900390625,39.349609375,115.05999755859375,1313.699951171875,59.810001373291016,16921.4609375,6808.10009765625,10004.0,1959.47998046875,23167.73046875,18.739999771118164,4359.330078125,15361.16015625
2014-06-20,7543.2998046875,7560.5498046875,7497.2998046875,7511.4501953125,124100.0,59.139521304357,127.40770180149138,-24.923926357750872,152.33162815924226,62.77146069913316,72.53371544784738,7480.792529296875,7131.4209765625,6391.810004882813,7531.056828019298,7403.649126217807,49.99782147927334,105.20762152007464,3683600.0,-0.003878950129615588,-0.0038864927679996926,63.25,31.849609375,114.80999755859375,1316.199951171875,60.15999984741211,16947.080078125,6825.2001953125,9987.240234375,1962.8699951171875,23194.060546875,18.850000381469727,4368.0400390625,15349.419921875
2014-06-23,7514.0,7534.7998046875,7441.60009765625,7493.35009765625,127400.0,57.52193971018706,114.96214995817445,-29.89558256085425,144.8577325190287,50.609770116673836,63.26691773944957,7487.507543945312,7147.386982421875,6401.894255371094,7525.255792578829,7410.293642620654,48.7754095404389,104.34991334230145,3556200.0,-0.002409667532315529,-0.002412575453478406,93.19970703125,20.64990234375,114.12000274658203,1318.0,60.167999267578125,16937.259765625,6800.60009765625,9920.919921875,1962.6099853515625,22804.810546875,18.959999084472656,4368.68017578125,15369.2802734375
2014-06-24,7515.2001953125,7593.35009765625,7515.2001953125,7580.2001953125,137000.0,62.782262945516436,110.82946442435787,-27.222614475736663,138.05207890009453,50.37751785455377,54.58624955678692,7500.6175537109375,7163.066982421875,6413.358005371094,7533.708777614778,7422.87931319042,48.04988746404188,104.03920524642277,3693200.0,0.011590289593357506,0.011523636710027154,78.14990234375,-65.0,114.45999908447266,1320.9000244140625,60.15299987792969,16818.130859375,6787.10009765625,9938.080078125,1949.97998046875,22880.640625,19.190000534057617,4350.35009765625,15376.240234375
2014-06-25,7588.5498046875,7589.25,7557.0498046875,7569.25,115000.0,61.74406724402163,105.45507169430857,-26.07760576462877,131.53267745893734,51.0731195577679,50.68680250966517,7512.59755859375,7178.5239843750005,6424.779255371094,7539.176657981735,7433.721586287426,47.376188393101785,98.90784739399972,3578200.0,-0.001444578643090666,-0.0014456230527611481,32.2001953125,19.2998046875,114.0,1322.199951171875,60.189998626708984,16867.509765625,6733.60009765625,9867.75,1959.530029296875,22866.69921875,18.309999465942383,4379.759765625,15266.6103515625
2014-06-26,7554.10009765625,7570.2001953125,7481.2998046875,7493.2001953125,171700.0,54.948036152118945,93.97594685444983,-30.045384483590027,124.02133133803986,44.68641064245337,48.71234935159168,7525.475073242187,7192.8619921875,6435.20000732422,7532.103356032622,7438.1274091781725,45.62557168119747,98.19302905335688,3406500.0,-0.010047204767645423,-0.010098018573784505,88.900390625,60.89990234375,113.20999908447266,1316.0999755859375,59.95000076293945,16846.130859375,6735.10009765625,9804.900390625,1957.219970703125,23197.830078125,17.700000762939453,4379.0498046875,15308.490234375
2014-06-27,7514.2001953125,7538.75,7482.2998046875,7508.7998046875,126700.0,56.01743804822096,85.15579284909563,-31.09243079115538,116.24822364025101,31.78564343809335,42.5150578794382,7539.417553710937,7208.375986328125,6445.385007324219,7528.518194287219,7443.362401438123,43.99999902014346,95.2113980718671,3533200.0,0.0020818353932086087,0.0020796713768032227,56.4501953125,5.400390625,113.30000305175781,1319.0,60.08000183105469,16851.83984375,6757.7998046875,9815.169921875,1960.9599609375,23221.51953125,17.6299991607666,4397.93017578125,15095.0
2014-06-30,7534.0498046875,7623.64990234375,7531.60009765625,7611.35009765625,152300.0,62.34526612016517,85.45562954498382,-24.634075276213764,110.08970482119759,37.21546808235957,37.89584072096876,7551.860058593751,7227.0969921875,6455.688007812501,7541.261564036301,7455.805934491317,43.19954757912315,96.61416232789445,3685500.0,0.013657348129687996,0.013564927084193412,92.0498046875,-77.30029296875,112.36000061035156,1321.800048828125,60.03799819946289,16826.599609375,6743.89990234375,9833.0703125,1960.22998046875,23190.720703125,17.8700008392334,4408.18017578125,15162.099609375
2014-07-01,7629.0,7649.5,7618.14990234375,7634.7001953125,139400.0,63.628403027725184,86.57937685998058,-18.8082623689736,105.38763922895419,57.7308092637244,42.24397359472577,7562.802563476564,7244.202998046875,6467.154257812501,7555.636738078793,7469.057361218813,42.65063466157229,92.43814375759841,3824900.0,0.003067799714460584,0.0030631036189189007,31.35009765625,-5.7001953125,112.29000091552734,1326.4000244140625,59.970001220703125,16956.0703125,6802.89990234375,9902.41015625,1973.3199462890625,23190.720703125,17.65999984741211,4458.64990234375,15326.2001953125
2014-07-02,7683.0498046875,7732.39990234375,7677.2998046875,7725.14990234375,136300.0,68.15523714258842,93.6885073473286,-9.359305505300483,103.04781285262908,81.56607560398292,58.83745098335563,7578.947558593751,7262.352998046875,6478.539506835938,7581.715686427248,7488.02717907992,42.70599696058825,92.81396970571637,3961200.0,0.011847185183091247,0.01177755667969897,55.10009765625,-42.10009765625,111.23999786376953,1330.699951171875,60.02799987792969,16976.240234375,6816.39990234375,9911.26953125,1974.6199951171875,23549.619140625,17.56999969482422,4457.72998046875,15369.9697265625
2014-07-03,7734.35009765625,7754.64990234375,7706.7998046875,7714.7998046875,133800.0,67.1256977007439,97.36501481244704,-4.546238432145628,101.91125324459267,88.76283394478837,76.0199062708319,7590.9825439453125,7280.341992187499,6489.148754882814,7602.190166159595,7504.825151347148,42.895789047446094,89.60226455932592,3827400.0,-0.0013397924683778983,-0.00134069079277555,47.85009765625,19.55029296875,111.0,1320.4000244140625,59.439998626708984,17068.259765625,6865.2001953125,10029.4296875,1985.43994140625,23531.439453125,17.809999465942383,4485.93017578125,15348.2900390625
2014-07-04,7718.10009765625,7758.0,7661.2998046875,7751.60009765625,113100.0,68.92320824058022,102.07153246709822,0.12822337800443506,101.94330908909379,94.25150503057228,88.19347152644785,7599.392553710938,7298.557998046876,6499.504755859376,7625.176309466772,7523.104776999674,42.343890526259315,90.10925961312407,3940500.0,0.0047700904625405105,0.004758749631257964,96.7001953125,-33.5,111.0,1320.4000244140625,59.61000061035156,17068.259765625,6866.10009765625,10009.080078125,1985.43994140625,23546.359375,18.15999984741211,4485.93017578125,15437.1298828125
2014-07-07,7780.39990234375,7792.0,7755.10009765625,7787.14990234375,173900.0,70.59581801136555,107.43164858222917,4.390671594508305,103.04097698772087,94.6211595037709,92.5451661597105,7606.020043945313,7318.64599609375,6508.956755371095,7650.095323755539,7542.6636751733095,42.07878418005003,86.55859123674021,4114400.0,0.004586124701950078,0.004575640474488179,36.89990234375,-6.75,110.23999786376953,1316.5,59.71799850463867,17024.2109375,6823.5,9906.0703125,1977.6500244140625,23540.919921875,19.40999984741211,4451.52978515625,15379.4404296875
2014-07-08,7804.0498046875,7808.85009765625,7595.89990234375,7623.2001953125,180600.0,55.70521146929504,97.32826835561082,-4.570166905688055,101.89843526129887,82.01391488124011,90.2955264718611,7604.360058593751,7335.885,6517.507006835938,7645.957611687379,7548.629343331768,39.73128492911934,95.58656295643733,3933800.0,-0.021053878387766067,-0.02127867207000753,212.9501953125,180.849609375,108.94000244140625,1316.0,59.948001861572266,16906.619140625,6738.5,9772.669921875,1963.7099609375,23541.380859375,19.18000030517578,4391.4599609375,15314.41015625
2014-07-09,7637.9501953125,7650.10009765625,7551.64990234375,7585.0,168300.0,52.90512905886774,85.25605153369452,-13.313906982083495,98.56995851577801,62.37047151514952,79.66851530005351,7602.267553710937,7353.280000000001,6526.178505859375,7636.579517581628,7551.323466047934,37.085539804940325,95.79110812472751,3765500.0,-0.005011044487063243,-0.005023641872147828,98.4501953125,52.9501953125,108.27999877929688,1323.800048828125,59.74800109863281,16985.609375,6718.0,9808.2001953125,1972.8299560546875,23176.0703125,18.190000534057617,4419.02978515625,15302.650390625
2014-07-10,7589.5,7731.0498046875,7479.0498046875,7567.75,258400.0,51.64274215582984,73.45011468992925,-20.09587506067902,93.54598975060827,40.94848217324711,61.77762285654558,7598.16005859375,7370.707001953126,6534.764255371094,7625.990361030608,7552.540246340679,35.360532129295294,106.94888611581841,3507100.0,-0.0022742254449571453,-0.0022768154231857557,252.0,21.75,108.66999816894531,1338.699951171875,59.757999420166016,16915.0703125,6672.39990234375,9659.1298828125,1964.6800537109375,23238.990234375,15.970000267028809,4396.2001953125,15216.4697265625
2014-07-11,7584.10009765625,7625.85009765625,7447.2001953125,7459.60009765625,187600.0,44.477131773675794,54.73606809044122,-31.047937328133642,85.78400541857486,25.608506264362006,42.97581998425288,7594.03505859375,7386.0030078125,6542.859506835937,7600.391858973015,7545.6557908825735,33.41426028621698,112.07038727495639,3319500.0,-0.014290892582835002,-0.014393990810803546,178.64990234375,124.5,106.66000366210938,1337.0,60.1879997253418,16943.810546875,6690.2001953125,9666.33984375,1967.5699462890625,23233.44921875,15.720000267028809,4415.490234375,15164.0400390625
2014-07-14,7469.0,7478.4501953125,7422.14990234375,7454.14990234375,135200.0,44.144707174471776,39.01551949793247,-37.41478873651391,76.43030823444639,15.351239723475803,27.302742720361636,7590.065063476563,7401.099003906251,6550.879255371094,7577.893096414667,7538.877576916734,31.33743787677274,108.08680911022736,3184300.0,-0.000730628350199658,-0.0007308953891714673,56.30029296875,14.85009765625,106.9800033569336,1306.300048828125,60.0880012512207,17055.419921875,6746.10009765625,9783.009765625,1977.0999755859375,23346.669921875,15.5600004196167,4440.419921875,15296.8203125
2014-07-15,7491.2998046875,7534.89990234375,7459.14990234375,7526.64990234375,122100.0,49.546728980937544,32.03770485140285,-35.514082706434834,67.55178755783768,12.909122225706739,17.95628940451485,7584.812548828126,7417.326005859375,6559.015253906251,7570.009528096064,7537.971823244661,29.942600708601773,106.13417988806826,3306400.0,0.009726125842626887,0.009679131549908635,75.75,-35.35009765625,106.0199966430664,1296.9000244140625,60.060001373291016,17060.6796875,6710.5,9719.41015625,1973.280029296875,23459.9609375,14.770000457763672,4416.39013671875,15395.16015625
2014-07-16,7564.14990234375,7640.10009765625,7532.4501953125,7624.39990234375,168000.0,55.75937609513383,34.00337480239705,-26.838730204352515,60.84210500674956,29.200054211355255,19.153472053512598,7588.122534179688,7436.7630078125,6566.559504394532,7578.377277980324,7544.373903177927,29.50096128539222,106.65675241838483,3474400.0,0.012987185702574067,0.012903575337152367,107.64990234375,-60.25,105.8499984741211,1299.5999755859375,60.16999816894531,17138.19921875,6784.7001953125,9859.26953125,1981.5699462890625,23523.279296875,14.729999542236328,4425.97021484375,15379.2998046875
2014-07-17,7612.7001953125,7655.64990234375,7612.7001953125,7640.4501953125,141600.0,56.70214366394068,36.436292011622754,-19.52465039610145,55.960942407724204,45.25903178856224,29.122736075208074,7593.110034179688,7456.375009765625,6574.701254882813,7587.926957569889,7551.490665558266,29.205848707728627,102.10624917644664,3616000.0,0.002105122130833692,0.002102909465983186,42.94970703125,-27.75,105.95999908447266,1316.699951171875,60.08000183105469,16976.810546875,6738.2998046875,9753.8798828125,1958.1199951171875,23520.869140625,14.970000267028809,4363.4501953125,15370.259765625
2014-07-18,7630.25,7685.0,7595.5,7663.89990234375,134600.0,58.1067874338624,39.79782722918935,-12.930492142827887,52.72831937201724,57.08990246165009,43.849662820522525,7600.732519531251,7472.477011718751,6583.572004394532,7599.6151029197135,7559.817275690524,29.151185990516787,101.20580280670045,3750600.0,0.0030691525279016307,0.0030644522939827193,89.5,-33.64990234375,107.23999786376953,1309.199951171875,60.599998474121094,17100.1796875,6749.5,9720.01953125,1978.219970703125,23454.7890625,15.100000381469727,4432.14990234375,15215.7099609375
2014-07-21,7701.64990234375,7722.10009765625,7674.0,7684.2001953125,105400.0,59.33663884463905,43.59736876491388,-7.304760485682692,50.90212925059657,62.24465315255024,54.864529134254184,7610.2750244140625,7485.876015625001,6592.530754394533,7612.628194057065,7569.030825292151,29.371575566482775,98.13397369997185,3856000.0,0.002648820212610259,0.0026453182709969426,48.10009765625,17.44970703125,107.68000030517578,1313.699951171875,60.27799987792969,17051.73046875,6728.39990234375,9612.0498046875,1973.6300048828125,23387.140625,14.899999618530273,4424.7001953125,15215.7099609375
2014-07-22,7708.2001953125,7773.85009765625,7704.7998046875,7767.85009765625,120100.0,64.02343905248249,52.75030811787565,1.478543093823255,51.27176502405239,73.2264511007683,64.18700223832286,7619.657519531251,7499.058017578125,6602.000754394532,7636.508486918478,7583.758178800603,29.93345991855955,97.52796860309886,3976100.0,0.010885960831002128,0.01082713528937421,69.05029296875,-59.64990234375,107.33000183105469,1306.0999755859375,60.25,17113.5390625,6795.2998046875,9734.330078125,1983.530029296875,23782.109375,14.640000343322754,4456.02001953125,15343.2802734375
2014-07-23,7794.89990234375,7809.2001953125,7752.89990234375,7795.75,122100.0,65.4536410371304,61.54590457148788,8.219311637948387,53.326592933539494,84.56272380560799,73.34460935297551,7630.98251953125,7512.798017578125,6611.568254394531,7661.007181238712,7599.461276667224,30.686076496233376,94.5831346292168,4098200.0,0.0035917148236637164,0.0035852800193615086,56.30029296875,-0.85009765625,108.02999877929688,1304.5,60.097999572753906,17086.630859375,6798.2001953125,9753.5595703125,1987.010009765625,23971.869140625,14.6899995803833,4473.7001953125,15328.5595703125
2014-07-24,7796.25,7835.64990234375,7771.64990234375,7830.60009765625,117600.0,67.20728377345647,70.51572833454338,13.751308320803105,56.76442001374028,94.90039517416912,84.22985669351513,7647.852514648439,7526.947021484375,6621.55525390625,7687.098399149103,7616.58267081456,31.554351728101906,92.39862501284418,4215800.0,0.004470397031234974,0.004460434486412476,64.0,-34.35009765625,107.06999969482422,1290.5999755859375,59.86000061035156,17083.80078125,6821.5,9794.0595703125,1987.97998046875,24141.5,14.720000267028809,4472.10986328125,15284.419921875
2014-07-25,7828.2001953125,7840.9501953125,7748.60009765625,7790.4501953125,153900.0,63.22533942431788,73.53692877863705,13.418007011917418,60.11892176671963,94.4151537222993,91.29275756735879,7661.935034179689,7538.696025390625,6631.831005859374,7702.998675481933,7629.461746703296,31.99284641893943,92.39515877308746,4061900.0,-0.005127308487604565,-0.005140498238365478,92.35009765625,37.75,108.38999938964844,1303.0999755859375,60.060001373291016,16960.5703125,6791.60009765625,9644.009765625,1978.3399658203125,24216.009765625,14.220000267028809,4449.56005859375,15457.8701171875
2014-07-28,7792.89990234375,7799.89990234375,7722.64990234375,7748.7001953125,116500.0,59.29140382760483,71.73545415473745,9.29322591041425,62.4422282443232,88.23110233551076,92.51555041065973,7668.802539062501,7548.399033203125,6641.6742578124995,7710.029678532789,7638.294224378052,31.98820299946294,91.31336171786693,3945400.0,-0.005359125461725012,-0.005373537086780802,77.25,44.19970703125,107.56999969482422,1303.300048828125,60.053001403808594,16982.58984375,6788.10009765625,9598.169921875,1978.9100341796875,24428.630859375,14.319999694824219,4444.91015625,15529.400390625
2014-07-30,7746.2001953125,7798.7001953125,7707.60009765625,7791.39990234375,178100.0,61.902290610336536,72.91278879486163,8.376448440430735,64.53634035443089,84.69435224081063,89.11353609954023,7676.637524414064,7558.71703125,6651.082756347656,7722.548174503706,7649.635385708844,31.743736310258026,91.29812857060858,4123500.0,0.005510563830702919,0.005495436222823544,91.10009765625,-45.19970703125,106.51000213623047,1294.9000244140625,60.040000915527344,16880.359375,6773.39990234375,9593.6796875,1970.0699462890625,24732.2109375,13.890000343322754,4462.89990234375,15646.23046875
2014-07-31,7784.64990234375,7791.85009765625,7711.14990234375,7721.2998046875,208900.0,55.597957377168875,67.41225642015979,2.30073285258311,65.11152356757668,79.19050456082505,84.03865304571548,7676.445019531251,7568.085029296875,6660.152756347656,7722.356117608904,7654.943861188744,31.516731527424895,90.54113333788654,3914600.0,-0.00899711201258746,-0.009037830441044684,80.7001953125,63.35009765625,106.0199966430664,1281.300048828125,60.25,16563.30078125,6730.10009765625,9407.48046875,1930.6700439453125,24756.849609375,13.819999694824219,4369.77001953125,15620.76953125
2014-08-01,7662.5,7716.7001953125,7593.89990234375,7602.60009765625,181100.0,46.88979560753732,52.86556916774225,-9.796763519867554,62.662332687609805,67.56204264957293,77.14896648373619,7670.835034179689,7574.609033203125,6668.635007324219,7703.932114539265,7651.066545371523,29.587116781430577,93.17390255259107,3733500.0,-0.015373021386786312,-0.015492411451246685,122.80029296875,59.89990234375,104.83999633789062,1293.5999755859375,60.77000045776367,16493.369140625,6679.2001953125,9210.080078125,1925.1500244140625,24532.4296875,15.220000267028809,4352.64013671875,15523.1103515625
2014-08-04,7639.5498046875,7694.7998046875,7622.0498046875,7683.64990234375,137000.0,52.37496414858981,47.33164683202813,-12.264548684465346,59.596195516493474,57.772662229342004,68.17506981324667,7667.437524414064,7580.940029296875,6677.41125732422,7700.811774201494,7653.480127369466,27.795331660150136,93.10431715820957,3870500.0,0.01066080073217135,0.010604375070275692,72.75,-44.10009765625,105.41000366210938,1287.699951171875,61.20800018310547,16569.279296875,6677.5,9154.1396484375,1938.989990234375,24600.080078125,14.819999694824219,4383.89013671875,15474.5
2014-08-05,7706.64990234375,7752.4501953125,7638.0498046875,7746.5498046875,128200.0,56.15915957604457,47.47421673509143,-9.697583025121638,57.17179976021307,57.09599350705686,60.81023279532393,7665.407519531251,7588.690029296875,6686.106755371095,7707.848394276263,7660.374177541172,26.78936573885349,94.62546526298033,3998700.0,0.008186200977814417,0.00815287578222499,114.400390625,-39.89990234375,104.61000061035156,1284.0,60.900001525878906,16429.470703125,6682.5,9189.740234375,1920.2099609375,24648.259765625,13.949999809265137,4352.83984375,15320.3095703125
2014-08-06,7726.14990234375,7740.9501953125,7658.9501953125,7672.0498046875,116400.0,50.99114218906969,41.10188014364394,-12.855935693255304,53.95781583689924,53.277922350483415,56.048859362294095,7667.85,7595.771025390625,6694.362253417969,7702.340918954915,7661.239038811271,25.85525452622089,94.12361841383887,3882300.0,-0.009617184666510403,-0.009663728440738909,82.0,54.10009765625,104.58999633789062,1306.699951171875,60.84299850463867,16443.33984375,6636.2001953125,9130.0400390625,1920.239990234375,24584.130859375,14.300000190734863,4355.0498046875,15159.7900390625
2014-08-07,7651.14990234375,7708.9501953125,7630.39990234375,7649.25,116800.0,49.490139127152666,33.822123407255276,-16.108553943715172,49.93067735097045,41.145925882830454,50.50661391345691,7671.062500000001,7602.16302734375,6702.127502441407,7694.173085269544,7660.350961862288,24.561587085497973,93.01123802490395,3765500.0,-0.0029718009225604414,-0.0029762254910542657,78.55029296875,1.89990234375,105.44000244140625,1310.800048828125,61.189998626708984,16368.26953125,6597.39990234375,9038.9697265625,1909.5699462890625,24387.560546875,14.140000343322754,4334.97021484375,15232.3701171875
2014-08-08,7588.7001953125,7592.4501953125,7540.10009765625,7568.5498046875,118400.0,44.49728896831744,21.29555057282323,-22.90810142251778,44.20365199534101,21.164673158035782,38.52950713044988,7671.102490234376,7608.821025390625,6709.406750488282,7674.846426718461,7653.550876145638,23.421170477966548,94.16399976196438,3647100.0,-0.010550079460404649,-0.010606126094877983,52.35009765625,20.150390625,105.0199966430664,1308.9000244140625,61.237998962402344,16553.9296875,6567.39990234375,9009.3203125,1931.5899658203125,24331.41015625,14.619999885559082,4370.89990234375,14778.3701171875
2014-08-11,7619.85009765625,7635.5498046875,7598.60009765625,7625.9501953125,107000.0,48.47873915088767,15.817548309973972,-22.708882948293635,38.52643125826761,20.132220762204533,27.48093993435692,7679.419995117189,7616.7410253906255,6717.091252441407,7667.323929579083,7651.506381269109,21.801283815434896,92.22371406468122,3754100.0,0.007584067239598591,0.007555452786540585,36.94970703125,-6.10009765625,104.68000030517578,1308.5,61.13800048828125,16569.98046875,6632.7998046875,9180.740234375,1936.9200439453125,24646.01953125,14.0,4401.330078125,15130.51953125
2014-08-12,7688.7998046875,7735.75,7654.7998046875,7727.0498046875,120600.0,54.64937201174028,19.41033533839709,-15.292876735896414,34.7032120742935,33.37758727304302,24.891493731094442,7693.064990234376,7624.032021484375,6725.497250976563,7676.512525749609,7657.102190411212,21.294106699981995,93.47914910916828,3874700.0,0.013257313093540057,0.013170203962401476,80.9501953125,-38.25,103.0199966430664,1308.800048828125,61.119998931884766,16560.5390625,6632.39990234375,9069.4697265625,1933.75,24689.41015625,13.470000267028809,4389.25,15161.3095703125
2014-08-13,7717.2998046875,7757.10009765625,7695.7001953125,7739.5498046875,154100.0,55.36124177794813,23.001147564785242,-9.36165160760661,32.36279917239185,52.32389988655194,35.277902640599834,7703.709985351563,7630.506015625,6733.248249511718,7686.21056866313,7663.209421098345,21.030195542980557,91.18777434020983,4028800.0,0.0016176937273546521,0.0016163866702790495,61.39990234375,-22.25,104.27999877929688,1312.800048828125,61.220001220703125,16651.80078125,6656.7001953125,9198.8798828125,1946.719970703125,24890.33984375,13.760000228881836,4434.1298828125,15213.6298828125
2014-08-14,7756.14990234375,7796.7001953125,7739.10009765625,7791.7001953125,127300.0,58.302034057665495,29.71248576848393,-2.1202507231263397,31.83273649161027,70.6885274636812,52.13000487442538,7712.075000000001,7638.295019531251,6741.1819995117185,7702.439741993803,7672.727256225319,21.15924417281924,88.78865457706983,4156100.0,0.006738168490551644,0.0067155684981506794,57.60009765625,-35.55029296875,102.01000213623047,1313.9000244140625,61.02000045776367,16713.580078125,6685.2998046875,9225.099609375,1955.1800537109375,24801.359375,13.220000267028809,4453.0,15314.5703125
2014-08-18,7785.25,7880.5,7779.2001953125,7874.25,126700.0,62.51207931871659,41.217222504077654,7.50758880997391,33.70963369410374,82.69634086038305,68.56958940353873,7723.764990234376,7646.298017578125,6749.539250488282,7728.8720893793725,7687.654866875295,21.97643833234826,89.68230815638628,4282800.0,0.010594581749585608,0.010538852441929612,101.2998046875,-89.0,101.5999984741211,1297.699951171875,60.77299880981445,16838.740234375,6741.2998046875,9245.330078125,1971.739990234375,24955.4609375,13.5,4508.31005859375,15322.599609375
2014-08-19,7901.0,7918.5498046875,7881.14990234375,7897.5,140600.0,63.626000697665546,51.61589404901133,14.325008283926067,37.290885765085264,92.07717708045936,81.82068180150787,7735.444995117188,7652.58001953125,6758.135,7754.814844859469,7703.198950810458,23.015761363121044,86.44070076575156,4423400.0,0.0029526621583007007,0.0029483116130798108,37.39990234375,3.5,101.55999755859375,1295.0999755859375,60.81999969482422,16919.58984375,6779.2998046875,9334.2802734375,1981.5999755859375,25122.94921875,13.90999984741211,4527.509765625,15449.7900390625
2014-08-20,7915.7998046875,7922.7001953125,7864.0498046875,7875.2998046875,117300.0,61.739551228113775,57.40383031656347,16.090355641182562,41.31347467538091,93.4042644190412,89.3925941199612,7744.999975585939,7656.994013671875,6766.6897485351565,7773.35099252532,7715.947162208757,23.713395745637207,84.45567861284074,4306100.0,-0.002811040875276949,-0.0028149992705591483,58.650390625,40.5,102.27999877929688,1293.4000244140625,60.7400016784668,16979.130859375,6755.5,9314.5703125,1986.510009765625,25159.759765625,13.65999984741211,4526.47998046875,15454.4501953125
2014-08-21,7875.35009765625,7919.64990234375,7855.9501953125,7891.10009765625,115200.0,62.589699689316376,62.54478574515451,16.98504885581888,45.55973688933563,91.26318898443449,92.24821016131168,7751.162475585938,7661.688017578125,6775.420749511719,7791.46623946854,7728.921453723386,24.230345927700668,82.97310921415568,4421300.0,0.0020063100276317414,0.0020043000756105184,63.69970703125,-15.75,102.62999725341797,1273.699951171875,60.608001708984375,17039.490234375,6777.7001953125,9401.5302734375,1992.3699951171875,24994.099609375,13.729999542236328,4532.10009765625,15586.2001953125
2014-08-22,7904.5498046875,7929.0498046875,7900.0498046875,7913.2001953125,104100.0,63.80127853346599,67.62280948947591,17.650458080112223,49.97235140936369,91.75890151428848,92.14211830592139,7757.034985351563,7667.41501953125,6784.48125,7810.194540367611,7742.571730878135,24.79397401678241,79.75715191537671,4525400.0,0.002800635828053233,0.0027967213545059197,29.0,-8.650390625,102.29000091552734,1278.5999755859375,60.439998626708984,17001.220703125,6775.2998046875,9339.169921875,1988.4000244140625,25112.23046875,13.619999885559082,4538.5498046875,15539.1904296875
2014-08-25,7931.75,7968.25,7897.9501953125,7906.2998046875,118500.0,63.11397247835612,70.28022930209863,16.24630231418795,54.03392698791068,91.06548147192072,91.36252399021456,7760.819970703125,7672.543017578126,6792.908249511718,7824.979965647594,7754.699736345496,25.66033391453569,79.08162711338551,4406900.0,-0.0008720101166007632,-0.0008723905385931191,70.2998046875,25.4501953125,102.6500015258789,1277.300048828125,60.4630012512207,17076.869140625,6775.2998046875,9510.1396484375,1997.9200439453125,25166.91015625,13.789999961853027,4557.35009765625,15613.25
2014-08-26,7874.5,7915.4501953125,7862.4501953125,7904.75,142800.0,62.949949704280655,71.43770793461317,13.923024757361986,57.514683177251186,88.8748307797467,90.56640458865196,7766.534960937501,7679.796015625001,6801.173498535156,7837.252278624887,7765.814570690274,25.833599643276358,77.2186537481437,4264100.0,-0.0001960214924535686,-0.0001960407071773607,53.0,-30.25,102.5,1283.800048828125,60.5099983215332,17106.69921875,6822.7998046875,9588.150390625,2000.02001953125,25074.5,13.899999618530273,4570.64013671875,15521.2197265625
2014-08-27,7933.89990234375,7946.85009765625,7916.5498046875,7936.0498046875,120000.0,64.93210499060696,74.02730999573305,13.210101454785487,60.81720854094756,87.72623094839753,89.22218106668831,7775.902441406251,7687.846015625,6809.357998046875,7852.451898019135,7778.424588023402,26.291988301352255,74.71018545586558,4384100.0,0.003959619809291937,0.0039518011472649325,30.30029296875,-2.14990234375,102.72000122070312,1281.9000244140625,60.428001403808594,17122.009765625,6830.7001953125,9569.7099609375,2000.1199951171875,24918.75,13.0600004196167,4569.6201171875,15534.8203125
2014-08-28,7942.25,7967.7998046875,7939.2001953125,7954.35009765625,189700.0,66.07490705842699,76.67243686168877,12.68418265659296,63.98825420509581,91.46715538519848,89.35607237111424,7784.049951171875,7694.299013671876,6817.593747558594,7868.128544117153,7791.456107255464,26.910966497577412,71.64160078044661,4573800.0,0.002305970025281434,0.002303315356676902,28.599609375,-12.10009765625,102.45999908447266,1288.699951171875,60.448001861572266,17079.5703125,6805.7998046875,9462.5595703125,1996.739990234375,24741.0,13.069999694824219,4557.7001953125,15459.8603515625
2014-09-01,7990.35009765625,8035.0,7984.0,8027.7001953125,139300.0,70.25851776745765,83.72235958267447,15.787284302062929,67.93507528061154,95.85332912694294,91.68223848684632,7799.369970703126,7703.689013671876,6826.466499023438,7892.678028916438,7808.955669333764,28.049146425795616,72.28505089211114,4713100.0,0.009221381603238932,0.009179124246061186,51.0,-37.35009765625,102.45999908447266,1288.699951171875,60.51300048828125,17079.5703125,6825.2998046875,9479.0302734375,1996.739990234375,24752.08984375,13.529999732971191,4557.7001953125,15476.599609375
2014-09-02,8038.60009765625,8101.9501953125,8036.5498046875,8083.0498046875,134900.0,72.96755001758865,92.70705580045251,19.817584415872773,72.88947138457974,96.95130340795272,94.75726264003137,7823.3924560546875,7714.536005859375,6835.8059985351565,7921.965994419678,7829.258938619226,29.57605828566296,72.4254043998175,4848000.0,0.006894827662761838,0.0068711670335596,65.400390625,-44.44970703125,100.33999633789062,1263.699951171875,60.52299880981445,17067.560546875,6829.2001953125,9507.01953125,2002.280029296875,24749.01953125,13.449999809265137,4598.18994140625,15668.599609375
2014-09-03,8110.85009765625,8141.89990234375,8092.25,8114.60009765625,150700.0,74.39901822344461,101.20668953211134,22.653774518025273,78.55291501408607,95.99404035824146,96.26622429771237,7844.939965820313,7726.599003906251,6845.4427490234375,7951.602010302227,7850.395320770116,31.242762859270602,71.45573963241982,4998700.0,0.003903265936881173,0.0038956679592612917,49.64990234375,-3.75,102.7699966430664,1268.9000244140625,60.678001403808594,17078.279296875,6873.60009765625,9626.490234375,2000.719970703125,25317.94921875,13.390000343322754,4572.56005859375,15728.349609375
2014-09-04,8114.2001953125,8114.7998046875,8060.89990234375,8095.9501953125,141300.0,71.97283952954471,105.2248526445128,21.337550104341375,83.88730254017142,92.7490915630703,95.23147844308815,7862.409985351562,7738.651005859376,6855.21875,7973.8094233807315,7868.584570736219,32.18952905575592,70.2017512546577,4857400.0,-0.0022983144109759435,-0.0023009595892866165,53.89990234375,18.25,101.83000183105469,1265.0999755859375,60.38999938964844,17069.580078125,6878.0,9724.259765625,1997.6500244140625,25297.919921875,13.079999923706055,4562.2900390625,15676.1796875
2014-09-05,8099.89990234375,8122.7001953125,8049.85009765625,8086.85009765625,126000.0,70.76029035452608,106.44790880108576,18.04848500873146,88.3994237923543,89.0987788553314,92.61397025888105,7883.15,7748.78400390625,6865.259001464843,7991.2002963461955,7884.75238754511,32.85754259380645,70.39091885477144,4731400.0,-0.0011240308347646444,-0.0011246630312066596,72.85009765625,13.0498046875,100.81999969482422,1265.800048828125,60.369998931884766,17137.359375,6855.10009765625,9747.01953125,2007.7099609375,25240.150390625,12.9399995803833,4582.89990234375,15668.6796875
2014-09-08,8132.9501953125,8180.2001953125,8126.14990234375,8173.89990234375,120700.0,75.0845001746736,113.13720606348761,19.790225816906656,93.34698024658096,90.49053126200931,90.77946722680366,7909.382495117188,7760.877001953126,6876.038251953125,8019.307928038126,7906.170721974639,33.907273123516525,72.0308601977342,4852100.0,0.010764364818970584,0.010706841477298593,54.05029296875,-40.94970703125,100.19999694824219,1252.699951171875,60.38800048828125,17111.419921875,6834.7998046875,9758.0302734375,2001.5400390625,25190.44921875,12.789999961853027,4592.2900390625,15705.1103515625
2014-09-09,8161.89990234375,8174.5498046875,8126.5,8152.9501953125,104700.0,72.31281556169695,115.41759388694027,17.656490912287452,97.76110297465281,91.49172126897206,90.36034379543759,7938.602514648438,7774.072001953125,6886.855002441405,8039.868276849568,7924.450682962628,34.88202290110445,70.3179276612889,4747400.0,-0.002563000193486986,-0.002566290301383355,48.0498046875,8.94970703125,99.16000366210938,1246.800048828125,60.380001068115234,17013.869140625,6829.0,9710.7001953125,1988.43994140625,25190.44921875,12.760000228881836,4552.2900390625,15749.150390625
2014-09-10,8135.5498046875,8135.75,8082.10009765625,8094.10009765625,107100.0,65.04865018234283,111.19432762348333,10.746579719064414,100.44774790441892,87.69977994088923,89.89401082395686,7962.010009765625,7785.7780078125,6897.044753417968,8048.21163389675,7937.0173062732665,34.89831504147068,70.35593980378613,4640300.0,-0.007218257961404628,-0.007244435632928195,53.64990234375,41.44970703125,98.04000091552734,1243.5,60.790000915527344,17068.7109375,6830.10009765625,9700.169921875,1995.68994140625,24705.359375,12.930000305175781,4586.52001953125,15788.7802734375
2014-09-11,8115.14990234375,8127.9501953125,8057.2998046875,8085.7001953125,122800.0,64.05949216479698,105.94825127428248,4.400402695890847,101.54784857839164,78.4340045046483,85.8751685715032,7979.942529296875,7795.265009765625,6906.528254394531,8053.979104883788,7948.030853609505,34.44750746010494,70.37697200530141,4517500.0,-0.001037780882668149,-0.0010383197500981691,70.650390625,29.44970703125,98.08000183105469,1237.4000244140625,60.79999923706055,17049.0,6799.60009765625,9691.2802734375,1997.449951171875,24662.640625,12.520000457763672,4591.81005859375,15909.2001953125
2014-09-12,8087.0498046875,8114.2998046875,8071.60009765625,8105.5,111400.0,65.39526991488636,102.21016161651278,0.5298504304969072,101.68031118601587,73.3989711016703,79.84425184906928,7998.240039062501,7804.681005859375,6916.0390039062495,8061.905396440128,7959.6952348236155,34.028900420265316,68.40002450715488,4628900.0,0.0024487433628788136,0.0024457500763813006,42.69970703125,-18.4501953125,97.11000061035156,1229.9000244140625,60.810001373291016,16987.509765625,6807.0,9651.1298828125,1985.5400390625,24595.3203125,12.369999885559082,4567.60009765625,15948.2900390625
2014-09-15,8070.35009765625,8077.2998046875,8030.0,8042.0,96500.0,57.95576339061482,93.05114366109137,-6.9033340199396065,99.95447768103098,67.75238493312352,73.19512017981404,8010.755029296875,7811.0180078124995,6925.634504394531,8058.843027757031,7965.79188409594,32.85159613174187,68.90716561378667,4532400.0,-0.007834186663376763,-0.00786503512440859,47.2998046875,28.35009765625,96.6500015258789,1233.5999755859375,60.64799880981445,17031.140625,6804.2001953125,9659.6298828125,1984.1300048828125,24356.990234375,13.260000228881836,4518.89990234375,15948.2900390625
2014-09-16,8036.60009765625,8044.89990234375,7925.14990234375,7932.89990234375,128000.0,47.87789010774067,76.11172130564864,-19.074205100305875,95.18592640595452,46.39964931561615,62.51700178346998,8013.687524414063,7815.380009765626,6935.303754882812,8039.467162308834,7963.355441003186,30.838615663606394,72.53879664137334,4404400.0,-0.013566289188790104,-0.013659152116613792,119.75,103.7001953125,96.62999725341797,1235.199951171875,60.970001220703125,17131.970703125,6792.2001953125,9632.9296875,1998.97998046875,24136.009765625,13.279999732971191,4552.759765625,15911.5302734375
2014-09-17,7971.5,7990.64990234375,7936.9501953125,7975.5,123700.0,51.42942165025292,65.37102244925518,-23.85192316535948,89.22294561461466,27.483100077035044,47.211711441924905,8017.5875244140625,7819.858007812501,6945.20400390625,8029.626060415168,7964.255037965912,28.96941951462345,71.4824540241324,4528100.0,0.005370053597129498,0.005355686271897236,53.69970703125,-4.0,98.97000122070312,1234.4000244140625,61.053001403808594,17156.849609375,6780.89990234375,9661.5,2001.5699462890625,24376.41015625,12.949999809265137,4562.18994140625,15888.669921875
2014-09-18,7950.64990234375,8120.85009765625,7939.7001953125,8114.75,116900.0,60.825845752294924,67.31923818912583,-17.522965940391074,84.8422041295169,33.426997325375595,35.76991557267559,8029.560034179687,7826.410009765625,6955.201003417968,8042.722051120527,7975.402812931401,28.16623838643948,79.31584318981936,4645000.0,0.01745972039370569,0.01730905071438062,181.14990234375,-164.10009765625,97.69999694824219,1225.699951171875,60.90800094604492,17265.990234375,6819.2998046875,9798.1298828125,2011.3599853515625,24168.720703125,12.329999923706055,4593.43017578125,16067.5703125
2014-09-19,8129.39990234375,8160.89990234375,8105.35009765625,8121.4501953125,161300.0,61.21465265155923,68.61293575168293,-12.983414702267197,81.59635045395012,57.0149627096882,39.30835337069961,8041.0775390625,7836.375009765625,6965.51275390625,8054.834073303907,7986.221137552224,27.8093823842708,77.61826901108228,4806300.0,0.000825681051480398,0.0008253403644006908,55.5498046875,7.94970703125,98.38999938964844,1215.300048828125,60.689998626708984,17279.740234375,6837.89990234375,9799.259765625,2010.4000244140625,24306.16015625,11.890000343322754,4579.7900390625,16321.169921875
2014-09-22,8084.4501953125,8159.89990234375,8064.7998046875,8146.2998046875,105500.0,62.693540222285634,70.82690768671637,-8.615554213787007,79.44246190050337,79.33733198300733,56.59309733935704,8052.732519531251,7847.601005859375,6975.958752441406,8068.905724285998,7998.078816599282,26.885837535142056,78.86697105716569,4911800.0,0.0030597502634865936,0.003055078754324302,95.10009765625,-61.849609375,96.97000122070312,1216.800048828125,60.85300064086914,17172.6796875,6773.60009765625,9749.5400390625,1994.2900390625,23955.490234375,11.569999694824219,4527.68994140625,16205.900390625
2014-09-23,8144.39990234375,8159.75,8008.10009765625,8017.5498046875,140800.0,51.695139473602055,61.48370156531291,-14.367008268152375,75.85070983346529,66.63392955714285,67.66207474994613,8058.295019531251,7856.597001953125,6985.587250976562,8061.004813578536,7999.5211120132235,25.27310812693906,84.06575186335029,4771000.0,-0.015804721540682243,-0.01593094790039912,151.64990234375,126.85009765625,96.8499984741211,1221.0,61.0,17055.869140625,6676.10009765625,9595.0302734375,1982.77001953125,23837.0703125,12.40999984741211,4508.68994140625,16205.900390625
2014-09-24,8015.5498046875,8042.0498046875,7950.0498046875,8002.39990234375,182200.0,50.57091044001669,52.25431764715813,-18.877113749045733,71.13143139620387,51.074868429365374,65.68204332317185,8063.177514648438,7867.452998046874,6994.71875,8051.988673388569,7999.734355741411,23.846545241833482,84.63248387311098,4588800.0,-0.0018895925454548435,-0.0018913800776086584,92.0,13.14990234375,96.94999694824219,1218.5999755859375,60.97999954223633,17210.060546875,6706.2998046875,9661.9697265625,1998.300048828125,23921.609375,12.539999961853027,4555.22021484375,16167.4501953125
2014-09-25,8003.2998046875,8019.2998046875,7877.35009765625,7911.85009765625,231900.0,44.36120765646704,37.20448180860876,-27.14155967007609,64.34604147868485,25.969343026515887,47.89271367100804,8061.967529296876,7876.607001953125,7003.18875,8030.428892506674,7993.224410698065,23.26940337481644,88.7265712415495,4356900.0,-0.011315331124726713,-0.011379836545715916,141.94970703125,91.44970703125,97.0,1221.199951171875,60.810001373291016,16945.80078125,6639.7001953125,9510.009765625,1965.989990234375,23768.130859375,13.300000190734863,4466.75,16374.1396484375
2014-09-26,7885.85009765625,7993.2998046875,7841.7998046875,7968.85009765625,147800.0,48.63678041503642,29.536325732153273,-27.847772597225266,57.38409832937854,26.62060821948926,34.55493989179017,8062.692529296875,7885.451005859375,7012.02375,8020.955231760455,7991.4189060283015,23.064383547265987,93.21038758143881,4504700.0,0.007204383209546084,0.007178555614569579,151.5,-83.0,97.0,1214.0999755859375,61.4900016784668,17113.150390625,6649.39990234375,9490.5498046875,1982.8499755859375,23678.41015625,12.930000305175781,4512.18994140625,16229.8603515625
2014-09-29,7978.4501953125,7991.75,7934.7001953125,7958.89990234375,97300.0,47.94416241244188,22.398167063481196,-27.988745012717878,50.386912076199074,28.75688674491072,27.115612663638622,8059.252514648439,7892.141005859376,7021.013498535156,8011.4082580040385,7989.010090940557,22.87400799311199,90.62748880330032,4407400.0,-0.0012486362763213243,-0.0012494164721180694,57.0498046875,19.55029296875,97.19999694824219,1217.5,61.13800048828125,17071.220703125,6646.60009765625,9422.91015625,1977.800048828125,23229.2109375,13.390000343322754,4505.85009765625,16310.6396484375
2014-09-30,7948.7998046875,8030.89990234375,7923.85009765625,7964.7998046875,141100.0,48.41326186497471,17.020990321277168,-26.692737403937528,43.713727725214696,37.808261458864166,31.06191880775471,8053.340014648438,7898.627998046875,7029.6319970703125,8004.237726724571,7987.216736403294,22.132804058267432,91.80051136645744,4548500.0,0.0007412962113033661,0.0007410215869771875,107.0498046875,-16.0,94.66999816894531,1210.5,61.553001403808594,17042.900390625,6622.7001953125,9474.2998046875,1972.2900390625,22932.98046875,13.149999618530273,4493.39013671875,16173.51953125
2014-10-01,7960.5,7977.5,7936.7001953125,7945.5498046875,113000.0,46.927353114048216,11.078518625005927,-26.108167280167017,37.18668590517294,35.918728969560085,34.16129239111166,8044.887500000001,7904.26099609375,7038.060246582032,7995.208815641945,7984.130297016939,21.444543261626055,88.15760374653192,4435500.0,-0.002416884350146642,-0.0024198097296141007,40.7998046875,14.9501953125,94.16000366210938,1214.5999755859375,61.81999969482422,16804.7109375,6557.5,9382.0302734375,1946.1600341796875,22932.98046875,13.0,4422.08984375,16082.25
2014-10-07,7897.39990234375,7943.0498046875,7842.7001953125,7852.39990234375,148200.0,40.4566166857437,-1.1342764080409324,-30.656769850571102,29.52249344253017,24.79369320155405,32.840227876659426,8032.709985351563,7907.624990234375,7045.502746582031,7973.238213596069,7974.37249000411,21.771220444459807,89.20703271999393,4287300.0,-0.011723531364537632,-0.01179279382430551,100.349609375,45.0,92.11000061035156,1211.699951171875,61.209999084472656,16719.390625,6495.60009765625,9086.2099609375,1935.0999755859375,23422.51953125,14.460000038146973,4385.2001953125,15783.830078125
2014-10-08,7828.75,7869.89990234375,7815.75,7842.7001953125,135900.0,39.8405693498185,-11.463545141177747,-32.788830866966336,21.32528572578859,14.547813052928845,25.08674507468099,8020.502490234376,7909.121992187501,7053.051997070312,7953.155441552442,7964.61898669362,22.315198326790192,86.70295197883365,4151400.0,-0.0012352538270948843,-0.001236017381957707,54.14990234375,-13.9501953125,91.37999725341797,1205.300048828125,61.27000045776367,16994.220703125,6482.2001953125,8995.330078125,1968.8900146484375,23263.330078125,14.109999656677246,4468.58984375,15595.98046875
2014-10-09,7886.5,7972.35009765625,7886.5,7960.5498046875,123800.0,49.835412482725054,-10.024529923364753,-25.079852519322678,15.055322595957923,17.69428661289048,19.011930955791122,8009.834985351564,7912.417988281251,7061.315246582031,7954.293035880913,7964.317565804277,21.368144298721294,89.7705912906134,4275200.0,0.01502666255755103,0.014914880678345798,85.85009765625,-74.0498046875,90.05000305175781,1224.5999755859375,60.880001068115234,16659.25,6431.89990234375,9005.01953125,1928.2099609375,23534.529296875,13.15999984741211,4378.33984375,15478.9296875
2014-10-10,7911.0,7924.0498046875,7848.4501953125,7859.9501953125,142900.0,43.232501260506744,-16.807896755011825,-25.4905754807758,8.682678725763974,20.855691381829963,17.699263682549763,7995.184985351563,7913.004990234376,7069.429748535156,7939.778752716542,7956.586649471554,20.87284619439059,91.36552115378386,4132300.0,-0.012637269013223484,-0.012717798464841716,75.599609375,51.0498046875,90.20999908447266,1221.0,61.02000045776367,16544.099609375,6340.0,8788.8095703125,1906.1300048828125,23088.5390625,14.329999923706055,4276.240234375,15300.5498046875
2014-10-13,7831.0,7901.14990234375,7796.0,7884.25,118800.0,45.12385249651961,-19.99251145709877,-22.940152146290195,2.9476406891914255,26.314510208845636,21.62149606785536,7984.69248046875,7914.880986328125,7078.008999023437,7931.235867683228,7951.228379140327,20.90612631519596,92.35011981021002,4251100.0,0.0030915977943464235,0.0030868286329098203,105.14990234375,-53.25,88.88999938964844,1229.300048828125,61.27799987792969,16321.0703125,6366.2001953125,8812.4296875,1874.739990234375,23143.380859375,14.5,4213.66015625,15300.5498046875
2014-10-14,7923.25,7928.0,7825.4501953125,7864.0,225500.0,43.81379537524439,-23.875129682870465,-21.458216297649514,-2.4169133852209526,18.559086174936457,21.90976258853735,7973.607470703126,7917.186982421875,7086.555498046875,7920.891888039654,7944.7670177225245,20.56788045587502,93.07866873001645,4025600.0,-0.002568411706883933,-0.0025717157348472356,102.5498046875,59.25,85.04000091552734,1233.5999755859375,61.00299835205078,16315.1904296875,6392.7001953125,8825.2099609375,1877.699951171875,23047.970703125,14.59000015258789,4227.169921875,14936.509765625
2014-10-16,7837.2998046875,7893.89990234375,7729.64990234375,7748.2001953125,213500.0,37.16834047739079,-35.88257704642001,-26.772530928959245,-9.110046117460765,15.728063187392722,20.200553190391602,7955.742480468751,7916.32298828125,7094.60125,7894.323935312399,7930.206512358819,21.095923498897697,98.162335249301,3812100.0,-0.014725305784270115,-0.01483479931274002,164.25,89.099609375,84.47000122070312,1240.5,61.37300109863281,16117.240234375,6195.89990234375,8582.900390625,1862.760009765625,22900.939453125,16.43000030517578,4217.39013671875,14738.3798828125
2014-10-17,7733.75,7819.2001953125,7723.85009765625,7779.7001953125,177600.0,39.84134307797867,-42.368382507361275,-26.606669111920407,-15.761713395440868,13.517125326884338,15.934758229737838,7942.627490234374,7917.490996093751,7102.414001464844,7876.689513773953,7919.057896281314,21.63300335286112,97.96146113551164,3989700.0,0.0040654602625080916,0.004057218608794233,95.35009765625,-45.9501953125,84.54000091552734,1238.300048828125,61.722999572753906,16380.41015625,6310.2998046875,8850.26953125,1886.760009765625,23023.2109375,16.399999618530273,4258.43994140625,14532.509765625
2014-10-20,7896.9501953125,7905.9501953125,7856.9501953125,7879.39990234375,176200.0,47.46000787097778,-39.013770469909105,-18.601645659574586,-20.412124810334518,24.174796322838986,17.806661612372015,7939.952490234375,7923.026992187501,7110.977751464843,7877.106496630844,7916.120267100753,20.95881865658134,99.98207105440366,4165900.0,0.012815366213124957,0.01273394430406019,49.0,17.55029296875,85.4000015258789,1244.0,61.358001708984375,16399.669921875,6267.10009765625,8717.759765625,1904.010009765625,23070.259765625,14.1899995803833,4316.06982421875,15111.23046875
2014-10-21,7906.14990234375,7936.60009765625,7874.35009765625,7927.75,163400.0,50.719458183046115,-32.08392395551073,-9.337439316140966,-22.74648463936976,44.872501523962846,27.521474391228722,7937.564990234376,7927.9089941406255,7119.245251464843,7884.897804841483,7916.981728796994,19.961524557538883,97.28692312194626,4329300.0,0.006136266499415566,0.006117516281268019,62.25,-21.60009765625,86.22000122070312,1251.0,61.22800064086914,16614.810546875,6372.2998046875,8886.9599609375,1941.280029296875,23088.580078125,13.329999923706055,4419.47998046875,14804.2802734375
2014-10-22,7997.7998046875,8005.0,7974.5498046875,7995.89990234375,151100.0,54.96074930855466,-20.85246881902367,1.5152126562768764,-22.367681475300547,68.55560043551228,45.86763276077137,7931.622485351563,7932.89599609375,7127.8022509765615,7901.975050611062,7922.827519430086,18.801617670400944,95.85571432752153,4480400.0,0.008596373793793965,0.008559635367284744,30.4501953125,1.89990234375,84.70999908447266,1244.800048828125,61.143001556396484,16461.3203125,6399.7001953125,8940.1396484375,1927.1099853515625,23403.970703125,13.029999732971191,4382.85009765625,15195.76953125
2014-10-27,8064.35009765625,8064.39990234375,7985.64990234375,7991.7001953125,132800.0,54.64861592672795,-12.150280098410803,8.173921101511798,-20.3242011999226,77.88652835440863,63.77154343796124,7925.134985351564,7939.2890039062495,7136.418752441405,7915.7789190266685,7927.929199125079,18.31370193469682,94.63387758984142,4347600.0,-0.0005252325670084268,-0.0005253705499506886,78.75,72.64990234375,85.83000183105469,1229.0999755859375,61.16299819946289,16817.939453125,6363.5,8902.6103515625,1961.6300048828125,23143.23046875,13.520000457763672,4485.93017578125,15388.7197265625
2014-10-28,8002.39990234375,8037.7998046875,7995.0498046875,8027.60009765625,124100.0,56.90184431164704,-2.330051368533532,14.395319865111258,-16.72537123364479,85.48248465412618,77.30820448134902,7919.200000000001,7946.856005859376,7145.162253417968,7932.982177277373,7935.3122286459065,17.860637322971563,91.16714414592418,4471700.0,0.00449214828714517,0.004482088703870871,42.75,-25.2001953125,86.02999877929688,1229.199951171875,61.29800033569336,17005.75,6402.2001953125,9068.1904296875,1985.050048828125,23520.359375,13.319999694824219,4564.2900390625,15329.91015625
2014-10-29,8077.0498046875,8097.9501953125,8052.25,8090.4501953125,148300.0,60.59317914081016,10.40409632538558,21.703574047224297,-11.299477721838716,88.6138150577467,83.99427602209383,7922.84501953125,7957.294013671875,7154.045505371093,7957.208026205854,7946.803929880469,18.01472638165996,89.6802122538046,4620000.0,0.007829251194837239,0.007798761644535693,45.7001953125,-13.400390625,87.12000274658203,1224.300048828125,61.180999755859375,16974.310546875,6453.89990234375,9082.8095703125,1982.300048828125,23819.869140625,13.010000228881836,4549.22998046875,15553.91015625
2014-10-30,8085.2001953125,8181.5498046875,8085.2001953125,8169.2001953125,205700.0,64.67569322379033,26.544478748537585,30.275165176301044,-3.730686427763457,94.83033357715139,89.64221109634143,7931.185034179687,7968.159013671875,7163.436005859374,7989.822206068416,7963.277727319878,18.84540612440914,90.15659776246142,4825700.0,0.009733698137790459,0.009686630877276963,96.349609375,-84.0,86.23999786376953,1198.0999755859375,61.28300094604492,17195.419921875,6463.60009765625,9114.83984375,1994.6500244140625,23702.0390625,13.270000457763672,4566.14013671875,15658.2001953125
2014-10-31,8200.7998046875,8330.75,8198.0498046875,8322.2001953125,176200.0,70.96858243652416,51.09270453592217,43.8587127709485,7.233991764973668,97.96274391894134,93.80229751794647,7951.7025390625,7980.062021484375,7173.527006835937,8040.957281336736,7989.864576800814,20.560852821736717,95.25611254282133,5001900.0,0.018728883653480688,0.01855565765600878,132.7001953125,-121.400390625,85.86000061035156,1171.0999755859375,61.43299865722656,17390.51953125,6546.5,9326.8701171875,2018.050048828125,23998.060546875,13.300000190734863,4630.740234375,16413.759765625
2014-11-03,8348.150390625,8350.599609375,8297.650390625,8324.150390625,141100.0,71.03940233815634,69.89896306053015,50.131977036445186,19.766986024084964,97.22432688607238,96.67246812738836,7969.467553710938,7991.754033203126,7184.042009277344,8084.525451996468,8014.626488935938,22.26074174554294,92.23419155761981,5143000.0,0.0002343365055792468,0.00023430905306898972,52.94921875,24.0,84.77999877929688,1169.4000244140625,61.39799880981445,17366.240234375,6488.0,9251.7001953125,2017.81005859375,23915.970703125,13.739999771118164,4638.91015625,16413.759765625
2014-11-05,8351.25,8365.5498046875,8323.5,8338.2998046875,161600.0,71.58107847142975,84.96537000006083,52.15870718078069,32.80666281928014,96.7082121440898,97.29842764970115,7988.437548828126,8002.686025390625,7194.677758789063,8123.567660102781,8038.60229010272,23.92194462139736,88.6495924954684,5304600.0,0.0016998027904968627,0.0016983597607461473,42.0498046875,12.9501953125,82.94999694824219,1145.4000244140625,61.28799819946289,17484.529296875,6539.10009765625,9315.48046875,2023.5699462890625,23695.619140625,13.760000228881836,4620.72021484375,16937.3203125
2014-11-07,8331.849609375,8360.349609375,8290.25,8337.0,153400.0,71.44887225235932,95.69758053316764,50.312734171109994,45.384846362057644,95.69477072328068,96.54243658448094,8007.047558593751,8011.941025390625,7205.4055078125,8156.403404702353,8060.705824169186,24.970852730043585,87.32459370114923,5151200.0,-0.00015588365949248395,-0.0001558958106129228,70.099609375,-5.150390625,83.38999938964844,1169.5999755859375,61.49300003051758,17573.9296875,6567.2001953125,9291.830078125,2031.9200439453125,23550.240234375,14.109999656677246,4632.52978515625,16880.380859375
2014-11-10,8337.7998046875,8383.0498046875,8304.4501953125,8344.25,130700.0,71.76215022693208,103.59378444904269,46.56715046958803,57.02663397945466,95.13949299185597,95.84749195307548,8026.982568359375,8020.876025390626,7216.3155078125,8185.302880901992,8081.709096452949,26.092794213773633,86.7013805349957,5281900.0,0.000869617368358,0.0008692394702429653,78.599609375,-6.4501953125,82.33999633789062,1159.5999755859375,61.51300048828125,17613.740234375,6611.2998046875,9351.8701171875,2038.260009765625,23744.69921875,13.930000305175781,4651.6201171875,16780.529296875
2014-11-11,8354.099609375,8378.7001953125,8321.849609375,8362.650390625,122000.0,72.58435277398763,110.0675504791543,42.43273319975971,67.6348172793946,95.52348029287796,95.45258133600487,8052.495092773437,8030.623037109375,7227.255759277344,8212.58711316707,8102.519562687916,27.13459702009439,84.56918092088888,5403900.0,0.002205158117865702,0.0022027303251594033,56.8505859375,-8.55078125,81.66999816894531,1162.800048828125,61.529998779296875,17614.900390625,6627.39990234375,9369.0302734375,2039.6800537109375,23808.279296875,14.800000190734863,4660.56005859375,17124.109375
2014-11-12,8378.900390625,8415.0498046875,8370.5,8383.2998046875,125200.0,73.5162998082351,115.53250503788331,38.31815020679096,77.21435483109235,95.11019446133832,95.25772258202409,8079.525073242188,8040.46703125,7238.3305078124995,8238.850604170213,8123.31809913233,28.35183053964048,82.27134043100396,5529100.0,0.0024692427756694,0.0024661992049072835,44.5498046875,-4.3994140625,80.37999725341797,1158.9000244140625,61.4900016784668,17612.19921875,6611.0,9210.9599609375,2038.25,23938.1796875,14.4399995803833,4675.14013671875,17197.05078125
2014-11-13,8405.25,8408.0,8320.349609375,8357.849609375,127400.0,70.34250652190757,116.46733983773902,31.402388005317334,85.06495183242168,93.54585253882775,94.72650909768134,8099.390063476563,8049.36001953125,7249.262504882812,8257.158143432489,8140.69080359475,28.652583296381827,82.65555830200368,5401700.0,-0.0030358207275695825,-0.0030404381788521184,87.650390625,47.400390625,77.91999816894531,1161.0999755859375,61.36800003051758,17652.7890625,6635.5,9248.509765625,2039.3299560546875,24019.939453125,13.800000190734863,4680.14013671875,17392.7890625
2014-11-14,8360.7001953125,8400.650390625,8346.7998046875,8389.900390625,146800.0,71.98290830351932,118.42925461155573,26.691442223307234,91.7378123882485,92.67428073463921,93.77677591160176,8125.887573242188,8059.032031250001,7259.848256835938,8277.580027615953,8159.150773004398,28.931853713355935,80.59806027596771,5548500.0,0.0038348119131084157,0.00382747776597414,53.8505859375,-29.2001953125,77.73999786376953,1185.0,61.59299850463867,17634.740234375,6654.39990234375,9252.9404296875,2039.8199462890625,24087.380859375,13.970000267028809,4688.5400390625,17490.830078125
2014-11-17,8378.400390625,8438.099609375,8349.099609375,8430.75,113900.0,73.95984737753268,121.87540448863001,24.110073680305206,97.7653308083248,94.02912906972655,93.4164207810645,8153.212573242188,8069.55203125,7270.792756347656,8301.14463875196,8179.269234263331,29.505296580571024,81.19819882768431,5662400.0,0.0048689027846677835,0.004857088011971049,89.0,-52.349609375,79.30999755859375,1183.0,61.70800018310547,17647.75,6672.0,9306.349609375,2041.3199462890625,23797.080078125,14.40999984741211,4671.0,16973.80078125
2014-11-18,8441.25,8454.5,8407.25,8425.900390625,134700.0,73.2985917235281,122.79962253917438,20.027433384679654,102.77218915449473,95.48052063984682,94.06131014807085,8181.307592773438,8079.349042968751,7281.317758789062,8320.337831347813,8197.538208808639,30.17213311350735,78.77332748284972,5527700.0,-0.0005752287014797464,-0.0005753942089820699,47.25,15.349609375,78.47000122070312,1196.699951171875,61.823001861572266,17687.8203125,6709.10009765625,9456.5302734375,2051.800048828125,23529.169921875,14.069999694824219,4702.43994140625,17344.060546875
2014-11-19,8440.650390625,8455.650390625,8360.5,8382.2998046875,125400.0,67.45898691630093,118.64618968302784,12.699200422826479,105.94698926020136,91.32259246839114,93.61074739265483,8213.012573242188,8087.908037109375,7291.634758300781,8329.870442630841,8211.224252947814,29.95918687604393,79.94311770728903,5402300.0,-0.005174590716264804,-0.005188025276412326,95.150390625,58.3505859375,78.0999984741211,1193.5999755859375,61.71799850463867,17685.73046875,6696.60009765625,9472.7998046875,2048.719970703125,23373.310546875,14.350000381469727,4675.7099609375,17288.75
2014-11-20,8406.5,8410.849609375,8353.150390625,8401.900390625,122800.0,68.66748105840466,115.6035617972102,7.725258029607076,107.87830376760313,87.02760272729374,91.27690527851055,8244.122583007815,8095.392041015626,7302.336010742187,8340.951973091482,8225.348411294272,29.63419407399001,78.35426778176839,5525100.0,0.00233833033823716,0.002335600698223698,57.69921875,4.599609375,79.33000183105469,1190.699951171875,61.9379997253418,17719.0,6678.89990234375,9483.9697265625,2052.75,23349.640625,14.170000076293945,4701.8701171875,17300.859375
2014-11-21,8408.2001953125,8489.7998046875,8398.599609375,8477.349609375,137000.0,72.84762869174585,117.92105811974943,8.034203481717043,109.88685463803239,87.680045142019,88.67674677923462,8274.020068359376,8103.278037109376,7313.203007812499,8361.936224827408,8244.015166707659,30.07536971173269,79.2718340339635,5662100.0,0.008980018238991194,0.008939937646133834,91.2001953125,-69.1494140625,80.36000061035156,1197.5,61.92300033569336,17810.060546875,6750.7998046875,9732.5498046875,2063.5,23437.119140625,13.850000381469727,4712.97021484375,17357.509765625
2014-11-24,8490.9501953125,8534.650390625,8490.7998046875,8530.150390625,140700.0,75.32828155486408,122.6049587784928,10.174483312368324,112.43047546612448,93.12732237222542,89.27832341384605,8304.140087890624,8111.589042968751,7324.284760742186,8387.815327257807,8265.210368479315,30.845433729083112,77.70247312082326,5802800.0,0.006228453901630848,0.006209137249718906,43.8505859375,-39.2001953125,79.68000030517578,1195.5,61.7599983215332,17817.900390625,6729.7998046875,9785.5400390625,2069.409912109375,23893.140625,13.020000457763672,4754.89013671875,17357.509765625
2014-11-25,8530.7998046875,8535.349609375,8429.4501953125,8463.099609375,271900.0,66.96195978770848,119.52869373872272,5.678574618078585,113.85011912064414,88.13784293077259,89.64840348167233,8327.500073242187,8118.93203125,7334.905507812499,8399.397524506607,8279.868830767884,30.516388234590686,79.71654033094302,5530900.0,-0.00786044538249775,-0.007891501533809672,105.8994140625,67.7001953125,78.33000183105469,1197.0999755859375,61.85300064086914,17814.939453125,6731.10009765625,9861.2099609375,2067.030029296875,23843.91015625,13.529999732971191,4758.25,17407.619140625
2014-11-26,8450.2998046875,8500.2998046875,8438.650390625,8475.75,151900.0,67.69105468968014,116.76551219059729,2.3323144559625177,114.43319773463477,81.45482102501578,87.57332877600459,8351.702563476563,8126.710029296875,7345.55600830078,8411.144059197897,8294.3785470073,30.210845989704865,78.42603131176853,5682800.0,0.0014947703806991175,0.0014936543234813655,61.6494140625,-25.4501953125,77.75,1196.5999755859375,61.84000015258789,17827.75,6729.2001953125,9915.5595703125,2072.830078125,24111.98046875,12.989999771118164,4787.31982421875,17383.580078125
2014-11-27,8477.7998046875,8506.75,8456.349609375,8494.2001953125,194300.0,68.77342495383286,114.74177570698703,0.2468623778817971,114.49491332910523,76.12811491832767,81.906926291372,8375.032568359376,8133.11603515625,7356.693259277343,8423.92192629245,8309.180150585464,29.992964478872324,76.4241998341422,5877100.0,0.0021768215570894256,0.002174455713767457,50.400390625,-16.400390625,77.75,1196.5999755859375,61.78799819946289,17827.75,6723.39990234375,9974.8701171875,2072.830078125,24004.279296875,12.739999771118164,4787.31982421875,17248.5
2014-11-28,8516.7998046875,8617.0,8516.25,8588.25,197200.0,73.6240980251947,119.35117711846942,3.885011031491345,115.46616608697808,82.72353765636026,80.1021578665679,8399.922558593751,8141.82203125,7368.955258789062,8449.203168401305,8329.851991282836,30.76358209948262,79.73674303795347,6074300.0,0.0110722378240391,0.011011389339421218,100.75,-71.4501953125,70.1500015258789,1175.199951171875,61.85300064086914,17828.240234375,6722.60009765625,9980.849609375,2067.56005859375,23987.44921875,12.899999618530273,4791.6298828125,17459.849609375
2014-12-01,8605.099609375,8623.0,8545.150390625,8555.900390625,152000.0,69.61823158609073,119.02180850645709,2.844513935583194,116.1772945708739,83.4388103718383,80.76348764884207,8419.257568359377,8151.058037109375,7381.103510742187,8465.61812566649,8346.596317160032,31.525011740140993,79.60194777631393,5922300.0,-0.0037667288883066474,-0.0037738408764703764,77.849609375,49.19921875,72.54000091552734,1218.0,62.202999114990234,17776.80078125,6656.39990234375,9963.509765625,2053.43994140625,23367.44921875,13.199999809265137,4727.35009765625,17590.099609375
2014-12-02,8535.4501953125,8560.2001953125,8504.650390625,8524.7001953125,137400.0,65.89433580594934,114.91847781962133,-1.007053401002068,115.9255312206234,78.55271156961186,81.57168653260348,8429.382568359375,8159.838037109375,7393.125761718749,8474.707674842799,8359.789197023178,31.494135742601554,77.88393755568438,5784900.0,-0.003646629096650922,-0.0036532942570473856,55.5498046875,10.75,70.54000091552734,1199.199951171875,61.948001861572266,17879.55078125,6742.10009765625,9934.080078125,2066.550048828125,23654.30078125,12.399999618530273,4755.81005859375,17663.220703125
2014-12-03,8528.7001953125,8546.9501953125,8508.349609375,8537.650390625,153200.0,66.69075731128294,111.4270693255803,-3.59876951603448,115.02583884161479,71.48277343174587,77.82476512439867,8440.057568359374,8168.481044921875,7405.445512695312,8484.391169578523,8372.964100252942,31.465465173457787,75.07798386867121,5938100.0,0.0015191379187295961,0.0015179851960037325,38.6005859375,-8.9501953125,69.91999816894531,1208.5,61.78799819946289,17912.619140625,6716.60009765625,9971.7900390625,2074.330078125,23428.619140625,12.369999885559082,4774.47021484375,17720.4296875
2014-12-04,8582.400390625,8626.9501953125,8526.400390625,8564.400390625,143500.0,68.3355838436517,109.5557143023234,-4.376099631433121,113.93181393375652,71.36898597423097,73.80149032519623,8451.36259765625,8178.929052734375,7417.820014648437,8496.70028050875,8387.144566206427,32.14443722500469,76.8973996414447,6081600.0,0.0031331805328282947,0.003128282351293758,100.5498046875,18.0,69.63999938964844,1207.5,61.85599899291992,17900.099609375,6679.39990234375,9851.349609375,2071.919921875,23832.560546875,12.449999809265137,4769.43994140625,17887.2109375
2014-12-05,8584.25,8588.349609375,8523.900390625,8538.2998046875,143300.0,64.96469890900728,104.75895676712207,-7.338285733307558,112.09724250042963,71.4029332955044,71.41823090049374,8461.427587890626,8191.0370507812495,7430.502514648437,8503.10020730548,8398.341250538359,32.7265647899792,76.00824386348437,5938300.0,-0.003047567225613501,-0.003052220515157543,64.44921875,45.9501953125,69.06999969482422,1190.0999755859375,61.78300094604492,17958.7890625,6742.7998046875,10087.1201171875,2075.3701171875,24002.640625,11.949999809265137,4780.759765625,17920.44921875
2014-12-08,8538.650390625,8546.349609375,8432.25,8438.25,163800.0,53.97385314478674,91.82579813322263,-16.217155493765603,108.04295362698824,58.730372609384716,67.16743062637336,8466.127587890627,8200.29205078125,7442.689265136718,8493.123252335407,8401.297454202184,31.670247291983333,78.72905568573549,5774500.0,-0.0117177666486451,-0.01178696074088962,114.099609375,100.400390625,66.19000244140625,1194.699951171875,61.9109992980957,17852.48046875,6672.2001953125,10014.990234375,2060.31005859375,24047.669921875,12.210000038146973,4740.68994140625,17935.640625
2014-12-09,8439.2998046875,8444.5,8330.5,8340.7001953125,146300.0,45.8320943952466,72.86478289645675,-28.142536584425187,101.00731948088193,34.04797521589552,54.72709370692821,8465.030078125,8204.8110546875,7454.280766601562,8469.67355125496,8396.808768358504,29.474918498267908,81.2484088510401,5628200.0,-0.011560430739489869,-0.01162777201814715,114.0,98.599609375,66.83999633789062,1231.5,61.81800079345703,17801.19921875,6529.5,9793.7099609375,2059.820068359375,23485.830078125,12.5,4766.47021484375,17813.380859375
2014-12-10,8318.0498046875,8376.7998046875,8317.0,8355.650390625,136700.0,47.14793094582448,58.371526905155406,-34.10863406058124,92.48016096573664,15.663870228957228,36.14740601807915,8463.647607421875,8209.495058593751,7465.877519531249,8452.131526542658,8393.759999637503,27.594581623239677,79.71636569650151,5764900.0,0.0017924388795202972,0.001790834377979736,59.7998046875,-37.6005859375,64.23999786376953,1228.9000244140625,61.87300109863281,17533.150390625,6500.0,9799.73046875,2026.1400146484375,23524.51953125,12.239999771118164,4684.02001953125,17412.580078125
2014-12-11,8338.849609375,8348.2998046875,8272.400390625,8292.900390625,133900.0,42.48317995029906,41.34551122074299,-40.90771979599492,82.25323101673791,7.230876813928937,18.98090741959389,8460.400146484375,8212.4270703125,7477.026020507812,8427.634428709172,8386.28891748843,26.358221001272238,79.9687681467514,5631000.0,-0.007509888167461565,-0.0075382293595515236,75.8994140625,45.94921875,63.68000030517578,1225.0999755859375,62.00299835205078,17596.33984375,6461.7001953125,9862.5302734375,2035.3299560546875,23312.5390625,12.770000457763672,4708.16015625,17257.400390625
2014-12-12,8302.0,8321.900390625,8216.2998046875,8224.099609375,138100.0,38.039296806171066,22.046484915625115,-48.16539688089024,70.21188179651536,6.717076687950056,9.87060791027874,8452.110107421875,8216.55806640625,7487.879267578124,8396.321379580837,8374.274894665212,25.791681078503252,81.79961227466201,5492900.0,-0.008296347237907065,-0.008330953463077941,105.6005859375,77.900390625,61.849998474121094,1222.0,62.472999572753906,17280.830078125,6300.60009765625,9594.73046875,2002.3299560546875,23249.19921875,13.75,4653.60009765625,17371.580078125
2014-12-15,8160.75,8242.400390625,8152.5,8219.599609375,137100.0,37.76107333104418,6.315948808589383,-51.11674639034078,57.43269519893016,7.274654030229736,7.074202510702909,8441.552587890626,8220.902060546876,7498.663764648438,8369.133414933785,8362.817466125196,25.8483973312945,82.37823929968616,5355800.0,-0.0005471723609561385,-0.0005473221143822177,89.900390625,-58.849609375,61.060001373291016,1207.199951171875,62.518001556396484,17180.83984375,6182.7001953125,9334.009765625,1989.6300048828125,23027.849609375,14.020000457763672,4605.16015625,17099.400390625
2014-12-16,8172.60009765625,8189.35009765625,8052.60009765625,8067.60009765625,197300.0,29.825715371403444,-18.205839091109738,-60.510827432031924,42.304988340922186,6.217876419068544,6.736535712416112,8423.637573242188,8224.017060546874,7508.581765136718,8322.743673814164,8340.949512905274,26.657868485585748,88.42261590104786,5158500.0,-0.018492325531937692,-0.01866544617437457,136.75,105.0,59.86000061035156,1193.9000244140625,63.167999267578125,17068.869140625,6331.7998046875,9563.8896484375,1972.739990234375,22670.5,16.309999465942383,4547.830078125,16755.3203125
2014-12-17,8041.2001953125,8082.0,7961.35009765625,8029.7998046875,216200.0,28.236541727484262,-40.226000114407725,-66.02479076426394,25.79879064985621,9.012719897192902,7.50175011549706,8406.012573242188,8225.236054687499,7518.725263671874,8277.675386256216,8317.901386370624,27.96734061971745,90.72456493266944,4942300.0,-0.004685444557388396,-0.004696455660811477,120.64990234375,11.400390625,59.79999923706055,1194.300048828125,63.65299987792969,17356.869140625,6336.5,9544.4296875,2012.8900146484375,22585.83984375,16.93000030517578,4644.31005859375,16819.73046875
2014-12-18,8138.89990234375,8174.2998046875,8084.89990234375,8159.2998046875,162100.0,40.02620273690712,-46.68936273819418,-57.99052271044031,11.301159972246131,14.211864021195023,9.814153445818823,8393.882543945314,8229.244052734375,7529.28001220703,8259.463758322569,8306.153121060763,27.948075023526588,94.56566743747877,5104400.0,0.01612742573288095,0.015998760320407486,89.39990234375,-20.39990234375,59.27000045776367,1194.699951171875,63.518001556396484,17778.150390625,6466.0,9811.0595703125,2061.22998046875,22832.2109375,14.600000381469727,4748.39990234375,17210.05078125
2014-12-19,8230.4501953125,8263.4501953125,8208.599609375,8225.2001953125,174800.0,44.97982440863904,-45.964167105968954,-45.81226166257207,-0.1519054433968865,26.554959631461173,16.593181183283033,8381.275073242188,8234.452060546875,7539.7705126953115,8254.192440936404,8300.156608042373,26.923487117184862,95.25029052230171,5279200.0,0.008076721312181734,0.008044279165652847,54.8505859375,5.25,61.380001068115234,1195.9000244140625,62.983001708984375,17804.80078125,6545.2998046875,9786.9599609375,2070.64990234375,23116.630859375,14.510000228881836,4765.3798828125,17621.400390625
2014-12-22,8255.0,8330.9501953125,8228.2001953125,8324.0,139200.0,51.45377699690055,-36.990719816691126,-29.47105149863539,-7.519668318055735,41.28854096898676,27.35178820721432,8370.967553710936,8242.021064453125,7550.626762695312,8264.932065407727,8301.922785224418,25.302120761449615,96.00026977070874,5418400.0,0.012011841942012103,0.01194027232053888,102.75,-69.0,60.11000061035156,1179.699951171875,63.2400016784668,17959.439453125,6576.7001953125,9865.759765625,2078.5400390625,23408.5703125,14.210000038146973,4781.419921875,17635.140625
2014-12-23,8324.599609375,8364.75,8252.849609375,8267.0,132200.0,47.948472335844954,-34.08570305367721,-21.25282778849718,-12.83287526518003,46.682179766604136,38.17522678901735,8361.162573242189,8250.31306640625,7561.504511718749,8265.250209191154,8299.335912244831,23.510411671189907,97.1359926888724,5286200.0,-0.006847669389716482,-0.006871222260849433,111.900390625,57.599609375,61.689998626708984,1177.9000244140625,63.222999572753906,18024.169921875,6598.2001953125,9922.1103515625,2082.169921875,23333.689453125,15.300000190734863,4765.419921875,17635.140625
2014-12-24,8272.0498046875,8286.400390625,8155.25,8174.10009765625,221900.0,42.82745903405267,-38.83207012940875,-20.799355891382973,-18.032714238025775,44.77901694844439,44.24991256134509,8346.080078125,8256.941064453125,7571.597761230469,8251.22711510886,8290.05918523827,22.653315885236932,99.56559254145296,5064300.0,-0.01123743829003876,-0.0113010553438477,131.150390625,97.94970703125,60.2400016784668,1173.5,63.43299865722656,18030.2109375,6609.89990234375,9922.1103515625,2081.8798828125,23349.33984375,15.069999694824219,4773.47021484375,17854.23046875
2014-12-26,8204.7998046875,8234.5498046875,8147.9501953125,8200.7001953125,75500.0,44.65030112593298,-39.98625796682427,-17.562834983038794,-22.423422983785475,40.25565959614909,43.9056187703992,8331.405078125,8261.744072265625,7581.670761718749,8243.453742832498,8283.440000799323,21.916469223397094,98.63945088670631,5139800.0,0.0032541927965719086,0.003248909370282162,86.599609375,4.099609375,59.45000076293945,1195.300048828125,63.51300048828125,18053.7109375,6609.89990234375,9922.1103515625,2088.77001953125,23349.33984375,14.649999618530273,4806.85986328125,17818.9609375
2014-12-29,8214.7001953125,8279.150390625,8214.7001953125,8246.2998046875,82100.0,47.72711080831259,-36.79727665891187,-11.499082940101115,-25.298193718810754,44.60784037658019,43.214172307057886,8314.307568359374,8269.471064453126,7591.902011718749,8243.891598502498,8280.68887516141,20.767729777537454,97.19736120283444,5221900.0,0.005560453167287482,0.005545050916857839,64.4501953125,-31.599609375,57.880001068115234,1181.699951171875,63.59000015258789,18038.23046875,6633.5,9927.1298828125,2090.570068359375,23773.1796875,14.579999923706055,4806.91015625,17729.83984375
2014-12-30,8260.2998046875,8268.25,8220.5498046875,8248.25,77700.0,47.860602135762235,-33.72387371001787,-6.740543992965691,-26.98332971705218,56.316582924330675,47.06002763235331,8298.925048828125,8276.751064453125,7601.949262695312,8244.562121809806,8278.285995519824,19.701043149239215,93.66184935352484,5299600.0,0.00023649337990261365,0.00023646541975141835,47.7001953125,12.0498046875,57.900001525878906,1200.199951171875,63.66299819946289,17983.0703125,6547.0,9805.5498046875,2080.35009765625,23501.099609375,14.859999656677246,4777.43994140625,17450.76953125
2014-12-31,8243.900390625,8291.0,8243.75,8282.7001953125,84500.0,50.27627683340787,-28.183455548947677,-0.9601006655163964,-27.22335488343128,69.23186607354117,56.71876312481734,8286.825048828126,8285.125068359375,7611.978012695312,8250.429517733297,8278.612973282245,18.4602282684185,90.3467172568445,5384100.0,0.004176667209711216,0.004167969146088031,47.25,-38.7998046875,57.33000183105469,1183.9000244140625,63.37799835205078,17823.0703125,6566.10009765625,9805.5498046875,2058.89990234375,23605.0390625,15.119999885559082,4736.0498046875,17450.76953125
2015-01-02,8288.7001953125,8410.599609375,8288.7001953125,8395.4501953125,101900.0,57.25626177871422,-14.527191114502784,10.1569310151428,-24.684122129645583,81.78198111545434,69.11014337110872,8279.7150390625,8298.070068359375,7622.848012695313,8272.74039120702,8287.267582321523,18.129174889847242,93.02905274296275,5486000.0,0.013612710510011006,0.013520889912634575,121.8994140625,-106.75,56.41999816894531,1186.0,63.02799987792969,17832.990234375,6547.7998046875,9764.73046875,2058.199951171875,23721.30078125,13.800000190734863,4726.81005859375,17450.76953125
2015-01-05,8407.9501953125,8445.599609375,8363.900390625,8378.400390625,118200.0,55.97662965706794,-5.022384981510186,15.729389718508322,-20.751774700018508,87.47042919287233,79.49475879395595,8270.4150390625,8310.044072265624,7633.250263671875,8288.995775732863,8294.018160714373,18.11350734927483,92.21977888632256,5367800.0,-0.0020308386436523884,-0.0020329035926431203,81.69921875,29.5498046875,53.11000061035156,1203.9000244140625,63.27799987792969,17501.650390625,6417.2001953125,9473.16015625,2020.5799560546875,23721.3203125,14.149999618530273,4652.56982421875,17408.7109375
2015-01-06,8325.2998046875,8327.849609375,8111.35009765625,8127.35009765625,172800.0,41.3296051743256,-17.545168390701292,2.5652850474537736,-20.110453438155066,72.34356869458684,80.53199300097117,8249.867553710938,8315.003076171874,7642.243764648438,8264.127209874921,8281.672378265623,17.807389670913935,104.7076727493531,5195000.0,-0.029963988501869876,-0.030422082918029548,216.49951171875,197.94970703125,51.099998474121094,1219.300048828125,63.3380012512207,17371.640625,6366.5,9469.66015625,2002.6099853515625,23485.41015625,17.420000076293945,4592.740234375,16883.189453125
2015-01-07,8118.64990234375,8151.2001953125,8065.4501953125,8102.10009765625,164100.0,40.19053167995365,-29.170766008834107,-7.248250056543235,-21.922515952290873,49.82282036105456,69.87893941617124,8233.06005859375,8318.490078125,7650.748515625,8239.19996184128,8268.370727850113,17.831183081318517,103.35355326725644,5030900.0,-0.0031067936900222026,-0.0031116297926513815,85.75,16.5498046875,51.150001525878906,1210.5999755859375,63.56800079345703,17584.51953125,6419.7998046875,9518.1796875,2025.9000244140625,23681.259765625,18.139999389648438,4650.47021484375,16885.330078125
2015-01-08,8191.39990234375,8243.5,8167.2998046875,8234.599609375,143800.0,48.25051431887176,-27.37694821061814,-4.363545806661811,-23.013402403956327,35.94698387306811,52.704457642903165,8227.755029296877,8323.264072265625,7659.288264160156,8238.492215308004,8265.869163518622,17.028129055391542,106.07114962986313,5174700.0,0.016353724358093125,0.01622144246054657,76.2001953125,-43.19970703125,50.959999084472656,1208.4000244140625,63.27299880981445,17907.869140625,6570.0,9837.6103515625,2062.139892578125,23835.529296875,16.469999313354492,4736.18994140625,17167.099609375
2015-01-09,8285.4501953125,8303.2998046875,8190.7998046875,8284.5,148000.0,50.932359424478875,-21.6788894503552,1.0676103628809024,-22.746499813236102,43.727710554855925,43.165838262992864,8224.197509765625,8329.120068359374,7668.024514160156,8245.57033602985,8267.249225480205,15.827487028510317,106.53035322773005,5322700.0,0.006059844193054609,0.006041557177687999,112.5,0.9501953125,50.11000061035156,1216.0,62.667999267578125,17737.369140625,6501.10009765625,9648.5,2044.81005859375,23919.94921875,15.960000038146973,4704.06982421875,17197.73046875
2015-01-12,8291.349609375,8332.599609375,8245.599609375,8323.0,103200.0,52.95796650909746,-13.896320456413378,7.0801434854581835,-20.97646394187156,56.62238754464519,45.43236065752308,8225.702490234375,8335.02806640625,7677.080014648438,8257.482592025259,8271.378912481672,14.944962368312327,105.1353279971779,5425900.0,0.004647232784114941,0.004636467736743234,87.0,-31.650390625,47.43000030517578,1232.699951171875,62.347999572753906,17640.83984375,6501.39990234375,9781.900390625,2028.260009765625,24026.4609375,16.110000610351562,4664.7099609375,17197.73046875
2015-01-13,8346.150390625,8356.650390625,8267.900390625,8299.400390625,129600.0,51.55307315006731,-9.523093411798982,9.162696424058066,-18.685789835857047,62.30443245057667,54.21817685002593,8229.467529296875,8339.2070703125,7685.992517089844,8263.931484117527,8273.454577529326,14.3186148933269,103.9649474259509,5296300.0,-0.002835469106692301,-0.0028394966643650508,88.75,46.75,46.59000015258789,1234.300048828125,62.06800079345703,17613.6796875,6542.2001953125,9941.0,2023.030029296875,24215.970703125,16.479999542236328,4661.5,17087.7109375
2015-01-14,8307.25,8326.4501953125,8236.650390625,8277.5498046875,146100.0,50.22454420986082,-7.7313173301299685,8.763578004581664,-16.494895334711632,61.695005818538654,60.2072752712535,8232.3650390625,8341.3740625,7694.914765625,8266.026610359062,8273.757927689192,13.450949042687837,102.95315151606155,5150200.0,-0.0026327909136885097,-0.0026362628028638235,89.7998046875,29.7001953125,48.689998626708984,1234.4000244140625,61.972999572753906,17427.08984375,6388.5,9817.080078125,2011.27001953125,24112.599609375,17.25,4639.31982421875,16795.9609375
2015-01-15,8424.5,8527.099609375,8380.5498046875,8494.150390625,232100.0,60.963626066691965,11.039281239754928,22.027341259573248,-10.98806001981832,70.06603675257853,64.68849167389794,8253.692553710938,8344.81306640625,7704.864516601563,8301.122576553822,8290.083295314067,14.090749604865657,113.42434102830715,5382300.0,0.026167234392820093,0.025830729950324278,146.5498046875,-69.650390625,47.66999816894531,1264.699951171875,62.0880012512207,17320.7109375,6498.7998046875,10032.6103515625,1992.6700439453125,24350.91015625,16.15999984741211,4570.81982421875,17108.69921875
2015-01-16,8504.0498046875,8530.75,8452.25,8513.7998046875,176000.0,61.769444461089044,27.187261511862744,30.540257225344853,-3.352995713482107,81.6712042173129,71.14408226281003,8277.892553710939,8348.606054687501,7714.850266113281,8333.84215011285,8306.654888600988,14.707221594467416,110.92974524057094,5558300.0,0.0023132877520259942,0.0023106162211340322,78.5,-9.75,47.689998626708984,1276.9000244140625,62.05799865722656,17511.5703125,6550.2998046875,10167.76953125,2019.4200439453125,24103.51953125,17.270000457763672,4634.3798828125,16864.16015625
2015-01-19,8550.0498046875,8570.9501953125,8531.5,8550.7001953125,125400.0,63.30152558039407,42.472607569645334,36.66048262650195,5.812124943143381,95.0713096912611,82.26951688705084,8297.462573242188,8352.8540625,7724.983518066406,8367.204926297412,8324.732318727767,15.531835571139366,107.08836276803015,5683700.0,0.004334185847861161,0.004324820315931695,39.4501953125,-0.650390625,47.689998626708984,1276.9000244140625,61.862998962402344,17511.5703125,6585.5,10242.349609375,2019.4200439453125,23738.490234375,17.649999618530273,4634.3798828125,17014.2890625
2015-01-20,8575.099609375,8707.900390625,8574.5,8695.599609375,158700.0,68.61955356660452,65.52321534560542,47.76887232196963,17.75434302363579,96.81218126193095,91.18489839016831,8320.982543945312,8360.0260546875,7736.046015624999,8417.727185232427,8352.203969886821,17.05371556878569,110.66777937834942,5842400.0,0.016945912118627948,0.01680393189462208,133.400390625,-120.5,47.9900016784668,1294.199951171875,61.63800048828125,17515.23046875,6620.10009765625,10257.1298828125,2022.550048828125,23951.16015625,17.270000457763672,4654.85009765625,17366.30078125
2015-01-21,8719.650390625,8741.849609375,8689.599609375,8729.5,185900.0,69.72493078358632,85.54040968892878,54.22885333223439,31.31155635669439,97.41787061749609,96.43378719022937,8341.257543945314,8367.7310546875,7747.227514648437,8465.692233658207,8380.151823969278,18.633400127573253,106.49508085132447,6028300.0,0.0038985684884169647,0.003890988763950604,52.25,-9.849609375,49.029998779296875,1293.699951171875,61.64799880981445,17554.279296875,6728.0,10299.23046875,2032.1199951171875,24352.580078125,17.709999084472656,4667.419921875,17280.48046875
2015-01-22,8745.849609375,8774.150390625,8727.0,8761.400390625,175500.0,70.76840074029066,102.7933377321151,57.18542510033657,45.60791263177853,98.15349278300975,97.46118155414558,8365.977563476563,8375.7060546875,7758.117016601563,8511.185796268483,8408.392458536367,20.25857758294178,102.25617440658702,6203800.0,0.0036543204794088346,0.003647659672542357,47.150390625,-15.55078125,48.52000045776367,1300.699951171875,61.553001403808594,17813.98046875,6796.60009765625,10435.6201171875,2063.14990234375,24522.630859375,18.56999969482422,4750.39990234375,17329.01953125
2015-01-23,8827.9501953125,8866.400390625,8795.400390625,8835.599609375,191200.0,73.09152236571447,121.0581809969226,60.36021469211525,60.69796630480735,97.50987170015071,97.69374503355218,8399.0525390625,8384.752050781251,7769.346264648438,8561.095613669486,8440.037432672563,22.18960116849344,102.45216194897367,6395000.0,0.008468876599840858,0.008433216854945564,71.0,-7.6494140625,48.790000915527344,1292.5999755859375,61.597999572753906,17672.599609375,6832.7998046875,10649.580078125,2051.820068359375,24850.44921875,17.889999389648438,4757.8798828125,17511.75
2015-01-27,8871.349609375,8925.0498046875,8825.4501953125,8910.5,192000.0,75.23140600850218,139.96362290955585,63.4125252837988,76.55109762575705,97.55425861236911,97.73920769850984,8434.542529296876,8395.805058593749,7780.891765136719,8614.850134643411,8474.886511733856,24.225697595978865,102.24840819368984,6587000.0,0.00847711461998868,0.008441385660836975,99.599609375,-39.150390625,49.599998474121094,1291.699951171875,61.472999572753906,17387.2109375,6811.60009765625,10628.580078125,2029.550048828125,24807.279296875,18.09000015258789,4681.5,17768.30078125
2015-01-28,8902.75,8985.0498046875,8874.0498046875,8914.2998046875,185100.0,75.33855336348135,153.48367010495713,61.54605798336006,91.93761212159707,95.27001853825541,96.77804961692507,8467.942529296875,8406.293046875,7792.254514160157,8660.919314650193,8507.435644545236,26.350173100518727,102.87352189414057,6772100.0,0.0004264412420740271,0.0004263503418490414,111.0,-11.5498046875,48.470001220703125,1285.9000244140625,61.40299987792969,17191.369140625,6825.89990234375,10710.9697265625,2002.1600341796875,24861.810546875,19.770000457763672,4637.990234375,17795.73046875
2015-01-29,8901.5,8966.650390625,8861.25,8952.349609375,256300.0,76.43774349571117,165.36251007522878,58.73991836290537,106.62259171232341,95.17948985948618,96.0012556700369,8503.147509765626,8416.725039062501,7803.536762695312,8705.754744607855,8540.392234532626,28.157675935977252,103.05401251777339,7028400.0,0.0042684008302582566,0.0042593170470792705,105.400390625,-50.849609375,49.130001068115234,1254.5999755859375,61.35100173950195,17416.849609375,6810.60009765625,10737.8701171875,2021.25,24595.849609375,19.43000030517578,4683.41015625,17606.220703125
2015-01-30,8996.599609375,8996.599609375,8775.099609375,8808.900390625,267300.0,64.72504252827247,161.34157795706415,43.775188995792575,117.56638896127157,87.51072647541795,92.65341162438651,8529.45751953125,8424.385039062501,7814.060263671875,8721.62330553357,8560.281727576506,28.77230046575562,111.5144401950753,6761100.0,-0.01602363904552817,-0.016153405638702815,221.5,187.69921875,52.9900016784668,1278.5,61.79600143432617,17164.94921875,6749.39990234375,10694.3203125,1994.989990234375,24507.05078125,20.170000076293945,4635.240234375,17674.390625
2015-02-02,8802.5,8840.7998046875,8751.099609375,8797.400390625,210100.0,63.87996183071381,155.43524563705432,30.2950853406262,125.14016029642812,81.65726430671424,88.11582688053946,8549.555029296876,8432.687050781251,7824.4420166015625,8733.28131862456,8577.846072987506,29.063456149734453,109.95627984631992,6551000.0,-0.0013054977908750764,-0.0013063506955069547,89.7001953125,5.099609375,54.75,1276.199951171875,62.01300048828125,17361.0390625,6782.60009765625,10828.009765625,2020.8499755859375,24484.740234375,20.40999984741211,4676.68994140625,17558.0390625
2015-02-03,8823.150390625,8837.2998046875,8726.650390625,8756.5498046875,208700.0,60.841119499627744,145.77769926440305,16.510031174379947,129.2676680900231,72.50043262896197,80.55614113703139,8568.462500000001,8439.780039062502,7834.462016601563,8736.861085711167,8591.083386446764,29.0449542693959,110.00578943318993,6342300.0,-0.004643483770618517,-0.004654298232220474,110.6494140625,66.6005859375,57.90999984741211,1259.699951171875,61.72800064086914,17666.400390625,6871.7998046875,10890.9501953125,2050.030029296875,24554.779296875,19.809999465942383,4727.740234375,17335.849609375
2015-02-04,8789.150390625,8792.849609375,8704.400390625,8723.7001953125,195300.0,58.433850477097806,133.92947957198885,3.729449185572605,130.20003038641624,65.9673141637653,73.37500369981383,8598.280004882812,8444.70705078125,7844.400017089844,8734.83633334214,8600.906853770151,28.761244471345783,108.46603438439065,6147000.0,-0.003751432939651078,-0.0037584872121479928,88.44921875,65.4501953125,54.15999984741211,1263.800048828125,61.61399841308594,17673.01953125,6860.0,10911.3203125,2041.510009765625,24679.759765625,20.049999237060547,4716.7001953125,17678.740234375
2015-02-05,8733.099609375,8838.4501953125,8683.650390625,8711.7001953125,173600.0,57.53823886611136,122.1631595329527,-6.429496682770832,128.59265621572354,57.258845705005164,65.24219749924413,8628.760009765625,8448.338046875,7854.486767578126,8731.276927491426,8609.113767958474,28.81943292162513,111.77558940604132,5973400.0,-0.0013755630903555804,-0.0013765100457609084,154.7998046875,21.3994140625,56.56999969482422,1262.0,61.86000061035156,17884.880859375,6865.89990234375,10905.41015625,2062.52001953125,24765.490234375,20.6200008392334,4765.10009765625,17504.619140625
2015-02-06,8696.849609375,8726.2001953125,8645.5498046875,8661.0498046875,171300.0,53.79067985626927,107.51187296210628,-16.86462660289382,124.3764995650001,43.739451544380124,55.65520380438352,8650.08251953125,8452.29705078125,7864.316767578126,8720.47275475236,8612.960881790254,28.3986534956662,109.55236092168123,5802100.0,-0.005814064934449137,-0.005831032408607971,80.650390625,35.7998046875,57.79999923706055,1233.9000244140625,61.733001708984375,17824.2890625,6853.39990234375,10846.3896484375,2055.469970703125,24679.390625,20.690000534057617,4744.39990234375,17648.5
2015-02-09,8584.400390625,8605.5498046875,8516.349609375,8526.349609375,146800.0,45.334226871833366,84.06242348182059,-32.25126086654362,116.3136843483642,25.86629160021885,42.28819628320137,8662.175000000001,8453.30904296875,7872.967514648439,8690.607655463537,8606.545231981716,26.622485173835788,112.06292052102542,5655300.0,-0.01555240973670402,-0.015674617197285398,89.2001953125,58.05078125,58.34000015258789,1240.800048828125,61.9630012512207,17729.2109375,6837.2001953125,10663.509765625,2046.739990234375,24521.0,22.020000457763672,4726.009765625,17711.9296875
2015-02-10,8478.099609375,8646.25,8470.5,8565.5498046875,196200.0,47.90115658018259,67.85945244975119,-38.763385518890416,106.6228379686416,16.001112949638436,28.535618698079134,8674.302490234375,8454.73603515625,7881.813264160157,8671.367986113377,8603.508533663626,24.889144292796377,116.61199762666647,5851500.0,0.0045975355349490155,0.004586999150377187,175.75,-87.4501953125,56.43000030517578,1231.5999755859375,62.130001068115234,17868.759765625,6829.10009765625,10753.830078125,2068.590087890625,24528.099609375,21.190000534057617,4787.64013671875,17652.6796875
2015-02-11,8603.2998046875,8651.9501953125,8593.650390625,8627.400390625,161600.0,51.75086867212098,59.32543980767696,-37.83791852877172,97.16335833644868,16.65748548891837,19.508296679591886,8690.702490234376,8455.51904296875,7891.068767089844,8664.603740653627,8605.27830084595,23.224364887725578,114.45402569797601,6013100.0,0.007220854159723844,0.007194908616778425,58.2998046875,-24.1005859375,54.65999984741211,1219.0,62.34199905395508,17862.140625,6818.2001953125,10752.1103515625,2068.530029296875,24315.01953125,20.5,4801.18017578125,17652.6796875
2015-02-12,8676.9501953125,8732.5498046875,8599.25,8711.5498046875,158800.0,56.46430468257045,58.67594794998149,-30.78992830917376,89.46587625915525,31.236163343394104,21.29825392731697,8712.402490234375,8458.63203125,7900.961015625,8671.826212043454,8613.150264093472,22.201241719220274,115.80015276865629,6171900.0,0.009753739278629103,0.009706478627223793,133.2998046875,-34.599609375,57.04999923706055,1220.0999755859375,62.38199996948242,17972.380859375,6828.10009765625,10919.650390625,2088.47998046875,24422.150390625,20.15999984741211,4857.60986328125,17979.720703125
2015-02-13,8741.5,8822.099609375,8729.650390625,8805.5,221900.0,61.04038885838106,64.99301751147505,-19.578286998144165,84.57130450961921,46.43925359706665,31.44430080979304,8727.969970703125,8464.24802734375,7911.612016601563,8692.391410190616,8627.39839267914,21.966358172678845,115.42512790571655,6393800.0,0.0107845558389561,0.010726817268910518,92.44921875,-64.0,57.38999938964844,1226.5,62.16999816894531,18019.349609375,6873.5,10963.400390625,2096.989990234375,24682.5390625,20.100000381469727,4893.83984375,17913.359375
2015-02-16,8831.400390625,8870.099609375,8793.400390625,8809.349609375,136400.0,61.22025817818557,69.50871871336858,-12.050068637000507,81.55878735036909,57.9674392300848,45.21428539018185,8742.747460937502,8469.682011718749,7921.761765136719,8710.384979295906,8640.876260582538,22.093782940597453,112.65899153745109,6530200.0,0.00043718237181300523,0.0004370868354434235,76.69921875,22.05078125,57.38999938964844,1226.5,62.069000244140625,18019.349609375,6857.10009765625,10923.23046875,2096.989990234375,24726.529296875,20.829999923706055,4893.83984375,18004.76953125
2015-02-18,8811.5498046875,8894.2998046875,8808.900390625,8869.099609375,147600.0,63.99849382299196,77.02092086626544,-3.6302931872829163,80.65121405354836,67.94969365998051,57.452128829043986,8758.667431640624,8475.775996093751,7932.019013671876,8734.80261469269,8657.781693826424,22.38298591896009,110.71187886066888,6677800.0,0.006782566551384539,0.006759668427262326,85.3994140625,-57.5498046875,60.529998779296875,1199.699951171875,62.11199951171875,18029.849609375,6898.10009765625,10961.0,2099.679931640625,24832.080078125,20.90999984741211,4906.35986328125,18199.169921875
2015-02-19,8883.0498046875,8913.4501953125,8794.4501953125,8895.2998046875,213300.0,65.17660578975256,84.11886211222554,2.774118446941742,81.3447436652838,73.63935160607309,66.51882816537946,8768.65244140625,8482.91599609375,7942.418762207032,8759.494490076508,8675.375627964282,22.788913869164066,111.30388751347824,6891100.0,0.0029540986646272582,0.0029497438893496893,119.0,-12.25,60.209999084472656,1207.0999755859375,62.07400131225586,17985.76953125,6888.89990234375,11001.9404296875,2097.449951171875,24832.080078125,20.399999618530273,4924.7001953125,18264.7890625
2015-02-20,8895.5,8899.9501953125,8816.2998046875,8833.599609375,197600.0,60.182021341359274,83.79935477729668,1.9636888896103102,81.83566588768637,79.4943947788121,73.69448001495523,8773.857421875,8490.82298828125,7952.382761230469,8770.895277660891,8687.095922883595,23.16584696578204,109.3286377357298,6693500.0,-0.006936269340802492,-0.006960437077779418,83.650390625,61.900390625,60.220001220703125,1204.4000244140625,62.165000915527344,18140.439453125,6915.2001953125,11050.6396484375,2110.300048828125,24832.080078125,21.270000457763672,4955.97021484375,18332.30078125
2015-02-23,8856.849609375,8869.0,8736.099609375,8754.9501953125,139600.0,54.4536847415561,76.32002278309665,-4.412514483671785,80.73253726676843,75.64511156705282,76.25961931731266,8773.534912109375,8499.107988281252,7962.243762207032,8768.442188068831,8692.122165285735,22.488754974196475,111.01233437067768,6553900.0,-0.008903438863023694,-0.008943311319236858,132.900390625,101.8994140625,58.900001525878906,1200.300048828125,62.10100173950195,18116.83984375,6912.2001953125,11130.919921875,2109.659912109375,24836.759765625,21.6299991607666,4960.97021484375,18466.919921875
2015-02-24,8772.900390625,8800.5,8726.75,8762.099609375,149800.0,54.874165999317455,70.16072706860177,-8.457448158533339,78.61817522713511,70.67381570215683,75.27110734934058,8769.859912109376,8507.23697265625,7972.248010253907,8767.466406731319,8697.305679662717,21.747147973790064,108.35073905848641,6703700.0,0.0008166139044774035,0.0008162806567537197,73.75,10.80078125,58.65999984741211,1196.9000244140625,62.17100143432617,18209.189453125,6949.60009765625,11205.740234375,2115.47998046875,24750.0703125,21.549999237060547,4968.1201171875,18603.48046875
2015-02-25,8801.900390625,8840.650390625,8751.400390625,8767.25,135200.0,55.19506887635847,64.94637295959728,-10.937441814030265,75.88381477362755,65.68080820551712,70.66657849157559,8762.697412109375,8516.72396484375,7982.508010253907,8767.433113388039,8702.486740428441,21.43772643910146,106.98640055430882,6838900.0,0.0005878032497472763,0.0005876305610850604,89.25,34.650390625,61.630001068115234,1201.0,62.233001708984375,18224.5703125,6935.39990234375,11210.26953125,2113.860107421875,24778.279296875,20.780000686645508,4967.14013671875,18585.19921875
2015-02-26,8779.0,8786.0498046875,8669.4501953125,8683.849609375,217500.0,49.105443125918235,53.46790056838654,-17.93273136419282,71.40063193257936,60.330275445106096,65.56163311759335,8751.174902343751,8525.918964843751,7992.445258789063,8754.574112770648,8701.106212202261,20.16740611233219,107.67305832721533,6621400.0,-0.00951271956713906,-0.009558254487962844,116.599609375,95.150390625,60.04999923706055,1209.5999755859375,61.87699890136719,18214.419921875,6949.7001953125,11327.1904296875,2110.739990234375,24902.060546875,20.579999923706055,4987.89013671875,18785.7890625
2015-02-27,8729.5,8856.9501953125,8717.4501953125,8844.599609375,249500.0,58.589042085113626,56.68883643774279,-11.769436395869263,68.45827283361206,66.53864837077978,64.18324400713433,8745.78740234375,8538.418964843751,8003.1942578125,8768.424189171317,8711.735352733574,19.665367682858488,112.34645315652139,6870900.0,0.018511375395821705,0.018342125395864908,139.5,-115.099609375,62.58000183105469,1212.5999755859375,61.75400161743164,18132.69921875,6946.7001953125,11401.66015625,2104.5,24823.2890625,19.56999969482422,4963.52978515625,18797.939453125
2015-03-02,8953.849609375,8972.349609375,8885.4501953125,8956.75,218100.0,63.67468357309749,67.51280497284642,-0.7563742886125056,68.26917926145893,76.50451137702922,67.79114506430503,8753.179882812501,8556.201962890626,8014.481257324219,8797.397390837268,8729.884585864422,20.112306819709218,113.44670650248415,7089000.0,0.01268009809128312,0.012600378838793266,86.8994140625,-2.900390625,59.540000915527344,1207.699951171875,61.6510009765625,18288.630859375,6940.60009765625,11410.3603515625,2117.389892578125,24887.439453125,15.850000381469727,5008.10009765625,18826.880859375
2015-03-03,8962.849609375,9008.400390625,8925.5498046875,8996.25,177800.0,65.29145228229297,78.37474265735364,8.084450716715764,70.29029194063787,92.8061221982676,78.61642731535886,8763.12236328125,8575.530966796876,8025.886008300781,8827.990099939227,8749.615357281873,20.776950800696905,111.261269319271,7266800.0,0.004410081781896391,0.00440038586730066,82.8505859375,-33.400390625,61.02000045776367,1204.0,61.9010009765625,18203.369140625,6889.10009765625,11280.3603515625,2107.780029296875,24702.779296875,15.489999771118164,4979.89990234375,18815.16015625
2015-03-04,9109.150390625,9119.2001953125,8893.9501953125,8922.650390625,248400.0,59.93834062951932,80.12045442404997,7.864129986729665,72.2563244373203,85.38678238385765,84.89913865305148,8771.427392578125,8590.797978515626,8037.236511230469,8842.553221583192,8762.432767159142,22.0750484356195,119.40332151075164,7018400.0,-0.008181143184660233,-0.008214792388202198,225.25,186.5,60.54999923706055,1200.5999755859375,61.8129997253418,18096.900390625,6919.2001953125,11390.3798828125,2098.530029296875,24465.380859375,15.199999809265137,4967.14013671875,18703.599609375
2015-03-05,8929.400390625,8957.5498046875,8849.349609375,8937.75,160100.0,60.651123406326285,81.77965095010586,7.618661210228439,74.16098973987742,72.97469698455879,83.72253385556134,8782.1298828125,8605.048974609375,8048.626010742188,8857.198879801163,8775.419228851057,22.73146803806102,118.60309821087652,7178500.0,0.0016922784950608172,0.0016908482052135402,108.2001953125,-8.349609375,60.47999954223633,1195.9000244140625,62.30500030517578,18135.720703125,6961.10009765625,11504.009765625,2101.0400390625,24193.0390625,14.4399995803833,4982.81005859375,18751.83984375
2015-03-09,8891.150390625,8891.2998046875,8740.4501953125,8756.75,155500.0,49.32263256542607,67.70888297536112,-5.16168541161305,72.87056838697417,47.088133688826446,68.48320435241429,8784.382373046876,8613.703974609376,8058.11576171875,8841.745205985599,8774.036323010238,22.150511027452694,124.22429153063536,7023000.0,-0.02025118178512486,-0.02045904811401918,150.849609375,134.400390625,58.529998779296875,1166.4000244140625,62.452999114990234,17995.720703125,6876.5,11582.1103515625,2079.429931640625,24123.05078125,15.8100004196167,4942.43994140625,18790.55078125
2015-03-10,8769.75,8778.0,8677.349609375,8712.0498046875,163800.0,46.98842421396031,52.34733826394768,-16.418584098421192,68.76592236236887,29.512634333889196,49.85848833575814,8786.932373046877,8622.604970703127,8066.604760742188,8821.792067324353,8769.444729060406,21.010109531147446,122.54044146594713,6859200.0,-0.005104655872612551,-0.005117729137055929,100.650390625,57.7001953125,56.38999938964844,1160.0999755859375,62.67300033569336,17662.939453125,6702.7998046875,11500.3798828125,2044.1600341796875,23896.98046875,15.529999732971191,4859.7900390625,18665.109375
2015-03-11,8728.75,8755.599609375,8682.349609375,8699.9501953125,172800.0,46.349012674899086,38.75017811809266,-24.012595395420973,62.762773513513636,11.88804254678525,29.49627018983363,8795.612402343751,8633.12197265625,8074.560761718751,8803.047163937914,8764.296985819821,19.951165284578284,119.01969564695091,6686400.0,-0.0013888361116221049,-0.00138980143838521,73.25,28.7998046875,57.540000915527344,1150.699951171875,62.7130012512207,17635.390625,6721.5,11805.990234375,2040.239990234375,23717.970703125,15.130000114440918,4849.93994140625,18723.51953125
2015-03-12,8740.650390625,8787.2001953125,8732.900390625,8776.0,173900.0,50.87395288997689,33.72218603452529,-23.232469983190683,56.954656017715976,13.314761094126364,18.238479324933603,8806.134912109375,8644.62796875,8082.897011718751,8798.886061793619,8765.163875759094,19.241906553822513,116.7504316721687,6860300.0,0.008741406902360804,0.00870342200550124,54.2998046875,-35.349609375,57.08000183105469,1152.0999755859375,62.755001068115234,17895.220703125,6761.10009765625,11799.3896484375,2065.949951171875,23797.9609375,14.75,4893.2900390625,18991.109375
2015-03-13,8844.0498046875,8849.75,8631.75,8647.75,179200.0,44.11653906674475,19.16780835042482,-30.229478133832927,49.39728648425775,11.251609302952236,12.15147098128795,8807.152392578126,8652.65697265625,8090.520012207032,8775.634359979216,8756.466551628791,18.122641880891905,123.98254369558522,6681100.0,-0.014613719234275346,-0.014721551472009752,218.0,196.2998046875,54.66999816894531,1152.5999755859375,62.53499984741211,17749.310546875,6740.60009765625,11901.6103515625,2053.39990234375,23823.2109375,14.970000267028809,4871.759765625,19254.25
2015-03-16,8656.75,8663.5498046875,8612.0,8633.150390625,163300.0,43.409668261661395,6.381728125270456,-34.412446687189835,40.79417481246029,10.38110356582496,11.64915798763452,8803.232421875,8660.35498046875,8097.670764160157,8753.713749309336,8747.332021184066,17.25773844278532,118.80877662357913,6517800.0,-0.0016882552542568652,-0.0016896819631506011,51.5498046875,23.599609375,53.439998626708984,1153.300048828125,63.07600021362305,17977.419921875,6804.10009765625,12167.7197265625,2081.18994140625,23949.55078125,15.180000305175781,4929.509765625,19246.060546875
2015-03-17,8689.099609375,8742.5498046875,8630.7998046875,8723.2998046875,177000.0,48.858670426781266,3.4828239068410767,-29.849080724495373,33.33190463133645,9.798791354860539,10.477168074545911,8799.122412109376,8669.16697265625,8104.969514160157,8749.034680905976,8745.551856999135,16.340243078662635,118.30457829332349,6694800.0,0.010442238346779709,0.01038809476984804,111.75,-34.2001953125,53.43000030517578,1148.300048828125,62.78900146484375,17849.080078125,6837.60009765625,11980.849609375,2074.280029296875,23901.490234375,15.130000114440918,4937.43017578125,19437.0
2015-03-18,8742.900390625,8747.25,8664.0,8685.900390625,156400.0,46.84350502946934,-1.811516689869677,-28.114737056964906,26.30322036709523,13.5614160407517,11.247103653812399,8792.949951171875,8674.9759765625,8112.021516113282,8739.32171317044,8741.13322986031,15.531039847526008,115.80067984380038,6538400.0,-0.004287301239194297,-0.0042965180681336585,83.25,57.0,55.90999984741211,1151.4000244140625,62.61600112915039,18076.189453125,6945.2001953125,11922.76953125,2099.5,24120.080078125,15.510000228881836,4982.830078125,19544.48046875
2015-03-19,8749.4501953125,8788.2001953125,8614.650390625,8634.650390625,163500.0,44.15586439482186,-10.027179360342416,-29.06431978195012,19.037140421607702,13.659996444430751,12.340067946680996,8781.227490234374,8680.1009765625,8118.930268554688,8723.218432778835,8733.245612139177,14.55972333120712,119.92561733263607,6374900.0,-0.00590036699653107,-0.005917842938767325,173.5498046875,114.7998046875,54.43000030517578,1169.0999755859375,62.69300079345703,17959.029296875,6962.2998046875,11899.400390625,2089.27001953125,24468.890625,15.199999809265137,4992.3798828125,19476.560546875
2015-03-20,8627.900390625,8627.900390625,8553.0,8570.900390625,174600.0,41.00432671973837,-21.435152343072332,-32.37783421174403,10.942681868671695,7.399174979984658,11.54019582172237,8765.00751953125,8688.971982421876,8125.402770996094,8699.784887832091,8721.220040175163,14.230047172689146,117.19167256780491,6200300.0,-0.0073830435647072035,-0.0074104331263360745,74.900390625,57.0,55.31999969482422,1184.800048828125,62.483001708984375,18127.650390625,7022.5,12039.3701171875,2108.10009765625,24375.240234375,14.260000228881836,5026.419921875,19560.220703125
2015-03-23,8591.5498046875,8608.349609375,8540.5498046875,8550.900390625,150700.0,40.03883178469486,-31.72418926865066,-34.13349690985788,2.4093076412072234,3.1386700994928542,8.065947174636086,8750.87255859375,8697.94798828125,8131.321772460938,8676.879580569463,8708.603769838113,14.03621346535033,113.663682004926,6049600.0,-0.002333477124745964,-0.002336203925268819,67.7998046875,40.6494140625,55.91999816894531,1188.0,62.40299987792969,18116.0390625,7037.7001953125,11895.83984375,2104.419921875,24494.509765625,14.270000457763672,5010.97021484375,19754.359375
2015-03-24,8537.0498046875,8627.75,8535.849609375,8542.9501953125,156700.0,39.63927500602348,-40.05807492736858,-33.97390605486064,-6.084168872507938,2.0558160998185966,4.197887059765369,8740.272558593751,8704.115,8137.241274414063,8656.2750597607,8696.333134688068,13.629518753129526,112.10916119207415,5892900.0,-0.000929749494125387,-0.0009301819792756467,91.900390625,-5.900390625,55.11000061035156,1191.699951171875,62.222999572753906,18011.140625,7019.7001953125,12005.6904296875,2091.5,24399.599609375,13.670000076293945,4994.72998046875,19713.44921875
2015-03-25,8568.900390625,8573.75,8516.5498046875,8530.7998046875,161000.0,38.99873718865233,-47.10023217505477,-32.81285064203747,-14.287381533017305,2.079081952938069,2.4245227174165063,8728.707568359376,8709.04099609375,8143.3052734375015,8636.971174364822,8684.071406539877,13.445594182661917,108.187092200676,5731900.0,-0.0014222710360253243,-0.0014232834235154116,57.2001953125,38.1005859375,56.47999954223633,1197.300048828125,62.27799987792969,17718.5390625,6991.0,11865.3203125,2061.050048828125,24528.23046875,13.140000343322754,4876.52001953125,19746.19921875
2015-03-26,8474.9501953125,8499.4501953125,8325.349609375,8342.150390625,280100.0,30.703078137826964,-67.1297931669742,-42.27392930716551,-24.855863859808686,2.472365649884383,2.2024212342136824,8707.452587890624,8709.42400390625,8148.367775878907,8591.614130712542,8658.743923879516,14.799207053161055,115.13445670866344,5451800.0,-0.022113918786236364,-0.022362097108321904,174.1005859375,132.7998046875,59.189998626708984,1205.0999755859375,62.46200180053711,17678.23046875,6895.2998046875,11843.6796875,2056.14990234375,24497.080078125,15.15999984741211,4863.35986328125,19471.119140625
2015-03-27,8396.0,8413.2001953125,8269.150390625,8341.400390625,193000.0,30.675141289637672,-82.1172863296797,-45.80913797589681,-36.30814835378289,6.21464048080192,3.588696027874791,8690.330126953126,8710.26400390625,8153.896528320313,8553.119709160612,8635.236995490292,16.39699716269236,117.19983870715177,5258800.0,-8.990487642646094e-05,-8.990891811211022e-05,144.0498046875,54.599609375,56.40999984741211,1199.800048828125,62.82899856567383,17712.66015625,6855.0,11868.330078125,2061.02001953125,24486.19921875,14.5,4891.22021484375,19285.630859375
2015-03-30,8390.9501953125,8492.2998046875,8380.75,8492.2998046875,134700.0,42.09196492337432,-80.88625465069163,-35.66248503752699,-45.223769613164635,17.948977364643646,8.878661165109982,8672.71513671875,8714.55900390625,8160.208276367188,8543.762800780134,8624.649055430826,16.933667751011072,119.60695123253379,5393500.0,0.018090417315550278,0.017928732765285012,111.5498046875,-101.349609375,56.290000915527344,1184.800048828125,62.51499938964844,17976.310546875,6891.39990234375,12086.009765625,2086.239990234375,24855.119140625,14.260000228881836,4947.43994140625,19411.400390625
2015-03-31,8527.599609375,8550.4501953125,8454.150390625,8491.0,167200.0,42.02776008275678,-79.10367858495192,-27.10392717742983,-51.99975140752209,29.696255106240066,17.953290983895208,8649.42763671875,8714.495996093749,8165.850776367188,8535.64544681396,8614.749125398912,16.802874611359886,117.94215505074567,5226300.0,-0.0001530568535489385,-0.00015306856794447524,96.2998046875,36.599609375,55.11000061035156,1183.0999755859375,62.50899887084961,17776.119140625,6773.0,11966.169921875,2067.889892578125,24900.890625,14.489999771118164,4900.8798828125,19206.990234375
2015-04-01,8483.7001953125,8603.400390625,8464.75,8586.25,125500.0,48.25644554067056,-69.20731638433244,-13.766051981448278,-55.441264402884165,43.753539186432846,30.466257219105515,8628.92763671875,8715.945,8171.702775878906,8543.430762688735,8612.638079073067,16.145684447250897,119.42131473462098,5351800.0,0.011217759981156483,0.011155307528727893,138.650390625,-102.5498046875,57.099998474121094,1208.0999755859375,62.305999755859375,17698.1796875,6809.5,12001.3798828125,2059.68994140625,25082.75,13.670000076293945,4880.22998046875,19034.83984375
2015-04-06,8615.7998046875,8667.5498046875,8573.75,8659.900390625,146900.0,52.50569842900183,-54.78982405325587,0.5211522797026404,-55.31097633295851,56.03603582699328,43.16194337322206,8615.790136718751,8718.12900390625,8177.991027832031,8561.349166986622,8616.138991039878,15.05163695912902,117.59120687411233,5498700.0,0.00857771327704171,0.008541133724940244,93.7998046875,-44.1005859375,58.119998931884766,1218.5999755859375,62.060001373291016,17880.849609375,6809.5,12001.3798828125,2080.6201171875,25082.75,14.569999694824219,4917.31982421875,19397.98046875
2015-04-07,8684.4501953125,8693.599609375,8586.849609375,8660.2998046875,148700.0,52.52846630737261,-42.83782040365804,9.978524743440374,-52.81634514709842,68.41880707548266,56.069460696302926,8601.917626953127,8717.4230078125,8183.922026367188,8576.572342017525,8619.410162421183,14.270423525462117,116.81683495453288,5647400.0,4.612224673294918e-05,4.6121183134830896e-05,106.75,24.150390625,59.099998474121094,1210.5999755859375,62.060001373291016,17875.419921875,6961.7998046875,12123.51953125,2076.330078125,25082.75,14.25,4910.22998046875,19640.5390625
2015-04-08,8698.9501953125,8730.5,8679.7998046875,8714.400390625,148200.0,55.63105002416989,-28.669818433560067,19.317221370830687,-47.987039804390754,78.80742868861557,67.75409053036384,8599.800146484376,8717.121015625,8189.577028808594,8597.776657187906,8626.446475621466,13.874511709572127,113.48707498010197,5795600.0,0.006246964557533818,0.006227533157299894,50.7001953125,-15.4501953125,55.54999923706055,1203.0999755859375,62.308998107910156,17902.509765625,6937.39990234375,12035.8603515625,2081.89990234375,26236.859375,14.350000381469727,4950.81982421875,19789.810546875
2015-04-09,8756.2001953125,8785.5,8682.4501953125,8778.2998046875,152700.0,59.03644489136726,-12.145421256176633,28.673294838571294,-40.81871609474793,86.41102876663274,77.87908817691033,8603.112646484376,8717.45900390625,8195.195527343749,8625.54944911092,8637.694870367097,13.97424182800057,112.74155567348754,5948300.0,0.007332623152276119,0.007305870171212896,103.0498046875,-22.099609375,56.56999969482422,1193.5999755859375,62.18199920654297,17958.73046875,7015.39990234375,12166.4404296875,2091.179931640625,26944.390625,14.420000076293945,4974.56005859375,19937.720703125
2015-04-10,8774.349609375,8787.400390625,8733.599609375,8780.349609375,139000.0,59.14477177675966,1.1029703109325055,33.53734912454435,-32.43437881361184,94.17128137671457,86.46324627732096,8607.1326171875,8716.35400390625,8200.815275878907,8649.364858382318,8648.261888071385,14.08294948556269,108.53150035752415,6087300.0,0.0002335081659441407,0.00023348090715570997,53.80078125,-6.0,57.869998931884766,1204.5999755859375,62.31399917602539,18057.650390625,7089.7998046875,12374.73046875,2102.06005859375,27272.390625,14.260000228881836,4995.97998046875,19907.630859375
2015-04-13,8801.75,8841.650390625,8762.099609375,8834.0,121600.0,61.97883251634399,15.74999805227526,38.547501492709685,-22.797503440434426,98.4652608269699,93.01585699010573,8610.0326171875,8714.82400390625,8206.851025390626,8677.770264785038,8662.020266732763,14.640242571903173,106.46144899270101,6208900.0,0.006110279546012176,0.0060916874846368065,79.55078125,-32.25,57.93000030517578,1199.300048828125,62.26900100708008,17977.0390625,7064.2998046875,12338.73046875,2092.429931640625,28016.33984375,14.489999771118164,4988.25,19905.4609375
2015-04-16,8757.0498046875,8760.0,8645.650390625,8706.7001953125,142900.0,52.64685875923984,16.891132255723278,31.750908556926163,-14.859776301202885,91.24370087972588,94.62674769447011,8612.980126953125,8710.67201171875,8212.135026855469,8682.221023327726,8665.329891072002,13.862518798371905,112.31060330572237,6066000.0,-0.014410211080767454,-0.014515046525185486,114.349609375,50.349609375,60.400001525878906,1198.0,62.38999938964844,18105.76953125,7060.5,11998.8603515625,2104.989990234375,27739.7109375,14.949999809265137,5007.7900390625,19885.76953125
2015-04-17,8698.0498046875,8699.849609375,8596.7001953125,8606.0,150400.0,46.661672408522406,9.55962772060957,19.535523217449963,-9.975895496840394,77.97665347525472,89.2285383939835,8611.622607421876,8703.74501953125,8217.454526367186,8670.494712046537,8660.935084325927,13.071940746077425,112.14556021245649,5915600.0,-0.01156582781691673,-0.011633232232741262,103.1494140625,92.0498046875,63.45000076293945,1202.9000244140625,62.32600021362305,17826.30078125,6994.60009765625,11688.7001953125,2081.179931640625,27653.119140625,15.039999961853027,4931.81005859375,19652.880859375
2015-04-20,8618.7998046875,8619.9501953125,8422.75,8448.099609375,148900.0,39.14654676536536,-8.889412722523048,0.8691862194538782,-9.758598941976926,55.50792621906841,74.90942685801633,8597.86259765625,8696.52900390625,8222.027275390625,8636.2800808663,8645.169493588823,13.688335095230382,118.22089129103102,5766700.0,-0.01834770981001632,-0.01851811663955681,197.2001953125,170.7001953125,63.45000076293945,1193.5,62.542999267578125,18034.9296875,7052.10009765625,11891.91015625,2100.39990234375,27094.9296875,16.299999237060547,4994.60009765625,19634.490234375
2015-04-21,8416.099609375,8469.349609375,8352.7001953125,8377.75,407800.0,36.33848934789366,-28.854419940389562,-15.276656798730109,-13.577763141659453,36.35507641921397,56.61321870451236,8582.455078125,8688.13599609375,8225.757524414063,8596.506222271484,8625.360642211874,14.69576614943901,118.10864291756454,5358900.0,-0.008327270348106652,-0.008362135754524264,116.6494140625,38.349609375,62.08000183105469,1202.9000244140625,63.14500045776367,17949.58984375,7062.89990234375,11939.580078125,2097.2900390625,27850.490234375,17.030000686645508,5014.10009765625,19909.08984375
2015-04-22,8400.400390625,8449.9501953125,8284.7001953125,8429.7001953125,171800.0,39.77411543119101,-40.0235191893953,-21.156604838188677,-18.866914351206624,25.420504477504576,39.09450237192898,8572.207568359376,8681.59900390625,8230.115024414063,8570.843756585487,8610.867275774883,16.01913317808168,121.47588270916708,5530700.0,0.006200972255378856,0.006181825339152998,165.25,-29.2998046875,62.72999954223633,1186.9000244140625,62.87799835205078,18038.26953125,7028.2001953125,11867.3701171875,2107.9599609375,27933.849609375,17.209999084472656,5035.169921875,20133.900390625
2015-04-23,8478.2001953125,8504.9501953125,8361.849609375,8398.2998046875,156000.0,38.424320788362266,-50.823003959250855,-25.56487168643538,-25.258132272815473,21.800244902225064,27.858608599647873,8563.5775390625,8675.09099609375,8234.403022460938,8544.298533216566,8595.121537175817,16.66292546890071,123.02050436833372,5374700.0,-0.0037249712205020824,-0.003731926202576211,143.1005859375,79.900390625,64.8499984741211,1194.4000244140625,62.935001373291016,18058.689453125,7053.7001953125,11723.580078125,2112.929931640625,27827.69921875,18.5,5056.06005859375,20187.650390625
2015-04-24,8405.7001953125,8413.2998046875,8273.349609375,8305.25,173600.0,34.66957306665657,-66.12773566045871,-32.69568271011459,-33.43205295034412,17.34822136346206,21.522990247730565,8551.295019531251,8666.9619921875,8238.372021484374,8507.521835798632,8573.649571459091,17.776301091858716,124.22976800720275,5201100.0,-0.011079600258562361,-0.011141436198728826,139.9501953125,100.4501953125,65.27999877929688,1175.199951171875,63.2869987487793,18080.140625,7070.7001953125,11810.849609375,2117.68994140625,28060.98046875,19.110000610351562,5092.080078125,20020.0390625
2015-04-27,8330.5498046875,8334.4501953125,8202.349609375,8213.7998046875,171500.0,31.41994377022342,-84.6602021674098,-40.98251937365255,-43.677682793757256,9.267023330435048,16.138496532040723,8534.837500000001,8658.016992187499,8241.974270019531,8462.333831012304,8546.994033179713,19.181785574662843,124.79196928793827,5029600.0,-0.011011130948797465,-0.011072202173819238,132.1005859375,116.75,64.83000183105469,1203.300048828125,63.654998779296875,18037.970703125,7104.0,12039.16015625,2108.919921875,28433.58984375,18.739999771118164,5060.25,19983.3203125
2015-04-28,8215.5498046875,8308.0,8185.14990234375,8285.599609375,174600.0,36.45592065969988,-92.48753250784284,-39.04787977126847,-53.439652736574374,7.568375009560649,11.394539901152585,8522.577490234376,8653.2019921875,8245.501267089843,8435.14395076041,8527.631483268253,20.57462840446902,124.65326417138911,5204200.0,0.008741362876475867,0.008703378361128562,122.85009765625,-70.0498046875,64.63999938964844,1214.0,63.13999938964844,18110.140625,7030.5,11811.66015625,2114.760009765625,28442.75,17.40999984741211,5055.419921875,20058.94921875
2015-04-29,8274.7998046875,8308.2001953125,8219.2001953125,8239.75,160400.0,34.70343137689169,-101.22358600096959,-38.22714661151617,-62.99643938945342,8.46955731156222,8.434985217185972,8517.457470703126,8646.68599609375,8248.853767089844,8405.083342951117,8506.306928952086,21.865544250634983,122.10660244486132,5043800.0,-0.005533650132347967,-0.0055490174921902485,89.0,35.0498046875,65.83999633789062,1209.800048828125,63.03300094604492,18035.529296875,6946.2998046875,11432.7197265625,2106.85009765625,28400.33984375,17.239999771118164,5023.64013671875,20058.94921875
2015-04-30,8224.5,8229.400390625,8144.75,8181.5,267700.0,32.56181870731375,-111.56125086309476,-38.85184917891306,-72.7094016841817,9.630324203076507,8.556085508066458,8509.462451171876,8637.767988281252,8252.29526611328,8370.685905574022,8482.247156437117,23.457485708689447,120.17041655594267,4776100.0,-0.007069389241178392,-0.007094495768480639,84.650390625,43.0,66.77999877929688,1182.4000244140625,63.44200134277344,17840.51953125,6960.60009765625,11454.3798828125,2085.510009765625,28133.0,17.229999542236328,4941.419921875,19520.009765625
2015-05-04,8230.0498046875,8346.0,8220.4501953125,8331.9501953125,131700.0,42.44182135640447,-106.38748267187475,-26.942464790154432,-79.44501788172032,13.484006808327141,10.527962774321955,8501.444970703125,8630.17599609375,8256.411018066407,8364.726565533789,8471.114048205663,23.582235345758296,123.33681537337533,4907800.0,0.01838907233545184,0.018222037975143816,125.5498046875,-101.900390625,66.44999694824219,1186.800048828125,63.52299880981445,18070.400390625,6960.60009765625,11619.849609375,2114.489990234375,28123.8203125,17.309999465942383,5016.93017578125,19520.009765625
2015-05-05,8338.400390625,8355.650390625,8280.599609375,8324.7998046875,155500.0,42.125941070207084,-101.69196915115572,-17.79756101554831,-83.8944081356074,19.32366066632475,14.145997225909465,8493.134960937501,8620.5619921875,8259.978266601564,8358.583986942052,8460.275956093208,23.5945072903767,119.88781293599138,4752300.0,-0.0008581893143123631,-0.0008585577695799613,75.05078125,13.6005859375,67.5199966430664,1193.199951171875,63.59299850463867,17928.19921875,6927.60009765625,11327.6796875,2089.4599609375,27755.5390625,17.360000610351562,4939.330078125,19520.009765625
2015-05-06,8316.599609375,8331.9501953125,8083.0,8097.0,209600.0,33.55711403708172,-115.02632936895498,-24.905536986678044,-90.12079238227693,18.255192785569307,17.02095342007373,8468.672460937501,8606.315,8262.289765625,8318.340296643275,8433.36662601223,24.713742068574298,129.10655453431343,4542700.0,-0.02736399793773192,-0.027745365388399824,248.9501953125,219.599609375,67.7699966430664,1190.300048828125,63.34400177001953,17841.98046875,6933.7001953125,11350.150390625,2080.14990234375,27640.91015625,19.670000076293945,4919.64013671875,19520.009765625
2015-05-07,8077.0,8122.60009765625,7997.14990234375,8057.2998046875,161600.0,32.32313107523367,-127.32960347484914,-29.767048874057764,-97.56255460079137,12.154526352379367,16.57779326809114,8438.542431640626,8590.079003906249,8263.95051513672,8278.18022095777,8405.50982443262,26.13005040629489,128.8453860184696,4381100.0,-0.004903074634123761,-0.004915134139810429,125.4501953125,19.7001953125,65.54000091552734,1182.4000244140625,63.65999984741211,17924.060546875,6887.0,11407.9697265625,2088.0,27289.970703125,19.649999618530273,4945.5400390625,19291.990234375
2015-05-08,8131.5,8224.9501953125,8123.4501953125,8191.5,183100.0,40.313159716284396,-124.81244249613519,-21.799910316275046,-103.01253217986014,13.944540894713128,14.7847533442206,8415.10244140625,8576.003007812498,8266.334016113282,8264.844802348884,8389.657244845019,26.40885400183833,131.6171720617932,4564200.0,0.01665572816769534,0.01651854271401412,101.5,-60.0,65.38999938964844,1189.0999755859375,64.08200073242188,18191.109375,7046.7998046875,11709.73046875,2116.10009765625,27577.33984375,19.110000610351562,5003.5498046875,19379.189453125
2015-05-11,8243.2001953125,8332.75,8224.650390625,8325.25,192000.0,47.02586085930226,-110.74842813963733,-6.188716767821731,-104.5597113718156,34.79256993434616,20.297212393812885,8395.644921875,8565.836015625,8269.202265625001,8274.137909679825,8384.886337819462,25.718344720912917,132.30523120023656,4756200.0,0.01632790087285607,0.016196034167464263,108.099609375,-82.0498046875,64.91000366210938,1183.199951171875,63.70399856567383,18105.169921875,7029.89990234375,11673.349609375,2105.330078125,27718.19921875,18.6299991607666,4993.56982421875,19620.91015625
2015-05-12,8326.150390625,8326.650390625,8115.2998046875,8126.9501953125,173400.0,39.866978515425174,-114.2863109620157,-7.781279672160082,-106.50503128985562,40.45972234925104,29.73227772610344,8363.07744140625,8553.276015625,8270.901267089845,8251.493645931005,8365.77995689302,25.674517231119122,137.95132796718397,4582800.0,-0.02381908107113906,-0.024107341992543527,211.3505859375,199.2001953125,66.86000061035156,1192.5999755859375,64.0199966430664,18068.23046875,6933.7998046875,11472.41015625,2099.1201171875,27407.1796875,20.549999237060547,4976.18994140625,19624.83984375
2015-05-13,8181.5498046875,8254.9501953125,8089.7998046875,8235.4501953125,169800.0,44.81698774702491,-107.10047772071994,-0.4763571446914483,-106.62412057602849,45.700425490997375,40.31757259153152,8335.832470703124,8542.74302734375,8273.962517089843,8249.025422758928,8356.125900479648,25.76544790614219,139.89411815702798,4752600.0,0.013350641678914421,0.013262307208340643,165.150390625,-53.900390625,66.80999755859375,1218.4000244140625,64.21099853515625,18060.490234375,6949.60009765625,11351.4599609375,2098.47998046875,27249.279296875,20.690000534057617,4981.68994140625,19764.720703125
2015-05-14,8232.4501953125,8236.25,8137.2998046875,8224.2001953125,134800.0,44.408791129665715,-101.14746902488332,4.381321240916151,-105.52879026579947,42.3496599013009,42.83660258051644,8305.34248046875,8531.88203125,8277.158518066406,8245.20615699794,8346.353626022823,25.84988353294932,136.9695522395617,4617800.0,-0.0013660455388829762,-0.0013669794296785854,98.9501953125,8.25,66.58999633789062,1225.4000244140625,64.04399871826172,18252.240234375,6973.0,11559.8203125,2121.10009765625,27286.55078125,20.700000762939453,5050.7998046875,19570.240234375
2015-05-15,8240.2998046875,8279.2001953125,8212.2001953125,8262.349609375,129800.0,46.19833554893384,-92.28749506133681,10.593036163570133,-102.88053122490695,58.48746836509824,48.84585125246551,8283.124951171874,8523.452031249999,8280.63151611328,8247.843611209795,8340.131106271132,25.51245030785559,131.971727079593,4747600.0,0.004638677701966021,0.004627952191887896,67.0,-22.0498046875,66.56999969482422,1225.5,63.40800094604492,18272.560546875,6960.5,11447.0302734375,2122.72998046875,27822.279296875,19.81999969482422,5048.2900390625,19732.919921875
2015-05-18,8284.9501953125,8384.599609375,8271.9501953125,8373.650390625,148700.0,51.14011985643717,-75.4155158726735,21.97201228178676,-97.38752815446026,75.23615949319885,58.691095919865994,8271.507470703125,8514.033046875,8285.201767578124,8267.198500350596,8342.61401622327,24.26390152903815,131.2773180024792,4896300.0,0.013470838987944989,0.013380913913783618,112.6494140625,-88.7001953125,66.2699966430664,1227.800048828125,63.43299865722656,18298.880859375,6968.89990234375,11594.2802734375,2129.199951171875,27591.25,17.899999618530273,5078.43994140625,19890.26953125
2015-05-19,8356.2001953125,8427.7998046875,8335.0,8365.650390625,140300.0,50.779084777399696,-61.97546931890429,28.329647068444785,-90.30511638734907,85.57240034649973,73.0986760682656,8267.385009765625,8502.211054687501,8289.759270019531,8282.344945008197,8344.320414327101,22.75311884526416,128.5289241942664,4756000.0,-0.0009553778372400901,-0.0009558345015271625,92.7998046875,-9.4501953125,64.0199966430664,1206.9000244140625,63.729000091552734,18312.390625,6995.10009765625,11853.330078125,2127.830078125,27693.5390625,18.270000457763672,5070.02978515625,20026.380859375
2015-05-20,8392.650390625,8440.349609375,8391.4501953125,8423.25,123600.0,53.33358716407566,-46.14440452670533,35.328569488515,-81.47297401522033,92.96142348502312,84.5899944415739,8269.660009765626,8490.7510546875,8294.242270507813,8304.022645776167,8350.167050302873,21.246789493828622,124.68394523396168,4879600.0,0.006885251795789804,0.006861656693210339,48.8994140625,-30.599609375,65.02999877929688,1208.9000244140625,63.78499984741211,18285.400390625,7007.2998046875,11848.4697265625,2125.85009765625,27585.05078125,17.719999313354492,5071.740234375,20196.560546875
2015-05-21,8434.5,8446.349609375,8382.5,8421.0,143800.0,53.21740005536752,-33.39477365501989,38.46256028816036,-71.85733394318025,92.02231978915792,90.1853812068936,8269.225,8480.718046875001,8298.225270996092,8322.019161810604,8355.413935465624,19.923025227677762,120.33863552975014,4735800.0,-0.00026711779894939003,-0.0002671534812630433,63.849609375,13.5,66.54000091552734,1204.4000244140625,63.625,18285.740234375,7013.5,11864.58984375,2130.820068359375,27523.720703125,17.40999984741211,5090.7900390625,20202.869140625
2015-05-22,8432.5,8489.5498046875,8420.599609375,8458.9501953125,187300.0,54.998152991601984,-19.997813389823932,41.48761644268506,-61.48542983250899,94.76137264769861,93.24837197395988,8272.25751953125,8471.14205078125,8302.317770996095,8343.08547465705,8363.083288046873,18.69174034749082,116.66803265708941,4923100.0,0.004506613859696085,0.004496489481834225,68.9501953125,-26.4501953125,65.37000274658203,1204.300048828125,63.625999450683594,18232.01953125,7031.7001953125,11815.009765625,2126.06005859375,27992.830078125,16.950000762939453,5089.35986328125,20264.41015625
2015-05-25,8438.150390625,8441.9501953125,8364.150390625,8370.25,121300.0,50.189459681230396,-16.349523196837254,36.108725308537394,-52.45824850537465,87.97136692201714,91.58501978629121,8275.50751953125,8463.412050781251,8305.849521484375,8347.264632402119,8363.614155598956,17.669997906558518,115.1060163735473,4801800.0,-0.010485957862909845,-0.010541322896106728,77.7998046875,67.900390625,65.37000274658203,1204.300048828125,63.483001708984375,18232.01953125,7031.7001953125,11815.009765625,2126.06005859375,27992.830078125,16.93000030517578,5089.35986328125,20413.76953125
2015-05-26,8377.099609375,8378.900390625,8320.0498046875,8339.349609375,116800.0,48.59542261858841,-15.769845252796586,29.350722602062454,-45.12056785485904,79.68456073024042,87.47243343331871,8281.785009765626,8455.958046875001,8309.125268554686,8346.046936551793,8361.81678180459,17.095307356169485,111.08777134240107,4685000.0,-0.0036916926764433144,-0.003698523791285403,58.8505859375,37.75,63.720001220703125,1187.199951171875,63.57099914550781,18041.5390625,6949.0,11625.1298828125,2104.199951171875,28249.859375,17.06999969482422,5032.75,20437.48046875
2015-05-27,8302.75,8342.849609375,8277.9501953125,8334.599609375,165500.0,48.34125621137696,-15.514885664128087,23.68454575258476,-39.19943141671285,68.8354296479005,78.83045243338601,8284.235009765625,8448.65103515625,8311.95901611328,8344.285809293826,8359.800694957954,16.905791298299935,107.78860296526527,4519500.0,-0.0005695887835976965,-0.0005697510609127147,64.8994140625,-31.849609375,62.060001373291016,1185.9000244140625,63.97600173950195,18162.990234375,7033.2998046875,11771.1298828125,2123.47998046875,28081.2109375,17.280000686645508,5106.58984375,20472.580078125
2015-05-28,8345.7001953125,8364.5,8270.150390625,8319.0,232300.0,47.46327487469077,-16.38273647028109,18.25335595714541,-34.6360924274265,62.69013584610185,70.40337540808092,8288.197509765625,8439.51103515625,8314.575266113281,8340.395684787083,8356.778421257364,16.495396333629667,106.82867485167489,4287200.0,-0.00187166871908917,-0.0018734224796336696,94.349609375,26.7001953125,62.58000183105469,1188.0999755859375,63.874000549316406,18126.119140625,7040.89990234375,11677.5703125,2120.7900390625,27454.310546875,17.1299991607666,5097.97998046875,20551.4609375
2015-05-29,8327.099609375,8443.900390625,8305.7001953125,8433.650390625,363900.0,54.066330982588774,-7.73007860222242,21.524811060163263,-29.254889662385683,68.19683851886595,66.5741346709561,8300.805029296875,8435.22904296875,8317.590517578124,8354.7425626083,8362.472641210523,15.327777969429812,109.06949774173383,4651100.0,0.013781751487558669,0.01368764678319723,138.2001953125,-106.55078125,65.55999755859375,1189.4000244140625,63.82500076293945,18010.6796875,6984.39990234375,11413.8203125,2107.389892578125,27424.189453125,16.65999984741211,5070.02978515625,20563.150390625
2015-06-01,8417.25,8467.150390625,8405.400390625,8433.400390625,122200.0,54.050378441114354,-0.8827816559951316,22.697686405112442,-23.580468061107574,76.43538604857201,69.10745347117994,8305.8775390625,8431.23404296875,8320.805268554686,8366.843766918562,8367.726548574557,14.465263652567211,105.68953361732427,4528900.0,-2.964315431874809e-05,-2.9643593685729908e-05,61.75,-16.150390625,64.87999725341797,1188.300048828125,63.736000061035156,18040.369140625,6953.60009765625,11436.0498046875,2111.72998046875,27597.16015625,16.90999984741211,5082.93017578125,20569.869140625
2015-06-02,8442.7998046875,8445.349609375,8226.0498046875,8236.4501953125,146800.0,43.2290661986253,-11.219156818142437,9.88904899437211,-21.108205812514548,66.70600257058283,70.44607571267359,8301.460058593751,8421.49705078125,8323.244018554688,8346.783217440707,8358.00237425885,14.713342189126692,113.8045529794797,4382100.0,-0.023353592405198742,-0.02363060893126965,219.2998046875,206.349609375,65.48999786376953,1194.0999755859375,63.61000061035156,18011.939453125,6928.2998046875,11328.7998046875,2109.60009765625,27466.720703125,16.81999969482422,5076.52001953125,20543.189453125
2015-06-03,8232.4501953125,8236.7001953125,8094.14990234375,8135.10009765625,171400.0,38.91174522061507,-27.274510882794857,-4.933044056224247,-22.34146682657061,41.48608461256963,61.542491077241486,8303.365063476564,8410.481044921875,8324.962519531251,8314.216583627713,8341.491094510508,15.763255196434649,115.85782012157043,4210700.0,-0.012305070176218624,-0.012381404397236432,142.55029296875,97.35009765625,63.79999923706055,1184.699951171875,63.6619987487793,18076.26953125,6950.5,11419.6201171875,2114.070068359375,27657.470703125,17.510000228881836,5099.22998046875,20473.509765625
2015-06-04,8155.14990234375,8160.0498046875,8056.75,8130.64990234375,154700.0,38.72884567751379,-39.89767268620926,-14.04496468771092,-25.852707998498342,18.526410898512857,42.2394993605551,8307.032568359376,8400.40103515625,8327.009270019531,8285.975555737872,8325.873228424081,16.94462738090074,114.96081901913682,4056000.0,-0.0005470363313393456,-0.0005471860103022912,103.2998046875,24.5,62.029998779296875,1174.9000244140625,64.05899810791016,17905.580078125,6859.2001953125,11340.599609375,2095.840087890625,27551.890625,18.1200008392334,5059.1201171875,20488.189453125
2015-06-05,8119.14990234375,8191.0,8100.14990234375,8114.7001953125,162100.0,38.03873882156441,-50.60528123911172,-19.8020585924907,-30.80322264662102,13.60703564039558,24.53984371715935,8303.192578125,8391.277031250002,8329.569770507813,8259.625500287815,8310.230781526927,17.708902173475952,113.23862463607348,3893900.0,-0.001961676769116849,-0.001963603376990351,90.85009765625,4.44970703125,63.310001373291016,1167.800048828125,64.0009994506836,17849.4609375,6804.60009765625,11197.150390625,2092.830078125,27260.16015625,18.09000015258789,5068.4599609375,20460.900390625
2015-06-08,8124.35009765625,8131.0,8030.5498046875,8044.14990234375,135900.0,35.06257779037189,-64.04567847619728,-26.593964663661005,-37.451713812536276,11.142479431824723,14.425308656911053,8289.137573242188,8381.142021484375,8331.372270507814,8226.475408296421,8290.521086772618,18.824627428227796,112.32516539867538,3758000.0,-0.008694134258897646,-0.008732148739867544,100.4501953125,80.2001953125,62.689998626708984,1173.199951171875,63.762001037597656,17766.55078125,6790.0,11064.919921875,2079.280029296875,27316.279296875,18.889999389648438,5021.6298828125,20457.189453125
2015-06-09,8026.5,8057.14990234375,8005.14990234375,8022.39990234375,136000.0,34.1748455353986,-75.58108168501167,-30.50349429798031,-45.07758738703136,6.63789967581653,10.462471582678944,8283.91005859375,8370.731015625,8332.751520996095,8195.079176611394,8270.660258296406,20.00329608136186,108.0162250130557,3622000.0,-0.0027038282806817193,-0.0027074902267056862,52.0,4.10009765625,64.87999725341797,1177.300048828125,63.97600173950195,17764.0390625,6753.7998046875,11001.2900390625,2080.14990234375,26989.51953125,18.010000228881836,5013.8701171875,20096.30078125
2015-06-10,8024.14990234375,8152.25,8023.7998046875,8124.4501953125,136800.0,41.640827871893016,-75.61670377207338,-24.431293108033614,-51.185410664039765,10.384187734004243,9.388188947215165,8278.36005859375,8362.6040234375,8335.013522949219,8184.213179488488,8259.829883260561,20.0561836967998,109.57578734471244,3758800.0,0.012720668903445809,0.012640440848079765,128.4501953125,-100.30029296875,65.69999694824219,1186.0999755859375,64.03800201416016,18000.400390625,6830.2998046875,11265.3896484375,2105.199951171875,26687.640625,17.079999923706055,5076.68994140625,20046.359375
2015-06-11,8157.2998046875,8163.0498046875,7958.25,7965.35009765625,166200.0,34.979645181416885,-87.47462967870797,-29.031375211734556,-58.443254466973414,9.86158770877882,8.961225039533197,8265.417553710937,8355.068017578124,8336.594023437501,8150.541936129682,8238.01656580839,20.524575480450412,116.37750286919727,3592600.0,-0.019582875620068996,-0.019777160752925255,204.7998046875,191.94970703125,65.11000061035156,1179.9000244140625,63.79899978637695,18039.369140625,6846.7001953125,11332.7802734375,2108.860107421875,26907.849609375,17.809999465942383,5082.509765625,20382.970703125
2015-06-12,7959.85009765625,7995.60009765625,7940.2998046875,7982.89990234375,136600.0,36.192175076438836,-94.36818117260918,-28.73994136450861,-65.62823980810057,11.369819449429645,10.53853163073757,8251.445068359375,8347.898007812499,8338.665773925783,8124.750854008769,8219.119035181378,21.071554162473454,112.01484501916534,3729200.0,0.0022032684655837187,0.0022008448289133065,55.30029296875,-23.0498046875,63.869998931884766,1178.800048828125,63.999000549316406,17898.83984375,6784.89990234375,11196.490234375,2094.110107421875,27280.5390625,17.479999542236328,5051.10009765625,20407.080078125
2015-06-15,7986.60009765625,8057.7001953125,7944.85009765625,8013.89990234375,133000.0,38.37818289121723,-96.22075648922691,-24.474013344901067,-71.74674314432585,7.816936752643991,9.682781303617485,8233.457543945313,8338.330009765625,8340.605522460937,8107.69686144492,8203.917617934147,20.90411139791926,112.07450592181424,3862200.0,0.003883300602441242,0.0038757800540692557,112.85009765625,-27.2998046875,62.61000061035156,1185.300048828125,64.09200286865234,17791.169921875,6710.5,10984.9697265625,2084.429931640625,26861.810546875,17.520000457763672,5029.97021484375,20387.7890625
2015-06-16,8004.2001953125,8061.85009765625,7952.35009765625,8047.2998046875,124000.0,40.73405217807721,-93.91129187523165,-17.73163898472464,-76.17965289050701,14.121663160301146,11.102806454124927,8217.540014648437,8329.456005859374,8342.206772460937,8098.405006559163,8192.316298434394,20.703848871886223,111.89061264168465,3986200.0,0.004167746384501569,0.0041590853857635356,109.5,-43.099609375,62.630001068115234,1180.5,64.052001953125,17904.48046875,6710.10009765625,11044.009765625,2096.2900390625,26566.69921875,17.170000076293945,5055.5498046875,20257.939453125
2015-06-17,8084.2001953125,8136.85009765625,8048.9501953125,8091.5498046875,152500.0,43.79960510249638,-87.50175359503373,-9.057680563621375,-78.44407303141236,20.995838701007422,14.311479537984185,8200.955004882813,8319.562001953123,8343.966772460939,8097.350360117369,8184.852113712403,19.731737446318768,110.29487552218933,4138700.0,0.005498738840850059,0.005483675969067097,87.89990234375,-7.349609375,63.869998931884766,1176.4000244140625,64.18199920654297,17935.740234375,6680.60009765625,10978.009765625,2100.43994140625,26753.7890625,16.729999542236328,5064.8798828125,20219.26953125
2015-06-18,8113.7001953125,8186.89990234375,8101.7998046875,8174.60009765625,144800.0,49.11910608940103,-74.85776999229984,2.869042431290012,-77.72681242358985,31.16318656027087,22.093562807193145,8188.635009765625,8309.85599609375,8345.881271972656,8109.234935123351,8184.0927051156505,18.34889385153853,109.22739138890795,4283500.0,0.010263830165222254,0.010211514727058937,85.10009765625,-60.89990234375,64.26000213623047,1201.5,64.00299835205078,18115.83984375,6707.89990234375,11100.2998046875,2121.239990234375,26694.66015625,16.020000457763672,5132.9501953125,19990.8203125
2015-06-19,8201.150390625,8250.7998046875,8195.650390625,8224.9501953125,147100.0,52.08044513917039,-60.081903026214604,14.11592751790019,-74.1978305441148,43.18035059836269,31.77979195321366,8176.935009765626,8301.14900390625,8347.634772949219,8127.037282844758,8187.119185870973,17.581292828527094,106.86827107764667,4430600.0,0.006159334653041526,0.006140443483030782,55.1494140625,-23.7998046875,63.02000045776367,1201.5,63.64500045776367,18015.94921875,6710.5,11040.099609375,2109.989990234375,26760.529296875,15.09000015258789,5117.0,20174.240234375
2015-06-22,8259.2998046875,8369.4501953125,8257.400390625,8353.099609375,122700.0,58.67319008427583,-37.59792974550692,29.279920638886296,-66.87785038439321,65.6742443165424,46.67259382505865,8176.077490234376,8293.92298828125,8349.912770996094,8161.81610231095,8199.414032056457,17.77328927592668,109.55625171495763,4553300.0,0.015580570218593381,0.015460439332762258,112.0498046875,-93.7998046875,63.34000015258789,1183.699951171875,63.492000579833984,18119.779296875,6825.7001953125,11460.5,2122.85009765625,27080.849609375,15.489999771118164,5153.97021484375,20428.189453125
2015-06-23,8377.4501953125,8398.4501953125,8334.9501953125,8381.5498046875,131700.0,59.989273003556995,-17.28428347791123,39.67485352518559,-56.95913700309682,82.95401179922827,63.936202238044444,8178.1875,8285.987988281251,8352.444020996094,8195.621287291957,8212.905570769868,18.14991684562866,106.26651944960352,4685000.0,0.003405944696333929,0.003400157603319678,63.5,-4.099609375,64.44999694824219,1176.199951171875,63.50699996948242,18144.0703125,6834.89990234375,11542.5400390625,2124.199951171875,27333.4609375,15.039999961853027,5160.08984375,20809.419921875
2015-06-24,8399.400390625,8421.349609375,8338.900390625,8360.849609375,130100.0,58.52879563372252,-2.823359293435715,43.308622167728885,-46.1319814611646,93.30817318588328,80.64547643388465,8179.5,8277.59798828125,8354.792768554687,8221.041029150887,8223.864388444323,18.657753419760915,104.56528368534613,4554900.0,-0.002469733616678238,-0.0024727884395158908,82.44921875,38.55078125,63.4900016784668,1172.5999755859375,63.599998474121094,17966.0703125,6844.7998046875,11471.259765625,2108.580078125,27404.970703125,15.920000076293945,5122.41015625,20868.029296875
2015-06-25,8336.25,8423.150390625,8329.5,8398.0,201200.0,60.39248059823664,11.502163570963603,46.10731602570256,-34.605152454738956,92.84192593523397,89.70137030678183,8183.450000000001,8268.87798828125,8357.216767578124,8248.265486204597,8236.763322633633,19.01696915098607,103.78564846674999,4756100.0,0.00444337505883885,0.004433532413488122,93.650390625,-61.75,63.20000076293945,1171.5,63.5620002746582,17890.359375,6807.7998046875,11473.1298828125,2102.31005859375,27145.75,15.930000305175781,5112.18994140625,20771.400390625
2015-06-26,8393.9501953125,8408.5498046875,8339.7001953125,8381.099609375,110600.0,59.09150559944569,21.24660572460016,44.6814065434713,-23.434800818871135,91.16858273607983,92.43956061906569,8180.822460937501,8262.365976562502,8359.590766601563,8268.70150515389,8247.454899429289,19.350526615695145,101.29021710305356,4645500.0,-0.0020124304149797823,-0.0020144580738723343,68.849609375,12.8505859375,63.2599983215332,1172.9000244140625,63.51100158691406,17946.6796875,6753.7001953125,11492.4296875,2101.489990234375,26663.869140625,15.760000228881836,5080.509765625,20706.150390625
2015-06-29,8247.0498046875,8329.4501953125,8195.650390625,8318.400390625,132000.0,54.40871615663601,23.63736653471824,37.6577338828715,-14.020367348153261,88.12944232419638,90.71331699850339,8175.072460937501,8256.613984375,8361.659018554688,8276.34748753406,8252.710120999342,18.048402712587688,107.30157436354973,4513500.0,-0.00748102536329065,-0.007509148581665224,133.7998046875,-71.3505859375,62.0099983215332,1178.5,63.444000244140625,17596.349609375,6620.5,11083.2001953125,2057.639892578125,25966.98046875,17.299999237060547,4958.47021484375,20109.94921875
2015-06-30,8316.349609375,8378.0,8298.9501953125,8368.5,158500.0,57.31922401019918,29.237648070738942,34.60641233511376,-5.368764264374821,86.09292551760682,88.46365019262767,8181.674951171876,8255.0219921875,8363.82126953125,8290.524797144204,8261.287149073465,17.277940055401555,105.28359081526047,4672000.0,0.006022745602803914,0.006004681365091595,79.0498046875,-52.150390625,63.59000015258789,1171.5,63.7239990234375,17619.509765625,6521.0,10944.9697265625,2063.110107421875,26250.029296875,16.93000030517578,4986.8701171875,20235.73046875
2015-07-01,8376.25,8481.599609375,8370.150390625,8453.0498046875,131800.0,61.756418480687636,40.03685422849594,36.32449479429661,3.712359434199332,87.23777703972797,87.15338162717705,8197.572436523438,8256.52798828125,8366.314768066408,8315.528644458556,8275.49179023006,17.389856752659625,105.84187785524186,4803800.0,0.01010334046573469,0.010052642911917523,111.44921875,-76.7998046875,62.0099983215332,1169.0,63.59000015258789,17757.91015625,6608.60009765625,11180.5,2077.419921875,26250.029296875,15.850000381469727,5013.1201171875,20329.3203125
2015-07-02,8471.9501953125,8479.25,8433.2001953125,8444.900390625,112000.0,61.097100055734046,47.39141457812366,34.943244115139464,12.448170462984198,92.19003480839883,88.50691245524453,8213.2849609375,8256.8319921875,8368.400769042968,8335.431990022624,8288.0405754445,17.493779400113546,101.57101548611745,4691800.0,-0.0009640797405430224,-0.000964544764320111,46.0498046875,27.0498046875,62.06999969482422,1163.0,63.57400131225586,17730.109375,6630.5,11099.349609375,2076.780029296875,26282.3203125,15.5600004196167,5009.2099609375,20522.5
2015-07-03,8440.099609375,8497.75,8424.150390625,8484.900390625,88400.0,63.175224311408165,55.80434460044671,34.68493930997001,21.1194052904767,95.1774628721689,91.5350915734319,8231.794970703126,8258.564003906251,8370.410021972657,8358.427128576835,8302.622783976389,17.73644212458435,99.57305790675191,4780200.0,0.004736586359787687,0.004725404031422576,73.599609375,-44.80078125,62.06999969482422,1163.0,63.369998931884766,17730.109375,6585.7998046875,11058.3896484375,2076.780029296875,26064.109375,16.309999465942383,5009.2099609375,20539.7890625
2015-07-06,8386.150390625,8533.150390625,8386.150390625,8522.150390625,101500.0,65.0477003108375,64.73123456551002,34.88946342002666,29.841771145483364,96.17830212987718,94.51526660348163,8255.694995117188,8262.90201171875,8372.447773437501,8383.615322738091,8318.884088172581,17.50558748945836,102.96069662769821,4881700.0,0.004390151714822377,0.004380543110671768,147.0,-136.0,56.540000915527344,1172.9000244140625,63.40399932861328,17683.580078125,6535.7001953125,10890.6298828125,2068.760009765625,25236.279296875,16.020000457763672,4991.93994140625,20112.119140625
2015-07-07,8525.5,8561.349609375,8483.849609375,8510.7998046875,122200.0,63.98012645108486,70.08209894123684,32.19226223660277,37.889836704634064,94.79078709559226,95.38218403254612,8280.114990234377,8268.842011718749,8374.522021484376,8403.182166114922,8333.100067173686,17.538604721196762,101.1420754400055,4759500.0,-0.0013318922357890006,-0.001332779992604704,77.5,14.7001953125,56.849998474121094,1152.4000244140625,63.3650016784668,17776.91015625,6432.2001953125,10676.7802734375,2081.340087890625,24975.310546875,16.309999465942383,4997.4599609375,20376.58984375
2015-07-08,8439.2001953125,8457.5,8341.400390625,8363.0498046875,188100.0,52.01340546879147,61.689390415767775,19.039642968906968,42.64974744686081,77.50117406281147,89.49008776276031,8292.044970703126,8270.391015624999,8375.903020019534,8397.00795666455,8335.318566248783,16.524041019197153,106.01759962732655,4571400.0,-0.01736029555278973,-0.017512752525573723,116.099609375,76.150390625,57.04999923706055,1163.300048828125,63.518001556396484,17515.419921875,6490.7001953125,10747.2998046875,2046.6800537109375,23516.560546875,17.790000915527344,4909.759765625,19737.640625
2015-07-09,8364.849609375,8400.2998046875,8323.0,8328.5498046875,131300.0,49.676930600404944,51.65875677996337,7.207207466482046,44.45154931348132,57.03883017747562,76.44359711195978,8310.204956054688,8272.16701171875,8376.676269531252,8386.475933283466,8334.817176503502,15.751141064490708,103.96632856019608,4440100.0,-0.004125289314989233,-0.004133821795005965,77.2998046875,36.2998046875,58.61000061035156,1159.0,63.5620002746582,17548.619140625,6581.60009765625,10996.41015625,2051.31005859375,24392.7890625,17.440000534057617,4922.39990234375,19855.5
2015-07-10,8365.7001953125,8377.099609375,8315.400390625,8360.5498046875,154100.0,51.83798662226129,45.76400100513092,1.0499613533196737,44.71403965181125,42.402628383839456,58.98087754137551,8329.087451171876,8275.7480078125,8377.714267578125,8382.487298114855,8336.723297109724,15.106067817529983,100.94724928803922,4594200.0,0.0038422055160178825,0.0038348430969963264,61.69921875,5.150390625,58.72999954223633,1157.699951171875,63.36399841308594,17760.41015625,6673.39990234375,11315.6298828125,2076.6201171875,24901.279296875,17.06999969482422,4997.7001953125,19779.830078125
2015-07-13,8397.25,8471.650390625,8355.400390625,8459.650390625,117800.0,57.87168892626571,48.52953537593021,3.05239657929517,45.47713879663504,51.20773204869382,50.21639687000296,8351.374975585939,8278.302011718752,8379.542019042969,8394.358543116416,8345.829007740485,14.50924824102457,102.04030291032214,4712000.0,0.011853357524637564,0.011783656733947193,116.25,-62.400390625,57.849998474121094,1155.199951171875,63.35200119018555,17977.6796875,6738.0,11484.3798828125,2099.60009765625,25224.009765625,16.270000457763672,5071.509765625,20089.76953125
2015-07-14,8470.599609375,8480.25,8424.099609375,8454.099609375,101700.0,57.43764027817846,49.700424080961966,3.3786282274615402,46.321795853500426,62.65154509234236,52.08730184162521,8371.714965820312,8280.8880078125,8381.384016113281,8403.549476386966,8353.849052306005,14.036402351212352,98.76245203279913,4610300.0,-0.0006561478304294432,-0.000656363189627265,56.150390625,16.5,58.5099983215332,1153.300048828125,63.513999938964844,18053.580078125,6753.7998046875,11516.900390625,2108.949951171875,25120.91015625,16.010000228881836,5104.89013671875,20385.330078125
2015-07-15,8463.400390625,8531.400390625,8462.9501953125,8523.7998046875,105500.0,61.356938765241445,55.61152996788405,7.4317872915069,48.17974267637715,77.53171542813601,63.7969975230574,8393.327465820312,8289.42400390625,8383.475515136717,8422.04952689474,8366.437996926856,14.074675672508008,97.22947554831349,4715800.0,0.008244543893853207,0.008210743295109776,68.4501953125,-60.3994140625,57.04999923706055,1147.199951171875,63.32400131225586,18050.169921875,6753.7998046875,11539.66015625,2107.39990234375,25055.759765625,15.569999694824219,5098.93994140625,20463.330078125
2015-07-16,8546.150390625,8616.099609375,8542.900390625,8608.0498046875,116000.0,65.49319971706811,66.32978637538326,14.520034959204885,51.80975141617838,86.16336657702217,75.44887569916685,8414.999951171876,8300.43900390625,8386.305764160155,8450.664954247472,8384.335167872088,14.809246524375073,96.87735620111253,4831800.0,0.009884089482447456,0.009835561378738018,73.19921875,-61.8994140625,57.5099983215332,1143.800048828125,63.52399826049805,18120.25,6796.5,11716.759765625,2124.2900390625,25162.779296875,14.779999732971191,5163.18017578125,20600.119140625
2015-07-17,8623.650390625,8642.9501953125,8593.150390625,8609.849609375,105000.0,65.57796404310179,74.11495987341914,17.8441667657926,56.27079310762654,92.73173883432375,85.47560694649397,8434.244921875,8308.80599609375,8389.690512695313,8475.154901190168,8401.039941316749,15.694702808271598,93.5146739501402,4936800.0,0.00020908390731189108,0.00020906205231804127,49.7998046875,13.80078125,57.52000045776367,1131.800048828125,63.481998443603516,18086.44921875,6775.10009765625,11673.419921875,2126.639892578125,25415.26953125,14.800000190734863,5210.14013671875,20650.919921875
2015-07-20,8623.900390625,8624.099609375,8559.0,8603.4501953125,90600.0,64.9668813852765,78.85934528286816,18.070841740193295,60.78850354267487,92.1346431530215,90.3432495214558,8446.762451171875,8314.37,8392.830263671876,8494.89263874745,8416.033293464581,16.07146403693653,91.48502648048735,4846200.0,-0.0007432666484129546,-0.0007435430080160121,65.099609375,20.4501953125,56.650001525878906,1106.699951171875,63.48400115966797,18100.41015625,6788.7001953125,11735.7197265625,2128.280029296875,25404.810546875,14.960000038146973,5218.85986328125,20650.919921875
2015-07-21,8601.5,8646.75,8517.900390625,8529.4501953125,164100.0,58.211818617453424,75.7746404579866,11.988909532249387,63.78573092573722,80.97262843221336,88.6130034731862,8454.157470703125,8322.420000000002,8394.90376464844,8500.209185911302,8424.434545453316,15.905088559879827,94.15392525866682,4682100.0,-0.00860120048586066,-0.008638404295993872,128.849609375,72.0498046875,57.040000915527344,1103.4000244140625,63.625,17919.2890625,6769.10009765625,11604.7998046875,2119.2099609375,25536.4296875,15.100000381469727,5208.1201171875,20841.970703125
2015-07-22,8512.25,8643.900390625,8498.650390625,8633.5,136800.0,63.89621479542656,80.794589582134,13.607086925117414,67.18750265701658,82.84711703972059,85.31812954165181,8467.789990234374,8330.38099609375,8397.464013671875,8520.715465001871,8439.920875419737,15.512929933397555,97.80364488304777,4818900.0,0.012198887654526924,0.012125080858812433,145.25,-121.25,56.130001068115234,1091.4000244140625,63.58300018310547,17851.0390625,6667.2998046875,11520.669921875,2114.14990234375,25282.619140625,15.130000114440918,5171.77001953125,20593.669921875
2015-07-23,8643.9501953125,8654.75,8573.7998046875,8589.7998046875,132900.0,60.19280121797361,80.32080662504632,10.506643174423786,69.81416345062253,80.48699162169152,81.43557903120848,8477.379980468751,8337.69298828125,8399.681513671876,8531.343824953507,8451.02301832846,15.260419541526499,96.59982705658007,4686000.0,-0.005061700968610694,-0.005074554770036643,80.9501953125,54.150390625,55.27000045776367,1094.0,63.66400146484375,17731.919921875,6655.0,11512.1103515625,2102.14990234375,25398.849609375,15.520000457763672,5146.41015625,20683.94921875
2015-07-24,8588.150390625,8589.150390625,8513.5,8521.5498046875,127400.0,54.84620230864566,73.58982787946479,3.020531543073801,70.56929633639099,79.20332614915436,80.84581160352215,8484.402490234375,8342.8769921875,8402.201513671875,8529.837052604891,8456.247224725426,14.269712499105585,95.14982545878864,4558600.0,-0.00794547038951432,-0.00797720384261551,75.650390625,66.6005859375,54.619998931884766,1085.5999755859375,63.847999572753906,17568.529296875,6579.7998046875,11347.4501953125,2079.64990234375,25128.509765625,15.460000038146973,5088.6298828125,20544.529296875
2015-07-27,8492.099609375,8492.2001953125,8351.5498046875,8361.0,136600.0,44.77160826701754,54.670246689142004,-12.719239717799198,67.3894864069412,51.682043430965706,70.45745373393719,8486.532470703125,8342.623984375,8403.994514160157,8503.862121434908,8449.191874745766,14.706317546271054,100.4962664974466,4422000.0,-0.01884044667546103,-0.019020189089775028,140.650390625,131.099609375,53.470001220703125,1096.5,64.0999984741211,17440.58984375,6505.10009765625,11056.400390625,2067.639892578125,24351.9609375,16.3700008392334,5039.77978515625,20350.099609375
2015-07-28,8371.099609375,8397.400390625,8321.75,8337.0,174600.0,43.48568960538499,37.309660324199285,-24.063860866193536,61.37352119039282,26.850247774062282,52.57853911806078,8484.957470703126,8342.0509765625,8406.120263671875,8478.191025829537,8440.881365505338,15.34385817894599,98.72156107798612,4247400.0,-0.002870470039468942,-0.002874597739444469,75.650390625,34.099609375,53.29999923706055,1096.300048828125,64.21700286865234,17630.26953125,6555.2998046875,11173.91015625,2093.25,24503.939453125,15.920000076293945,5089.2099609375,20328.890625
2015-07-29,8365.599609375,8381.5,8338.4501953125,8375.0498046875,141000.0,46.12751253930766,26.31819206093496,-28.04426330356629,54.36245536450125,12.45997532811118,30.330755511046387,8481.057470703126,8341.086972656249,8408.151262207031,8462.32314565384,8436.004953592905,15.935860195001288,94.84859242955855,4388400.0,0.004563968416396724,0.0045535850933296085,43.0498046875,-9.4501953125,53.380001068115234,1092.699951171875,63.8390007019043,17751.390625,6631.0,11211.849609375,2108.570068359375,24619.44921875,15.880000114440918,5111.72998046875,20302.91015625
2015-07-30,8417.0,8458.900390625,8408.2998046875,8421.7998046875,215200.0,49.265577035944055,21.136065164519096,-26.58111215998573,47.717177324504824,17.995852687648288,19.102025263273916,8479.90244140625,8341.10296875,8410.465761718751,8456.088785505171,8434.952720340652,15.518692866957727,94.06302053726866,4603600.0,0.005582056356707721,0.005566534416230723,50.6005859375,-4.7998046875,53.310001373291016,1088.4000244140625,63.882999420166016,17745.98046875,6668.89990234375,11257.150390625,2108.6298828125,24497.98046875,15.329999923706055,5128.77978515625,20522.830078125
2015-07-31,8456.099609375,8548.9501953125,8448.0,8532.849609375,203300.0,55.84510266813076,25.693801273000645,-17.618700841203342,43.31250211420399,37.00527738862921,22.487035134796223,8482.29990234375,8342.580957031249,8413.306010742188,8467.898143023605,8442.204341750605,14.637760206315594,96.42640411496376,4806900.0,0.013185994355469077,0.013099815871268341,100.9501953125,-76.75,52.209999084472656,1094.9000244140625,64.11799621582031,17689.859375,6696.2998046875,11308.990234375,2103.840087890625,24636.279296875,14.569999694824219,5128.27978515625,20585.240234375
2015-08-03,8510.650390625,8563.9501953125,8508.099609375,8543.0498046875,156700.0,56.40435822149691,29.78556108351586,-10.821552824550508,40.60711390806637,53.29822009509509,36.099783390457524,8483.344873046875,8346.036953125,8416.293510742187,8479.459937125743,8449.674376042227,13.966229558746454,93.52813138800207,4963600.0,0.0011954031512864116,0.0011946892258352072,55.8505859375,-32.3994140625,49.52000045776367,1089.4000244140625,63.97999954223633,17598.19921875,6688.60009765625,11443.7197265625,2098.0400390625,24411.419921875,15.390000343322754,5115.3798828125,20548.109375
2015-08-04,8564.099609375,8565.150390625,8448.25,8516.900390625,187400.0,54.498654577018414,30.565926068722547,-8.032950271475059,38.598876340197606,62.817798267017004,51.04043191691377,8483.64990234375,8349.587968750002,8419.616013183593,8485.220006894859,8454.654080826136,13.221697874917842,95.19757847635906,4776200.0,-0.00306089917070973,-0.0030655933038692055,116.900390625,47.19921875,49.9900016784668,1090.699951171875,64.1240005493164,17550.689453125,6686.60009765625,11456.0703125,2093.320068359375,24406.119140625,14.829999923706055,5105.5498046875,20520.359375
2015-08-05,8547.4501953125,8591.849609375,8545.849609375,8567.9501953125,132800.0,57.516388451221616,34.90134258697617,-2.958027002577154,37.859369589553324,66.33137043293293,60.81579626501501,8493.894921874999,8354.254980468751,8423.242263183594,8497.94772818988,8463.046385602904,12.309226908070038,93.75126706733342,4909000.0,0.005993941733038577,0.005976049525257857,46.0,-20.5,49.59000015258789,1085.699951171875,63.819000244140625,17540.470703125,6752.39990234375,11636.2998046875,2099.840087890625,24514.16015625,14.670000076293945,5139.93994140625,20614.060546875
2015-08-06,8585.7998046875,8606.2998046875,8551.5,8588.650390625,134900.0,58.71214846236516,39.55159797421766,1.3537827077314688,38.19781526648619,70.89599364989989,66.68172078328327,8506.899951171876,8359.64798828125,8426.382766113282,8511.901983949128,8472.35038597491,11.618132315259519,90.96901975448817,5043900.0,0.002416003226048735,0.0024130893825477714,54.7998046875,-2.8505859375,49.52000045776367,1090.199951171875,63.69599914550781,17419.75,6747.10009765625,11585.099609375,2083.56005859375,24375.279296875,14.729999542236328,5056.43994140625,20664.439453125
2015-08-07,8580.7998046875,8595.9501953125,8552.7001953125,8564.599609375,143700.0,56.7147796074777,40.82564915540024,2.1022671111312405,38.723382044269,75.67069022147146,70.96601810143476,8517.10244140625,8362.266972656249,8429.906013183594,8520.009310937725,8479.183661782325,10.976401621935466,87.5605183434533,4900200.0,-0.002800298085977815,-0.0028042262557410207,43.25,16.2001953125,48.61000061035156,1094.0999755859375,63.733001708984375,17373.380859375,6718.5,11490.830078125,2077.570068359375,24552.470703125,14.90999984741211,5043.5400390625,20724.560546875
2015-08-10,8577.0,8621.5498046875,8497.7998046875,8525.599609375,123400.0,53.534369707314994,38.24747672862941,-0.3807242525116763,38.628200981141084,71.43139232982983,72.6660254004004,8520.39990234375,8364.110957031251,8433.11276123047,8520.869356851152,8482.621880122522,10.651179468560507,90.14548131892091,4776800.0,-0.004553627931107251,-0.004564027276617137,123.75,51.400390625,50.40999984741211,1104.199951171875,63.733001708984375,17615.169921875,6736.2001953125,11604.7802734375,2104.179931640625,24521.119140625,15.470000267028809,5101.7998046875,20808.689453125
2015-08-11,8548.4501953125,8556.25,8441.2998046875,8462.349609375,154400.0,48.75884733073353,30.746088340378265,-6.305690112610257,37.05177845298852,58.788671483983975,68.63025134509508,8520.81240234375,8368.6289453125,8436.104509277344,8511.866318777898,8481.12023043752,10.944678329006694,91.91724660417657,4622400.0,-0.007418833032042493,-0.00744648944425946,114.9501953125,86.1005859375,49.18000030517578,1107.5999755859375,63.8380012512207,17402.83984375,6664.5,11293.650390625,2084.070068359375,24498.2109375,15.890000343322754,5036.7900390625,20720.75
2015-08-12,8445.7001953125,8446.9501953125,8337.9501953125,8349.4501953125,190000.0,41.621711436745855,15.512328357812294,-17.23156007614098,32.74388843395327,37.5592559970372,55.92643993695033,8512.094921875001,8372.915947265625,8439.110759277344,8486.879222860145,8471.366894502333,12.126229739590164,94.23740142262824,4432400.0,-0.013341379081930671,-0.013431174840318333,109.0,96.25,49.65999984741211,1123.199951171875,64.32599639892578,17402.509765625,6571.2001953125,10924.6103515625,2086.050048828125,23916.01953125,17.450000762939453,5044.39013671875,20392.76953125
2015-08-13,8384.4501953125,8429.5,8339.75,8355.849609375,189200.0,42.138712971124384,3.910762218532909,-23.066500972336293,26.977263190869202,20.945265231380052,39.09773090413374,8499.484912109376,8377.41994140625,8441.991506347658,8466.720820785507,8462.810058566974,13.223384620846243,93.91687274958338,4621600.0,0.0007664473603414823,0.0007661537895581861,89.75,28.6005859375,49.220001220703125,1115.699951171875,64.79900360107422,17408.25,6568.2998046875,11014.6298828125,2083.389892578125,24018.80078125,17.020000457763672,5033.56005859375,20595.55078125
2015-08-14,8402.349609375,8530.099609375,8381.2001953125,8518.5498046875,155900.0,53.430749361088026,7.755581966606769,-15.377344979409948,23.132926946016717,28.752476967594475,29.085666065337243,8494.919921875,8385.49693359375,8445.187255859375,8474.694510616582,8466.938928649975,12.928747859583128,99.65495326747028,4777500.0,0.01947141259339502,0.01928427002460754,148.8994140625,-116.2001953125,49.029998779296875,1112.9000244140625,65.26899719238281,17477.400390625,6550.7001953125,10985.1396484375,2091.5400390625,23991.029296875,16.020000457763672,5048.240234375,20519.44921875
2015-08-17,8530.5,8530.599609375,8428.0498046875,8477.2998046875,174700.0,50.72772401047779,7.388924139979281,-12.595202244829949,19.98412638480923,42.05130129157322,30.583014496849245,8488.61240234375,8394.159931640625,8447.935004882813,8475.09532508903,8467.706400949051,12.649145081839794,99.86172836890097,4602800.0,-0.004842373519645449,-0.004854135797220708,102.5498046875,53.2001953125,49.029998779296875,1118.5999755859375,65.12200164794922,17545.1796875,6550.2998046875,10940.330078125,2102.43994140625,23814.650390625,16.459999084472656,5091.7001953125,20620.259765625
2015-08-18,8505.849609375,8525.75,8433.599609375,8466.5498046875,153300.0,50.01757307467807,6.159902490740933,-11.05937911525464,17.219281605995572,53.37508636764711,41.39295487560493,8485.4673828125,8403.0429296875,8450.28825439453,8473.78062964264,8467.6207271519,12.38951393107813,99.3109185300509,4449500.0,-0.0012680924643075908,-0.001268897173926015,92.150390625,39.2998046875,48.810001373291016,1117.0999755859375,65.44300079345703,17511.33984375,6526.2998046875,10915.919921875,2096.919921875,23474.970703125,16.360000610351562,5059.35009765625,20554.470703125
2015-08-19,8468.0498046875,8520.4501953125,8425.9501953125,8495.150390625,130500.0,51.94507294862451,7.408323695148283,-7.848766328677833,15.257090023826116,49.970615850453036,48.465667836557785,8478.549902343751,8410.45693359375,8452.805505371094,8477.068285178388,8469.65996148324,12.236180615240391,98.96728149219012,4580000.0,0.0033780685872379923,0.00337237573051901,94.5,-27.1005859375,47.15999984741211,1128.0999755859375,65.44599914550781,17348.73046875,6403.5,10682.150390625,2079.610107421875,23167.849609375,16.68000030517578,5019.0498046875,20222.630859375
2015-08-20,8471.0498046875,8501.349609375,8359.75,8372.75,184100.0,44.105961034175344,-1.462127589948068,-13.375374091019347,11.91324650107128,37.682187466282834,47.009296561460985,8467.697412109375,8418.604931640624,8454.531254882813,8461.019318227867,8462.481445817815,12.81042871462141,102.0124477695337,4395900.0,-0.014408266481082843,-0.014513073495647132,141.599609375,98.2998046875,46.619998931884766,1153.0,65.05400085449219,16990.689453125,6367.89990234375,10432.1904296875,2035.72998046875,22757.470703125,16.979999542236328,4877.490234375,20033.51953125
2015-08-21,8305.400390625,8322.2001953125,8225.0498046875,8299.9501953125,201300.0,40.21838231529259,-14.202640764569878,-20.892709812512926,6.690069047943048,28.86382303743429,38.83887545139005,8456.617431640625,8424.9459375,8455.578754882812,8436.239453163964,8450.442093928534,14.464035657767681,105.27585830831701,4194600.0,-0.008694849922367243,-0.008732870680242016,97.150390625,5.4501953125,45.459999084472656,1159.5999755859375,65.46099853515625,16459.75,6187.7001953125,10124.51953125,1970.8900146484375,22409.619140625,17.110000610351562,4706.0400390625,19435.830078125
2015-08-24,8055.9501953125,8060.0498046875,7769.39990234375,7809.0,312400.0,24.521335966737826,-63.18678899451879,-55.901486433969474,-7.2853025605493205,11.936073902774773,26.160694802163963,8429.017431640626,8420.847939453126,8453.77775390625,8339.741075754124,8402.927864748643,17.90923446215811,135.65260364120508,3882200.0,-0.05915098088055637,-0.0609725995392517,290.64990234375,246.9501953125,42.689998626708984,1153.4000244140625,66.0260009765625,15871.349609375,5898.89990234375,9648.4296875,1893.2099609375,21251.5703125,28.1299991607666,4526.25,18540.6796875
2015-08-25,7895.39990234375,7925.39990234375,7667.25,7880.7001953125,299100.0,28.886617551467797,-95.12493183927108,-70.27170342297741,-24.853228416293675,15.301558301007496,18.700485080405517,8406.20244140625,8417.515947265627,8451.57025390625,8269.119401840027,8364.244333679299,21.352326503306926,144.40241069138685,4181300.0,0.009181738418811536,0.009139842514835898,258.14990234375,14.69970703125,43.209999084472656,1138.199951171875,66.80699920654297,15666.4404296875,6081.2998046875,10128.1201171875,1867.6099853515625,21404.9609375,26.850000381469727,4506.490234375,17806.69921875
2015-08-26,7865.25,7930.0498046875,7777.10009765625,7791.85009765625,216600.0,26.816865477943985,-126.15140559802967,-81.0385417453888,-45.11286385264087,13.35699667351821,13.53154295910016,8377.042456054689,8411.521953125,8448.908752441406,8195.693355042524,8321.844760640553,24.49646163145033,145.01293185851995,3964700.0,-0.011274391291918318,-0.011338429020653107,152.94970703125,73.39990234375,43.13999938964844,1124.5999755859375,66.28299713134766,16285.509765625,5979.2001953125,9997.4296875,1940.510009765625,21080.390625,25.520000457763672,4697.5400390625,18376.830078125
2015-08-27,7921.60009765625,7963.60009765625,7862.2998046875,7948.9501953125,305000.0,35.60286917637224,-136.4900720564101,-73.10176656301537,-63.388305493394725,21.647651511507846,16.768735495344515,8353.399975585937,8407.008955078127,8446.962004394532,8157.732868930213,8294.222940986623,27.01962612941425,146.92272244005423,4269700.0,0.02016210472317792,0.019961540867943228,101.30029296875,-27.35009765625,47.560001373291016,1122.4000244140625,66.05599975585938,16654.76953125,6192.0,10315.6201171875,1987.6600341796875,21838.5390625,22.040000915527344,4812.7099609375,18574.439453125
2015-08-28,8053.7001953125,8091.7998046875,7961.64990234375,8001.9501953125,195600.0,38.294338802684564,-138.80680421546822,-60.33479897765879,-78.47200523780943,26.74160506584777,20.58208441695794,8326.855004882813,8402.548955078124,8445.286755371095,8133.766303758257,8272.573107973725,27.977416678600196,146.63178579255037,4465300.0,0.006667547122292117,0.006645417343079588,130.14990234375,51.75,50.04999923706055,1133.0999755859375,66.05500030517578,16643.009765625,6247.89990234375,10298.5302734375,1988.8699951171875,21612.390625,23.329999923706055,4828.31982421875,19136.3203125
2015-08-31,8009.25,8043.60009765625,7947.9501953125,7971.2998046875,198200.0,37.32283955107699,-141.48510924218954,-50.410483203504086,-91.07462603868545,34.12852389325505,27.50592682353689,8298.267504882813,8394.912958984376,8443.422004394532,8108.771457747372,8250.256566989561,28.92539213100298,142.99022268906464,4267100.0,-0.003830365083121179,-0.0038377197180878234,95.64990234375,37.9501953125,54.150001525878906,1131.5999755859375,66.14299774169922,16528.029296875,6247.89990234375,10259.4599609375,1972.1800537109375,21670.580078125,24.600000381469727,4776.509765625,18890.48046875
2015-09-01,7907.9501953125,7929.10009765625,7746.5,7785.85009765625,184900.0,32.0284212804572,-156.7648392771025,-52.55217059073364,-104.21266868636887,28.86791002094918,29.912679660017332,8261.714990234375,8382.998964843751,8440.538002929688,8059.091248502584,8215.856087779686,30.556982040678484,148.83376426038146,4082200.0,-0.023264675971940818,-0.02353957047024599,182.60009765625,122.10009765625,49.560001373291016,1138.699951171875,66.3499984741211,16058.349609375,6058.5,10015.5703125,1913.8499755859375,21185.4296875,28.719999313354492,4636.10009765625,18165.689453125
2015-09-02,7856.64990234375,7862.5498046875,7699.25,7717.0,215300.0,30.309389701690638,-172.44195932515868,-54.583432511031845,-117.85852681412683,18.239034616414234,27.078489510206154,8219.16748046875,8370.12197265625,8437.20650390625,8006.4618256560325,8178.903784981191,32.22109027210486,149.8670528623185,3866900.0,-0.0088429775544967,-0.008882308721944062,163.2998046875,139.64990234375,50.5,1132.5,66.4229965209961,16351.3798828125,6083.2998046875,10048.0498046875,1948.8599853515625,20934.939453125,26.649999618530273,4749.97998046875,18095.400390625
2015-09-03,7774.4501953125,7845.60009765625,7754.0498046875,7823.0,155800.0,36.00427852501326,-174.30361224799253,-45.15606834709254,-129.1475439009,12.513281376663233,19.873408671342215,8180.884960937501,8358.62197265625,8434.532255859376,7978.236929401259,8152.540541649251,33.766333629857925,148.34798463331362,4022700.0,0.013735907736166952,0.01364242522747763,91.55029296875,-48.5498046875,50.68000030517578,1123.699951171875,66.22599792480469,16374.759765625,6194.10009765625,10317.83984375,1951.1300048828125,20934.939453125,24.1200008392334,4733.5,18182.390625
2015-09-04,7803.39990234375,7804.89990234375,7626.85009765625,7655.0498046875,193600.0,31.59837429417858,-187.1735426569303,-46.42079900482423,-140.75274365210606,8.979925153562444,13.244080382213303,8135.407470703125,8344.1009765625,8430.858002929688,7928.51583329145,8115.68937594838,35.59346683414331,151.76240732691622,3829100.0,-0.021468770971813878,-0.021702577450189775,178.0498046875,148.35009765625,49.61000061035156,1120.5999755859375,66.16000366210938,16102.3798828125,6042.89990234375,10038.0400390625,1921.219970703125,20840.609375,26.420000076293945,4683.919921875,17792.16015625
2015-09-07,7685.85009765625,7705.0498046875,7545.89990234375,7558.7998046875,141400.0,29.37951163825569,-202.8018523202636,-49.63928693452601,-153.1625653857376,7.500337757408508,9.664514762544728,8087.067480468751,8328.908964843751,8426.498251953126,7871.636444275458,8074.438296595722,37.50907596194765,152.29008554240437,3687700.0,-0.01257339958011272,-0.012653113658095735,159.14990234375,127.05029296875,49.61000061035156,1120.5999755859375,66.6780014038086,16102.3798828125,6074.5,10108.6103515625,1921.219970703125,20583.51953125,26.350000381469727,4683.919921875,17860.470703125
2015-09-08,7587.7001953125,7720.89990234375,7539.5,7688.25,172200.0,35.89904942557772,-202.40861095099262,-39.39683645220401,-163.0117744987886,6.641936153226929,7.70739968806596,8048.362500000001,8315.30396484375,8422.81,7843.423145156157,8045.83175610715,39.106271165667266,154.3693581710719,3859900.0,0.017125760525132927,0.016980767754825463,181.39990234375,-100.5498046875,49.52000045776367,1120.4000244140625,66.8030014038086,16492.6796875,6146.10009765625,10271.3603515625,1969.4100341796875,21259.0390625,24.56999969482422,4811.93017578125,17427.080078125
2015-09-09,7805.85009765625,7846.0498046875,7764.5498046875,7818.60009765625,208400.0,41.73225931388994,-189.39556663552776,-21.107033709391317,-168.28853292613644,17.48243141528612,10.541568441973851,8021.819995117188,8302.614970703125,8419.991501464843,7839.604214771556,8028.999781407084,39.24802737845775,154.6143900651025,4068300.0,0.01695445617094271,0.016812333537542277,81.5,-12.75,47.58000183105469,1102.199951171875,66.40599822998047,16253.5703125,6229.0,10303.1201171875,1942.0400390625,22131.310546875,24.299999237060547,4756.52978515625,18770.509765625
2015-09-10,7729.0498046875,7819.85009765625,7678.5,7788.10009765625,160300.0,40.796763167883384,-179.4748559423797,-8.949058412994589,-170.5257975293851,32.04513979137335,18.723169119962133,7993.43251953125,8289.47896484375,8416.9225,7831.680504446124,8011.155360388504,39.716357955437985,153.66694060732732,3908000.0,-0.0039009540862875447,-0.003908582653268309,141.35009765625,-59.05029296875,48.88999938964844,1109.5,66.59700012207031,16330.400390625,6155.7998046875,10210.4404296875,1952.2900390625,21562.5,24.75,4796.25,18299.619140625
2015-09-11,7833.7998046875,7864.85009765625,7759.89990234375,7789.2998046875,136400.0,40.85292786288984,-169.56121873081156,0.7716630388588328,-170.3328817696704,41.966482189447106,30.49801779870219,7956.970019531251,8275.566953125,8413.482250976562,7825.160396790951,7994.721615521763,39.70214391805036,150.18717308626822,4044400.0,0.00015404360706794407,0.00015403174356981987,104.9501953125,44.5,48.13999938964844,1103.5,66.31900024414062,16433.08984375,6117.7998046875,10123.5595703125,1961.050048828125,21504.369140625,24.979999542236328,4822.33984375,18264.220703125
2015-09-14,7811.10009765625,7879.9501953125,7761.85009765625,7872.25,122800.0,44.755356925959326,-153.24469287082775,13.670551119074133,-166.91524398990188,50.162966761264,41.39152958069482,7926.717529296877,8262.568945312501,8410.192749023438,7832.404951130805,7985.649644001633,39.53603752215001,147.8952391269812,4167200.0,0.010649249276883932,0.010592945398427487,118.10009765625,-61.14990234375,46.369998931884766,1107.699951171875,66.23400115966797,16370.9599609375,6084.60009765625,10131.740234375,1953.030029296875,21561.900390625,24.31999969482422,4805.759765625,17965.69921875
2015-09-15,7867.35009765625,7880.0,7799.75,7829.10009765625,136500.0,43.160097672482095,-142.15686917466155,19.80669985219228,-161.96356902685383,52.63746820969372,48.25563905346827,7894.845043945314,8248.934951171876,8407.022751464843,7831.89651213472,7974.053381309382,39.381261100872266,143.06343633219686,4030700.0,-0.005481266771729776,-0.00549634403468119,80.25,38.25,46.630001068115234,1102.800048828125,66.31500244140625,16599.849609375,6137.60009765625,10188.1298828125,1978.0899658203125,21455.23046875,23.739999771118164,4860.52001953125,18026.48046875
2015-09-16,7886.85009765625,7913.89990234375,7853.2998046875,7899.14990234375,140000.0,46.494344389997835,-126.26178790858194,28.561424894617517,-154.82321280319945,59.26732737458484,54.02258744851419,7865.045019531251,8239.656953125,8404.139750976563,7842.243187551494,7968.504975460076,38.86062546360585,138.90174835757566,4170700.0,0.008947363530129149,0.008907573043561995,60.60009765625,-12.2998046875,46.61000061035156,1119.199951171875,66.43000030517578,16739.94921875,6229.2001953125,10227.2099609375,1995.31005859375,21966.66015625,22.0,4889.240234375,18171.599609375
2015-09-18,7967.4501953125,8055.0,7955.85009765625,7981.89990234375,241800.0,50.20997483071119,-105.76835628520257,39.243885214397494,-145.01224149960007,67.79116030280233,59.89865196236029,7845.502514648438,8232.723955078125,8401.57824951172,7863.728835981072,7969.497192266274,36.9912239148876,140.1123447360524,4412500.0,0.010475810818002973,0.010421319740291772,99.14990234375,-14.44970703125,47.470001220703125,1138.0999755859375,66.12200164794922,16384.580078125,6104.10009765625,9916.16015625,1958.030029296875,21920.830078125,18.290000915527344,4827.22998046875,18070.2109375
2015-09-21,7911.5,7987.89990234375,7908.35009765625,7977.10009765625,121800.0,49.99311293556492,-88.88980189682479,44.897951682220224,-133.78775357904502,78.60888358314544,68.55579042017753,7829.360009765625,8225.054960937501,8398.522500000001,7881.170568546484,7970.060370443309,35.57067580707974,135.78644901829867,4290700.0,-0.0006013361162410247,-0.0006015169913181517,79.5498046875,-65.60009765625,48.91999816894531,1133.0999755859375,65.86100006103516,16510.189453125,6108.7001953125,9948.509765625,1966.969970703125,21756.9296875,18.18000030517578,4828.9501953125,18070.2109375
2015-09-22,8014.7998046875,8021.60009765625,7787.75,7812.0,168400.0,43.09776148978477,-87.82325223865973,36.77160107230823,-124.59485331096796,74.52311671516327,73.64105353370368,7829.510009765625,8212.101953125,8394.802998046875,7870.528942616256,7958.352194854916,34.97075828958717,142.7909953495809,4122300.0,-0.02069675641963653,-0.020913936119176794,233.85009765625,202.7998046875,49.08000183105469,1125.0,65.73899841308594,16330.4697265625,5935.7998046875,9570.66015625,1942.739990234375,21796.580078125,20.350000381469727,4756.72021484375,18070.2109375
2015-09-23,7737.35009765625,7882.89990234375,7723.25,7845.9501953125,146700.0,44.7842705203057,-83.27852393751982,33.05306349875852,-116.33158743627834,65.73231768307468,72.95477266046113,7827.772509765626,8199.93896484375,8391.409248046875,7866.747596877217,7950.026120814737,34.75380415194751,143.99520299202155,4269000.0,0.004345903137800811,0.004336486972064778,159.64990234375,-108.60009765625,47.75,1131.5999755859375,65.875,16279.8896484375,6032.2001953125,9612.6201171875,1938.760009765625,21302.91015625,20.690000534057617,4752.740234375,18070.2109375
2015-09-24,7838.39990234375,7894.5,7804.10009765625,7868.5,202500.0,45.93056536367656,-76.96995154488923,31.4893087131113,-108.45926025800053,58.71000293000323,66.32181244274705,7831.605004882814,8186.832968750001,8388.06349609375,7867.017197357645,7943.9871489025345,34.43450499924504,140.1669672314307,4471500.0,0.002874069312977845,0.0028699470722847766,90.39990234375,-30.10009765625,48.16999816894531,1153.800048828125,66.16200256347656,16201.3203125,5961.5,9427.6396484375,1932.239990234375,21095.98046875,20.8799991607666,4734.47998046875,17571.830078125
2015-09-28,7892.7998046875,7893.9501953125,7787.9501953125,7795.7001953125,136300.0,42.83855825632654,-76.95757922892699,25.201344823258836,-102.15892405218582,57.65602267216295,60.69944776174695,7823.942504882813,8170.5859765625,8384.219995117188,7856.0453508891605,7933.0029301180875,34.229657178295355,137.72646957204282,4335200.0,-0.009252056260723118,-0.009295122372462671,106.0,97.099609375,47.34000015258789,1132.0,66.16300201416016,16001.8896484375,5958.89990234375,9483.5498046875,1881.77001953125,21095.98046875,21.670000076293945,4543.97021484375,17645.109375
2015-09-29,7725.7001953125,7926.5498046875,7691.2001953125,7843.2998046875,240700.0,45.425498105782474,-72.27375653289982,23.9081340154288,-96.18189054832862,57.48464274167475,57.9502227812803,7816.009985351563,8155.25498046875,8380.744995117188,7854.0844976273665,7926.358254160266,34.5582155075309,144.69955098653975,4575900.0,0.006105879931557867,0.006087314580231289,235.349609375,-117.599609375,48.22999954223633,1127.0999755859375,66.26000213623047,16049.1298828125,5909.2001953125,9450.400390625,1884.0899658203125,20556.599609375,21.56999969482422,4517.31982421875,16930.83984375
2015-09-30,7924.25,7957.7001953125,7874.5,7948.89990234375,210700.0,50.75061983664582,-59.35652290921371,29.460294111291944,-88.81681702050565,60.15058630153649,58.43041723845806,7814.889990234376,8142.163974609375,8378.298244628906,7868.671482968348,7928.028005877562,34.511344198855866,142.53532524642975,4786600.0,0.013463733413981993,0.01337390276102144,83.2001953125,-24.64990234375,48.369998931884766,1115.5,65.91999816894531,16284.7001953125,6061.60009765625,9660.4404296875,1920.030029296875,20846.30078125,19.6299991607666,4620.16015625,17388.150390625
2015-10-01,7992.0498046875,8008.25,7930.64990234375,7950.89990234375,156900.0,50.84843978448587,-48.40021140451063,32.333284492796025,-80.73349589730665,67.7009905469189,61.77873986337671,7823.14248046875,8130.592968749999,8376.349243164062,7881.322009026102,7929.722220430613,33.90921526699638,137.89709470427408,4943500.0,0.00025160714370175974,0.0002515754959328041,77.60009765625,41.14990234375,47.689998626708984,1114.199951171875,65.5270004272461,16272.009765625,6072.5,9509.25,1923.8199462890625,20846.30078125,19.239999771118164,4627.080078125,17722.419921875
2015-10-05,8005.10009765625,8128.89990234375,8005.10009765625,8119.2998046875,183100.0,58.34980367872981,-25.83102686024631,43.92197522964828,-69.7530020898946,80.65887599802363,69.50348428215968,7843.257470703125,8120.308964843749,8375.167490234375,7917.933977589394,7943.76500444964,32.17460620862401,140.7615879396831,5126600.0,0.02117998017986733,0.02095880198216427,123.7998046875,-114.19970703125,49.25,1138.0999755859375,65.35700225830078,16776.4296875,6298.89990234375,9814.7900390625,1987.050048828125,21854.5,19.1299991607666,4781.259765625,18005.490234375
2015-10-06,8180.4501953125,8180.9501953125,8096.5,8152.89990234375,178500.0,59.67228612560087,-5.173896969965426,51.66328409594333,-56.83718106590876,88.14326435227636,78.83437696573964,7859.752465820313,8111.570966796874,8374.467487792968,7954.082581397757,7959.256478367723,30.116197398100383,136.73934560917004,5305100.0,0.004138299910646515,0.004129760698013392,84.4501953125,27.55029296875,51.91999816894531,1146.800048828125,65.12300109863281,16790.189453125,6326.2001953125,9902.830078125,1979.9200439453125,21831.619140625,19.309999465942383,4748.35986328125,18186.099609375
2015-10-07,8146.2001953125,8188.89990234375,8132.89990234375,8177.39990234375,193900.0,60.653335827761225,13.023841798430112,55.888818291471104,-42.86497649304099,96.5895303773778,88.46389024255926,7885.8699707031265,8104.687968749999,8374.233989257813,7988.439092312526,7975.4152505140955,28.136037173529473,130.97224949422935,5499000.0,0.0030050657181448504,0.003000559533489925,56.0,-31.19970703125,51.33000183105469,1149.0,65.18399810791016,16912.2890625,6336.39990234375,9970.400390625,1995.8299560546875,22515.759765625,19.34000015258789,4791.14990234375,18322.98046875
2015-10-08,8196.75,8196.75,8105.85009765625,8129.35009765625,171700.0,57.68923863438993,23.299876735368343,52.93188258272747,-29.632005847359125,92.87663250356302,92.53647574440572,7914.397485351563,8100.054970703124,8373.782741699219,8010.117708519253,7986.817831783885,26.527472854853283,128.10993898348082,5327300.0,-0.005875926976951273,-0.00589325816039762,90.89990234375,67.39990234375,53.04999923706055,1144.699951171875,64.93900299072266,17050.75,6374.7998046875,9993.0703125,2013.4300537109375,22354.91015625,19.559999465942383,4810.7900390625,18141.169921875
2015-10-09,8186.35009765625,8232.2001953125,8139.64990234375,8189.7001953125,199700.0,60.31261876975809,35.89962840229509,52.42530739972338,-16.525678997428283,92.16718224159612,93.87778170751231,7939.469995117188,8097.108974609375,8374.3932421875,8037.745783410522,8001.846155008227,24.69796216204783,126.30566460296433,5527000.0,0.00742372968703231,0.007396309429230271,92.55029296875,-3.35009765625,52.650001525878906,1156.300048828125,64.99500274658203,17084.490234375,6416.2001953125,10096.599609375,2014.8900146484375,22458.80078125,18.93000030517578,4830.47021484375,18438.669921875
2015-10-12,8231.5,8244.5,8128.2001953125,8143.60009765625,199100.0,57.385623365702905,41.68461546902108,46.56823557315949,-4.88362010413841,86.85871662494026,90.63417712336647,7955.719995117188,8092.47998046875,8374.962243652344,8054.03106252525,8012.3464470562285,22.98645276840533,125.59096032328831,5327900.0,-0.005629033610123568,-0.005644936325841478,116.2998046875,87.89990234375,49.86000061035156,1164.9000244140625,64.77200317382812,17131.859375,6371.2001953125,10119.830078125,2017.4599609375,22730.9296875,19.1200008392334,4838.64013671875,18438.669921875
2015-10-13,8121.9501953125,8150.25,8088.60009765625,8131.7001953125,145900.0,56.62174651115133,44.792694431551354,39.741051628551816,5.051642802999542,84.50713605397321,87.84434497350318,7972.900000000001,8086.67798828125,8374.824245605469,8065.980159877134,8021.187465445582,21.678222469202147,121.02374189617844,5182000.0,-0.0014612581906097155,-0.0014623268695636497,61.64990234375,-9.75,49.2400016784668,1165.800048828125,64.78199768066406,17081.890625,6342.2998046875,10032.8203125,2003.68994140625,22600.4609375,18.020000457763672,4796.60986328125,18234.740234375
2015-10-14,8102.39990234375,8139.2998046875,8096.35009765625,8107.89990234375,138900.0,55.04358817611071,44.81874210632304,31.8136794426588,13.005062663664244,78.89632337238055,83.42072535043134,7988.830004882813,8078.178994140625,8374.237744140624,8072.429351025844,8027.610608919521,20.46343719137062,115.44702512011213,5043100.0,-0.002926853228365389,-0.002931144839264699,42.94970703125,-5.5,49.150001525878906,1180.0999755859375,65.08499908447266,16924.75,6269.60009765625,9915.849609375,1994.239990234375,22439.91015625,17.719999313354492,4782.85009765625,17891.0
2015-10-15,8134.35009765625,8190.5498046875,8129.7998046875,8179.5,167200.0,58.766899095979895,50.04008363484718,29.628016776946346,20.412066857900832,81.05909914298505,81.48751952311294,8004.1925048828125,8070.907998046876,8373.515244140624,8088.90175856033,8038.8616749254825,19.225627230001876,113.10437349322912,5210300.0,0.008830905477206663,0.008792141080753622,60.75,-45.14990234375,48.709999084472656,1187.9000244140625,64.8489990234375,17141.75,6338.7001953125,10064.7998046875,2023.8599853515625,22888.169921875,17.170000076293945,4870.10009765625,18096.900390625
2015-10-16,8193.650390625,8246.400390625,8147.64990234375,8238.150390625,156400.0,61.57428188642964,58.239284555942504,30.261774158433337,27.977510397509167,87.35936304242689,82.43826185259749,8024.64501953125,8065.332998046876,8373.37099609375,8111.863086570278,8053.6238020143355,18.633020363591157,112.07909597808775,5366700.0,0.007170412693318751,0.007144827515608405,98.75048828125,-44.5,48.72999954223633,1183.5999755859375,64.78399658203125,17215.970703125,6378.0,10104.4296875,2033.1099853515625,23067.369140625,16.270000457763672,4886.68994140625,18291.80078125
2015-10-19,8262.5498046875,8283.0498046875,8239.2001953125,8275.0498046875,124500.0,63.268717135640976,66.9430073731155,31.172397580485068,35.77060979263044,95.13821832980597,87.85222683840595,8043.440014648438,8059.474990234376,8373.875744628906,8136.968735511389,8070.025728138274,18.42508266036816,107.28054726983149,5491200.0,0.004479089639404021,0.00446908837067067,43.849609375,-12.5,48.61000061035156,1173.300048828125,64.69499969482422,17230.5390625,6352.2998046875,10164.3095703125,2033.6600341796875,23075.609375,16.8799991607666,4905.47021484375,18131.23046875
2015-10-20,8280.2998046875,8294.0498046875,8229.2001953125,8261.650390625,155100.0,62.19616693939838,71.93038102405626,28.92781698514065,43.00256403891561,96.4799769861944,92.99251945280908,8057.427539062501,8052.9349902343765,8374.18049560547,8156.150528605791,8084.220147581735,18.33490791327401,104.24976599162923,5336100.0,-0.0016192547934769097,-0.0016205672034621203,64.849609375,18.6494140625,48.709999084472656,1178.0,64.95099639892578,17217.109375,6345.10009765625,10147.6796875,2030.77001953125,22989.220703125,17.0,4880.97021484375,18207.150390625
2015-10-21,8258.349609375,8294.400390625,8217.150390625,8251.7001953125,144800.0,61.3642603142619,74.22440028662731,24.977468998169364,49.24693128845795,93.0623372976431,94.89351087121449,8071.157543945313,8046.677001953125,8374.207497558593,8170.8504773299,8096.626077043273,18.085736806357733,102.32121127794143,5191300.0,-0.001204383487806604,-0.0012051093404612868,77.25,6.6494140625,47.849998474121094,1167.5999755859375,64.99400329589844,17168.609375,6348.39990234375,10238.099609375,2018.93994140625,22989.220703125,16.6200008392334,4840.1201171875,18554.279296875
2015-10-23,8308.25,8328.099609375,8280.75,8295.4501953125,152000.0,63.6654971633137,78.66587520417943,23.535155132577174,55.130720071602255,90.14350453915036,93.22860627432928,8095.330053710938,8042.074013671875,8374.443498535156,8190.019664711839,8111.35378950766,18.196150087908666,100.46965433398134,5343300.0,0.005301937657024025,0.005287931868963474,47.349609375,12.7998046875,47.9900016784668,1163.300048828125,65.05000305175781,17646.69921875,6444.10009765625,10794.5400390625,2075.14990234375,23151.939453125,16.190000534057617,5031.85986328125,18825.30078125
2015-10-26,8333.650390625,8336.2998046875,8252.0498046875,8260.5498046875,133900.0,60.566362186290114,78.46510928967655,18.667511374459437,59.79759791521711,82.52385095461088,88.57656426380144,8116.060034179688,8038.038017578125,8374.332746582031,8200.870455477325,8122.405346187648,17.879861309081097,99.31110759583981,5209400.0,-0.004207172582956553,-0.004216047634858218,84.25,73.1005859375,47.540000915527344,1167.0,64.88500213623047,17623.05078125,6417.0,10801.33984375,2071.179931640625,23116.25,17.229999542236328,5034.7001953125,18947.119140625
2015-10-27,8230.349609375,8241.9501953125,8217.0498046875,8232.900390625,156700.0,58.15125838351653,75.20797351361762,12.3283004787204,62.879673034897216,72.52218812595473,81.72984787323865,8134.280053710938,8035.707021484375,8373.519997558593,8205.798137807737,8130.590164294119,17.094721270333075,95.32459991042269,5052700.0,-0.0033471638954116756,-0.003352778179937369,24.900390625,-2.55078125,46.810001373291016,1166.800048828125,64.9010009765625,17581.4296875,6365.2998046875,10692.1904296875,2065.889892578125,23142.73046875,16.540000915527344,5030.14990234375,18777.0390625
2015-10-28,8188.89990234375,8209.099609375,8131.7998046875,8171.2001953125,188900.0,53.06607553856044,66.87706268392867,3.1979117192251607,63.67915096470351,53.673875575198096,69.57330488525457,8153.0550537109375,8032.014033203126,8372.483996582032,8200.475377423854,8133.598314739926,16.426990909115148,95.73717034092822,4863800.0,-0.007494344931314734,-0.007522568634822207,77.2998046875,17.69970703125,49.04999923706055,1177.0999755859375,65.06700134277344,17779.51953125,6437.7998046875,10831.9599609375,2090.35009765625,22956.5703125,17.040000915527344,5095.68994140625,18903.01953125
2015-10-29,8175.4501953125,8179.60009765625,8098.0,8111.75,217500.0,48.65144251276364,54.84539830315953,-7.067002129235192,61.91240043239472,33.64965532467686,53.28190634194322,8166.477563476563,8023.878037109375,8372.40599609375,8186.825319358646,8131.979921055487,16.17089708824629,94.72737943487978,4646300.0,-0.00727557689096936,-0.0073021729802976425,81.60009765625,63.7001953125,48.79999923706055,1147.199951171875,64.94599914550781,17755.80078125,6395.7998046875,10800.83984375,2089.409912109375,22819.939453125,17.579999923706055,5074.27001953125,18935.7109375
2015-10-30,8123.5498046875,8146.10009765625,8044.39990234375,8065.7998046875,199500.0,45.50068940515053,41.12831919582641,-16.627264989254655,57.75558418508106,16.674690281250754,34.6660737270419,8172.322558593751,8015.648037109375,8372.224494628907,8168.206009409239,8127.077690213413,16.46969306486097,95.22543771185265,4446800.0,-0.005664646384873739,-0.005680751342262694,101.7001953125,57.75,49.560001373291016,1141.5,65.44400024414062,17663.5390625,6361.10009765625,10850.1396484375,2079.360107421875,22640.0390625,17.8799991607666,5053.75,19083.099609375
2015-11-02,8054.5498046875,8060.7001953125,7995.60009765625,8050.7998046875,136100.0,44.487831619651715,28.716039904372337,-23.23163542456698,51.94767532893932,10.959688878299065,20.428011494742222,8177.317553710938,8007.333037109375,8371.30549560547,8150.143516375125,8121.4274764707525,17.19045624635663,93.43788552038103,4310700.0,-0.0018597039801661053,-0.0018614353765358403,65.10009765625,3.75,48.790000915527344,1135.800048828125,65.41500091552734,17828.759765625,6361.7998046875,10950.669921875,2104.050048828125,22370.0390625,19.479999542236328,5127.14990234375,18683.240234375
2015-11-03,8086.35009765625,8100.35009765625,8031.75,8060.7001953125,132500.0,45.35249406004975,19.45384609449411,-25.995063387556172,45.44890948205028,14.213625485858657,13.949334881802823,8174.387573242188,7998.644033203125,8370.186496582031,8136.383005442413,8116.929159347919,17.282698743579086,91.66375781580025,4443200.0,0.0012297400090901522,0.0012289844981697455,68.60009765625,25.64990234375,50.540000915527344,1114.199951171875,65.54100036621094,17918.150390625,6383.60009765625,10951.150390625,2109.7900390625,22568.4296875,19.559999465942383,5145.1298828125,18683.240234375
2015-11-04,8104.89990234375,8116.10009765625,8027.2998046875,8040.2001953125,122100.0,43.83013388610111,10.340117655478934,-28.087033461257086,38.42715111673602,16.133455057400923,13.768923140519547,8168.752587890625,7991.993037109376,8368.772497558595,8121.585650037811,8111.245532382332,17.143404824527913,91.45922461243953,4321100.0,-0.0025432033822472278,-0.0025464428174963505,88.80029296875,64.69970703125,48.58000183105469,1106.5,65.53099822998047,17867.580078125,6412.89990234375,10845.240234375,2102.31005859375,23053.5703125,19.360000610351562,5142.47998046875,18926.91015625
2015-11-05,8030.35009765625,8031.2001953125,7944.10009765625,7955.4501953125,132100.0,38.13150112435355,-3.678787732986166,-33.68475107977775,30.00596334679158,11.697486257050931,14.014855600103504,8157.655102539063,7985.103037109375,8367.05274658203,8096.0263493108405,8099.705137043827,17.808419668329904,91.79071554414027,4189000.0,-0.010540782311541208,-0.010596729858654794,87.10009765625,74.89990234375,47.97999954223633,1104.4000244140625,65.58499908447266,17863.4296875,6364.89990234375,10887.740234375,2099.929931640625,23051.0390625,19.290000915527344,5127.740234375,19116.41015625
2015-11-06,7956.5498046875,8002.64990234375,7926.14990234375,7954.2998046875,219500.0,38.05916629617355,-14.712106161464362,-35.77445560660476,21.062349445140395,7.616004926487833,11.815648746979896,8148.902587890626,7988.009033203125,8365.436496582031,8074.222265522634,8088.934371684099,18.58150791529645,90.69852157670168,3969500.0,-0.00014460408861305396,-0.00014461454479229208,76.5,2.25,47.41999816894531,1087.5999755859375,65.86000061035156,17910.330078125,6353.7998046875,10988.0302734375,2099.199951171875,22867.330078125,19.469999313354492,5147.1201171875,19265.599609375
2015-11-09,7788.25,7937.75,7771.7001953125,7915.2001953125,211800.0,35.58812274543622,-26.307841790197926,-37.89615298827066,11.58831119807273,11.724506897490897,10.345999360343221,8135.177587890626,7988.699033203125,8362.54174560547,8049.757331644152,8076.06517343435,20.397052069864962,97.26288499086586,3757700.0,-0.004915531264230055,-0.004927652224989373,166.0498046875,-126.9501953125,47.189998626708984,1087.9000244140625,66.13300323486328,17730.48046875,6295.2001953125,10815.4501953125,2078.580078125,22726.76953125,17.040000915527344,5095.2998046875,19642.740234375
2015-11-10,7877.60009765625,7885.10009765625,7772.85009765625,7783.35009765625,165200.0,28.798018321509634,-45.61097189024349,-45.759426470652976,0.14845458040948678,11.447651272307908,10.262721032095547,8117.165087890625,7988.529033203125,8358.889497070313,8008.771603338321,8054.382575228565,22.082914499107154,100.48340018125045,3592500.0,-0.01665783484975325,-0.016798136847989233,112.25,94.25,47.439998626708984,1088.199951171875,66.46800231933594,17758.2109375,6275.2998046875,10832.51953125,2081.719970703125,22401.69921875,16.829999923706055,5083.240234375,19671.259765625
2015-11-13,7762.4501953125,7775.10009765625,7730.89990234375,7762.25,160900.0,27.8812240259797,-61.89792238690097,-49.63710157384837,-12.260820813052606,10.88601490976362,11.352724359854141,8098.692578125,7984.795029296876,8354.94724609375,7970.845202824733,8032.743125211634,23.90244272834791,97.0524569763397,3431600.0,-0.002710927478722036,-0.0027146086971354118,44.2001953125,0.2001953125,43.61000061035156,1080.800048828125,66.0479965209961,17245.240234375,6118.2998046875,10708.400390625,2023.0400390625,22396.140625,17.649999618530273,4927.8798828125,19596.91015625
2015-11-16,7732.9501953125,7838.85009765625,7714.14990234375,7806.60009765625,149500.0,32.728890037800205,-70.41506473065601,-46.523395134082726,-23.891669596573287,7.367199167669975,9.900288449913834,8083.627587890625,7980.88802734375,8350.502248535158,7945.576725106504,8015.9917898371605,24.59952633548702,99.02729542892257,3581100.0,0.005713562131630656,0.005697301642988936,124.7001953125,-73.64990234375,43.58000183105469,1083.699951171875,66.0510025024414,17483.009765625,6146.39990234375,10713.23046875,2053.18994140625,22010.8203125,17.8799991607666,4984.6201171875,19393.689453125
2015-11-17,7848.75,7860.4501953125,7793.0,7837.5498046875,145000.0,35.96375989563182,-73.81666612306344,-39.93999722119212,-33.87666890187132,14.472747459049152,10.908653845494248,8066.530078125001,7978.213027343751,8346.042497558596,7928.957198888196,8002.77386501126,24.929672803703035,96.77178827774954,3726100.0,0.00396455648349936,0.0039567183391247835,67.4501953125,11.2001953125,43.56999969482422,1068.699951171875,65.89700317382812,17489.5,6268.7998046875,10971.0400390625,2050.43994140625,22264.25,16.969999313354492,4986.02001953125,19630.630859375
2015-11-18,7823.14990234375,7843.39990234375,7725.0498046875,7731.7998046875,143600.0,30.556890336340018,-84.07642030659554,-40.159801123779374,-43.91661918281616,13.93527670354145,11.925074443420192,8041.212548828125,7977.1320214843745,8340.894494628907,7898.625292088089,7982.701712394684,25.747633545016026,98.31309609049957,3582500.0,-0.01349273722468125,-0.013584591382027576,118.35009765625,91.35009765625,44.13999938964844,1068.800048828125,66.03700256347656,17737.16015625,6279.0,10959.9501953125,2083.580078125,22188.259765625,17.420000076293945,5075.2001953125,19649.1796875
2015-11-19,7788.5,7854.89990234375,7765.4501953125,7842.75,132600.0,40.64024972408417,-82.30582557866092,-30.711365116675807,-51.59446046198511,18.191740443502695,15.533254868697766,8019.59755859375,7979.647021484375,8335.930246582033,7890.029093305306,7972.334918883967,26.330821248788617,100.08359620233888,3715100.0,0.014349853606560714,0.014247868942778304,89.44970703125,-54.25,44.18000030517578,1078.0,66.07499694824219,17732.75,6329.89990234375,11085.4404296875,2081.239990234375,22500.220703125,15.84000015258789,5073.64013671875,19859.810546875
2015-11-20,7841.89990234375,7906.9501953125,7817.7998046875,7856.5498046875,151900.0,41.77273363214682,-78.87981024035162,-21.828279822693204,-57.05153041765841,21.387308550251802,17.838108565765314,7999.342529296875,7980.318017578125,8330.660495605469,7884.878433517951,7963.758243758302,26.096782315477785,99.30265294681469,3867000.0,0.0017595619760288894,0.0017580157603643014,89.150390625,-14.64990234375,44.65999984741211,1076.4000244140625,66.08499908447266,17823.810546875,6334.60009765625,11119.830078125,2089.169921875,22754.720703125,15.899999618530273,5104.919921875,19879.810546875
2015-11-23,7869.5,7877.5,7825.2001953125,7849.25,127000.0,41.3236148030434,-75.87901557440728,-15.06198812539909,-60.81702744900819,31.40236004318983,23.660469678981443,7979.22001953125,7984.202021484375,8325.335246582032,7879.397136053651,7955.276151628058,25.879460448832013,95.94530664257793,3740000.0,-0.0009291361817810317,-0.0009295680963622142,52.2998046875,20.25,44.83000183105469,1066.800048828125,66.05000305175781,17792.6796875,6305.5,11092.3095703125,2086.590087890625,22665.900390625,17.079999923706055,5102.47998046875,19879.810546875
2015-11-24,7837.0,7870.35009765625,7812.64990234375,7831.60009765625,130600.0,40.19825520525917,-74.07121691398697,-10.603351571983026,-63.46786534200395,31.93266043809385,28.240776343845162,7956.027514648436,7989.65802734375,8319.731499023437,7872.043745530974,7946.114962444961,25.799517925377195,93.2135129761438,3609400.0,-0.002248610038379506,-0.0022511419581774496,57.7001953125,5.39990234375,46.119998931884766,1074.300048828125,66.37100219726562,17812.189453125,6277.2001953125,10933.990234375,2089.139892578125,22587.630859375,16.25,5102.81005859375,19924.890625
2015-11-26,7837.14990234375,7897.10009765625,7832.0,7883.7998046875,219800.0,44.9712716797764,-67.64665481670454,-3.3430315797604777,-64.30362323694406,35.01264586476577,32.782555448683155,7937.190014648438,7993.5690234375015,8315.10599609375,7873.852370016593,7941.499024833298,25.29373008887602,91.23397633499069,3829200.0,0.006665267171503286,0.006643152490718722,65.10009765625,-46.64990234375,46.119998931884766,1074.300048828125,66.38200378417969,17812.189453125,6393.10009765625,11320.76953125,2089.139892578125,22488.939453125,16.690000534057617,5102.81005859375,19944.41015625
2015-11-27,7910.60009765625,7959.2998046875,7879.4501953125,7942.7001953125,150300.0,49.836484429131005,-57.14365728530993,5.7279727613073135,-62.87163004661724,47.83774381977345,38.26101670754436,7922.680004882813,7996.051025390626,8310.832495117189,7884.44434313904,7941.58800042435,23.906964125097325,90.42080726641991,3979500.0,0.0074710662477730505,0.007443296061827621,79.849609375,-32.10009765625,44.86000061035156,1056.199951171875,66.55799865722656,17813.390625,6375.2001953125,11293.759765625,2090.110107421875,22068.3203125,16.729999542236328,5127.52001953125,19883.939453125
2015-11-30,7936.25,7966.0,7922.7998046875,7935.25,216300.0,49.24342963833983,-48.85792087070968,11.210967340726057,-60.068888211435734,63.64365343331541,48.83134770595154,7910.882495117188,7998.994023437501,8306.725996093752,7892.260598040726,7941.118518911436,22.525544174915062,87.0479064125685,3763200.0,-0.0009379927643368147,-0.000938432954834984,43.2001953125,1.0,44.61000061035156,1065.800048828125,66.9000015258789,17719.919921875,6356.10009765625,11382.23046875,2080.409912109375,21996.419921875,16.43000030517578,5108.669921875,19747.470703125
2015-12-01,7958.14990234375,7972.14990234375,7934.14990234375,7954.89990234375,138600.0,50.902941329496684,-40.24194804129911,15.861552136109303,-56.103500177408414,80.67940548686414,64.05360091331767,7903.039990234376,8002.306025390626,8302.881994628908,7901.897414087345,7942.139362128644,21.15242306268499,83.54448452595645,3901800.0,0.0024762801857218797,0.0024732192560477395,38.0,3.25,44.439998626708984,1063.800048828125,66.50800323486328,17888.349609375,6395.7001953125,11261.240234375,2102.6298828125,22381.349609375,15.640000343322754,5156.31005859375,20012.400390625
2015-12-02,7976.7001953125,7979.2998046875,7910.7998046875,7931.35009765625,126300.0,48.84187498516983,-34.911561178042575,16.95355119949268,-51.865112377535254,83.95592315355712,76.09299402457889,7896.3175048828125,8003.48802734375,8298.980244140625,7906.428596174868,7941.340157352911,20.202993734663075,82.46987848838813,3775500.0,-0.00296041496142041,-0.0029648056574549755,68.5,45.35009765625,42.4900016784668,1054.199951171875,66.46099853515625,17729.6796875,6420.89990234375,11190.01953125,2079.510009765625,22479.689453125,15.489999771118164,5123.22021484375,19938.130859375
2015-12-03,7902.2998046875,7912.2998046875,7853.2998046875,7864.14990234375,125700.0,43.4370977027452,-35.6981789462543,12.933546745024763,-48.631725691279065,77.26724221872959,80.63419028638361,7886.985009765625,8004.1890234375005,8294.995744628908,7899.924181739311,7935.622360685566,20.052742679982764,82.15419380841399,3649800.0,-0.008472730932953976,-0.008508828559286395,59.0,38.14990234375,43.84000015258789,1061.699951171875,66.55699920654297,17477.669921875,6275.0,10789.240234375,2049.6201171875,22417.009765625,16.059999465942383,5037.52978515625,19939.900390625
2015-12-04,7817.60009765625,7821.39990234375,7775.7001953125,7781.89990234375,152500.0,37.90786514679852,-42.46891162566499,4.930251252491267,-47.399162878156254,54.67978571967876,71.9676503639885,7873.044995117188,8001.8440234375,8291.27349609375,7881.76660029384,7924.235511919505,20.72666734307074,82.60387332433086,3497300.0,-0.010458854551524621,-0.010513932743920033,45.69970703125,35.7001953125,43.0,1084.5,66.8030014038086,17847.630859375,6238.2998046875,10752.099609375,2091.68994140625,22235.890625,16.09000015258789,5142.27001953125,19504.48046875
2015-12-07,7816.5498046875,7825.39990234375,7746.0498046875,7765.39990234375,137600.0,36.8932901277185,-48.6058798317481,-0.9653735628734736,-47.640506268874624,32.66453385490662,54.87052059777166,7859.304980468751,7997.5140234375,8287.272746582032,7863.864031378442,7912.46991121019,21.62503651762081,82.3714607766108,3359700.0,-0.0021203048364873966,-0.0021225558652615325,79.35009765625,51.14990234375,40.72999954223633,1076.4000244140625,66.63600158691406,17730.509765625,6223.5,10886.08984375,2077.070068359375,22203.220703125,15.869999885559082,5101.81005859375,19698.150390625
2015-12-08,7738.5,7771.25,7685.4501953125,7701.7001953125,135100.0,33.19909939453382,-57.941590755453944,-8.240867589263452,-49.70072316619049,15.650622857042114,34.33164747720917,7846.617480468751,7992.006025390625,8282.64424560547,7838.915748906758,7896.857339662212,22.96632118818121,82.61634248453146,3224600.0,-0.00820301695113268,-0.008236846826399094,85.7998046875,36.7998046875,40.2599983215332,1076.300048828125,66.76799774169922,17568.0,6135.2001953125,10673.599609375,2063.590087890625,21905.130859375,15.970000267028809,5098.240234375,19492.599609375
2015-12-09,7695.5,7702.85009765625,7606.89990234375,7612.5,140000.0,28.843630603761675,-71.71127625331064,-17.608442469696122,-54.10283378361452,7.634690198743625,18.64994897023079,7829.527490234375,7988.016025390625,8277.148996582033,7804.082556767256,7875.793833020567,24.762485803665655,83.56876054367207,3084600.0,-0.011581883616657795,-0.011649476035916928,95.9501953125,83.0,40.11000061035156,1077.5999755859375,66.83300018310547,17492.30078125,6126.7001953125,10592.490234375,2047.6199951171875,21803.759765625,16.729999542236328,5022.8701171875,19301.0703125
2015-12-10,7643.2998046875,7691.9501953125,7610.0,7683.2998046875,140800.0,36.018499387843406,-76.03442119817373,-17.54526993164737,-58.48915126652636,9.183126501446804,10.822813185744181,7817.932470703126,7984.763017578125,8271.537995605471,7785.500594908833,7861.535016107006,26.430352946615496,83.4531487414455,3225400.0,0.00930046695402309,0.009257483913935133,81.9501953125,-40.0,39.72999954223633,1073.0999755859375,66.88999938964844,17574.75,6088.10009765625,10598.9296875,2052.22998046875,21704.609375,16.290000915527344,5045.169921875,19046.55078125
2015-12-11,7699.60009765625,7703.0498046875,7575.2998046875,7610.4501953125,167800.0,32.39852669493145,-84.36637629089455,-20.70178001949455,-63.6645962714,10.239977187502806,9.019264629231078,7809.287475585938,7979.602021484376,8265.543498535157,7758.569764201704,7842.9361404925985,28.209456241108455,86.61720954562797,3057600.0,-0.00948155235730297,-0.009526788440796045,127.75,89.14990234375,37.93000030517578,1076.9000244140625,66.78600311279297,17265.2109375,5952.7998046875,10340.0595703125,2012.3699951171875,21464.05078125,17.18000030517578,4933.47021484375,19230.48046875
2015-12-14,7558.2001953125,7663.9501953125,7551.0498046875,7650.0498046875,148900.0,36.1547926899455,-86.77387795139111,-18.487425343992896,-68.28645260739822,17.444494516562308,12.289199401837305,7803.677465820314,7976.689013671876,8259.448249511719,7741.874385814904,7828.648263766295,30.01681395232437,88.49457962272598,3206500.0,0.005203320218742258,0.0051898297247641055,112.900390625,-91.849609375,37.91999816894531,1064.699951171875,67.14099884033203,17368.5,5874.10009765625,10139.33984375,2021.93994140625,21309.849609375,17.799999237060547,4952.22998046875,18883.419921875
2015-12-15,7659.14990234375,7705.0,7625.10009765625,7700.89990234375,134300.0,40.71057524333887,-83.61480305240639,-12.262680356006527,-71.35212269639986,22.269731992833147,16.65140123229942,7798.3924560546875,7973.841015625001,8253.47625,7735.570619127034,7819.18542217944,30.86906185731591,87.88067410279913,3340800.0,0.006647028314128445,0.006625034231155874,79.89990234375,-41.75,38.45000076293945,1062.9000244140625,67.07099914550781,17524.91015625,6017.7998046875,10450.3798828125,2043.4100341796875,21274.369140625,17.34000015258789,4995.35986328125,18565.900390625
2015-12-16,7725.25,7776.60009765625,7715.75,7750.89990234375,154300.0,44.875812847087815,-76.19826513380121,-3.8769139499210894,-72.32135118388013,34.925097903288574,24.87977480422801,7794.0599609375,7969.881015625001,8248.062751464844,7737.928970391144,7814.127235524945,30.40358232705941,87.01063990349205,3495100.0,0.006492747683265243,0.006471760590641962,60.85009765625,-25.64990234375,37.189998626708984,1078.0,66.90299987792969,17749.08984375,6061.2001953125,10469.259765625,2073.070068359375,21701.2109375,16.729999542236328,5071.1298828125,19049.91015625
2015-12-17,7783.0498046875,7852.89990234375,7737.5498046875,7844.35009765625,175900.0,51.70487039014588,-62.064514544337726,8.20546931163392,-70.26998385597165,50.048685602743724,35.747838499621814,7799.687475585937,7967.750019531251,8243.509750976564,7754.301451508852,7816.365966053189,28.86513907100902,89.0348868858319,3671000.0,0.012056689737954374,0.011984586823973591,115.35009765625,-61.30029296875,37.18000030517578,1050.800048828125,66.4280014038086,17495.83984375,6102.5,10738.1201171875,2041.8900146484375,21872.060546875,14.220000267028809,5002.5498046875,19353.560546875
2015-12-18,7828.89990234375,7836.14990234375,7753.35009765625,7761.9501953125,191400.0,46.262603786251454,-56.85698689574838,10.730397568178617,-67.587384463927,54.80060566258027,46.591463056204184,7795.647485351563,7960.603027343751,8238.50900390625,7755.478181324797,7812.335168220546,27.436584618962225,89.17525210827247,3479600.0,-0.010504363180879661,-0.010559923429662535,82.7998046875,66.94970703125,36.880001068115234,1066.199951171875,66.45899963378906,17128.55078125,6052.39990234375,10608.1904296875,2005.550048828125,21755.560546875,14.489999771118164,4923.080078125,18986.80078125
2015-12-21,7745.64990234375,7840.75,7733.4501953125,7834.4501953125,126300.0,51.13601679541728,-46.345596437215136,16.99343042136949,-63.339026858584624,61.30383920753064,55.38437682428487,7794.542504882813,7954.234033203125,8233.845004882813,7767.62772193829,7813.973318375505,26.34639223365745,90.46986300678873,3605900.0,0.009340436124388285,0.009297083993681328,107.2998046875,-88.80029296875,36.349998474121094,1081.9000244140625,66.24800109863281,17251.619140625,6034.7998046875,10497.76953125,2021.1500244140625,21791.6796875,14.229999542236328,4968.919921875,18916.01953125
2015-12-22,7829.39990234375,7846.2998046875,7776.85009765625,7786.10009765625,125700.0,48.009046795836944,-41.43900946436406,17.520013915376452,-58.959023379740515,60.16308052132549,58.755841797145465,7791.385009765625,7946.408037109375,8229.35625732422,7770.4696258949,7811.908635359264,25.247650550937845,88.96842329425024,3480200.0,-0.006171472975241898,-0.006190595230165718,69.44970703125,43.2998046875,36.11000061035156,1074.800048828125,66.26899719238281,17417.26953125,6083.10009765625,10488.75,2038.969970703125,21830.01953125,14.479999542236328,5001.10986328125,18886.69921875
2015-12-23,7830.4501953125,7871.4501953125,7826.10009765625,7865.9501953125,117900.0,53.108818910262876,-30.752769607479422,22.565003017808877,-53.3177726252883,76.50853766549427,65.99181913145013,7793.102514648437,7941.1400390625,8224.463010253907,7785.158944266839,7815.911713874319,23.831041189906472,88.70997146296452,3598100.0,0.01025546764808305,0.010203237135106905,45.35009765625,-35.5,37.36000061035156,1069.4000244140625,66.24299621582031,17602.609375,6241.0,10727.6396484375,2064.2900390625,22040.58984375,13.649999618530273,5045.93017578125,18886.69921875
2015-12-24,7888.75,7888.75,7835.5,7861.0498046875,93500.0,52.76674243714959,-22.42081490214332,24.717566178515987,-47.13838108065931,85.04887438678057,73.90683085786677,7791.965014648437,7934.567031250001,8218.984509277345,7796.834461254633,7819.255276156777,22.246660992148847,86.17711635846706,3504600.0,-0.0006229877514251081,-0.0006231818889286995,53.25,27.7001953125,37.88999938964844,1077.199951171875,66.15399932861328,17552.169921875,6254.60009765625,10727.6396484375,2060.989990234375,22138.130859375,13.75,5048.490234375,18789.689453125
2015-12-28,7863.2001953125,7937.2001953125,7863.0,7925.14990234375,122900.0,56.69589012155898,-10.524024195730817,29.291485507942795,-39.81550970367361,95.6533921317552,85.73693472801,7791.087500000001,7930.198027343751,8213.629008789063,7816.575298345267,7827.0993225409975,21.245916302609764,85.46092166321942,3627500.0,0.008154139618607559,0.008121074246974173,74.2001953125,-61.94970703125,36.619998931884766,1070.5,65.94000244140625,17528.26953125,6254.60009765625,10653.91015625,2056.5,21919.619140625,14.399999618530273,5040.990234375,18873.349609375
2015-12-29,7929.2001953125,7942.14990234375,7902.75,7928.9501953125,113000.0,56.92467225990757,-0.7800876026503829,31.228337680818584,-32.008425283468966,95.10058613844981,91.93428421899519,7790.772509765626,7926.143027343751,8208.6605078125,7833.863744032533,7834.643831635183,20.386044191926253,82.1708488546859,3740500.0,0.0004795231655652099,0.0004794082310730862,39.39990234375,0.25,37.790000915527344,1077.5,66.13400268554688,17720.98046875,6314.60009765625,10860.1396484375,2078.360107421875,21999.619140625,14.239999771118164,5107.93994140625,18982.23046875
2015-12-30,7938.60009765625,7944.75,7889.85009765625,7896.25,106800.0,54.2679021069985,4.254378051929962,29.010242668319144,-24.755864616389182,93.72844653992092,94.82747493670864,7787.840014648438,7921.910029296875,8203.4530078125,7843.461629565989,7839.207251514059,19.362499881294326,80.22292410390476,3633700.0,-0.004124151937772491,-0.004132679706995248,54.89990234375,42.35009765625,36.459999084472656,1060.0999755859375,66.26000213623047,17603.869140625,6274.10009765625,10743.009765625,2063.360107421875,21882.150390625,14.350000381469727,5065.85009765625,19033.7109375
2015-12-31,7897.7998046875,7955.5498046875,7891.14990234375,7946.35009765625,150900.0,57.53776262691002,12.146866021095775,29.522184509987966,-17.37531848889219,94.01054030452958,94.27985766096677,7788.590014648438,7917.24703125,8199.401008300782,7859.290624656798,7847.143758635702,18.58221628546813,79.09270826389371,3784600.0,0.006344796283837217,0.006324752800432643,64.39990234375,-48.55029296875,37.279998779296875,1060.300048828125,66.45500183105469,17425.029296875,6242.2998046875,10743.009765625,2043.93994140625,21914.400390625,13.869999885559082,5007.41015625,19033.7109375
2016-01-04,7924.5498046875,7937.5498046875,7781.10009765625,7791.2998046875,134700.0,46.46506677062172,5.823329053321686,18.5589180337711,-12.735588980449416,81.60031833773834,89.77976839406296,7784.947509765626,7908.31001953125,8194.797258300781,7848.830498507676,7843.007169454354,18.338281605980793,85.24680053075845,3649900.0,-0.01951213966956744,-0.019705014523420224,156.44970703125,133.25,37.220001220703125,1075.0999755859375,66.19300079345703,17148.939453125,6093.39990234375,10283.4404296875,2012.6600341796875,21327.119140625,16.84000015258789,4903.08984375,18450.98046875
2016-01-05,7828.39990234375,7831.2001953125,7763.25,7784.64990234375,145200.0,46.055701344380786,0.27215170865929394,10.406192551286969,-10.134040842627675,68.46753403974319,81.35946422733704,7785.085009765626,7898.502021484375,8190.220756835937,7838.956560636302,7838.684408927643,18.33374215457524,84.01132872945428,3504700.0,-0.0008535035886758635,-0.0008538680302466864,67.9501953125,43.75,36.41999816894531,1078.4000244140625,66.60099792480469,17158.66015625,6137.2001953125,10310.099609375,2016.7099609375,21188.720703125,16.700000762939453,4891.43017578125,18374.0
2016-01-06,7788.0498046875,7800.9501953125,7721.2001953125,7741.0,147100.0,43.355585818454955,-7.562206246444475,2.057467676946562,-9.619673923391037,39.40218637669001,63.15667958472384,7783.865014648438,7888.089013671875,8185.045756835938,7823.88632053841,7831.448526784854,18.82589487324602,83.70694810592182,3357600.0,-0.005607176031205752,-0.005622955254962513,79.75,47.0498046875,34.22999954223633,1091.9000244140625,66.52400207519531,16906.509765625,6073.39990234375,10214.01953125,1990.260009765625,20980.810546875,16.549999237060547,4835.759765625,18191.3203125
2016-01-07,7673.35009765625,7674.9501953125,7556.60009765625,7568.2998046875,188900.0,34.69000712343621,-27.390710751908955,-14.216829462814333,-13.173881289094622,20.58162407131734,42.81711482925017,7777.194995117188,7874.421005859374,8179.648505859375,7784.565318099808,7811.956028851717,20.692241150854358,90.89930198005241,3168700.0,-0.022309804329221028,-0.022562432473354942,118.35009765625,105.05029296875,33.75,1107.699951171875,66.7239990234375,16514.099609375,5954.10009765625,9979.849609375,1943.0899658203125,20333.33984375,18.959999084472656,4689.43017578125,17767.33984375
2016-01-08,7611.64990234375,7634.10009765625,7581.0498046875,7601.35009765625,157400.0,37.27386263753173,-39.977228395413476,-21.44267768505508,-18.534550710358396,8.226398783669541,22.73673641055896,7776.637500000001,7860.5390039062495,8174.489504394533,7756.378361108491,7796.355589503904,22.4252769800621,89.10651562210225,3326100.0,0.004366937597831466,0.004357430194614917,53.05029296875,10.2998046875,33.54999923706055,1097.800048828125,66.9209976196289,16346.4501953125,5912.39990234375,9849.33984375,1922.030029296875,20453.7109375,17.799999237060547,4643.6298828125,17697.9609375
2016-01-11,7527.4501953125,7605.10009765625,7494.35009765625,7563.85009765625,189000.0,35.555042519425186,-52.37433220846742,-27.07182519848722,-25.302507009980204,9.739657851936595,12.849226902307825,7770.665014648438,7846.605009765625,8168.692255859375,7726.758628269685,7779.132960478152,24.580318042752786,90.65247879195209,3137100.0,-0.00493333414699082,-0.00494554321070581,110.75,-36.39990234375,31.549999237060547,1096.5,66.83999633789062,16398.5703125,5871.7998046875,9825.0703125,1923.6700439453125,19888.5,18.690000534057617,4637.990234375,17697.9609375
2016-01-12,7587.2001953125,7588.2998046875,7487.7998046875,7510.2998046875,163900.0,33.20060437978697,-65.76212258704618,-32.36769246165278,-33.3944301253934,10.365536132034197,9.443864255880111,7765.657495117188,7832.152998046875,8162.814252929687,7693.457270795502,7759.219393382548,26.619243546973536,91.35587316395552,2973200.0,-0.007079766557687717,-0.007104947023205757,100.5,76.900390625,30.860000610351562,1085.5999755859375,66.79299926757812,16516.220703125,5929.2001953125,9985.4296875,1938.6800537109375,19711.759765625,18.709999084472656,4685.919921875,17218.9609375
2016-01-13,7557.89990234375,7590.9501953125,7425.7998046875,7562.39990234375,215200.0,37.534586083875155,-71.34557309811771,-30.360914378179444,-40.98465871993827,15.221807369473472,11.775667117814756,7761.275,7819.9769921875,8157.453000488281,7673.294598726002,7744.6401718241195,28.85473894480453,96.62691012545869,3188400.0,0.006937152844914696,0.00691320150571891,165.150390625,-4.5,30.309999465942383,1087.5,66.91999816894531,16151.41015625,5961.0,9960.9599609375,1890.280029296875,19934.880859375,18.350000381469727,4526.06005859375,17715.630859375
2016-01-14,7467.39990234375,7604.7998046875,7443.7998046875,7536.7998046875,200800.0,36.28871280264627,-76.94918943010362,-28.77162456813228,-48.177564861971334,17.183102723253896,14.256815408253855,7753.069995117187,7808.47798828125,8152.282497558594,7652.295399643155,7729.244589073259,30.659874386076932,101.22498797364022,2987600.0,-0.003385181686611949,-0.0033909243778356985,161.0,-69.39990234375,31.030000686645508,1073.9000244140625,66.93599700927734,16379.0498046875,5918.2001953125,9794.2001953125,1921.8399658203125,19817.41015625,18.610000610351562,4615.0,17240.94921875
2016-01-15,7561.64990234375,7566.5,7427.2998046875,7437.7998046875,197500.0,31.881542593345095,-88.36000918387981,-32.14595545752678,-56.21405372635303,16.3347552402863,16.246555111004554,7737.414990234375,7795.91798828125,8146.716994628907,7619.296077342286,7707.656086526165,32.43394265225723,103.93750278355878,2790100.0,-0.013135548583687595,-0.013222582904531205,139.2001953125,123.85009765625,31.010000228881836,1091.5,67.30400085449219,15988.080078125,5804.10009765625,9545.26953125,1880.3299560546875,19520.76953125,19.420000076293945,4488.419921875,17147.109375
2016-01-18,7420.35009765625,7463.64990234375,7336.39990234375,7351.0,233600.0,28.601731555894357,-103.21735940269173,-37.60264454107096,-65.61471486162077,8.52552899546283,14.014462319667675,7712.747485351563,7781.9219921875,8140.757243652344,7578.019757751164,7681.237117153856,34.55980641536563,105.60268115616172,2556500.0,-0.01167009155487031,-0.01173872154132596,127.25,69.35009765625,31.010000228881836,1091.5,67.76699829101562,15988.080078125,5779.89990234375,9521.849609375,1880.3299560546875,19237.44921875,20.229999542236328,4488.419921875,16955.5703125
2016-01-19,7381.7998046875,7462.75,7364.14990234375,7435.10009765625,188300.0,35.52287134317617,-106.97262760265676,-33.0863301928288,-73.88629740982796,6.854850306675941,10.57171151414169,7696.404980468751,7769.409990234375,8135.278745117188,7556.032117736562,7663.004745339219,36.53382276682343,106.04177535929304,2744800.0,0.011440633608522655,0.011375684463334866,98.60009765625,-53.30029296875,28.760000228881836,1089.9000244140625,67.71099853515625,16016.01953125,5876.7998046875,9664.2099609375,1881.3299560546875,19635.810546875,18.43000030517578,4476.9501953125,17048.369140625
2016-01-20,7357.0,7470.89990234375,7241.5,7309.2998046875,225600.0,30.72497065713285,-118.73107902061929,-35.87582528863305,-82.85525373198624,9.26481337177124,8.21506422463667,7670.1474609375,7754.791982421875,8130.1144921875,7518.073300344398,7636.804379365018,38.88165178962609,114.85307014389711,2519200.0,-0.01691978471256972,-0.017064559633827973,229.39990234375,47.7001953125,27.8799991607666,1107.0999755859375,67.76699829101562,15766.740234375,5673.60009765625,9391.6396484375,1859.3299560546875,18886.30078125,20.969999313354492,4471.68994140625,16416.189453125
2016-01-21,7376.64990234375,7398.7001953125,7250.0,7276.7998046875,240700.0,29.612213355245583,-129.1830728207815,-37.06225527103621,-92.12081754974528,10.169266844783657,8.762976841076945,7644.682446289064,7741.218974609375,8124.791489257813,7480.954301012568,7610.13737383335,41.06177873937142,117.27072194165447,2278500.0,-0.004446390334017725,-0.004456304927870771,148.7001953125,99.85009765625,29.25,1099.0999755859375,67.9489974975586,15882.6796875,5773.7998046875,9574.16015625,1868.989990234375,18542.150390625,20.809999465942383,4472.06005859375,16017.259765625
2016-01-22,7355.7001953125,7433.39990234375,7327.60009765625,7422.4501953125,229200.0,40.08490269890656,-124.28095050243792,-25.728106362154108,-98.55284414028381,15.083891274973743,11.505990497176214,7622.5074462890625,7730.581982421874,8119.442241210938,7471.953669366404,7596.234619868842,42.373803172679786,120.07996306412558,2507700.0,0.020015720445019758,0.019818039378412727,105.7998046875,-66.75,32.18000030517578,1097.199951171875,67.80799865722656,16093.509765625,5900.0,9764.8798828125,1906.9000244140625,19080.509765625,18.81999969482422,4591.18017578125,16958.529296875
2016-01-25,7468.75,7487.14990234375,7421.2001953125,7436.14990234375,163200.0,40.9744827255706,-117.93109512799583,-15.502600790169609,-102.42849433782622,23.516545316794343,16.256567812183913,7601.262451171875,7721.0009765625,8114.167990722656,7466.445397516765,7584.376492644761,42.573727841154096,116.21351620463447,2670900.0,0.0018457122204607046,0.0018440109866640082,65.94970703125,32.60009765625,30.5,1106.199951171875,67.54100036621094,15885.2197265625,5877.0,9736.150390625,1877.0799560546875,19340.140625,18.270000457763672,4518.490234375,17110.91015625
2016-01-27,7469.60009765625,7477.89990234375,7419.7001953125,7437.75,187600.0,41.084509440186594,-111.48454999164642,-7.244844523056145,-104.23970546859027,36.91814640286295,25.172860998210343,7576.8924560546875,7714.088974609374,8108.425490722656,7462.030720975725,7573.515270967371,42.76986927722026,112.06967269224987,2858500.0,0.00021517824106065397,0.00021515509354344282,58.19970703125,31.85009765625,33.099998474121094,1116.0999755859375,67.7699966430664,15944.4599609375,5990.39990234375,9880.8203125,1882.949951171875,19052.44921875,19.059999465942383,4468.169921875,17163.919921875
2016-01-28,7426.5,7468.85009765625,7409.60009765625,7424.64990234375,274500.0,40.420201346970465,-106.20838082330556,-1.5749402837722215,-104.63344053953334,42.23994018425701,34.224877301304765,7551.67744140625,7707.3369726562505,8102.24923828125,7456.279825801575,7562.48820662488,43.02646737976524,108.29683892851774,2584000.0,-0.001761298464757477,-0.0017628513745914778,59.25,1.85009765625,33.88999938964844,1115.5999755859375,68.19599914550781,16069.6396484375,5931.7998046875,9639.58984375,1893.3599853515625,19195.830078125,17.899999618530273,4506.68017578125,17041.44921875
2016-01-29,7413.35009765625,7575.64990234375,7402.7998046875,7563.5498046875,298700.0,49.70600800061474,-89.78394404207575,11.879597197966092,-101.66354124004184,60.16642651478659,46.44150436730218,7535.042431640624,7702.475966796876,8096.76548828125,7472.782899476332,7562.566843518408,41.399823122781854,112.90778598049862,2882700.0,0.018707939656508632,0.018535098493895702,172.85009765625,-150.19970703125,34.7400016784668,1116.4000244140625,68.09300231933594,16466.30078125,6083.7998046875,9798.1103515625,1940.239990234375,19683.109375,17.239999771118164,4613.9501953125,17518.30078125
2016-02-01,7589.5,7600.4501953125,7541.25,7555.9501953125,200400.0,49.25370081602581,-76.4988533625692,20.131750301978116,-96.63060366454732,73.92564691394294,58.77733787099551,7515.522436523437,7696.843974609375,8090.973237304688,7485.577868066512,7562.076721429081,39.52255511555315,109.071529504213,2682300.0,-0.0010047675458274563,-0.001005272663116682,59.2001953125,33.5498046875,34.689998626708984,1127.9000244140625,67.87000274658203,16449.1796875,6060.10009765625,9757.8798828125,1939.3800048828125,19595.5,17.889999389648438,4620.3701171875,17865.23046875
2016-02-02,7566.64990234375,7576.2998046875,7428.0498046875,7455.5498046875,230200.0,43.60798013202176,-73.22767269928045,18.722344772213503,-91.95001747149395,78.01488987309804,70.7023211006092,7498.734936523437,7691.318974609376,8084.359487304688,7480.958166008202,7554.185838707483,38.8312936904622,111.8699916824835,2452100.0,-0.013287592960483763,-0.013376662920665904,148.25,111.10009765625,32.720001220703125,1127.300048828125,67.88200378417969,16153.5400390625,5922.0,9581.0400390625,1903.030029296875,19446.83984375,18.040000915527344,4516.9501953125,17750.6796875
2016-02-03,7392.4501953125,7419.39990234375,7350.2998046875,7361.7998046875,192000.0,39.10096930886729,-77.30891095226707,11.712885215381519,-89.02179616764859,59.528411183299774,70.48964932344691,7477.592431640625,7681.699970703125,8077.266738281251,7462.626110420402,7539.935021372669,38.75934457483438,111.39713513373468,2260100.0,-0.01257452534768888,-0.012654253761286621,69.10009765625,30.650390625,35.040000915527344,1141.300048828125,67.98600006103516,16336.66015625,5837.10009765625,9434.8203125,1912.530029296875,18991.58984375,18.59000015258789,4504.240234375,17191.25
2016-02-04,7411.4501953125,7457.0498046875,7365.9501953125,7404.0,222700.0,42.00652771693736,-76.25905171298655,10.210195563729641,-86.46924727671619,45.767408482264806,61.10356984622088,7460.742431640626,7672.648974609375,8070.116738281251,7453.606708817263,7529.86576053025,38.141325731937656,110.24376833846792,2482800.0,0.005732320415128722,0.00571595318480905,91.099609375,7.4501953125,34.459999084472656,1157.5999755859375,67.927001953125,16416.580078125,5898.7998046875,9393.3603515625,1915.449951171875,19183.08984375,18.209999084472656,4509.56005859375,17044.990234375
2016-02-05,7418.25,7503.14990234375,7406.64990234375,7489.10009765625,249800.0,47.45132006579125,-67.77885162173516,14.952316523984834,-82.73116814571999,49.12098475165138,51.472268139071986,7456.782446289064,7665.4459765625,8064.028737792969,7459.067230177107,7526.8460817988425,36.928483501084045,109.45134933884522,2732600.0,0.011493800331746407,0.011428248424226505,96.5,-70.85009765625,34.060001373291016,1157.800048828125,67.56400299072266,16204.9697265625,5848.10009765625,9286.23046875,1880.050048828125,19288.169921875,18.110000610351562,4363.14013671875,16819.58984375
2016-02-08,7489.7001953125,7512.5498046875,7363.2001953125,7387.25,171500.0,42.3291096237555,-68.48720576074902,11.39516990797678,-79.8823756687258,51.61812649916794,48.8355065776947,7446.077441406251,7656.558974609376,8057.934987792969,7448.018425534476,7516.505631295225,36.16962989546525,112.30122505571342,2561100.0,-0.013599777854234385,-0.013693101923425259,149.349609375,102.4501953125,32.880001068115234,1197.9000244140625,67.802001953125,16027.0498046875,5689.39990234375,8979.3603515625,1853.43994140625,19288.169921875,20.260000228881836,4283.75,17004.30078125
2016-02-09,7303.9501953125,7323.4501953125,7275.14990234375,7298.2001953125,212100.0,38.42371702769998,-75.36539122068007,3.613587558436592,-78.97897877911666,41.79319757503208,47.51076960861713,7432.794946289063,7644.8469824218755,8052.185490722656,7424.969467038787,7500.334858259467,36.120995874789806,112.2868588128946,2349000.0,-0.012054527014450533,-0.012127772043135017,48.30029296875,5.75,30.31999969482422,1198.699951171875,68.07599639892578,16014.3798828125,5632.2001953125,8879.400390625,1852.2099609375,19288.169921875,21.729999542236328,4268.759765625,16085.4404296875
2016-02-10,7264.2998046875,7271.85009765625,7177.75,7215.7001953125,246900.0,35.184892262269926,-86.47661468677143,-5.998108726123803,-80.47850596064762,21.79289242006592,38.40140549808865,7418.064965820313,7630.306982421875,8046.375241699219,7392.774194465513,7479.250809152284,36.67150454318335,112.86995427715212,2102100.0,-0.011304156886925099,-0.011368534484495037,94.10009765625,48.599609375,30.84000015258789,1194.699951171875,67.9280014038086,15914.740234375,5672.2998046875,9017.2900390625,1851.8599853515625,19288.169921875,22.469999313354492,4283.58984375,15713.3896484375
2016-02-11,7203.60009765625,7208.64990234375,6959.9501953125,6976.35009765625,292300.0,27.850215491109413,-113.28995579447383,-26.249159867060968,-87.04079592741286,9.111547564791795,24.2325458532966,7388.762475585938,7611.128984375,8039.108491210937,7328.708948802549,7441.998904597022,38.13520114216158,123.07567182878411,1809800.0,-0.03317073758299127,-0.03373336331978199,248.69970703125,227.25,30.059999465942383,1247.9000244140625,67.89299774169922,15660.1796875,5537.0,8752.8701171875,1829.0799560546875,18545.80078125,25.969999313354492,4266.83984375,15713.3896484375
2016-02-12,7023.64990234375,7034.7998046875,6869.0,6980.9501953125,333900.0,28.160177261120513,-132.6395462419523,-36.47900025163156,-96.16054599032074,8.9479210945649,13.284120359807538,7360.969995117188,7591.649990234375,8032.021743164062,7275.207602111772,7407.847148353724,39.78949900699761,126.12739560440667,2143700.0,0.0006593845767279838,0.0006591672782349067,165.7998046875,42.69970703125,33.36000061035156,1239.0999755859375,68.4739990234375,15973.83984375,5707.60009765625,8967.509765625,1864.780029296875,18319.580078125,24.670000076293945,4337.509765625,14952.6103515625
2016-02-15,7057.35009765625,7182.7998046875,7056.7998046875,7162.9501953125,354200.0,39.275586193496984,-131.769401478673,-28.487084390681787,-103.2823170879912,19.351012605683934,12.470160421680209,7347.227514648437,7576.2819921875,8026.310244140625,7257.937231834961,7389.706633313634,39.65968328608132,131.53612515944906,2497900.0,0.02607094949942601,0.02573689591661371,126.0,-105.60009765625,33.36000061035156,1239.0999755859375,68.11100006103516,15973.83984375,5824.2998046875,9206.83984375,1864.780029296875,18918.140625,22.3799991607666,4337.509765625,16022.580078125
2016-02-16,7201.25,7204.64990234375,7037.7001953125,7048.25,253800.0,35.54314091680308,-138.73589165797057,-28.362859655983485,-110.37303200198708,26.66622163180931,18.32171844401938,7332.090014648437,7559.963994140626,8020.482495117188,7225.677657706505,7364.413549364475,39.31765937664315,134.06566672172056,2244100.0,-0.016012982386442,-0.01614257549907488,166.94970703125,153.0,32.18000030517578,1207.9000244140625,68.13700103759766,16196.41015625,5862.2001953125,9135.1103515625,1895.5799560546875,19122.080078125,23.040000915527344,4435.9599609375,16054.4296875
2016-02-17,7058.85009765625,7123.7001953125,6960.64990234375,7108.4501953125,260000.0,38.82889836762314,-137.8106374241379,-21.95008433772064,-115.86055308641726,32.47659672943883,26.16461032231069,7315.757519531249,7546.495,8014.596748046875,7207.642663492043,7345.4533009161805,39.36587493074114,136.13599716793695,2504100.0,0.008541154940942874,0.008504885651830765,163.05029296875,-49.60009765625,34.5,1211.0999755859375,68.50599670410156,16453.830078125,6030.2998046875,9377.2099609375,1926.8199462890625,18924.5703125,21.829999923706055,4534.06005859375,15836.3603515625
2016-02-18,7177.39990234375,7215.10009765625,7127.85009765625,7191.75,246700.0,43.147532817388736,-128.87023287926422,-10.407743834277568,-118.46248904498665,33.78904902726506,30.9772891295044,7309.880029296875,7535.022001953124,8009.3567480468755,7205.197638339421,7334.0678712186855,38.49785390444795,134.0298475376379,2750800.0,0.011718419964794835,0.011650291007518507,87.25,-14.35009765625,34.279998779296875,1226.0999755859375,68.35600280761719,16413.4296875,5972.0,9463.6396484375,1917.8299560546875,19363.080078125,21.489999771118164,4487.5400390625,16196.7998046875
2016-02-19,7170.5498046875,7226.85009765625,7145.9501953125,7210.75,192300.0,44.11665127884701,-118.88136626571213,-0.3351017765803874,-118.54626448913174,41.726198192955046,35.99728131655298,7306.5775390625,7525.202998046875,8004.502998046875,7206.051847825664,7324.933214091376,37.57843179476286,130.2348514523602,2943100.0,0.0026419160844022294,0.002638432358562314,80.89990234375,-40.2001953125,33.0099983215332,1230.4000244140625,68.56600189208984,16391.990234375,5950.2001953125,9388.0498046875,1917.780029296875,19285.5,20.920000076293945,4504.43017578125,15967.169921875
2016-02-22,7208.85009765625,7252.39990234375,7200.7001953125,7234.5498046875,154400.0,45.37279973495233,-107.80199784679553,8.595413313868974,-116.3974111606645,49.74811039028921,41.75445253683644,7297.18251953125,7517.643994140625,7999.015996093751,7210.43614888133,7318.238146728126,36.46988648101899,124.62519827942377,3097500.0,0.0033006004489823937,0.0032951654232690796,51.69970703125,-25.69970703125,34.689998626708984,1209.5,68.53800201416016,16620.66015625,6037.7001953125,9573.58984375,1945.5,19464.08984375,21.020000457763672,4570.60986328125,16111.0498046875
2016-02-23,7240.2998046875,7241.7001953125,7090.7001953125,7109.5498046875,194400.0,40.25482860776624,-107.86457816990333,6.826266392608957,-114.69084456251228,47.49941438731762,46.32457432352062,7280.852514648439,7506.168994140625,7992.939746093751,7194.91517285151,7302.779751021413,36.08819800686919,126.50911268803637,2903100.0,-0.017278200216274464,-0.017429210300505937,151.0,130.75,33.27000045776367,1222.300048828125,68.5739974975586,16431.779296875,5962.2998046875,9416.76953125,1921.27001953125,19414.779296875,23.84000015258789,4503.580078125,16052.0498046875
2016-02-24,7075.0,7090.7998046875,7009.75,7018.7001953125,199700.0,36.98914379521601,-113.93164466185408,0.6073599205265765,-114.53900458238066,39.14743915608869,45.4649879778985,7259.9000244140625,7494.333994140625,7987.548247070313,7167.805176307047,7281.736820968901,36.14906327902707,124.60130497371235,2703400.0,-0.012778531956425754,-0.0128608796700014,81.0498046875,56.2998046875,34.40999984741211,1238.699951171875,68.60299682617188,16484.990234375,5867.2001953125,9167.7998046875,1929.800048828125,19192.44921875,22.959999084472656,4542.60986328125,15915.7900390625
2016-02-25,7029.85009765625,7034.2001953125,6961.39990234375,6970.60009765625,283100.0,35.353832768850886,-121.22372284138146,-5.347774607200634,-115.87594823418083,25.475888790253848,37.37424744455338,7237.197534179688,7480.745,7982.114748535156,7137.465933437694,7258.689656279075,36.437560887133664,120.90123268764361,2420300.0,-0.006853134671341854,-0.006876725240095017,72.80029296875,59.25,35.290000915527344,1238.199951171875,68.3759994506836,16697.2890625,6012.7998046875,9331.48046875,1951.699951171875,18888.75,22.75,4582.2001953125,16140.33984375
2016-02-26,7039.2998046875,7052.89990234375,6985.10009765625,7029.75,206700.0,38.92944730426998,-120.83691185100997,-3.968770893463315,-116.86814095754666,24.80716510746157,29.810164351268032,7210.507543945313,7467.322001953125,7976.305998535156,7120.894251370356,7241.731163221366,36.495163781902264,118.1439878304905,2627000.0,0.008485625558068977,0.008449825021575584,67.7998046875,9.5498046875,35.099998474121094,1219.800048828125,68.7969970703125,16639.970703125,6096.0,9513.2998046875,1948.050048828125,19364.150390625,21.8700008392334,4590.47021484375,16188.41015625
2016-02-29,7050.4501953125,7094.60009765625,6825.7998046875,6987.0498046875,473400.0,37.32449416567438,-122.56307936951089,-4.555950729571379,-118.00712863993951,29.10349802997231,26.462183975895904,7182.062524414063,7452.045,7969.614997558594,7100.302798034532,7222.865877404043,37.27276645648117,128.90515248322333,2153600.0,-0.006074212498666354,-0.006092735574228962,268.80029296875,63.400390625,35.970001220703125,1233.9000244140625,68.7300033569336,16516.5,6097.10009765625,9495.400390625,1932.22998046875,19111.9296875,20.15999984741211,4557.9501953125,16026.759765625
2016-03-01,7038.25,7235.5,7035.10009765625,7222.2998046875,275100.0,49.64232517371938,-103.7523778028717,11.403800669654245,-115.15617847252595,54.822411258666165,36.24435813203335,7170.4000244140625,7439.603994140625,7965.091745605469,7119.071568288835,7222.823946091707,36.59098993964243,137.44408411388596,2428700.0,0.03366943224623564,0.03311502695088197,200.39990234375,-184.0498046875,35.959999084472656,1230.300048828125,68.21800231933594,16865.080078125,6152.89990234375,9717.16015625,1978.3499755859375,19407.4609375,18.670000076293945,4689.60009765625,16085.509765625
2016-03-02,7321.7001953125,7380.35009765625,7308.14990234375,7368.85009765625,338500.0,55.50850217423596,-76.14166371409101,31.211611806747953,-107.35327552083896,75.6736894566967,53.19986624844506,7170.7525390625015,7431.741992187501,7960.758745117188,7157.49903434536,7233.640698059451,34.78423822437807,138.91595617494767,2767200.0,0.020291361052837242,0.02008823459754814,72.2001953125,-47.14990234375,36.93000030517578,1241.0999755859375,67.74600219726562,16899.3203125,6147.10009765625,9776.6201171875,1986.449951171875,20003.490234375,18.989999771118164,4703.419921875,16746.55078125
2016-03-03,7429.5498046875,7483.9501953125,7406.0498046875,7475.60009765625,278600.0,59.23375757142063,-45.12595707799119,49.78185475427823,-94.90781183226942,96.53390484387278,75.67666851974522,7174.332543945314,7424.564990234376,7957.015744628907,7206.437659470112,7251.563616548103,32.389840864942556,137.21482342361213,3045800.0,0.014486656477644022,0.014382727390574045,77.900390625,-46.05029296875,37.06999969482422,1257.4000244140625,67.38800048828125,16943.900390625,6130.5,9751.919921875,1993.4000244140625,19941.759765625,18.040000915527344,4707.419921875,16960.16015625
2016-03-04,7505.39990234375,7505.89990234375,7444.10009765625,7485.35009765625,281700.0,59.566753599740764,-19.533868322322633,60.29915480795742,-79.83302313028005,97.87864681965897,90.02874704007615,7174.145043945313,7418.549990234375,7953.130747070312,7249.347265344903,7268.881133667225,30.131875584214058,131.82803637103268,3327500.0,0.0013042431206367056,0.0013033933343828406,61.7998046875,20.0498046875,38.720001220703125,1269.9000244140625,67.14299774169922,17006.76953125,6199.39990234375,9824.169921875,1999.989990234375,20176.69921875,17.8799991607666,4717.02001953125,17014.779296875
2016-03-08,7486.39990234375,7527.14990234375,7442.14990234375,7485.2998046875,257000.0,59.56405082447131,0.7355096776009304,64.45482624630479,-63.71931656870386,96.58087208123418,96.99780791492196,7179.047534179688,7410.936982421876,7948.688994140625,7285.647656012994,7284.912146335393,28.181060103853152,128.48317663024463,3070500.0,-6.71885323921817e-06,-6.718875810813698e-06,85.0,1.10009765625,39.650001525878906,1262.0999755859375,67.0459976196289,16964.099609375,6125.39990234375,9692.8203125,1979.260009765625,20011.580078125,18.469999313354492,4648.81982421875,16783.150390625
2016-03-09,7436.10009765625,7539.0,7424.2998046875,7531.7998046875,245100.0,61.31193779964391,20.317096319392476,67.22913031047707,-46.9120339910846,96.66725882291608,97.04225924126975,7190.727514648438,7404.351982421876,7944.519741210937,7323.517217347534,7303.200121028141,26.235348087703297,127.49867796469144,3315600.0,0.006212176026787919,0.006192960002448895,114.7001953125,-95.69970703125,41.06999969482422,1256.5999755859375,67.35700225830078,17000.359375,6146.2998046875,9723.08984375,1989.260009765625,19996.259765625,17.510000228881836,4674.3798828125,16642.19921875
2016-03-10,7545.35009765625,7547.10009765625,7447.39990234375,7486.14990234375,224700.0,58.6324290819396,31.78567374272552,62.95816618704809,-31.172492444322575,94.85777244787904,96.0353011173431,7204.25,7395.571982421875,7939.834240722656,7348.537630423874,7316.751956681149,24.491258111291298,125.51307206096348,3090900.0,-0.006060955352974129,-0.006079397498643517,99.7001953125,59.2001953125,40.04999923706055,1272.0,67.1449966430664,16995.130859375,6036.7001953125,9498.150390625,1989.5699462890625,19984.419921875,17.899999618530273,4662.16015625,16852.349609375
2016-03-11,7484.85009765625,7543.9501953125,7460.60009765625,7510.2001953125,198700.0,59.633346125220086,42.32733841386744,58.79986468655201,-16.472526272684576,95.14154878954079,95.55552668677863,7230.9425048828125,7387.196982421875,7935.280241699219,7373.408794252894,7331.081455839027,22.8717459903373,122.50143103205538,3289600.0,0.0032126384433233124,0.0032074889464729544,83.35009765625,-25.35009765625,40.38999938964844,1258.699951171875,67.30899810791016,17213.310546875,6139.7998046875,9831.1298828125,2022.18994140625,20199.599609375,17.100000381469727,4748.47021484375,16938.869140625
2016-03-14,7542.60009765625,7583.7001953125,7515.0498046875,7538.75,166900.0,60.84449721160148,52.38159186730991,55.08329451199559,-2.7017026446856782,93.50110788843301,94.50014304195095,7258.832495117187,7380.046982421876,7930.679240722657,7398.845902829372,7346.464310962062,21.704327722582583,119.00132881548,3456500.0,0.0038014705260878134,0.0037942631968658764,68.650390625,3.85009765625,39.529998779296875,1244.4000244140625,66.91300201416016,17229.130859375,6174.60009765625,9990.259765625,2019.6400146484375,20435.33984375,17.100000381469727,4750.27978515625,17233.75
2016-03-15,7535.85009765625,7545.2001953125,7452.7998046875,7460.60009765625,193700.0,55.90025913472693,53.42773450720415,44.903549721511865,8.524184785692288,90.9037050917645,93.18212058991276,7273.714990234375,7370.331982421876,7926.130991210937,7408.346548187354,7354.9188136801495,20.257258280938466,117.10126180187427,3262800.0,-0.010366427105786724,-0.010420532757604035,92.400390625,75.25,38.7400016784668,1230.4000244140625,67.17400360107422,17251.529296875,6140.0,9933.849609375,2015.9300537109375,20288.76953125,17.600000381469727,4728.669921875,17117.0703125
2016-03-16,7457.0498046875,7508.0,7405.14990234375,7498.75,195400.0,57.707001465260454,56.681795913376845,38.52608890214765,18.1557070112292,88.87274671751987,91.09251989923912,7296.239990234375,7364.480986328125,7921.927993164062,7422.254771543145,7365.572975629768,19.32264837979413,116.08332150575826,3458200.0,0.005113516586384925,0.005100486959710426,102.85009765625,-41.7001953125,40.33000183105469,1229.300048828125,67.35900115966797,17325.759765625,6175.5,9983.41015625,2027.219970703125,20257.69921875,17.110000610351562,4763.97021484375,16974.44921875
2016-03-17,7557.39990234375,7585.2998046875,7479.39990234375,7512.5498046875,239600.0,58.37138119939953,59.686166951252744,33.22436795201884,26.46179899923391,87.6568180931555,89.14442330081329,7316.444970703125,7359.038984375,7917.817744140625,7436.146315103815,7376.460148152562,18.135692064680505,115.35593442275768,3697800.0,0.0018402806717785491,0.0018385894298917032,105.89990234375,44.85009765625,41.540000915527344,1264.5,66.83000183105469,17481.490234375,6201.10009765625,9892.2001953125,2040.5899658203125,20503.810546875,16.84000015258789,4774.990234375,16936.380859375
2016-03-18,7534.64990234375,7613.60009765625,7517.89990234375,7604.35009765625,237400.0,62.582334265717414,68.68293495904709,33.77690876785054,34.906026191196545,92.67951722349642,89.73636067805725,7337.074975585938,7356.305986328125,7914.244494628907,7462.023820111883,7393.340885152836,17.277209793673325,114.33410289032857,3935200.0,0.012219591930221929,0.012145535400108631,95.7001953125,-69.7001953125,41.20000076293945,1253.800048828125,66.61199951171875,17602.30078125,6189.60009765625,9950.7998046875,2049.580078125,20671.630859375,16.3799991607666,4795.64990234375,16724.810546875
2016-03-21,7619.2001953125,7713.5498046875,7617.7001953125,7704.25,196800.0,66.54800051060599,82.91819629218662,38.40973608079206,44.50846021139456,95.95881032204719,92.09838187956636,7361.749975585939,7359.024990234376,7910.597492675782,7499.289386248516,7416.3711899563295,17.269166121255108,113.96736032896581,4132000.0,0.013137204502793765,0.013051659829120443,95.849609375,-85.0498046875,41.540000915527344,1243.800048828125,66.3759994506836,17623.869140625,6184.60009765625,9948.6396484375,2051.60009765625,20684.150390625,16.329999923706055,4808.8701171875,16724.810546875
2016-03-22,7695.5498046875,7728.2001953125,7643.7998046875,7714.89990234375,208900.0,66.95013781982303,93.97580696759906,39.57387740496359,54.401929562635466,98.09624795957603,95.57819183503987,7385.76748046875,7361.295986328125,7907.004990234375,7532.460234878552,7438.484427910953,17.369599164128097,111.85543392153969,4340900.0,0.001382341219943628,0.0013813866658977931,84.400390625,-19.35009765625,41.790000915527344,1248.199951171875,66.5199966430664,17582.5703125,6192.7001953125,9990.0,2049.800048828125,20666.75,16.43000030517578,4821.66015625,17048.55078125
2016-03-23,7717.4501953125,7726.85009765625,7670.60009765625,7716.5,199600.0,67.0142977035472,101.69587090561254,37.83515307438165,63.860717831230886,97.28037058751518,97.11180962304613,7416.114990234375,7364.348984375,7904.405239257813,7560.774044897236,7459.078173991624,17.462858418224446,107.88361721285828,4540500.0,0.00020740355370829633,0.000207382048564695,56.25,0.9501953125,40.470001220703125,1223.699951171875,66.76399993896484,17502.58984375,6199.10009765625,10022.9296875,2036.7099609375,20615.23046875,16.350000381469727,4768.85986328125,17000.98046875
2016-03-28,7741.0,7749.39990234375,7587.7001953125,7615.10009765625,242400.0,59.174509770076796,98.49654564551747,27.70866225142926,70.78788339408821,84.73318874494055,93.36993576401059,7445.934985351563,7366.444990234375,7901.805239257814,7569.131899167854,7470.635353522336,16.64340022159184,111.72762362845769,4298100.0,-0.013140659929210097,-0.013227762297457975,161.69970703125,125.89990234375,40.27000045776367,1219.9000244140625,66.90699768066406,17535.390625,6199.10009765625,10022.9296875,2037.050048828125,20615.23046875,17.489999771118164,4766.7900390625,17134.369140625
2016-03-29,7606.5498046875,7652.89990234375,7582.25,7597.0,216800.0,57.87301913183651,93.42360159000873,18.108574556736414,75.31502703327232,71.03193312078852,84.34849748441474,7477.254980468751,7367.1369921875,7899.1369897460945,7573.419299295876,7479.995697705867,15.825611698233983,108.79350067955,4081300.0,-0.0023768693023248355,-0.0023796985402065656,70.64990234375,9.5498046875,39.13999938964844,1235.5999755859375,66.90699768066406,17633.109375,6105.89990234375,9887.9404296875,2055.010009765625,20366.30078125,17.639999389648438,4846.6201171875,17103.529296875
2016-03-30,7651.10009765625,7741.9501953125,7643.4501953125,7735.2001953125,232600.0,64.32487057887631,99.40893334819975,19.275125051941956,80.1338082962578,70.86425426652141,75.54312537741683,7512.527490234375,7371.1050000000005,7897.2394897460945,7598.308667913818,7498.899734565618,15.856729363490622,111.37612172476071,4313900.0,0.01819141704784788,0.018027932915947852,98.5,-84.10009765625,39.2599983215332,1226.9000244140625,66.36799621582031,17716.66015625,6203.2001953125,10046.6103515625,2063.949951171875,20803.390625,16.809999465942383,4869.2900390625,16878.9609375
2016-03-31,7727.64990234375,7777.60009765625,7702.0,7738.39990234375,380100.0,64.46058330096517,103.22067778405471,18.46949559023753,84.75118219381719,80.36003405025689,74.08540714585561,7550.094995117188,7377.1170019531255,7895.710739746095,7619.861165518423,7516.640487734368,16.1722224709978,108.8206914341528,4694000.0,0.00041365536126503066,0.0004135698294723892,75.60009765625,-10.75,39.599998474121094,1234.199951171875,66.36799621582031,17685.08984375,6174.89990234375,9965.509765625,2059.739990234375,20776.69921875,16.579999923706055,4869.85009765625,16758.669921875
2016-04-01,7718.0498046875,7740.14990234375,7666.10009765625,7713.0498046875,183900.0,62.43415452661957,103.00855320954997,14.605896812586224,88.40265639696375,89.33965710766196,80.18798180814674,7574.632495117187,7384.357998046875,7894.163989257813,7634.197879236743,7531.189326027193,16.040818361957857,106.33705666653475,4510100.0,-0.0032758836421172832,-0.0032812610960895605,74.0498046875,5.0,39.65999984741211,1222.199951171875,66.24800109863281,17792.75,6146.10009765625,9794.6396484375,2072.780029296875,20498.919921875,17.280000686645508,4914.5400390625,16164.16015625
2016-04-04,7733.14990234375,7764.4501953125,7704.39990234375,7758.7998046875,155500.0,64.59722449980718,105.31804474565615,13.53231067895392,91.78573406670223,89.03202067530351,86.24390394440745,7594.129980468751,7390.831992187501,7892.335737304687,7653.3674062291675,7548.049361483511,16.13147783715457,103.03085925955013,4665600.0,0.005931505845093277,0.005913983718554631,60.05029296875,-25.64990234375,37.689998626708984,1218.0,66.35800170898438,17737.0,6164.7001953125,9822.080078125,2066.1298828125,20498.919921875,17.450000762939453,4891.7998046875,16123.26953125
2016-04-05,7736.2998046875,7736.2998046875,7588.64990234375,7603.2001953125,203800.0,53.34639454183583,93.51476534664107,1.38322502395107,92.13154032269,76.93199506715365,85.10122428337303,7600.509985351563,7396.710000000001,7890.524987792969,7645.6493737804485,7552.134608433807,15.010691267163203,107.82507662270726,4461800.0,-0.02005459778469787,-0.020258420894693874,147.64990234375,133.099609375,37.869998931884766,1228.4000244140625,66.13300323486328,17603.3203125,6091.2001953125,9563.3603515625,2045.1700439453125,20177.0,17.829999923706055,4843.93017578125,15732.8203125
2016-04-06,7636.0498046875,7638.64990234375,7591.75,7614.35009765625,165600.0,53.965129807652936,84.09093733954614,-6.43248238651509,90.52341972606123,68.09862546289133,78.02088040178283,7606.959985351563,7403.461005859375,7888.682238769532,7640.834100530572,7556.743163191026,13.969960880742649,103.4732784599246,4627400.0,0.0014664749128432408,0.0014654006885952725,46.89990234375,21.69970703125,39.84000015258789,1222.5,66.46800231933594,17716.05078125,6161.60009765625,9624.509765625,2066.659912109375,20206.669921875,17.350000381469727,4920.72021484375,15715.3603515625
2016-04-07,7630.39990234375,7630.75,7535.85009765625,7546.4501953125,234400.0,49.64700233919239,70.33277860184262,-16.152512899374898,86.48529150121752,43.942867593549096,62.99116270786469,7610.017504882813,7405.941005859375,7886.3449902343755,7626.313499727792,7555.9807211259495,13.55916642543713,102.86089445162642,4393000.0,-0.00891736017820488,-0.008957357794121351,94.89990234375,83.94970703125,39.43000030517578,1236.199951171875,66.53299713134766,17541.9609375,6136.89990234375,9530.6201171875,2041.9100341796875,20266.05078125,16.93000030517578,4848.3701171875,15749.83984375
2016-04-08,7542.35009765625,7569.35009765625,7526.7001953125,7555.2001953125,143400.0,50.200014945419234,59.450086957182066,-21.62816363522836,81.07825059241043,31.005485809472194,47.68232628863754,7611.187524414063,7408.32201171875,7883.884492187501,7615.372991356209,7555.922904399027,13.266774129339586,98.56010930106382,4536400.0,0.0011594855559287076,0.001158813871706803,42.64990234375,-12.85009765625,41.939998626708984,1242.5,66.77899932861328,17576.9609375,6204.39990234375,9622.259765625,2047.5999755859375,20370.400390625,16.43000030517578,4850.68994140625,15821.51953125
2016-04-11,7577.7998046875,7678.7998046875,7516.85009765625,7671.39990234375,179800.0,56.96024068639251,59.51576002488582,-17.24999245401969,76.76575247890551,32.03969299887836,35.66268213396655,7620.450024414064,7412.995009765626,7881.7837426757815,7623.992516123522,7564.4767560986365,12.807557369018532,103.08793771036284,4716200.0,0.015380096361092388,0.015263021567415073,161.94970703125,-93.60009765625,42.83000183105469,1256.699951171875,66.54399871826172,17556.41015625,6200.10009765625,9682.990234375,2041.989990234375,20440.810546875,16.010000228881836,4833.39990234375,15751.1298828125
2016-04-12,7669.25,7717.39990234375,7663.35009765625,7708.9501953125,163400.0,58.90178764009202,61.88443596974139,-11.905053207331292,73.78948917707268,49.10207439520977,37.382417734520104,7630.387524414064,7418.681015624999,7879.455493164062,7637.062928306442,7575.1784923367,12.737407689074606,99.5852139230155,4879600.0,0.004894842329530746,0.0048829015384887434,54.0498046875,-39.7001953125,44.689998626708984,1259.4000244140625,66.29000091552734,17721.25,6242.39990234375,9761.4697265625,2061.719970703125,20504.439453125,16.020000457763672,4872.08984375,15928.7900390625
2016-04-13,7777.14990234375,7864.7998046875,7772.2001953125,7850.4501953125,220400.0,65.26124558587043,74.32274976163899,0.4266084676530397,73.89614129398595,76.27311599241929,52.471627795502464,7645.972534179688,7424.4190234375,7877.582993164063,7669.891738615066,7595.568988853427,13.808720392150729,103.60409931244297,5100000.0,0.018355287868643932,0.018188863004861715,92.599609375,-73.30029296875,44.18000030517578,1246.800048828125,66.31500244140625,17908.279296875,6362.89990234375,10026.099609375,2082.419921875,21158.7109375,16.040000915527344,4947.419921875,16381.2197265625
2016-04-18,7908.14990234375,7920.60009765625,7842.75,7914.7001953125,184600.0,67.70487588453214,88.34624062695457,11.560079466374901,76.78616116057967,89.36227135497936,71.5791539142028,7668.677539062501,7431.5940234375,7875.390996093751,7707.5545781069795,7619.208337480025,15.157204585375956,101.76452776557204,5284600.0,0.008184244011682829,0.008150934704248517,77.85009765625,-6.55029296875,42.90999984741211,1233.5999755859375,66.65299987792969,18004.16015625,6353.5,10120.3095703125,2094.340087890625,21161.5,16.950000762939453,4960.02001953125,16275.9501953125
2016-04-20,7950.0498046875,7950.39990234375,7877.5498046875,7914.75,205300.0,67.70677221702108,98.33048437824709,17.235458574133943,81.09502580411315,95.39729468329394,87.01089401023086,7689.4775390625,7440.77802734375,7873.056997070313,7739.430796859751,7641.100312481504,16.591663634669473,99.6992113291919,5489900.0,6.292681500319475e-06,6.292661701482301e-06,72.85009765625,35.2998046875,45.79999923706055,1253.199951171875,66.22200012207031,18096.26953125,6410.2998046875,10421.2900390625,2102.39990234375,21236.310546875,17.079999923706055,4948.1298828125,16906.5390625
2016-04-21,7953.64990234375,7978.4501953125,7884.10009765625,7912.0498046875,223700.0,67.47544171151358,104.81692205728632,18.977517002538534,85.83940505474779,91.97703358201164,92.24553320676165,7709.4525390625,7451.78302734375,7870.812998046876,7765.98756729479,7661.170645237504,18.094867119177398,99.31713178112462,5266200.0,-0.0003411598992387743,-0.00034121810751646184,94.35009765625,41.60009765625,44.529998779296875,1249.0,66.2040023803711,17982.51953125,6381.39990234375,10435.73046875,2091.47998046875,21622.25,16.510000228881836,4945.89013671875,17363.619140625
2016-04-22,7891.7998046875,7923.35009765625,7873.35009765625,7899.2998046875,183300.0,66.32314167395211,107.68730004448389,17.47831599178889,90.208984052695,86.74847181862162,91.3742666946424,7724.200024414063,7461.6890234375005,7868.319497070313,7786.497142278284,7678.8098422338,19.342783085240374,95.79447951104429,5082900.0,-0.0016114660947212922,-0.0016127659027939515,50.0,-7.5,45.11000061035156,1228.699951171875,66.51200103759766,18003.75,6310.39990234375,10373.490234375,2091.580078125,21467.0390625,16.3799991607666,4906.22998046875,17572.490234375
2016-04-25,7894.7998046875,7911.0,7827.0,7855.0498046875,146300.0,62.343889115017745,105.17905145844816,11.976053924602525,93.20299753384563,80.57834236166866,86.4346159207673,7731.740014648438,7469.008017578125,7865.689248046876,7797.043705725855,7691.864654267407,19.869251890437052,94.95201668882684,4936600.0,-0.005601762319964343,-0.005617511031739854,84.0,39.75,44.47999954223633,1238.9000244140625,66.65299987792969,17977.240234375,6260.89990234375,10294.349609375,2087.7900390625,21304.439453125,16.56999969482422,4895.7900390625,17439.30078125
2016-04-26,7828.14990234375,7974.5,7822.5498046875,7962.64990234375,202400.0,67.45692738266735,110.5987613370271,13.91661104254517,96.68215029448193,84.23230589079046,83.85304002369358,7744.127514648438,7480.516015624999,7863.910495605469,7822.521582128607,7711.92282079158,20.81812550435131,99.02331516194636,5139000.0,0.013698206928241197,0.013605234565983467,151.9501953125,-134.5,45.7400016784668,1242.199951171875,66.70500183105469,17990.3203125,6284.5,10259.58984375,2091.699951171875,21407.26953125,16.579999923706055,4888.27978515625,17353.279296875
2016-04-27,7942.0,7991.0,7940.5498046875,7979.89990234375,206800.0,68.20234522899224,114.96065641184578,14.622804893891072,100.3378515179547,89.16760889579945,84.65941904941951,7757.297509765625,7494.150009765625,7861.967495117187,7846.733631392475,7731.772974980629,21.813817397397806,95.55380660127163,5345800.0,0.0021663642394880167,0.002164021055994669,50.4501953125,-37.89990234375,47.18000030517578,1249.199951171875,66.45700073242188,18041.55078125,6319.89990234375,10299.830078125,2095.14990234375,21361.599609375,16.350000381469727,4863.14013671875,17290.490234375
2016-04-28,7967.39990234375,7992.0,7834.4501953125,7847.25,292500.0,57.32784375274557,106.48624403094254,4.918714010390275,101.56753002055227,87.923979222631,87.1079646697403,7768.905004882812,7506.781005859376,7858.938496093751,7846.81307271671,7740.326828685767,21.366614861941322,99.98209217885938,5053300.0,-0.016623003291656557,-0.016762715869970777,157.5498046875,120.14990234375,48.13999938964844,1265.5,66.3550033569336,17830.759765625,6322.39990234375,10321.150390625,2075.81005859375,21388.029296875,16.600000381469727,4805.2900390625,16666.05078125
2016-04-29,7844.25,7889.0498046875,7788.7001953125,7849.7998046875,243700.0,57.46822471739937,98.83663192375661,-2.184718477436533,101.02135040119315,79.08914625171059,85.39357812338034,7781.544995117187,7524.25,7855.962993164063,7847.272569942986,7748.435938019229,20.439035002523745,100.00834340715514,5297000.0,0.00032492971263820003,0.0003248769344116223,100.349609375,-5.5498046875,48.130001068115234,1289.199951171875,66.43800354003906,17773.640625,6241.89990234375,10038.9697265625,2065.300048828125,21067.05078125,16.540000915527344,4775.35986328125,16666.05078125
2016-05-02,7822.7001953125,7829.7998046875,7777.2998046875,7805.89990234375,146300.0,54.16438641382381,88.21501618929506,-10.245067369518466,98.46008355881352,66.81396119166065,77.94236222200075,7785.07998046875,7540.748994140626,7852.567990722657,7840.907544158488,7752.692527969193,19.45087255763741,98.04346173521549,5150700.0,-0.005592486870497626,-0.005608183374211703,52.5,16.80029296875,48.099998474121094,1294.699951171875,66.41799926757812,17891.16015625,6241.89990234375,10123.26953125,2081.429931640625,21067.05078125,17.09000015258789,4817.58984375,16147.3798828125
2016-05-03,7824.7998046875,7890.25,7735.14990234375,7747.0,186500.0,50.010206032967915,74.18937044183167,-19.416570493585482,93.60594093541715,59.78109293222636,68.56140012519919,7785.509985351563,7552.4299902343755,7848.692238769531,7826.460229672566,7752.2708592307345,19.104040680971924,102.1189357295751,4964200.0,-0.0075455620851691,-0.007574173857563739,155.10009765625,77.7998046875,46.75,1290.699951171875,66.37100219726562,17750.91015625,6185.60009765625,9926.76953125,2063.3701171875,20676.939453125,17.459999084472656,4763.22021484375,16147.3798828125
2016-05-04,7724.14990234375,7749.0,7697.25,7706.5498046875,199700.0,47.325729737108695,59.12835753280251,-27.582066722091724,86.71042425489424,40.805104986371724,55.80005303675291,7785.184985351563,7565.595986328126,7844.6709887695315,7808.012471982556,7748.884114449754,18.33496834020383,98.52115460603402,4764500.0,-0.0052214012278947175,-0.005235080380291306,51.75,17.60009765625,44.619998931884766,1273.300048828125,66.59200286865234,17651.259765625,6112.0,9828.25,2051.1201171875,20525.830078125,17.450000762939453,4725.64013671875,16147.3798828125
2016-05-05,7731.0,7777.5498046875,7706.85009765625,7735.5,185100.0,49.418438165059065,48.96400849757629,-30.197132605854364,79.16114110343065,24.85300725778012,41.81306839212606,7784.019995117188,7578.136982421876,7841.533239746094,7796.856707062163,7747.892698564587,17.898591163276535,96.55535784846016,4949600.0,0.003756570196288278,0.003749531907512104,70.69970703125,-4.5,45.0099983215332,1271.4000244140625,66.62000274658203,17660.7109375,6117.2998046875,9851.8603515625,2050.6298828125,20449.8203125,17.170000076293945,4717.08984375,16147.3798828125
2016-05-06,7717.64990234375,7738.89990234375,7678.35009765625,7733.4501953125,163600.0,49.26918236456715,40.27897559179928,-31.105732409305105,71.38470800110439,14.563028513948705,26.740380252700184,7790.532495117188,7588.970986328126,7838.557741699219,7787.101859100676,7746.822883508877,17.14373811622687,93.98353262267729,4786000.0,-0.00026498670900398924,-0.00026502182418547155,60.5498046875,-15.80029296875,45.369998931884766,1292.9000244140625,66.60199737548828,17740.630859375,6125.7001953125,9869.9501953125,2057.139892578125,20109.869140625,16.950000762939453,4736.16015625,16106.7197265625
2016-05-09,7755.25,7873.64990234375,7753.5498046875,7866.0498046875,160600.0,58.087742856995874,43.59318958337917,-22.23321473418018,65.82640431755935,30.12939604017128,23.1818106039667,7803.117480468751,7602.076982421875,7836.085241699219,7799.247696883264,7755.654507299885,17.64572321165299,97.28468793757534,4946600.0,0.01714624210748439,0.017000904277695215,120.10009765625,-110.7998046875,43.630001068115234,1265.5999755859375,66.59400177001953,17705.91015625,6114.7998046875,9980.490234375,2058.68994140625,20156.810546875,16.610000610351562,4750.2099609375,16216.0302734375
2016-05-10,7873.5498046875,7896.89990234375,7837.7001953125,7887.7998046875,162000.0,59.336372538184115,47.42805023680012,-14.718683264607392,62.14673350140751,48.06309076237698,30.918505105498987,7820.1849609375,7615.141982421876,7833.225988769532,7812.871098083916,7765.443047847116,18.288777004100186,94.5643321585521,5108600.0,0.002765047328716186,0.0027612316174809364,59.19970703125,-14.25,45.52000045776367,1263.9000244140625,66.72100067138672,17928.349609375,6156.7001953125,10045.4404296875,2084.389892578125,20242.6796875,16.420000076293945,4809.8798828125,16565.189453125
2016-05-11,7804.64990234375,7893.10009765625,7780.89990234375,7848.85009765625,214100.0,56.11247207875078,46.78498095437408,-12.28940203762675,59.07438299200083,60.32728527579505,46.17325735944777,7834.867456054688,7629.927988281251,7830.199741210938,7818.406328787351,7771.621347832977,18.169981357553127,95.82403666954838,4894500.0,-0.00493796850778383,-0.004950200558543867,112.2001953125,-44.2001953125,47.599998474121094,1274.5999755859375,66.66600036621094,17711.119140625,6162.5,9975.3203125,2064.4599609375,20055.2890625,16.959999084472656,4760.68994140625,16579.009765625
2016-05-12,7871.4501953125,7916.0498046875,7849.64990234375,7900.39990234375,152700.0,59.26686628560577,49.8602247001445,-7.371326633485069,57.23155133362957,63.9778627083155,57.4560795821625,7846.317456054689,7647.561982421876,7827.082741699219,7831.020724719105,7781.16050001896,18.25791656420266,93.77944169538421,5047200.0,0.006567816182767139,0.006546342052207653,66.39990234375,-28.94970703125,48.08000183105469,1270.300048828125,66.59100341796875,17720.5,6104.2001953125,9862.1201171875,2064.110107421875,19915.4609375,16.329999923706055,4737.330078125,16646.33984375
2016-05-13,7881.0,7881.0,7784.2001953125,7814.89990234375,179500.0,52.52383671562254,44.88088319383769,-9.88053451183351,54.7614177056712,56.23038143498014,60.17850980636355,7851.614941406251,7664.447978515625,7823.1169921875,7828.540598199819,7783.6597150059815,17.548493878552833,95.38088921937462,4867700.0,-0.010822236982540034,-0.010881223351540733,96.7998046875,66.10009765625,47.83000183105469,1271.9000244140625,66.7509994506836,17535.3203125,6138.5,9952.900390625,2046.6099853515625,19719.2890625,17.0,4717.68017578125,16412.2109375
2016-05-16,7831.2001953125,7873.89990234375,7772.14990234375,7860.75,205200.0,55.450955373617795,44.125784297443715,-8.508506726581992,52.63429102402571,57.495050763726184,59.234431635673936,7852.129931640626,7681.067978515625,7819.371494140625,7833.495890784463,7789.370106487019,16.75000994605184,95.83582570370501,5072900.0,0.005867010227795566,0.005849866346159204,101.75,-29.5498046875,48.970001220703125,1273.4000244140625,66.9000015258789,17710.7109375,6151.39990234375,9952.900390625,2066.659912109375,19883.94921875,17.030000686645508,4775.4599609375,16466.400390625
2016-05-17,7896.85009765625,7940.10009765625,7879.7001953125,7890.75,183400.0,57.305766151209845,45.424487050438984,-5.767843178869384,51.19233022930837,56.4695015476904,56.73164458213223,7850.932421875001,7699.141982421876,7815.807993164063,7842.30421527916,7796.879728228721,16.654136160907576,94.65827370031536,5256300.0,0.003816429729987636,0.0038091656381104887,60.39990234375,6.10009765625,49.279998779296875,1276.199951171875,66.875,17529.98046875,6167.7998046875,9890.1904296875,2047.2099609375,20118.80078125,16.3700008392334,4715.72998046875,16652.80078125
2016-05-18,7846.75,7882.0498046875,7810.75,7870.14990234375,156400.0,55.594086368115434,44.281018601714095,-5.529049302075421,49.810067903789516,66.38290572831278,60.11581934657645,7848.702416992188,7712.098984375,7812.511491699219,7846.588167135252,7802.307148533538,15.759769062681015,93.61125415029284,5099900.0,-0.002610664088489645,-0.002614077814670393,71.2998046875,-23.39990234375,48.93000030517578,1273.699951171875,66.86799621582031,17526.619140625,6165.7998046875,9943.23046875,2047.6300048828125,19826.41015625,16.450000762939453,4739.1201171875,16644.689453125
2016-05-19,7875.5,7876.2001953125,7766.7998046875,7783.39990234375,170400.0,48.961757078249605,35.96028385012778,-11.079827242929397,47.04011109305718,60.376125889515464,61.07617772183954,7842.269921875,7720.389980468751,7808.260991210938,7836.866895628867,7800.906611778739,14.8063267028835,94.73904961277192,4929500.0,-0.011022661712474568,-0.011083861385826453,109.400390625,92.10009765625,48.810001373291016,1254.199951171875,67.16000366210938,17435.400390625,6053.39990234375,9795.8896484375,2040.0400390625,19694.330078125,17.059999465942383,4712.52978515625,16646.66015625
2016-05-20,7792.2001953125,7812.39990234375,7735.75,7749.7001953125,157000.0,46.63428678065921,26.34309014938208,-16.557616754940078,42.900706904322156,46.88948831980261,57.88283997921028,7834.78994140625,7725.871982421876,7804.060493164063,7823.456634041733,7797.113543892351,14.239085278323632,93.44696766498464,4772500.0,-0.0043296897826234915,-0.004339090032687426,76.64990234375,42.5,48.720001220703125,1252.4000244140625,67.47699737548828,17500.939453125,6156.2998046875,9916.01953125,2052.320068359375,19852.19921875,16.43000030517578,4769.56005859375,16736.349609375
2016-05-23,7813.9501953125,7820.60009765625,7722.2001953125,7731.0498046875,172000.0,45.34945659774209,17.020265175586246,-20.704353382988728,37.724618558574974,29.17537209487424,45.4803287680641,7828.58994140625,7730.785976562501,7800.107993164063,7809.240198756466,7792.21993358088,13.852036216324972,93.80074871346788,4600500.0,-0.0024065951139995434,-0.0024094956185153732,98.39990234375,82.900390625,48.349998474121094,1251.0999755859375,67.4229965209961,17492.9296875,6136.39990234375,9842.2900390625,2048.0400390625,19809.029296875,16.15999984741211,4765.77978515625,16654.599609375
2016-05-24,7738.0498046875,7761.5498046875,7715.7998046875,7748.85009765625,147000.0,46.854438550443966,10.94206082979872,-21.426046183021008,32.36810701281973,24.775524315504615,33.613461576727154,7817.899951171876,7736.056982421876,7797.047243652345,7799.949413971817,7789.0073531420185,13.56145876739717,90.3685523767916,4747500.0,0.002302441895789764,0.0022997953380331686,45.75,-10.80029296875,48.61000061035156,1228.9000244140625,67.447998046875,17706.05078125,6219.2998046875,10057.3095703125,2076.06005859375,19830.4296875,16.219999313354492,4861.06005859375,16498.759765625
2016-05-25,7811.7998046875,7941.2001953125,7809.2998046875,7934.89990234375,176200.0,59.430026149220275,20.89681892905537,-9.177030467011488,30.07384939606686,48.223595347514305,34.05816391929772,7815.649951171875,7744.118984375,7795.036743164063,7820.711027567499,7799.814208638443,13.792413059138873,97.65294846818148,4923700.0,0.024009988881288802,0.023726281336622208,131.900390625,-123.10009765625,49.7400016784668,1223.5,67.6510009765625,17851.509765625,6262.89990234375,10205.2099609375,2090.5400390625,20368.05078125,15.520000457763672,4894.89013671875,16757.349609375
2016-05-26,7974.4501953125,8083.0,7948.5,8069.64990234375,264300.0,65.7511158407258,39.207278192815465,7.306743037398885,31.90053515541658,73.63384567204162,48.877655111686835,7826.769946289062,7755.788984375,7793.509743652345,7859.009315994615,7819.802037801799,15.021198047105885,101.25631626732924,5188000.0,0.016981940750153468,0.01683935953427849,134.5,-95.19970703125,49.59000015258789,1220.0999755859375,67.30400085449219,17828.2890625,6265.7001953125,10272.7099609375,2090.10009765625,20397.109375,15.329999923706055,4901.77001953125,16772.4609375
2016-05-27,8081.9501953125,8164.2001953125,8077.0498046875,8156.64990234375,260900.0,69.09875308721003,60.04644396136973,22.51672704476252,37.529716916607214,97.42787040977788,73.09510380977792,7842.112451171875,7768.717978515626,7792.183994140625,7904.800175432943,7844.753731471574,16.63157847619434,100.777314603145,5448900.0,0.010781136858828422,0.010723434761836886,87.150390625,-74.69970703125,49.31999969482422,1213.800048828125,66.9540023803711,17873.220703125,6270.7998046875,10286.3095703125,2099.06005859375,20576.76953125,15.260000228881836,4933.5,16834.83984375
2016-05-30,8166.5,8200.0,8150.7998046875,8178.5,247400.0,69.89464578329877,77.43216346245845,31.92195723668098,45.510206225777466,96.74673797651872,89.26948468611273,7860.742456054688,7781.512978515626,7790.412246093751,7946.907840750952,7869.475677288494,18.31984145465673,97.09323465381321,5696300.0,0.0026788078338353394,0.002675226223002301,49.2001953125,-12.0,49.31999969482422,1213.800048828125,67.02400207519531,17873.220703125,6270.7998046875,10333.23046875,2099.06005859375,20629.390625,15.979999542236328,4933.5,17068.01953125
2016-05-31,8209.849609375,8213.599609375,8134.2998046875,8160.10009765625,471000.0,68.29934753288862,88.70323737506351,34.554424919428826,54.14881245563468,94.3762217697678,96.18361005202146,7881.3974609375,7795.502978515626,7788.497497558594,7979.706649505613,7891.00341213055,19.67691593138879,95.82227537050514,5225300.0,-0.0022497893677019265,-0.0022523239460265896,79.2998046875,49.74951171875,49.689998626708984,1214.800048828125,67.13300323486328,17787.19921875,6230.7998046875,10262.740234375,2096.949951171875,20815.08984375,16.049999237060547,4948.0498046875,17234.98046875
2016-06-01,8179.2001953125,8215.349609375,8171.0498046875,8179.9501953125,194400.0,69.11824911279285,98.10647130908364,35.16612708275917,62.94034422632448,92.5754101524746,94.56612329958703,7905.06748046875,7809.126982421875,7786.812746582032,8010.513348860519,7912.406877551435,20.94777991935411,92.9242208239512,5419700.0,0.0024325801667495206,0.0024296262330994575,44.2998046875,-0.75,49.709999084472656,1211.9000244140625,67.23100280761719,17789.669921875,6191.89990234375,10204.4404296875,2099.330078125,20760.98046875,15.84000015258789,4952.25,16955.73046875
2016-06-02,8156.89990234375,8229.5,8154.75,8218.9501953125,181700.0,70.71869354723488,107.46676602879688,35.62113744197792,71.84562858681896,93.37095117700997,93.44086103308412,7929.239990234375,7823.254990234375,7785.067746582032,8042.5805560069775,7935.113789978181,21.89750135911652,91.62606219366897,5601400.0,0.00476775519028827,0.004756425442880727,74.75,-62.05029296875,50.040000915527344,1209.800048828125,67.4260025024414,17838.560546875,6185.60009765625,10208.0,2105.260009765625,20859.220703125,15.09000015258789,4971.35986328125,16562.55078125
2016-06-03,8246.2001953125,8262.0,8209.849609375,8220.7998046875,379000.0,70.79599385281634,113.72318496414118,33.502045101857775,80.22113986228341,94.43899671102834,93.46178601350431,7953.607470703126,7835.583984375001,7783.228493652345,8069.998901957827,7956.275716993686,23.004649359264057,88.80637136733547,5980400.0,0.00022504204686080165,0.00022501672869773692,52.150390625,25.400390625,49.63999938964844,1240.0999755859375,67.29199981689453,17807.060546875,6209.60009765625,10103.259765625,2099.1298828125,20947.240234375,15.0,4942.52001953125,16642.23046875
2016-06-06,8228.75,8234.7001953125,8186.0498046875,8201.0498046875,171600.0,68.71014240661201,115.75344840392245,28.425846833311226,87.32760157061122,93.081435144821,93.6304610109531,7970.357470703126,7845.519980468751,7781.410744628906,8090.160579300853,7974.4071308969305,23.675042775520296,85.93808702859722,5808800.0,-0.002402442641741276,-0.0024053331374929024,48.650390625,27.7001953125,50.54999923706055,1244.5999755859375,66.99199676513672,17920.330078125,6273.39990234375,10121.080078125,2109.409912109375,21030.220703125,15.359999656677246,4968.7099609375,16580.029296875
2016-06-07,8235.5498046875,8294.9501953125,8216.400390625,8266.4501953125,241900.0,71.6851425885289,121.24210820399094,27.131605306703776,94.11050289728716,92.12566429591354,93.21536538392095,7989.289990234376,7856.550986328126,7780.114997558594,8117.28205868726,7996.039950483269,24.734012210621614,86.50682299976886,6050700.0,0.007974636440766236,0.007943007071457264,78.5498046875,-30.900390625,51.439998626708984,1244.4000244140625,66.8010025024414,17938.279296875,6284.5,10287.6796875,2112.1298828125,21328.240234375,14.869999885559082,4961.75,16675.44921875
2016-06-08,8285.5,8288.900390625,8252.0498046875,8273.0498046875,174300.0,71.97471423241362,124.68712835984024,24.461300370042466,100.22582798979778,93.37952726771954,92.86220890281803,8010.499975585937,7867.681982421876,7779.168498535157,8141.246327302682,8016.559198942842,25.717340971787124,82.95994892389251,6225000.0,0.0007983607496653278,0.0007980422292402209,36.8505859375,12.4501953125,52.5099983215332,1259.800048828125,66.76300048828125,18005.05078125,6301.5,10217.0302734375,2119.1201171875,21297.880859375,15.140000343322754,4974.64013671875,16830.919921875
2016-06-09,8273.349609375,8273.349609375,8184.60009765625,8203.599609375,174900.0,64.49927971709243,120.42509576915381,16.159414223484816,104.265681545669,91.8414411376219,92.44887756708499,8025.6599609375,7879.45197265625,7778.439245605469,8150.839139929192,8030.414044160038,25.591484817696404,83.37348912352519,6050100.0,-0.0083947512649023,-0.008430185637149968,88.74951171875,69.75,51.95000076293945,1270.199951171875,66.51000213623047,17985.189453125,6231.89990234375,10088.8701171875,2115.47998046875,21297.880859375,15.670000076293945,4958.6201171875,16668.41015625
2016-06-10,8180.25,8265.599609375,8162.85009765625,8170.0498046875,182200.0,61.192856606806096,113.03719298634587,7.017209152541483,106.01998383380439,86.29306129331422,90.50467656621855,8043.417456054687,7890.912968750001,7777.510246582032,8153.794626815085,8040.7574338287395,25.16307806961882,84.75749073746982,5867900.0,-0.004089644337244347,-0.004098029802836798,102.74951171875,10.2001953125,50.540000915527344,1273.4000244140625,66.74099731445312,17865.33984375,6115.7998046875,9834.6201171875,2096.070068359375,21042.640625,15.970000267028809,4894.5498046875,16601.359375
2016-06-13,8102.25,8125.25,8063.89990234375,8110.60009765625,169700.0,55.74010457698638,101.2183501541731,-3.8413069437050495,105.05965709787814,74.90040905827911,84.34497049640507,8055.909960937501,7898.420966796875,7775.470498046876,8147.149314636803,8045.93096448263,23.509165081798102,86.28552013791841,5698200.0,-0.007276541569812833,-0.007303144729646939,61.35009765625,-8.35009765625,50.349998474121094,1284.4000244140625,66.94499969482422,17732.48046875,6045.0,9657.4404296875,2079.06005859375,20512.990234375,16.579999923706055,4848.43994140625,16019.1796875
2016-06-14,8134.39990234375,8134.9501953125,8069.5,8108.85009765625,145500.0,55.5830933358334,90.66548639501525,-11.51533656229033,102.18082295730558,62.25272353432542,74.48206462863958,8066.814965820313,7905.829970703126,7773.628249511719,8141.257127409025,8050.59164101401,22.080384275522714,84.79728265038852,5552700.0,-0.00021576701833758705,-0.00021579029938960387,65.4501953125,25.5498046875,49.83000183105469,1285.5999755859375,67.15399932861328,17674.8203125,5923.5,9519.2001953125,2075.320068359375,20387.529296875,17.190000534057617,4843.5498046875,15859.0
2016-06-15,8139.39990234375,8213.2001953125,8123.14990234375,8206.599609375,169800.0,62.01875742108487,89.16203012372443,-10.415034266864922,99.57706439058936,56.695210035352574,64.61611420931904,8083.637451171875,7915.700966796876,7772.328498535157,8151.309816942252,8062.1477868185275,21.561659561633725,86.19391229366435,5722500.0,0.012054669964487674,0.011982591110193301,90.05029296875,-67.19970703125,48.970001220703125,1285.800048828125,67.2979965209961,17640.169921875,5966.7998046875,9606.7099609375,2071.5,20467.51953125,17.059999465942383,4834.93017578125,15919.580078125
2016-06-16,8180.64990234375,8180.64990234375,8074.4501953125,8140.75,189200.0,56.11968691053868,81.71505674024866,-14.289606120272566,96.00466286052122,47.10208481873151,55.35000612946983,8101.504956054688,7923.339970703125,7770.556496582032,8149.685229720367,8067.970172980118,20.48253772433949,89.47644813429547,5533300.0,-0.008023982222768011,-0.008056347617289792,106.19970703125,39.89990234375,47.189998626708984,1296.0999755859375,67.072998046875,17733.099609375,5950.5,9550.4697265625,2077.989990234375,20038.419921875,17.700000762939453,4844.919921875,15434.1396484375
2016-06-17,8176.64990234375,8195.25,8135.7998046875,8170.2001953125,166600.0,58.04187659484446,77.2986110460406,-14.964841451584505,92.26345249762511,47.00998117039419,50.26909200815942,8122.529956054687,7934.679970703124,7769.543747558595,8152.841378273002,8075.542767226962,19.63404014154789,87.33171578988151,5699900.0,0.003617626792678852,0.0036110989197415846,59.4501953125,6.44970703125,49.16999816894531,1292.5,67.30699920654297,17675.16015625,6021.10009765625,9631.3603515625,2071.219970703125,20169.98046875,17.350000381469727,4800.33984375,15599.66015625
2016-06-20,8115.75,8244.150390625,8107.35009765625,8238.5,168600.0,62.17966142238859,78.40595441116511,-11.085998469168004,89.49195288033312,51.61221015051709,48.57475871321426,8147.902465820312,7947.162968749999,7769.2364965820325,8166.019627769463,8087.613673358298,19.345833957434614,90.86518558837213,5868500.0,0.008359624373303065,0.008324876233428225,136.80029296875,-122.75,50.650001525878906,1290.0,67.06600189208984,17804.869140625,6204.0,9962.01953125,2083.25,20510.19921875,17.520000457763672,4837.2099609375,15965.2998046875
2016-06-21,8255.400390625,8257.25,8202.150390625,8219.900390625,137000.0,60.431880476750656,76.89628644895583,-10.076533145101834,86.97281959405767,63.0311368277644,53.88444271622522,8171.45498046875,7960.63197265625,7771.290998535157,8174.308975901084,8097.412689452128,19.20845820238234,88.31050157313126,5731500.0,-0.002257645126540031,-0.0022601974495153427,55.099609375,35.5,50.619998931884766,1270.5,67.12999725341797,17829.73046875,6226.60009765625,10015.5400390625,2088.89990234375,20668.439453125,17.260000228881836,4843.759765625,16169.1103515625
2016-06-22,8213.650390625,8238.349609375,8153.25,8203.7001953125,136100.0,58.87948015204093,73.54486393000116,-10.742364531245215,84.28722846124637,67.86413942784202,60.83582880204116,8184.894995117188,7973.60197265625,7772.905998535157,8178.830701964379,8105.285838034378,18.410652770669408,88.0811521304076,5595400.0,-0.0019708505629796313,-0.001972795244488282,85.099609375,9.9501953125,49.880001068115234,1268.0,67.60600280761719,17780.830078125,6261.2001953125,10071.0595703125,2085.449951171875,20795.119140625,18.18000030517578,4833.31982421875,16065.7197265625
2016-06-23,8201.150390625,8285.599609375,8188.2998046875,8270.4501953125,154100.0,63.087056431118654,75.40577376352576,-7.105163758176502,82.51093752170226,72.47355366719428,67.7896099742669,8194.935009765624,7985.582978515625,7775.298999023438,8192.92600863332,8117.520234869794,18.174107975201505,88.73962731305706,5749500.0,0.008136572328440339,0.00810364889252149,97.2998046875,-69.2998046875,50.90999984741211,1261.199951171875,67.4219970703125,18011.0703125,6338.10009765625,10257.0302734375,2113.320068359375,20868.33984375,18.020000457763672,4910.0400390625,16238.349609375
2016-06-24,8029.10009765625,8100.7001953125,7927.0498046875,8088.60009765625,297600.0,48.52079083770594,61.49786599939489,-16.810457217845894,78.30832321724078,64.60470132565648,68.31413147356426,8191.53251953125,7993.1759765625,7775.997248535156,8176.875868483001,8115.378002483606,18.37662181012618,106.9296818353387,5451900.0,-0.021987932139331257,-0.02223326969761141,173.650390625,-59.5,48.40999984741211,1320.0,67.24199676513672,17400.75,6138.7001953125,9557.16015625,2037.4100341796875,20259.130859375,18.6299991607666,4707.97998046875,14952.01953125
2016-06-27,8039.35009765625,8120.64990234375,8039.35009765625,8094.7001953125,162500.0,48.94662485461684,50.38714416247694,-22.336943243811078,72.72408740628802,59.87968523301621,65.65264674195566,8187.342529296875,7998.0609765625,7776.460998535156,8164.233457226001,8113.846313063524,18.347285591247644,105.09897632477879,5614400.0,0.0007541598771854119,0.0007538756415223447,81.2998046875,-55.35009765625,47.15999984741211,1322.5,67.87699890136719,17140.240234375,5982.2001953125,9268.66015625,2000.5400390625,20227.30078125,18.530000686645508,4594.43994140625,15309.2099609375
2016-06-28,8096.0498046875,8146.35009765625,8086.85009765625,8127.85009765625,170400.0,51.30401668278433,43.752386851430856,-23.177360443885732,66.92974729531659,48.74875556730615,57.744380708659605,8185.730029296875,8002.323974609375,7777.243750000001,8158.636017292193,8114.883630440762,18.035954408500725,101.84190658729459,5784800.0,0.004095260052119798,0.004086897298664459,59.5,-31.80029296875,48.58000183105469,1315.300048828125,67.9209976196289,17409.720703125,6140.39990234375,9447.2802734375,2036.0899658203125,20172.4609375,17.729999542236328,4691.8701171875,15323.1396484375
2016-06-29,8173.10009765625,8212.400390625,8157.64990234375,8204.0,147000.0,56.29628017282928,44.130248554227364,-18.239598992871386,62.36984754709875,59.858869702021565,56.162436834114644,8186.93251953125,8008.108974609375,7779.3344995117195,8165.615091554933,8121.484843000706,17.051933869764,100.60679132882711,5931800.0,0.009369009200318468,0.009325392253691965,54.75048828125,-30.89990234375,50.61000061035156,1323.9000244140625,67.70500183105469,17694.6796875,6360.10009765625,9612.26953125,2070.77001953125,20436.119140625,16.15999984741211,4779.25,15566.830078125
2016-06-30,8260.25,8308.150390625,8242.099609375,8287.75,279400.0,61.02837095424606,50.60429691335048,-9.412440506998621,60.0167374203491,75.96406779886809,61.523897689398595,8190.372509765626,8015.622978515625,7782.188249511719,8184.405077469559,8133.800780556208,16.40530253844359,100.85990556426805,6211200.0,0.010208434909800168,0.010156680759383653,66.05078125,-27.5,49.68000030517578,1318.4000244140625,67.41600036621094,17929.990234375,6504.2998046875,9680.08984375,2098.860107421875,20794.369140625,16.290000915527344,4842.669921875,15575.919921875
2016-07-01,8313.0498046875,8356.75,8308.650390625,8328.349609375,165500.0,63.11345863737767,58.33858515723932,-1.342521810487824,59.681106967727146,88.42646472958296,74.74980074349087,8195.75,8024.203974609376,7784.7149975585935,8206.550390070395,8148.211804913156,16.201704390353036,98.5841980239632,6376700.0,0.00489874928358125,0.004886789454209853,48.099609375,-15.2998046875,49.84000015258789,1336.699951171875,67.5009994506836,17949.369140625,6577.7998046875,9776.1201171875,2102.949951171875,20794.369140625,15.739999771118164,4862.56982421875,15682.48046875
2016-07-04,8376.75,8398.4501953125,8364.7001953125,8370.7001953125,154200.0,65.20476558907096,67.11177983726975,5.944538295634075,61.167241541635676,94.05030476067597,86.14694576304234,8204.232519531251,8034.516982421876,7788.293249511718,8231.804206261488,8164.692426424218,16.33899396461651,96.54965430350154,6530900.0,0.005085111447510116,0.005072225932684971,33.75,6.0498046875,49.84000015258789,1336.699951171875,67.18199920654297,17949.369140625,6522.2998046875,9709.08984375,2102.949951171875,21059.19921875,15.579999923706055,4862.56982421875,15775.7998046875
2016-07-05,8379.2998046875,8381.4501953125,8319.9501953125,8335.9501953125,139000.0,62.09391633617513,70.44847903288064,7.424989992995968,63.02348903988467,91.41518866108215,91.29731938378035,8207.70751953125,8041.98298828125,7792.179001464844,8247.82666611549,8177.37818708261,15.980780415729853,94.04610756753715,6391900.0,-0.0041513850919495665,-0.00416002601386157,61.5,43.349609375,47.959999084472656,1356.4000244140625,67.23699951171875,17840.619140625,6545.39990234375,9532.6103515625,2088.550048828125,20750.720703125,15.359999656677246,4822.89990234375,15669.330078125
2016-07-07,8342.0,8361.9501953125,8317.7001953125,8337.900390625,155500.0,62.20290117274194,72.41544151553353,7.513561980519086,64.90187953501444,89.33675012533301,91.60074784903037,8210.950048828125,8049.142998046875,7795.427253417969,8261.684162193877,8189.268720678343,15.623445450082166,90.4892427412845,6547400.0,0.00023394997172565546,0.0002339226096985007,44.25,4.099609375,46.400001525878906,1360.0999755859375,67.4010009765625,17895.880859375,6533.7998046875,9418.7802734375,2097.89990234375,20706.919921875,15.3100004196167,4876.81005859375,15276.240234375
2016-07-08,8350.0,8353.2998046875,8287.5498046875,8323.2001953125,137900.0,60.7842427169631,71.95859663780539,5.6453736822327585,66.31322295557263,85.97796348700611,88.90996742447376,8216.930078125,8058.662001953125,7797.9502539062505,8271.14816728905,8199.189570651244,14.951435645794685,88.72215397404989,6409500.0,-0.0017630571995113087,-0.0017646132140196943,65.75,26.7998046875,46.7599983215332,1356.5999755859375,67.49700164794922,18146.740234375,6590.60009765625,9629.66015625,2129.89990234375,20564.169921875,15.079999923706055,4956.759765625,15106.98046875
2016-07-11,8413.349609375,8475.25,8407.0498046875,8467.900390625,149800.0,68.4194041742491,82.32366427548004,12.80835305592592,69.51531121955412,89.95052631775329,88.42174664336413,8231.822607421876,8071.024013671875,7801.349255371094,8301.417740109966,8219.094075834486,15.382477942610985,93.24555759643918,6559300.0,0.017385163388715874,0.01723577043083921,68.2001953125,-54.55078125,46.25,1355.0,67.13200378417969,18226.9296875,6682.89990234375,9833.41015625,2137.159912109375,20880.5,14.850000381469727,4988.64013671875,15708.8203125
2016-07-12,8502.599609375,8526.599609375,8479.2001953125,8521.0498046875,183600.0,70.67764625187624,93.74612164587415,19.38464834105602,74.36147330481813,93.92352758102058,89.95067246192666,8252.345092773438,8085.32701171875,7805.0080053710935,8335.20728850651,8241.461166860636,16.158937625193825,90.77796196455067,6742900.0,0.006276575256050743,0.006256959594241648,47.3994140625,-18.4501953125,48.470001220703125,1334.0999755859375,67.1449966430664,18347.669921875,6680.7001953125,9964.0703125,2152.139892578125,21224.740234375,14.779999732971191,5022.81982421875,16095.650390625
2016-07-13,8540.4501953125,8550.25,8493.5498046875,8519.5,195500.0,70.51929506948973,101.50337736959045,21.71352325181786,79.78985411777259,97.59981640246627,93.82462343374671,8272.877587890625,8100.77701171875,7808.244255371094,8363.560013351662,8262.056635982071,17.04852367922582,88.34383577511849,6547400.0,-0.00018187954806314632,-0.0001818960901539572,56.7001953125,20.9501953125,46.2599983215332,1342.4000244140625,66.87000274658203,18372.119140625,6670.39990234375,9930.7099609375,2152.429931640625,21322.369140625,15.329999923706055,5005.72998046875,16231.4296875
2016-07-14,8515.75,8571.400390625,8500.7001953125,8565.0,153900.0,72.46946725521082,110.05389535974427,24.21123299357734,85.84266236616693,97.71560676462164,96.41298358270282,8290.797607421875,8117.946015625,7811.923754882813,8394.550780528329,8284.496885168584,18.027036386137176,87.08357574207432,6701300.0,0.005340689007570898,0.005326478102926448,70.7001953125,-49.25,47.369998931884766,1331.300048828125,67.00599670410156,18506.41015625,6654.5,10068.2998046875,2163.75,21561.060546875,15.609999656677246,5034.06005859375,16385.890625
2016-07-15,8565.4501953125,8594.7998046875,8510.0498046875,8541.400390625,221700.0,69.88714467681615,113.61625377385644,22.218873126151607,91.39738064770484,94.81958536021084,96.71166950909958,8310.830126953126,8134.064023437499,7815.135007324219,8417.143028235509,8303.526774461652,19.1058181283003,86.91689176049758,6479600.0,-0.0027553542761237226,-0.0027591572520208334,84.75,24.0498046875,47.61000061035156,1326.5,66.83799743652344,18516.55078125,6669.2001953125,10066.900390625,2161.739990234375,21659.25,15.640000343322754,5029.58984375,16497.849609375
2016-07-18,8564.0498046875,8587.099609375,8494.349609375,8508.7001953125,164300.0,66.3586984861541,112.50394061156476,16.885247971087935,95.61869264047682,90.8141816445616,94.44979125646469,8327.755126953125,8149.5690234375,7817.769008789063,8431.228746247354,8318.72480563579,19.87690759587611,87.33354234903346,6315300.0,-0.003828434895569499,-0.0038357821106622886,92.75,55.349609375,46.959999084472656,1328.4000244140625,67.13300323486328,18533.05078125,6695.39990234375,10063.1298828125,2166.889892578125,21803.1796875,15.989999771118164,5055.77978515625,16497.849609375
2016-07-19,8514.2998046875,8540.0498046875,8476.7001953125,8528.5498046875,167900.0,67.43353670315997,111.93381861847047,13.052100782394916,98.88171783607555,86.09362305029515,90.57579668502252,8342.2576171875,8162.8190234375,7820.52625732422,8446.201216776608,8334.267398158137,20.32824819258487,85.62040427945965,6483200.0,0.0023328603569714446,0.0023301434628515147,63.349609375,-14.25,46.65999984741211,1331.5,67.13899993896484,18559.009765625,6697.39990234375,9981.240234375,2163.780029296875,21673.19921875,15.800000190734863,5036.3701171875,16723.310546875
2016-07-20,8515.4501953125,8569.900390625,8512.5498046875,8565.849609375,160300.0,69.41128414804614,113.18702576569194,11.44424634369311,101.74277942199883,86.56214521815194,87.82331663766956,8359.555078125,8176.38001953125,7824.295505371094,8464.608661791744,8351.421636026053,21.00771692854511,83.60113154074824,6643500.0,0.004373522526303297,0.004363986470652139,57.3505859375,-50.3994140625,47.16999816894531,1318.800048828125,67.20600128173828,18595.029296875,6729.0,10142.009765625,2173.02001953125,21882.48046875,15.989999771118164,5089.93017578125,16681.890625
2016-07-21,8582.7001953125,8585.25,8503.4501953125,8510.099609375,150000.0,63.230418691145196,108.43170913442009,5.351143769936996,103.08056536448309,83.02322148908297,85.22632991917669,8374.875048828126,8189.605009765625,7827.616252441407,8471.607269112246,8363.175559977826,21.772065418117755,83.47246533694481,6493500.0,-0.006508402848794281,-0.00652967485068765,81.7998046875,72.6005859375,46.20000076293945,1330.5,67.16400146484375,18517.23046875,6699.89990234375,10156.2099609375,2165.169921875,22000.490234375,15.710000038146973,5073.89990234375,16810.220703125
2016-07-22,8519.650390625,8548.9501953125,8489.7998046875,8541.2001953125,143200.0,65.09758528394521,105.95130314043854,2.296590220764344,103.6547129196742,82.2598996059306,83.9484221043885,8388.412548828124,8202.421015625001,7830.979753417969,8482.313873143055,8376.362570002617,22.247919394397755,81.7351742860916,6636700.0,0.003654550165692383,0.0036478885225085054,59.150390625,-21.5498046875,45.689998626708984,1323.0999755859375,67.15399932861328,18570.849609375,6730.5,10147.4599609375,2175.030029296875,21964.26953125,15.5,5100.16015625,16627.25
2016-07-25,8519.9501953125,8641.150390625,8517.2001953125,8635.650390625,150000.0,70.06855424074695,110.33503136791114,5.344254758589557,104.99077660932159,84.47747707879242,83.253532724602,8415.765063476563,8218.836025390625,7835.179504394531,8505.904106601816,8395.569075233905,23.47266711391715,84.75053293083508,6786700.0,0.011058187743255843,0.010997493024321226,123.9501953125,-115.7001953125,44.720001220703125,1319.300048828125,67.14600372314453,18493.060546875,6710.10009765625,10198.240234375,2168.47998046875,21993.439453125,15.720000267028809,5097.6298828125,16620.2890625
2016-07-26,8633.75,8644.900390625,8577.150390625,8590.650390625,154800.0,65.29686406109701,108.92245341088346,3.1453414412494993,105.77711196963396,88.60615084522314,85.11450917664871,8440.562573242187,8233.434033203124,7838.916257324219,8518.941996451536,8410.019543040653,24.638778733430428,83.53620915006114,6631900.0,-0.005210956669673972,-0.005224581055714631,67.75,43.099609375,44.869998931884766,1320.699951171875,67.40499877929688,18473.75,6724.0,10247.759765625,2169.179931640625,22129.73046875,15.619999885559082,5110.0498046875,16383.0400390625
2016-07-27,8599.400390625,8665.0,8572.0498046875,8615.7998046875,184100.0,66.66324696533377,108.58067233374459,2.2428482912884817,106.3378240424561,90.07617288218141,87.71993360206565,8464.96005859375,8247.935029296874,7842.250756835938,8533.843197718608,8425.262525384864,25.88086532739423,84.20863673309249,6816000.0,0.0029275331807177007,0.0029232563005614403,92.9501953125,-16.3994140625,43.470001220703125,1326.5999755859375,67.28399658203125,18472.169921875,6750.39990234375,10319.5498046875,2166.580078125,22218.990234375,15.430000305175781,5139.81005859375,16664.8203125
2016-07-28,8636.9501953125,8674.7001953125,8625.25,8666.2998046875,233500.0,69.27894726569674,111.10399858574237,3.8129396346290036,107.29105895111337,89.54845917250907,89.41026096663788,8488.075048828125,8263.858027343751,7845.827756347657,8554.221137252283,8443.117138666541,27.11243677465663,82.40090486822874,7049500.0,0.005861324676151858,0.005844213941164874,49.4501953125,-29.349609375,42.70000076293945,1332.300048828125,67.06300354003906,18456.349609375,6721.10009765625,10274.9296875,2170.06005859375,22174.33984375,15.149999618530273,5154.97998046875,16476.83984375
2016-07-29,8668.2998046875,8670.349609375,8631.150390625,8638.5,157000.0,66.19962417648266,109.59717292678579,1.8448911805379282,107.75228174624786,88.51454020226885,89.3797240856531,8505.612548828125,8280.960029296875,7848.423757324219,8567.187116136547,8457.589943209761,28.256038832828857,79.31507014549811,6892500.0,-0.003207805558776422,-0.0032129615963578163,39.19921875,29.7998046875,42.459999084472656,1349.0,67.00700378417969,18432.240234375,6724.39990234375,10337.5,2173.60009765625,21891.369140625,14.920000076293945,5162.1298828125,16569.26953125
2016-08-01,8654.2998046875,8711.2998046875,8590.5,8636.5498046875,188400.0,65.97807269894415,107.01206974539127,-0.592169600685267,107.60423934607654,82.23856883563147,86.76718940346979,8521.022558593751,8298.697021484375,7850.842006835937,8577.85829899054,8470.84622924515,29.66182311396151,82.27826546992682,6704100.0,-0.00022575624385023918,-0.00022578173062699604,120.7998046875,17.75,42.45000076293945,1351.4000244140625,66.64800262451172,18404.509765625,6694.0,10330.51953125,2170.840087890625,22129.140625,15.180000305175781,5184.2001953125,16635.76953125
2016-08-02,8647.4501953125,8687.2001953125,8611.400390625,8622.900390625,169400.0,64.35469364634876,102.67835109121734,-3.940710603887368,106.6190616951047,70.72443417375837,80.49251440388622,8533.632568359375,8316.534033203125,7853.069509277344,8584.787851549689,8482.109500458471,30.967194232156118,81.81551827118206,6534700.0,-0.001580424402241265,-0.0015816745902789463,75.7998046875,24.5498046875,41.79999923706055,1364.4000244140625,66.7509994506836,18313.76953125,6645.39990234375,10144.33984375,2157.030029296875,22129.140625,15.6899995803833,5137.72998046875,16391.44921875
2016-08-03,8635.2001953125,8635.4501953125,8529.599609375,8544.849609375,163000.0,55.886764604886146,91.88659066596665,-11.785976823310449,103.6725674892771,53.16849130694195,68.71049810544392,8544.0775390625,8332.454023437498,7855.147006835938,8578.643506599736,8486.756915933769,30.446963547544566,83.5323088187762,6371700.0,-0.009051569392458547,-0.009092783738205783,105.8505859375,90.3505859375,43.099998474121094,1356.0999755859375,66.6760025024414,18355.0,6634.39990234375,10170.2099609375,2163.7900390625,21739.119140625,16.239999771118164,5159.740234375,16083.1103515625
2016-08-04,8599.9501953125,8601.400390625,8518.150390625,8551.099609375,164700.0,56.38170524092534,82.88294257591588,-16.63169993068898,99.51464250660486,41.02721003482773,54.973378505176015,8554.7375,8344.778017578124,7856.95400390625,8574.405983949777,8491.52304137386,29.75084463687941,83.51214390314934,6536400.0,0.0007314347572768831,0.0007311673892417124,83.25,48.8505859375,44.290000915527344,1358.800048828125,66.76000213623047,18352.05078125,6740.2001953125,10227.8603515625,2164.25,21832.23046875,15.140000343322754,5166.25,16254.8896484375
2016-08-05,8600.2001953125,8689.400390625,8590.150390625,8683.150390625,157900.0,65.25235150640421,85.41823283213307,-11.277127739577423,96.6953605717105,49.58789493402156,47.92786542526375,8572.735009765625,8357.04802734375,7859.651755371095,8591.135892669041,8505.717659836908,30.046946856139602,87.42561799935297,6694300.0,0.015442549763450941,0.015324527088340225,99.25,-82.9501953125,44.27000045776367,1336.4000244140625,66.84100341796875,18543.529296875,6793.5,10367.2099609375,2182.8701171875,22146.08984375,14.350000381469727,5221.1201171875,16254.4501953125
2016-08-08,8712.849609375,8723.5,8697.599609375,8711.349609375,172600.0,66.8048869209856,88.6806545248146,-6.411764837516728,95.09241936233133,71.50510149424369,54.04006882103099,8584.907470703125,8368.142021484375,7862.550002441407,8609.630310623805,8520.94965609899,30.62847372569811,84.06304595475632,6866900.0,0.0032475792173825013,0.003242317221417232,25.900390625,1.5,45.38999938964844,1333.4000244140625,66.83499908447266,18529.2890625,6809.10009765625,10432.3603515625,2180.889892578125,22494.759765625,14.59000015258789,5213.14013671875,16650.5703125
2016-08-09,8727.7998046875,8728.349609375,8638.2001953125,8678.25,200100.0,63.23352422006155,87.58565248745981,-6.005413499897216,93.59106598735703,87.2667355361514,69.45324398813888,8592.76748046875,8378.137021484376,7865.401752929688,8620.187185912451,8532.601533424991,30.096738998263667,84.49778653388087,6666800.0,-0.003799596028080332,-0.0038068328301676924,90.1494140625,49.5498046875,44.97999954223633,1339.0,66.79399871826172,18533.05078125,6851.2998046875,10692.900390625,2181.739990234375,22465.609375,14.539999961853027,5225.47998046875,16764.970703125
2016-08-10,8686.7001953125,8690.099609375,8564.599609375,8575.2998046875,173600.0,53.63015235938437,77.51706662143988,-12.859199492733723,90.3762661141736,69.88023210369775,76.21735637803094,8595.557470703125,8386.441015625001,7867.380751953126,8613.281434954766,8535.764368333326,28.48948976877105,87.42651606717509,6493200.0,-0.011863013316336768,-0.0119339403558223,125.5,111.400390625,44.04999923706055,1344.300048828125,66.78299713134766,18495.66015625,6866.39990234375,10650.8896484375,2175.489990234375,22492.4296875,14.920000076293945,5204.580078125,16735.119140625
2016-08-11,8572.7998046875,8601.150390625,8540.0498046875,8592.150390625,189200.0,54.83911076439044,70.08939433257729,-16.22949742527706,86.31889175785435,50.11203866078409,69.0863354335444,8596.914990234374,8394.68501953125,7869.150751953126,8610.030505057879,8539.941110725302,26.662871047807226,85.54609248648401,6682400.0,0.00196501420606765,0.001963086091088332,61.1005859375,-19.3505859375,46.040000915527344,1342.5,66.75800323486328,18613.51953125,6914.7001953125,10742.83984375,2185.7900390625,22580.55078125,14.210000038146973,5228.39990234375,16735.119140625
2016-08-16,8670.25,8682.349609375,8600.4501953125,8642.5498046875,224800.0,58.33785711044385,67.4917195091657,-15.061737798950915,82.55345730811662,43.50650957230087,54.49959344559423,8601.9724609375,8403.157011718751,7870.988251953126,8615.033474231666,8547.5417547225,25.896705788478393,85.87845864816373,6907200.0,0.0058657509204553815,0.0058486143833095606,81.8994140625,27.7001953125,49.22999954223633,1350.5,66.86489868164062,18552.01953125,6893.89990234375,10676.650390625,2178.14990234375,22910.83984375,14.180000305175781,5227.10986328125,16596.509765625
2016-08-17,8639.7998046875,8667.099609375,8603.599609375,8624.0498046875,174100.0,56.604330333902546,63.21158431123149,-15.47349839750811,78.6850827087396,48.35281837641209,47.32378886983234,8607.739941406251,8411.22201171875,7872.800249023438,8616.420601994103,8553.209017682871,25.185266619101622,84.27999731615205,6733100.0,-0.0021405719860551065,-0.0021428662849281455,63.5,15.75,49.849998474121094,1342.699951171875,66.85769653320312,18573.939453125,6859.2001953125,10537.669921875,2182.219970703125,22799.779296875,14.779999732971191,5228.66015625,16745.640625
2016-08-18,8648.849609375,8690.7001953125,8645.0498046875,8673.25,164300.0,60.00789587568675,63.062644003746755,-12.49795096399427,75.56059496774103,61.11637645338933,50.99190146736743,8614.974951171876,8420.666015625,7874.907998046875,8625.163586302702,8562.100942298955,24.784346630514595,83.02073969535547,6897400.0,0.0057049989769026865,0.005688787100174632,45.650390625,-24.400390625,50.88999938964844,1351.199951171875,66.90550231933594,18597.69921875,6869.0,10603.0302734375,2187.02001953125,23023.16015625,14.550000190734863,5240.14990234375,16486.009765625
2016-08-19,8694.2998046875,8696.599609375,8647.099609375,8666.900390625,191900.0,59.36082402156216,61.72076872433718,-11.071860994723082,72.79262971906026,64.97788556243147,58.149026797410954,8620.027490234375,8428.67501953125,7876.765249023438,8631.584633121518,8569.86386439718,24.4781813621034,80.62640114568724,6705500.0,-0.0007320911278931863,-0.0007323592374647016,49.5,27.3994140625,50.880001068115234,1340.4000244140625,66.81999969482422,18552.5703125,6859.0,10544.3603515625,2183.8701171875,22937.220703125,14.539999961853027,5238.3798828125,16545.8203125
2016-08-22,8667.0,8684.849609375,8614.0,8629.150390625,152300.0,55.527241299973156,56.9546753433242,-12.670363500588849,69.62503884391305,65.78673505417107,63.960332356663955,8625.980029296876,8435.79703125,7878.608251953126,8631.2101342759,8574.255458932575,23.63426519353682,79.92805887635244,6553200.0,-0.0043556517669032235,-0.004365165253066113,70.849609375,37.849609375,49.15999984741211,1337.699951171875,67.12750244140625,18529.419921875,6828.5,10494.349609375,2182.639892578125,22997.91015625,14.239999771118164,5244.60009765625,16598.189453125
2016-08-23,8628.349609375,8642.150390625,8580.0,8632.599609375,187500.0,55.80806669925612,52.846651821524574,-13.422709617910783,66.26936143943536,59.34040747554713,63.36834269738323,8630.55,8444.37703125,7880.6067480468755,8631.423899675761,8578.577247854237,22.310655773754352,78.65822542982727,6740700.0,0.0003997170745508871,0.0003996372089627608,62.150390625,-4.25,49.959999084472656,1340.5999755859375,67.1874008178711,18547.30078125,6868.5,10592.8798828125,2186.89990234375,22998.9296875,13.899999618530273,5260.080078125,16497.359375
2016-08-24,8648.5,8661.0498046875,8620.900390625,8650.2998046875,149600.0,57.29821783916132,50.437855220297934,-12.66520497530994,63.103060195607874,56.70789119944497,60.61167790972106,8631.282470703125,8453.982031250001,7883.002246093751,8634.327885062183,8583.890029841885,21.34334153385979,75.90759604644676,6890300.0,0.0020503899304304962,0.0020482907499330422,40.1494140625,-1.7998046875,49.04999923706055,1324.4000244140625,67.12999725341797,18481.48046875,6835.7998046875,10622.9697265625,2175.43994140625,22820.779296875,13.489999771118164,5217.68994140625,16597.30078125
2016-08-25,8668.849609375,8683.0498046875,8583.650390625,8592.2001953125,213100.0,51.195805674278866,43.34110436924675,-15.8095646610889,59.15066903033565,50.848339558826254,55.632212744606115,8631.359960937501,8463.614033203125,7885.4044970703135,8627.84670202377,8584.505597654523,19.856559891313456,77.58558304759342,6677200.0,-0.006716485056797228,-0.006739142150229588,99.3994140625,76.6494140625,49.66999816894531,1320.0999755859375,67.16000366210938,18448.41015625,6816.89990234375,10529.58984375,2172.469970703125,22814.94921875,13.289999961853027,5212.2001953125,16555.94921875
2016-08-26,8614.349609375,8622.9501953125,8547.5498046875,8572.5498046875,147500.0,49.28397760589365,35.71950368828948,-18.74493227363694,54.46443596192642,38.452251079603286,48.669493945958166,8629.197460937501,8472.88802734375,7887.938247070313,8619.33948704896,8583.61998336067,18.92663334399454,77.42949787455103,6529700.0,-0.0022870033493540554,-0.0022896225356679534,75.400390625,41.7998046875,49.91999816894531,1321.5,67.00559997558594,18395.400390625,6838.10009765625,10587.76953125,2169.0400390625,22909.5390625,13.569999694824219,5218.919921875,16360.7099609375
2016-08-29,8583.75,8622.0,8543.75,8607.4501953125,129700.0,52.66494600461189,32.125180997360076,-17.87140397165308,49.996584969013156,29.42743075145914,39.57600712996289,8626.254980468751,8480.905039062502,7890.721499023438,8617.51036524335,8585.38518424599,18.117944483197842,77.48810516922596,6659400.0,0.004071179686342186,0.00406291485846204,78.25,-23.7001953125,49.2599983215332,1322.9000244140625,67.12899780273438,18502.990234375,6838.10009765625,10544.4404296875,2180.3798828125,22821.33984375,13.170000076293945,5232.330078125,16737.490234375
2016-08-30,8646.75,8750.599609375,8642.25,8744.349609375,150200.0,63.06601691773069,39.863768261617224,-8.10625336591675,47.970021627533974,50.028493827706924,39.30272521958978,8631.547460937501,8492.97703125,7894.139746093751,8637.024095109757,8597.16032684814,18.055317136197424,82.17819866160268,6809600.0,0.015904758198549196,0.015779602831678955,108.349609375,-97.599609375,48.369998931884766,1311.699951171875,67.08999633789062,18454.30078125,6820.7998046875,10657.6396484375,2176.1201171875,23016.109375,13.020000457763672,5222.990234375,16725.359375
2016-08-31,8754.0498046875,8819.2001953125,8754.0498046875,8786.2001953125,362200.0,65.55758849798063,48.8109843039947,0.6727701411685842,48.13821416282612,73.6680622841712,51.04132895444575,8639.02998046875,8505.29703125,7897.86974609375,8659.974264371716,8611.163280067722,18.689458004592176,81.6547977527382,7171800.0,0.00478601471887985,0.0047745981624819625,65.150390625,-32.150390625,47.040000915527344,1306.9000244140625,67.12660217285156,18400.880859375,6781.5,10592.6904296875,2170.949951171875,22976.880859375,13.239999771118164,5213.22021484375,16887.400390625
2016-09-01,8793.599609375,8813.25,8759.9501953125,8774.650390625,238900.0,64.26902241078953,54.34330892846265,4.964075812509222,49.379233115953426,89.75030900131716,71.14895503773175,8646.61748046875,8516.0200390625,7901.965747070312,8677.61674533376,8623.273436405298,19.278303096673017,79.62944110522119,6932900.0,-0.0013145392127147382,-0.0013154039773133465,53.2998046875,18.94921875,47.04999923706055,1312.199951171875,66.97470092773438,18419.30078125,6746.0,10534.3095703125,2170.860107421875,23162.33984375,13.34000015258789,5227.2099609375,16926.83984375
2016-09-02,8796.349609375,8824.099609375,8768.2001953125,8809.650390625,191500.0,66.42282534674825,60.85047712223604,9.176995205026088,51.673481917209955,89.02178195084679,84.14671774544505,8659.857519531251,8527.815039062501,7906.2425,8697.929613840104,8637.079136717868,19.934842110899634,77.93443917359825,7124400.0,0.0039887629069979,0.00398082888319566,55.8994140625,-13.30078125,46.83000183105469,1322.0999755859375,66.79299926757812,18491.9609375,6894.60009765625,10683.8203125,2179.97998046875,23266.69921875,12.9399995803833,5249.89990234375,16925.6796875
2016-09-06,8852.7001953125,8950.849609375,8848.4501953125,8943.0,195600.0,73.08067051392811,75.89280876696102,19.375461479800848,56.51734728716018,92.31958385038705,90.36389160085034,8679.452539062502,8542.60103515625,7911.381499023437,8735.632750172395,8659.739941405434,21.613454427748014,82.4533520004841,7320000.0,0.015136765190694401,0.015023347446829987,102.3994140625,-90.2998046875,47.2599983215332,1349.4000244140625,66.45999908447266,18538.119140625,6826.10009765625,10687.1396484375,2186.47998046875,23787.6796875,12.75,5275.91015625,17081.98046875
2016-09-07,8968.7001953125,8968.7001953125,8913.349609375,8917.9501953125,290100.0,70.26223076497122,84.81496100622644,22.638090975253007,62.17687003097343,93.65841500065466,91.6665936006295,8691.192529296877,8555.551035156252,7917.054499511719,8763.681587886258,8678.866626880032,23.29642919260693,80.51744013884239,7029900.0,-0.002801051625573092,-0.0028049819116828943,55.3505859375,50.75,47.97999954223633,1344.300048828125,66.25520324707031,18526.140625,6846.60009765625,10752.98046875,2186.159912109375,23741.810546875,13.149999618530273,5283.93017578125,17012.439453125
2016-09-08,8915.5,8960.349609375,8896.0,8952.5,217200.0,71.87342892792668,93.59480873563552,25.134350963729673,68.46045777190585,94.1056625164945,93.3612204558454,8703.250048828126,8572.829033203125,7923.005749511719,8792.730574365294,8699.135765629659,24.535782611714044,79.36259508428222,7247100.0,0.0038741867728371293,0.0038667014380895045,64.349609375,-37.0,49.9900016784668,1336.800048828125,66.47160339355469,18479.91015625,6858.7001953125,10675.2900390625,2181.300048828125,23919.33984375,13.119999885559082,5259.47998046875,16958.76953125
2016-09-09,8934.2998046875,8939.150390625,8858.7001953125,8866.7001953125,175900.0,62.77708078641133,92.56257044331323,19.281690137125906,73.28088030618733,86.74745125615976,91.5038429244363,8712.672558593751,8588.269033203125,7928.306250000001,8804.110516049479,8711.547945606166,25.010039376646237,80.39382434165492,7071200.0,-0.009583893290980194,-0.009630114351834806,80.4501953125,67.599609375,48.0099983215332,1330.0999755859375,66.44999694824219,18085.44921875,6777.0,10573.4404296875,2127.81005859375,24099.69921875,13.229999542236328,5125.91015625,16965.759765625
2016-09-12,8732.9501953125,8746.9501953125,8699.400390625,8715.599609375,184500.0,50.625504770360706,78.64538463587269,4.291603463748288,74.3537811721244,70.87495700706347,83.90935692657257,8719.687548828126,8600.024023437501,7932.696499023438,8790.493453484174,8711.848068848301,23.23456657576056,86.60139436635814,6886700.0,-0.017041355026008564,-0.01718822993969123,47.5498046875,17.3505859375,48.31999969482422,1321.0,66.77799987792969,18325.0703125,6700.89990234375,10431.76953125,2159.0400390625,23290.599609375,15.239999771118164,5211.89013671875,16672.919921875
2016-09-14,8710.650390625,8739.849609375,8688.900390625,8726.599609375,184300.0,51.363586162898386,67.72285575954811,-5.304740330061037,73.02759608960915,53.15520277728624,70.25920368016982,8726.410009765626,8610.476015625001,7937.670498046875,8780.663631313531,8712.940775553983,21.68210518699518,84.05481039376113,7071000.0,0.0012621047883116798,0.0012613090035687876,50.94921875,-15.94921875,45.849998474121094,1321.5,66.99500274658203,18034.76953125,6673.2998046875,10378.400390625,2125.77001953125,23190.640625,14.760000228881836,5173.77001953125,16614.240234375
2016-09-15,8743.849609375,8751.9501953125,8704.349609375,8742.5498046875,145400.0,52.47301601326018,59.66592870747627,-10.689333905706306,70.35526261318257,43.41677601618449,55.81564526684474,8731.410009765626,8619.572011718752,7942.169497070312,8774.799965678758,8715.134036971282,20.17180458446604,81.45093721831391,7216400.0,0.001827767518446155,0.0018260991839711186,47.6005859375,1.2998046875,46.59000015258789,1313.5,66.75810241699219,18212.48046875,6730.2998046875,10431.2001953125,2147.260009765625,23335.58984375,14.680000305175781,5249.68994140625,16405.009765625
2016-09-16,8780.849609375,8847.650390625,8750.5,8779.849609375,265800.0,55.05495152352115,55.64905086445651,-11.764969398980853,67.41402026343737,48.45658230475844,48.34285369940973,8739.2,8628.60201171875,7946.785996093751,8775.576833939718,8719.927783075262,19.80690487074963,83.14019784111292,7482200.0,0.004266467508998506,0.0042573919410826295,97.150390625,1.0,45.77000045776367,1305.800048828125,66.85030364990234,18123.80078125,6710.2998046875,10276.169921875,2139.159912109375,23335.58984375,14.579999923706055,5244.56982421875,16519.2890625
2016-09-19,8788.4501953125,8824.2998046875,8774.2001953125,8808.400390625,131700.0,56.981400560100596,54.145302330873164,-10.614974346051369,64.76027667692453,54.873081787311165,48.9154800360847,8745.95751953125,8637.356015624999,7951.581748046876,8780.6266118913,8726.481309560428,19.468069422298676,80.78015580781914,7613900.0,0.003251853109136782,0.003246577269225301,50.099609375,-19.9501953125,45.95000076293945,1313.5,67.06529998779297,18120.169921875,6813.60009765625,10373.8701171875,2139.1201171875,23550.44921875,14.9399995803833,5235.02978515625,16519.2890625
2016-09-20,8816.099609375,8816.4501953125,8759.2998046875,8775.900390625,136500.0,54.13681861243942,49.75751869537817,-12.002206385237095,61.75972508061526,52.92595110167571,52.08520506458177,8751.40751953125,8646.155019531248,7956.303249511719,8779.899500927255,8730.141982231877,18.94226942690987,79.09231543761777,7477400.0,-0.0036896597064991488,-0.0036964832905136196,57.150390625,40.19921875,45.880001068115234,1313.699951171875,66.9552001953125,18129.9609375,6830.7998046875,10393.8603515625,2139.760009765625,23530.859375,14.779999732971191,5241.35009765625,16492.150390625
2016-09-21,8790.2998046875,8826.849609375,8757.2998046875,8777.150390625,148800.0,54.23145622156664,45.85247432345932,-12.725800605724757,58.578274929184076,44.91963372812265,50.90622220570317,8758.80751953125,8654.94001953125,7960.770002441406,8779.476560880754,8733.624086557295,18.572968149151507,78.41070752689508,7626200.0,0.0001424355273373923,0.00014242538436080372,69.5498046875,13.1494140625,46.83000183105469,1326.9000244140625,66.9749984741211,18293.69921875,6834.7998046875,10436.490234375,2163.1201171875,23669.900390625,14.8100004196167,5295.18017578125,16807.619140625
2016-09-22,8873.349609375,8893.349609375,8837.7998046875,8867.4501953125,172800.0,60.56243875353823,49.47383452767281,-7.283552321209015,56.75738684888182,45.431445249013436,47.759010026270595,8770.550048828125,8665.82501953125,7965.393752441407,8793.010966177946,8743.537131650273,18.940875884818375,81.109886899974,7799000.0,0.010288054854791007,0.01023549301709891,55.5498046875,5.8994140625,47.650001525878906,1340.4000244140625,66.76119995117188,18392.4609375,6911.39990234375,10674.1796875,2177.179931640625,23759.80078125,13.34000015258789,5339.52001953125,16807.619140625
2016-09-23,8880.75,8885.2001953125,8820.2998046875,8831.5498046875,185900.0,57.176208983142494,48.883429344048636,-6.299166003866553,55.18259534791519,48.778830660407536,46.37663654584787,8779.612548828125,8673.0980078125,7969.875251464844,8798.940018256339,8750.05658891229,19.002609914557297,79.95206573747586,7613100.0,-0.00404855847332275,-0.004056776073300545,64.900390625,49.2001953125,45.88999938964844,1337.199951171875,66.62259674072266,18261.44921875,6909.39990234375,10626.9697265625,2164.68994140625,23686.48046875,13.25,5305.75,16754.01953125
2016-09-26,8807.900390625,8809.5498046875,8715.099609375,8723.0498046875,164000.0,48.37316589561858,39.20851440708975,-12.779264752660353,51.987779159750104,42.33367653816845,45.514650815863135,8786.155029296877,8677.1380078125,7973.716000976563,8787.26460078421,8748.05608637712,17.68668886784803,82.55907499283474,7449100.0,-0.012285499419638857,-0.01236159001721051,94.4501953125,84.8505859375,47.349998474121094,1339.699951171875,66.69650268554688,18094.830078125,6818.0,10393.7099609375,2146.10009765625,23317.919921875,14.569999694824219,5257.490234375,16544.560546875
2016-09-27,8748.900390625,8768.5,8690.5,8706.400390625,151400.0,47.17293643794276,29.85347378303777,-17.707444301369875,47.560918084407646,23.14736284894915,38.08662334917504,8792.847558593752,8680.876015625001,7977.591252441407,8774.82395306741,8744.970479284371,16.75654168141952,82.23342677906084,7297700.0,-0.0019086689214536934,-0.0019104927510736648,78.0,42.5,45.970001220703125,1325.9000244140625,66.60649871826172,18228.30078125,6807.7001953125,10361.48046875,2159.929931640625,23571.900390625,14.25,5305.7099609375,16683.9296875
2016-09-28,8711.2001953125,8767.0498046875,8703.150390625,8745.150390625,165500.0,50.26587764322696,25.274983564386275,-17.828747616017097,43.10373118040337,13.060508460456624,26.180515949191406,8799.732568359375,8684.4790234375,7981.9962548828125,8770.25878961473,8744.983806050344,15.892833579735905,80.92385444216363,7463200.0,0.004450748674702076,0.004440873383603119,63.8994140625,-33.9501953125,48.689998626708984,1319.4000244140625,66.44129943847656,18339.240234375,6849.39990234375,10438.33984375,2171.3701171875,23619.650390625,13.850000381469727,5318.5498046875,16465.400390625
2016-09-29,8792.7001953125,8800.650390625,8558.25,8591.25,372900.0,40.19921592492137,9.122859114566381,-27.1846976526696,36.30755676723598,11.8800873713977,16.029319560267822,8792.077587890624,8685.476015625001,7986.043005371093,8742.71897582785,8733.596116713283,16.583277800416862,92.45789274093767,7090300.0,-0.0175983698107679,-0.01775506219605918,242.400390625,201.4501953125,49.2400016784668,1321.699951171875,66.33280181884766,18143.44921875,6919.39990234375,10405.5400390625,2151.1298828125,23739.470703125,18.450000762939453,5269.14990234375,16693.7109375
2016-09-30,8581.5,8637.150390625,8555.2001953125,8611.150390625,181700.0,41.82169764284604,-2.048407901555038,-30.684771735032815,28.636363833477777,15.310596092946234,13.417063974933518,8783.32509765625,8687.525019531251,7990.2717578125,8722.477655027411,8724.526062928966,17.250688804053432,91.7073429246207,7272000.0,0.002316355667103087,0.002313677050935853,81.9501953125,-29.650390625,49.060001373291016,1313.300048828125,66.81629943847656,18308.150390625,6899.2998046875,10511.01953125,2168.27001953125,23297.150390625,17.18000030517578,5312.0,16449.83984375
2016-10-03,8666.150390625,8745.2001953125,8635.0,8738.099609375,137300.0,50.961968695538566,-0.6504781945095601,-23.42947362238987,22.77899542788031,26.43267437441625,17.87445261292006,8781.49755859375,8691.716015625,7995.453754882813,8724.881032619347,8725.531510813857,16.443170519062637,94.73180447911209,7409300.0,0.014742422671912614,0.014634809521912494,110.2001953125,-71.94921875,49.099998474121094,1309.0,66.54650115966797,18253.849609375,6983.5,10511.01953125,2161.199951171875,23584.4296875,15.619999885559082,5300.8701171875,16598.669921875
2016-10-04,8770.0,8783.650390625,8736.099609375,8769.150390625,184300.0,52.910680549072154,2.9291641337404144,-15.879865035311916,18.80902916905233,44.63508199404117,28.792784153801215,8779.47255859375,8695.78203125,8001.237006835938,8731.691703081755,8728.762538948014,15.277782397543142,91.36173139131837,7593600.0,0.0035534936242527237,0.0035471948830647004,47.55078125,0.849609375,50.869998931884766,1266.300048828125,66.38030242919922,18168.44921875,7074.2998046875,10619.6103515625,2150.489990234375,23689.439453125,14.989999771118164,5289.66015625,16735.650390625
2016-10-05,8806.349609375,8806.9501953125,8731.400390625,8743.9501953125,157200.0,51.13466772636259,3.6900744328377186,-12.095163788971691,15.78523822180941,57.72592282404132,42.93122639749957,8769.520068359376,8700.459042968749,8006.540258789063,8733.577624963407,8729.88755053057,14.452876339277076,90.23230805533134,7436400.0,-0.0028737328235858284,-0.002877869921600413,75.5498046875,62.3994140625,51.86000061035156,1265.199951171875,66.5780029296875,18281.029296875,7033.2998046875,10585.7802734375,2159.72998046875,23788.310546875,14.930000305175781,5316.02001953125,16819.240234375
2016-10-06,8768.7001953125,8781.150390625,8684.650390625,8709.5498046875,163600.0,48.73006206789087,1.4999863901630306,-11.428201465317104,12.928187855480134,54.91160431076391,52.4242030429488,8759.100048828124,8703.82603515625,8012.035756835938,8729.881037228653,8728.38105083849,13.689741933008309,90.68000033709339,7272800.0,-0.003934193340149772,-0.00394195263650275,96.5,59.150390625,52.5099983215332,1249.800048828125,66.56320190429688,18268.5,7000.0,10568.7998046875,2160.77001953125,23952.5,14.84000015258789,5306.85009765625,16899.099609375
2016-10-07,8721.7001953125,8723.7001953125,8663.7998046875,8697.599609375,150400.0,47.887604850953075,-1.186280350710149,-11.291574564952228,10.105294214242079,47.85843212568409,53.498653086829776,8746.355029296876,8705.06501953125,8017.273505859375,8724.914663712707,8726.100944063417,13.211757817803358,88.48145678622957,7122400.0,-0.0013720795655899343,-0.0013730217286708416,59.900390625,24.1005859375,51.93000030517578,1248.9000244140625,66.68710327148438,18240.490234375,7044.39990234375,10490.8603515625,2153.739990234375,23851.8203125,14.489999771118164,5292.39990234375,16860.08984375
2016-10-10,8735.349609375,8745.7998046875,8703.9501953125,8708.7998046875,108400.0,48.78135120606821,-2.3839235518134956,-9.99137421284446,7.607450661030965,44.39345587916769,49.05449743853856,8738.460009765626,8707.428007812501,8022.313005371094,8722.435454631906,8724.81937818372,12.485996298694921,85.60422382382032,7230800.0,0.0012877340663539627,0.0012869056479532695,41.849609375,26.5498046875,51.93000030517578,1248.9000244140625,66.59120178222656,18329.0390625,7097.5,10624.080078125,2163.659912109375,23851.8203125,14.289999961853027,5328.669921875,16860.08984375
2016-10-13,8671.5,8681.5498046875,8541.349609375,8573.349609375,212300.0,39.87478456269522,-14.100224562771473,-17.36614017904195,3.265915616270478,32.20862984165657,41.48683928216945,8731.347509765625,8706.57900390625,8026.425253906251,8699.499170746229,8713.599395309,13.378311823413867,91.4503646444403,7018500.0,-0.015553256286772621,-0.015675477121613476,140.2001953125,98.150390625,52.029998779296875,1255.0,66.81809997558594,18098.939453125,6977.7001953125,10414.0703125,2132.550048828125,23031.30078125,15.430000305175781,5213.330078125,16774.240234375
2016-10-14,8594.0,8604.4501953125,8549.7998046875,8583.400390625,162800.0,40.73940868025729,-22.317204633320216,-20.466496199672555,-1.850708433647661,22.247958970640365,32.95001489715487,8724.187548828126,8704.921015625001,8030.120505371095,8681.637819958347,8703.955024591667,14.206890524938602,88.82179507162313,7181300.0,0.0011723284023095193,0.001171641761961016,54.650390625,10.599609375,51.95000076293945,1253.0999755859375,66.78399658203125,18138.380859375,7013.60009765625,10580.3798828125,2132.97998046875,23233.310546875,14.890000343322754,5214.16015625,16856.369140625
2016-10-17,8612.9501953125,8615.400390625,8506.150390625,8520.400390625,197400.0,37.13465567029038,-33.52632343920959,-25.340492004449544,-8.185831434760047,8.6723547218107,21.042981178035873,8713.080078125002,8702.559023437501,8033.912756347657,8656.83206159937,8690.35838503858,15.328797185077615,90.2809525665072,6983900.0,-0.007339748483457642,-0.007366816969274471,109.25,92.5498046875,51.52000045776367,1254.4000244140625,66.7052993774414,18086.400390625,6947.60009765625,10503.5703125,2126.5,23037.5390625,15.65999984741211,5199.81982421875,16900.119140625
2016-10-18,8556.0498046875,8685.099609375,8555.900390625,8677.900390625,216600.0,49.22942446430214,-29.36222764964441,-16.94111697190749,-12.42111067773692,24.674643836797408,18.531652509749488,8707.982617187501,8703.38603515625,8038.130007324219,8660.07334298793,8689.435570637574,15.42752026400963,95.59654300818525,7200500.0,0.01848504680288232,0.018316274989203487,129.19921875,-121.8505859375,51.68000030517578,1260.800048828125,66.78359985351562,18161.939453125,7000.10009765625,10631.5498046875,2139.60009765625,23394.390625,14.539999961853027,5243.83984375,16963.609375
2016-10-19,8697.5,8698.75,8636.7001953125,8659.099609375,172100.0,48.04124899046479,-27.264924579192666,-11.875051121164596,-15.38987345802807,37.54735603352607,23.63145153071139,8700.517578125,8704.11001953125,8042.495004882812,8659.923537816709,8687.188462395901,15.344254614418144,93.2003474138506,7028400.0,-0.002166512682066579,-0.0021688629658940845,62.0498046875,38.400390625,52.66999816894531,1267.9000244140625,66.73799896240234,18202.619140625,7021.89990234375,10645.6796875,2144.2900390625,23304.970703125,14.609999656677246,5246.41015625,16998.91015625
2016-10-20,8693.349609375,8727.0,8678.2998046875,8699.400390625,161000.0,50.78338993978918,-22.096149884915576,-5.365021141510002,-16.731128743405574,57.39689218305797,39.87296401779381,8696.692578125,8707.20103515625,8046.662255859375,8665.996899787215,8688.09304967213,14.902284409565144,91.3932076432184,7189400.0,0.004654153788272275,0.004643356702434108,48.7001953125,-6.05078125,51.380001068115234,1265.5999755859375,66.63639831542969,18162.349609375,7026.89990234375,10701.3896484375,2141.340087890625,23374.400390625,14.170000076293945,5241.830078125,17235.5
2016-10-21,8708.599609375,8709.099609375,8652.0498046875,8693.0498046875,157300.0,50.33260901547314,-18.301331553815544,-1.2561622483279749,-17.04516930548757,59.075684725076485,51.339977647220174,8692.487548828125,8710.0400390625,8050.822255859375,8670.15888515649,8688.460216710306,14.769580146158642,88.94010743209566,7032100.0,-0.0007300027188475999,-0.0007302693005771827,57.0498046875,15.5498046875,51.779998779296875,1265.9000244140625,66.84130096435547,18145.7109375,7020.5,10710.73046875,2141.159912109375,23374.400390625,13.829999923706055,5257.39990234375,17184.58984375
2016-10-24,8709.849609375,8736.9501953125,8684.150390625,8708.9501953125,157100.0,51.49358098848069,-13.851213876416296,2.555164343257019,-16.406378219673314,64.59991104444856,60.35749598419434,8684.562548828126,8710.55603515625,8054.741257324219,8676.126779026645,8689.977992903061,14.269925827375522,86.3586572360531,7189200.0,0.0018290923188344355,0.001827421566475664,52.7998046875,0.8994140625,51.459999084472656,1262.0,66.91120147705078,18223.029296875,6986.39990234375,10761.169921875,2151.330078125,23604.080078125,14.329999923706055,5309.830078125,17234.419921875
2016-10-25,8721.7001953125,8722.650390625,8663.4501953125,8691.2998046875,189800.0,50.09378279836459,-11.614814220316475,3.8332511994854706,-15.448065419801946,63.70223914758505,62.459278305703364,8677.550048828125,8710.155039062502,8058.553005371094,8678.461090666777,8690.075904887093,14.042934317030177,84.41876709865646,6999400.0,-0.0020266955521803798,-0.0020287520787162444,59.2001953125,30.400390625,50.790000915527344,1271.9000244140625,66.83399963378906,18169.26953125,7017.60009765625,10757.3095703125,2143.159912109375,23565.109375,14.479999542236328,5283.39990234375,17365.25
2016-10-26,8657.2998046875,8657.2998046875,8596.599609375,8615.25,219300.0,44.4828690982701,-15.79693777855573,-0.27909788700302585,-15.517839891552704,55.080801292560956,61.12765049486485,8672.16005859375,8708.8950390625,8062.148005371094,8668.736307487272,8684.533245265828,14.538326111014394,85.15315482821671,6780100.0,-0.008750107164233856,-0.008788614143283245,60.7001953125,42.0498046875,49.97999954223633,1264.800048828125,66.78130340576172,18199.330078125,6958.10009765625,10709.6796875,2139.429931640625,23325.4296875,14.449999809265137,5250.27001953125,17391.83984375
2016-10-27,8607.099609375,8624.849609375,8550.25,8615.25,242800.0,44.4828690982701,-18.893508226992708,-2.7005346683520024,-16.192973558640706,45.83159916446638,54.87154653487079,8667.6025390625,8709.694042968751,8065.492504882812,8660.507644796922,8679.401153023915,15.431046012711354,84.39933015298695,6780100.0,0.0,0.0,74.599609375,-8.150390625,50.470001220703125,1267.9000244140625,66.86399841308594,18169.6796875,6986.60009765625,10717.080078125,2133.0400390625,23132.349609375,14.09000015258789,5215.97021484375,17336.419921875
2016-10-28,8625.0,8653.75,8581.75,8638.0,175500.0,46.5595627172934,-19.289470735289797,-2.477197741319273,-16.812272993970524,43.653377146148614,48.18859253439198,8662.245019531249,8710.611035156251,8069.726005859375,8657.04493021278,8676.33440094807,15.81575307306123,83.51366371348787,6955600.0,0.0026406662604103737,0.0026371858270232084,72.0,-13.0,49.709999084472656,1275.5,66.90299987792969,18161.189453125,6996.2998046875,10696.1904296875,2126.409912109375,22954.810546875,14.649999618530273,5190.10009765625,17446.41015625
2016-11-01,8653.150390625,8669.599609375,8614.5,8626.25,165000.0,45.61059315318994,-20.31719668070218,-2.8039389493853264,-17.513257731316855,48.26833371686607,45.91777000916035,8663.99501953125,8710.2850390625,8073.934006347656,8652.307248641584,8672.624445322286,15.930462876684828,81.48408840359588,6790600.0,-0.0013602685806899384,-0.001361194585834806,55.099609375,26.900390625,48.33000183105469,1286.4000244140625,66.66549682617188,18037.099609375,6917.10009765625,10526.16015625,2111.719970703125,23147.0703125,15.739999771118164,5153.580078125,17442.400390625
2016-11-02,8542.7998046875,8549.5,8504.849609375,8514.0,155300.0,37.704382373702785,-29.845276020490928,-9.865614631339255,-19.979661389151673,36.35828017849982,42.75999701383816,8659.1375,8708.08404296875,8077.799006347655,8631.029210389033,8660.874486409524,17.058150084347858,84.33525284798188,6635300.0,-0.013012606868569754,-0.013098012546713908,44.650390625,28.7998046875,46.86000061035156,1306.800048828125,66.67849731445312,17959.640625,6845.39990234375,10370.9296875,2097.93994140625,22810.5,16.799999237060547,5105.56982421875,17134.6796875
2016-11-03,8499.849609375,8537.650390625,8476.150390625,8484.9501953125,170500.0,35.96679764760236,-39.287541677500485,-15.44630423067905,-23.841237446821435,19.143765195717293,34.590126363694395,8646.480029296876,8704.318046875,8082.38225830078,8608.555515761875,8647.843057439375,18.332217597979945,82.70416335884032,6464800.0,-0.003412004309079175,-0.003417838470350909,61.5,14.8994140625,46.349998474121094,1302.0999755859375,66.77749633789062,17930.669921875,6790.5,10325.8798828125,2088.659912109375,22683.509765625,16.469999313354492,5058.41015625,17134.6796875
2016-11-04,8503.599609375,8504.0,8400.25,8433.75,224800.0,33.07378003785701,-50.32195295305064,-21.184572404983363,-29.137380548067277,5.755363185387161,20.419136186534757,8629.710009765624,8699.655039062502,8086.5442578125,8581.662359490816,8631.984312443867,20.05942277280203,84.20743740463745,6240000.0,-0.00603423639902867,-0.006052515976111644,103.75,69.849609375,45.58000183105469,1303.300048828125,66.68450164794922,17888.279296875,6693.2998046875,10259.1298828125,2085.179931640625,22642.619140625,16.850000381469727,5046.3701171875,16905.359375
2016-11-07,8535.75,8535.849609375,8481.4501953125,8497.0498046875,172800.0,39.54783793987935,-53.34412035394416,-19.365391844701506,-33.97872850924266,14.02440633624722,12.974511572450556,8617.364990234375,8697.01302734375,8091.2102563476565,8568.645043367229,8621.989163721173,21.15202114843132,85.48544968823478,6412800.0,0.007505534867348507,0.007477508488472915,54.3994140625,38.7001953125,46.150001525878906,1278.300048828125,66.7853012084961,18259.599609375,6806.89990234375,10456.9501953125,2131.52001953125,22801.400390625,16.510000228881836,5166.169921875,17177.2109375
2016-11-08,8540.0,8559.400390625,8480.099609375,8543.5498046875,195700.0,43.84520449124301,-51.39460341328959,-13.932699923237543,-37.461903490052045,27.086372702285413,15.622047407973263,8609.064990234376,8695.232031250001,8096.376506347657,8564.784237416501,8616.17884082979,21.794786246359322,85.04368765693229,6608500.0,0.005472487636161372,0.005457567982692605,79.30078125,-3.5498046875,46.040000915527344,1273.4000244140625,66.73500061035156,18332.740234375,6843.10009765625,10482.3203125,2139.56005859375,22909.470703125,16.770000457763672,5193.490234375,17171.380859375
2016-11-09,8067.5,8476.2001953125,8002.25,8432.0,314300.0,37.04237044520339,-58.1800705327114,-16.574533634127476,-41.60553689858392,43.26762031171805,28.126133116750225,8595.785009765626,8690.86603515625,8100.724506835937,8544.355893198577,8602.535963731289,24.669734417525788,117.63341030197284,6294200.0,-0.013056610804363489,-0.013142597631657107,473.9501953125,-364.5,46.36000061035156,1272.5999755859375,66.22949981689453,18589.689453125,6911.7998046875,10646.009765625,2163.260009765625,22415.189453125,16.6200008392334,5251.06982421875,16251.5400390625
2016-11-10,8555.599609375,8598.4501953125,8510.7001953125,8525.75,263100.0,44.794754313652334,-55.35466647490466,-10.999303661056594,-44.35536281384807,57.43562027175406,42.59653776191917,8586.63251953125,8689.53703125,8105.6692578125,8541.493448091103,8596.848114566008,26.04595499855791,121.1203235170105,6557300.0,0.011118358633776193,0.01105700404045472,87.75,29.849609375,45.84000015258789,1265.5,66.50749969482422,18807.880859375,6828.0,10630.1201171875,2167.47998046875,22839.109375,15.460000038146973,5208.7998046875,17344.419921875
2016-11-11,8456.650390625,8460.599609375,8284.9501953125,8296.2998046875,266900.0,33.81871141440933,-70.81392769129707,-21.1668519019592,-49.64707578933787,56.589967474509294,52.431069352660465,8572.780029296875,8684.01203125,8109.9617578125,8503.771349105933,8574.58527679723,28.051960715621064,129.66885788633118,6290400.0,-0.026912611243878892,-0.027281387102400093,175.6494140625,160.3505859375,45.84000015258789,1265.5,67.2145004272461,18847.66015625,6730.39990234375,10667.9501953125,2164.449951171875,22531.08984375,17.360000610351562,5237.10986328125,17374.7890625
2016-11-15,8284.849609375,8288.5498046875,8093.2001953125,8108.4501953125,359200.0,27.810627692280352,-97.1040421820162,-37.965573114142664,-59.13846906787354,42.00616154695771,52.01058309774035,8549.03251953125,8674.03203125,8113.749008789063,8442.95271006079,8540.056752242806,30.381889092919415,134.91391156409324,5931200.0,-0.022642577269069153,-0.02290285685988103,195.349609375,176.3994140625,46.95000076293945,1224.0,67.77549743652344,18923.060546875,6792.7001953125,10735.1396484375,2180.389892578125,22323.91015625,20.149999618530273,5275.6201171875,17668.150390625
2016-11-16,8205.650390625,8210.0498046875,8089.39990234375,8111.60009765625,269500.0,28.04147915164603,-116.34383719795733,-45.764294504067024,-70.5795426938903,23.716886524454065,40.77100518197369,8528.592504882814,8661.377041015625,8117.131508789063,8391.975385075475,8508.319222273432,32.553917997549476,133.89505376264015,6200700.0,0.0003884715658204474,0.00038839613027746525,120.64990234375,94.05029296875,46.630001068115234,1223.4000244140625,67.74800109863281,18868.140625,6749.7001953125,10663.8701171875,2176.93994140625,22280.529296875,19.5,5294.580078125,17862.2109375
2016-11-17,8105.10009765625,8151.25,8060.2998046875,8079.9501953125,191300.0,27.103601201785345,-132.6166735119641,-49.62970465445903,-82.98696885750508,14.2568866801753,26.659978250529026,8498.694995117188,8647.252041015625,8120.984760742187,8343.971509727326,8476.58818323929,34.63916979850168,130.82756387334442,6009400.0,-0.003901807530291679,-0.003909439439923456,90.9501953125,25.14990234375,46.4900016784668,1216.5,67.98149871826172,18903.8203125,6794.7001953125,10685.5400390625,2187.1201171875,22262.880859375,18.709999084472656,5333.97021484375,17862.630859375
2016-11-18,8097.5498046875,8128.9501953125,8048.2998046875,8074.10009765625,161200.0,26.924348366764058,-144.32142002671935,-49.06756093537142,-95.25385909134793,12.93177204211701,16.968515082248793,8469.44501953125,8633.24103515625,8124.971262207031,8302.45283094716,8446.77425097388,36.60477772339961,127.24348006989125,5848200.0,-0.000724026450019899,-0.0007242886837538094,80.650390625,23.44970703125,46.86000061035156,1208.5,67.97480010986328,18867.9296875,6775.7998046875,10664.5595703125,2181.89990234375,22344.2109375,17.809999465942383,5321.509765625,17967.41015625
2016-11-21,8102.10009765625,8102.4501953125,7916.39990234375,7929.10009765625,218800.0,22.8844607219885,-163.41406849239138,-54.52816752083476,-108.88590097155662,8.031917658519436,11.740192126937249,8430.930004882812,8615.630029296875,8127.504511718751,8245.013948902404,8408.428017394795,38.73447226167378,131.44396670552402,5629400.0,-0.017958657713704862,-0.01812187142597807,186.05029296875,173.0,48.900001525878906,1209.5999755859375,68.16999816894531,18956.689453125,6778.0,10685.1298828125,2198.179931640625,22357.779296875,19.100000381469727,5368.85986328125,18106.01953125
2016-11-22,7989.14990234375,8019.0498046875,7938.14990234375,8002.2998046875,210200.0,28.70061469785618,-170.67113475226324,-49.42818702456529,-121.24294772769795,8.349005294700593,9.770898331779012,8396.392504882813,8596.816025390624,8130.33526123047,8207.67331133088,8378.344446083143,40.712045761499795,128.48009101450444,5839600.0,0.009231779915716665,0.009189427494782599,80.89990234375,-13.14990234375,49.119998931884766,1211.0,68.21549987792969,19023.869140625,6819.7001953125,10713.849609375,2202.93994140625,22678.0703125,18.469999313354492,5386.35009765625,18162.939453125
2016-11-23,8051.2001953125,8055.2001953125,7973.10009765625,8033.2998046875,181000.0,31.071601929295603,-171.93896575641156,-40.55681442297089,-131.38215133344067,10.473338265259454,8.951420406159826,8362.609985351562,8579.123017578126,8133.313010253907,8180.846618001129,8352.78558375754,42.13744379436604,125.1672343460577,6020600.0,0.0038738863522509437,0.0038664021768522933,82.10009765625,17.900390625,48.95000076293945,1189.0999755859375,68.385498046875,19083.1796875,6817.7001953125,10662.4404296875,2204.719970703125,22676.689453125,18.040000915527344,5380.68017578125,18162.939453125
2016-11-24,8011.7998046875,8024.85009765625,7952.5498046875,7965.5,260500.0,28.81471794494203,-176.38139366058567,-35.99939386171599,-140.38199979886969,12.310915335744967,10.377752965235004,8326.319995117188,8559.383017578126,8136.017260742188,8147.716369077878,8324.097762738464,43.5192508386597,121.99457474991071,5760100.0,-0.008439844937436325,-0.008475662098624583,72.30029296875,46.2998046875,48.95000076293945,1189.0999755859375,68.79850006103516,19083.1796875,6829.2001953125,10689.259765625,2204.719970703125,22608.490234375,17.15999984741211,5380.68017578125,18333.41015625
2016-11-25,8007.9501953125,8122.25,7976.75,8114.2998046875,177900.0,39.244798397142745,-165.9818140815396,-20.479851426135923,-145.50196265540367,17.78460748399302,13.522953694999146,8301.272485351563,8544.335009765626,8138.771010742188,8142.575359171667,8308.557173253206,43.6989686666221,124.47710512491709,5938000.0,0.018680535394827613,0.018508197132649923,145.5,-106.349609375,47.2400016784668,1178.199951171875,68.74549865722656,19152.140625,6840.7998046875,10699.26953125,2213.35009765625,22723.44921875,17.610000610351562,5398.919921875,18381.220703125
2016-11-28,8080.64990234375,8146.5,8066.5,8126.89990234375,189700.0,40.0458726394073,-154.93732868285406,-7.5482928219603025,-147.38903586089376,22.359054980566835,17.484859266768275,8276.85498046875,8532.561015625,8141.625759277344,8140.16375042891,8295.101079111764,43.60499432693856,121.30016904456586,6127700.0,0.001552826240037497,0.0015516218520139676,80.0,-46.25,48.2400016784668,1190.5999755859375,68.50849914550781,19097.900390625,6799.5,10582.669921875,2201.719970703125,22830.5703125,18.059999465942383,5368.81005859375,18356.890625
2016-11-29,8131.5498046875,8197.349609375,8128.7001953125,8142.14990234375,189700.0,41.058824279431505,-143.30205005217158,3.269588646977752,-146.57163869914933,30.992333404207642,23.7119986229225,8252.062475585939,8520.872021484374,8145.058759765625,8140.469312261962,8283.771362314134,42.9741023534921,117.66799318647188,6317400.0,0.0018764842908427504,0.001874725893588773,68.6494140625,-10.60009765625,46.380001068115234,1187.9000244140625,68.55549621582031,19121.599609375,6772.0,10620.490234375,2204.659912109375,22737.0703125,17.709999084472656,5379.919921875,18307.0390625
2016-11-30,8172.14990234375,8234.25,8139.25,8224.5,248000.0,46.33190880597726,-125.98378065609904,16.470286434440226,-142.45406709053927,36.378065045434724,29.909817810069733,8231.974975585938,8510.511025390624,8149.372260742188,8153.397110375507,8279.380891031606,42.00226246267899,116.0488508160096,6565400.0,0.01011404833415619,0.010063243621010479,95.0,-52.35009765625,50.470001220703125,1170.800048828125,68.60800170898438,19123.580078125,6783.7998046875,10640.2998046875,2198.81005859375,22789.76953125,16.850000381469727,5323.68017578125,18308.48046875
2016-12-01,8244.0,8250.7998046875,8185.0498046875,8192.900390625,157700.0,44.680090549076695,-113.50038993232647,23.16294172657024,-136.6633316588967,43.026670593277686,36.799023014306684,8215.919995117187,8498.772041015625,8153.316762695313,8159.4745381061975,8272.974928038524,40.92427269873221,112.45607575772321,6407700.0,-0.00384213136056899,-0.0038495313077255163,65.75,51.099609375,50.459999084472656,1166.9000244140625,68.58799743652344,19191.9296875,6752.89990234375,10534.0498046875,2191.080078125,22878.23046875,16.690000534057617,5251.10986328125,18513.119140625
2016-12-02,8153.5498046875,8159.2998046875,8070.0498046875,8086.7998046875,171500.0,39.57791151449122,-110.89036827273412,20.618370708930087,-131.5087389816642,47.25641801976414,42.220384552825514,8196.012475585938,8484.340029296876,8156.305261230469,8148.293809887937,8259.18417816067,40.57315188935496,113.1985407705644,6236200.0,-0.012950308300941793,-0.013034894616329137,89.25,66.75,54.459999084472656,1175.0999755859375,68.21649932861328,19170.419921875,6730.7001953125,10513.349609375,2191.949951171875,22564.8203125,17.93000030517578,5255.64990234375,18426.080078125
2016-12-05,8088.75,8141.89990234375,8056.85009765625,8128.75,126500.0,42.37959360867771,-104.23531728062972,21.818737360827612,-126.05405464145733,53.366153283105305,47.88308063204904,8180.762475585938,8471.397021484376,8160.01276123047,8145.287069905177,8249.522387185807,40.31637585478878,111.18791676463124,6362700.0,0.00518749027126697,0.005174081595203409,85.0498046875,-40.0,54.939998626708984,1174.0,68.0114974975586,19216.240234375,6746.7998046875,10684.830078125,2204.7099609375,22505.55078125,17.290000915527344,5308.89013671875,18274.990234375
2016-12-06,8153.14990234375,8178.7001953125,8130.85009765625,8143.14990234375,115300.0,43.350614487864874,-96.6846689684462,23.4955085384089,-120.1801775068551,59.03261688374701,53.218396062205485,8163.0674804687515,8458.71701171875,8164.237509765626,8144.958274895727,8241.642943864174,39.65215571012065,106.81379380376472,6478000.0,0.0017714780678148578,0.0017699108511295017,47.85009765625,10.0,53.93000030517578,1167.5999755859375,68.01249694824219,19251.779296875,6779.7998046875,10775.3203125,2212.22998046875,22675.150390625,17.110000610351562,5333.0,18360.5390625
2016-12-07,8168.39990234375,8190.4501953125,8077.5,8102.0498046875,169800.0,41.21568860791335,-92.94573954579937,21.78755036884459,-114.73328991464396,62.275735889996504,58.22483535228294,8140.992480468751,8443.40900390625,8168.6692578125,8138.356971786769,8231.302711332568,39.34885294052246,107.25210819724582,6308200.0,-0.005047198952388254,-0.005059979081726745,112.9501953125,66.35009765625,53.0,1175.0,67.72200012207031,19549.619140625,6902.2001953125,10986.6904296875,2241.35009765625,22800.919921875,16.850000381469727,5393.759765625,18496.689453125
2016-12-08,8152.10009765625,8256.25,8151.75,8246.849609375,142500.0,50.4703872591626,-77.40618660944256,29.861682644161135,-107.26786925360369,73.51977512466758,64.94270929947037,8131.7349609375,8431.715,8175.021755371094,8155.048146800343,8232.454333409785,38.3136131527906,110.60554299119255,6450700.0,0.017871996368588716,0.017714169916451,104.5,-94.74951171875,53.88999938964844,1169.800048828125,67.43150329589844,19614.810546875,6931.60009765625,11179.419921875,2246.18994140625,22861.83984375,15.529999732971191,5417.35986328125,18765.470703125
2016-12-09,8271.7001953125,8274.9501953125,8241.9501953125,8261.75,149700.0,51.31970156618681,-63.16056626347108,35.285842392106105,-98.44640865557719,82.94399891042298,72.913169975029,8118.534960937501,8422.489003906252,8181.425754394531,8171.463816523367,8234.624382786838,37.14459690492185,105.06228992039308,6600400.0,0.0018067979083868924,0.0018051676124941,33.0,9.9501953125,54.33000183105469,1159.4000244140625,67.40599822998047,19756.849609375,6954.2001953125,11203.6298828125,2259.530029296875,22760.98046875,15.069999694824219,5444.5,18996.369140625
2016-12-12,8230.650390625,8230.650390625,8154.4501953125,8170.7998046875,108100.0,46.12102150499618,-58.53497540465014,31.929146600741646,-90.46412200539179,87.00333087755395,81.15570163754816,8112.2599609375,8411.7769921875,8186.465002441406,8171.361660856311,8229.89663626096,36.64469787088033,105.22211240375788,6492300.0,-0.011008587201561393,-0.011069630108506541,76.2001953125,59.8505859375,55.689998626708984,1163.5,67.46050262451172,19796.4296875,6890.39990234375,11190.2099609375,2256.9599609375,22433.01953125,16.190000534057617,5412.5400390625,19155.029296875
2016-12-13,8196.150390625,8228.849609375,8155.7998046875,8221.7998046875,184000.0,49.226963422598004,-50.175495667346695,32.230901070436076,-82.40639673778277,82.4300665750375,84.12579878767147,8117.927441406251,8401.30998046875,8192.332751464844,8179.1213752918775,8229.296870959224,36.18050591069892,102.92409042402518,6676300.0,0.006241739024219095,0.006222340051564259,73.0498046875,-25.6494140625,55.720001220703125,1156.699951171875,67.41799926757812,19911.2109375,6968.60009765625,11284.650390625,2271.719970703125,22446.69921875,15.920000076293945,5463.830078125,19250.51953125
2016-12-14,8229.349609375,8229.400390625,8165.10009765625,8182.4501953125,144600.0,46.97680851127882,-46.19324538834917,28.970521079546884,-75.16376646789605,73.39668816493976,80.9433618725104,8121.469946289063,8393.133984375,8197.702751464843,8179.633501448896,8225.826746837245,35.74234750274879,100.16524774864838,6531700.0,-0.004786009184091999,-0.004797498800311476,64.30029296875,46.8994140625,53.900001525878906,1161.300048828125,67.3864974975586,19792.529296875,6949.2001953125,11244.83984375,2253.280029296875,22456.619140625,16.59000015258789,5436.669921875,19253.609375
2016-12-15,8128.39990234375,8225.900390625,8121.9501953125,8153.60009765625,181800.0,45.3404198781537,-44.848262271816566,24.252403356863596,-69.10066562868016,65.61836745598498,73.81504073198741,8125.15244140625,8383.982978515625,8202.512001953126,8175.628362403873,8220.47662467569,35.63889178484268,100.43560114606636,6349900.0,-0.003525850688682164,-0.0035320811496494836,103.9501953125,-25.2001953125,54.02000045776367,1127.800048828125,67.81999969482422,19852.240234375,6999.0,11366.400390625,2262.030029296875,22059.400390625,15.65999984741211,5456.85009765625,19273.7890625
2016-12-16,8178.2001953125,8178.7001953125,8127.4501953125,8139.4501953125,203000.0,44.52127378321274,-44.412176401421675,19.750791381806792,-64.16296778322847,50.40449963908755,63.139851753337425,8128.419946289063,8372.009990234375,8207.155502929687,8170.062490543662,8214.474666945083,35.54282576107271,96.92234392134735,6146900.0,-0.001735417750965862,-0.0017369253327930302,51.25,38.75,55.209999084472656,1135.300048828125,67.84500122070312,19843.41015625,7011.60009765625,11404.009765625,2258.070068359375,22020.75,15.25,5437.16015625,19401.150390625
2016-12-19,8126.0,8132.5,8094.85009765625,8104.35009765625,107400.0,42.47146821862464,-46.364399804300774,14.238854383142154,-60.60325418744293,34.67063978023995,50.231168958437486,8137.182446289064,8358.713984375001,8211.504504394532,8159.952891637906,8206.317291442207,35.69071193250187,93.18504061669753,6039500.0,-0.004312342580149231,-0.004321667547371758,37.64990234375,21.64990234375,54.91999816894531,1140.5,67.83499908447266,19883.060546875,7017.2001953125,11426.7001953125,2262.530029296875,21832.6796875,14.84000015258789,5457.43994140625,19391.599609375
2016-12-20,8110.60009765625,8124.10009765625,8062.75,8082.39990234375,128000.0,41.19416063066205,-49.11656306733312,9.189352896087854,-58.30591596342097,23.78875632739232,36.2879652489066,8141.187451171876,8345.482978515625,8216.368754882813,8148.021662515728,8197.138225583061,36.05460902349005,90.91111611952272,5911500.0,-0.0027084460873485483,-0.0027121205636996375,61.35009765625,28.2001953125,55.349998474121094,1131.5,67.84020233154297,19974.619140625,7044.0,11464.740234375,2270.760009765625,21729.060546875,14.539999961853027,5483.93994140625,19494.529296875
2016-12-21,8105.85009765625,8112.5498046875,8053.25,8061.2998046875,123700.0,39.950363050270795,-52.39628209707644,4.7277070930756295,-57.123989190152066,12.374882420282134,23.611426175971467,8142.587451171876,8332.517978515625,8221.581752929687,8134.679838234462,8187.076120331539,36.459961355709005,88.65316530294967,5787800.0,-0.0026106228238139684,-0.0026140364419853872,59.2998046875,44.55029296875,54.459999084472656,1131.0999755859375,67.89700317382812,19941.9609375,7041.39990234375,11468.6396484375,2265.179931640625,21809.80078125,14.710000038146973,5471.43017578125,19444.490234375
2016-12-22,8043.85009765625,8046.4501953125,7964.9501953125,7979.10009765625,122600.0,35.45869837486367,-60.92599549213628,-3.041605041587367,-57.88439045054891,6.636713727032523,14.266784158235659,8143.2674560546875,8318.14798828125,8226.624252929687,8110.744493530122,8171.670489022258,37.409277545828004,89.20291130809612,5665200.0,-0.010196830414798908,-0.010249174221346512,81.5,64.75,55.04999923706055,1128.800048828125,67.82550048828125,19918.880859375,7063.7001953125,11456.099609375,2260.9599609375,21636.19921875,15.550000190734863,5447.419921875,19427.669921875
2016-12-23,7972.5,8022.60009765625,7942.0498046875,7985.75,124100.0,36.08476516405479,-66.38402949797091,-6.799711237937601,-59.584318260033314,7.10751156979106,8.70636923903524,8136.8399658203125,8303.6869921875,8231.404252929688,8091.514571448564,8157.898600946535,38.42366579195993,88.58486714099996,5789300.0,0.0008334150796909245,0.0008330679821808747,80.55029296875,-13.25,55.15999984741211,1131.9000244140625,67.83799743652344,19933.810546875,7068.2001953125,11449.9296875,2263.7900390625,21574.759765625,15.130000114440918,5462.68994140625,19427.669921875
2016-12-26,7965.10009765625,7970.0498046875,7893.7998046875,7908.25,106900.0,32.16839721376574,-76.08608999259377,-13.201417386048362,-62.88467260654541,7.160932924177797,6.968386073667126,8125.907470703125,8290.384999999998,8236.01025390625,8063.320021994939,8139.406111987533,39.63344417901219,88.82524772467853,5682400.0,-0.009704786651222541,-0.009752185003088458,76.25,56.85009765625,55.15999984741211,1131.9000244140625,67.83080291748047,19933.810546875,7068.2001953125,11449.9296875,2263.7900390625,21574.759765625,16.600000381469727,5462.68994140625,19396.640625
2016-12-27,7915.0498046875,8044.64990234375,7903.7001953125,8032.85009765625,118800.0,42.89859573244369,-72.88073256147163,-7.996847963940979,-64.88388459753065,17.800017913122023,10.689487469030293,8120.442480468751,8279.373994140624,8240.063005371094,8058.632341327449,8131.51307388892,39.48857801469184,92.54842338943365,5801200.0,0.01575571051196545,0.015632877835896817,140.94970703125,-117.80029296875,56.09000015258789,1137.300048828125,67.77200317382812,19945.0390625,7068.2001953125,11472.240234375,2268.8798828125,21574.759765625,15.079999923706055,5487.43994140625,19403.060546875
2016-12-28,8047.5498046875,8100.5498046875,8028.39990234375,8034.85009765625,126700.0,43.05431158275783,-69.37931881843815,-3.5963473767260012,-65.78297144171215,25.75980404716396,16.90691829482126,8110.959985351563,8269.662988281249,8243.393005371094,8054.973534608803,8124.352853427241,38.52413635821339,91.09138617188482,5927900.0,0.00024897763255693484,0.00024894664276991384,72.14990234375,12.69970703125,56.220001220703125,1139.4000244140625,67.96800231933594,19833.6796875,7106.10009765625,11474.990234375,2249.919921875,21754.740234375,15.539999961853027,5438.56005859375,19401.720703125
2016-12-29,8030.60009765625,8111.10009765625,8020.7998046875,8103.60009765625,178500.0,48.275940728223965,-60.36106795060914,4.33752279288241,-64.69859074349155,45.25703344197935,29.605618467421777,8106.494970703126,8258.176982421875,8246.533005371093,8062.45454430841,8122.815612259019,37.476747556572064,91.03487951451805,6106400.0,0.008556475748073389,0.008520076594398652,90.30029296875,-73.0,56.13999938964844,1156.4000244140625,68.20500183105469,19819.779296875,7120.2998046875,11451.0498046875,2249.260009765625,21790.91015625,15.279999732971191,5432.08984375,19145.140625
2016-12-30,8119.64990234375,8197.0,8114.75,8185.7998046875,127600.0,53.737948509008994,-46.05036978157659,14.918576769531974,-60.968946551108566,62.09918402893031,44.372007172691205,8111.444970703125,8248.710986328126,8250.03525390625,8081.430738212885,8127.481107994462,35.363982772431434,91.20380971660605,6234000.0,0.01014360358861044,0.010092502517199517,82.25,-66.14990234375,56.130001068115234,1150.0,67.93299865722656,19762.599609375,7142.7998046875,11481.0595703125,2238.830078125,22000.560546875,15.470000267028809,5383.1201171875,19114.369140625
2017-01-02,8210.099609375,8212.0,8133.7998046875,8179.5,118300.0,53.27363264270551,-34.8160423047666,20.922323397073576,-55.73836570184017,78.1407010866862,61.832306185865285,8113.982470703124,8238.312978515625,8253.506254882814,8096.518316949365,8131.334359254131,33.219765192420965,90.27498011631276,6115700.0,-0.0007696016073948098,-0.0007698979027411989,78.2001953125,30.599609375,56.130001068115234,1150.0,67.9448013305664,19762.599609375,7142.7998046875,11598.330078125,2238.830078125,22000.560546875,15.829999923706055,5383.1201171875,19114.369140625
2017-01-03,8196.0498046875,8219.099609375,8148.60009765625,8192.25,127300.0,54.13732603396367,-24.600360751085645,24.910403960603624,-49.51076471168927,87.33553980744874,75.85847497435509,8116.437475585937,8228.296982421874,8256.808505859375,8111.246268187924,8135.84662893901,31.13903299821052,88.86244665934399,6243000.0,0.0015587749862460143,0.0015575613575361691,70.49951171875,3.7998046875,55.470001220703125,1160.4000244140625,68.13390350341797,19881.759765625,7177.89990234375,11584.240234375,2257.830078125,22150.400390625,15.960000038146973,5429.080078125,19114.369140625
2017-01-04,8202.650390625,8218.5,8180.89990234375,8190.5,132400.0,53.98981586141255,-16.45587679021355,26.443910337180576,-42.89978712739413,88.73555281869275,84.73726457094256,8120.8599853515625,8217.927978515625,8260.330256347657,8123.439150005166,8139.89502679538,29.206924532157966,85.20085030198013,6110600.0,-0.00021361652781592966,-0.00021363934707617968,37.60009765625,12.150390625,56.459999084472656,1163.800048828125,68.2697982788086,19942.16015625,7189.7001953125,11584.3095703125,2270.75,22134.470703125,15.890000343322754,5477.0,19594.16015625
2017-01-05,8226.650390625,8282.650390625,8223.7001953125,8273.7998046875,159100.0,59.62864703281812,-3.2423408140011816,31.725957050714356,-34.96829786471554,92.9331837647943,89.66809213031192,8122.207495117188,8209.577978515625,8264.148254394531,8146.571558417832,8149.813899231834,27.654039195217017,85.6972460393387,6269700.0,0.01017029542610337,0.01011892597298775,58.9501953125,-47.1494140625,56.88999938964844,1179.699951171875,67.885498046875,19899.2890625,7195.2998046875,11584.9404296875,2269.0,22456.689453125,15.050000190734863,5487.93994140625,19520.689453125
2017-01-06,8281.849609375,8306.849609375,8233.25,8243.7998046875,139400.0,56.922918424249886,4.753931997151994,31.777783889494028,-27.023851892342034,91.22256183245375,90.96376613864692,8121.309985351563,8202.148974609376,8267.67350341797,8161.529750151627,8156.775818154475,26.497308290076337,84.83312913474307,6130300.0,-0.0036259035398709116,-0.0036324930615801707,73.599609375,38.0498046875,57.099998474121094,1171.9000244140625,67.73300170898438,19963.80078125,7210.10009765625,11599.009765625,2276.97998046875,22503.009765625,14.90999984741211,5521.06005859375,19454.330078125
2017-01-09,8259.349609375,8263.0,8227.75,8236.0498046875,99100.0,56.21328611031741,10.346408621307091,29.8962084109193,-19.54979978961221,88.43957076721233,90.86510545482012,8124.572485351563,8194.564970703126,8271.550751953124,8172.994373926376,8162.647965305069,25.339985650568277,81.29147705369,6031200.0,-0.0009401004613908137,-0.0009405426329750955,35.25,23.2998046875,54.939998626708984,1183.5,68.1426010131836,19887.380859375,7237.7998046875,11563.990234375,2268.89990234375,22558.689453125,15.479999542236328,5531.81982421875,19454.330078125
2017-01-10,8262.7001953125,8293.7998046875,8261.0,8288.599609375,142900.0,59.866748639376574,18.802078046968745,30.68150226926476,-11.879424222296018,87.72548268603478,89.12920509523362,8127.912475585938,8187.5769628906255,8275.5,8190.779794764626,8171.977716717657,24.645277847905533,79.60994297842643,6174100.0,0.0063804622280927425,0.006360193250249055,32.7998046875,-25.8994140625,53.63999938964844,1184.199951171875,68.09700012207031,19855.529296875,7275.5,11583.2998046875,2268.89990234375,22744.849609375,15.199999809265137,5551.81982421875,19301.439453125
2017-01-11,8327.7998046875,8389.0,8322.25,8380.650390625,186500.0,65.32463404749025,32.55570384431849,35.548102453291605,-2.992398608973117,92.25159865418027,89.47221736914246,8137.822485351563,8182.664970703126,8279.840502929688,8219.990655666223,8187.434951821904,24.993808956667756,81.09497495318169,6360600.0,0.01110570972035907,0.011044494137506545,66.75,-52.8505859375,55.099998474121094,1195.5999755859375,68.31800079345703,19954.279296875,7290.5,11646.169921875,2275.320068359375,22935.349609375,14.8100004196167,5563.64990234375,19364.669921875
2017-01-12,8391.0498046875,8417.2001953125,8382.2998046875,8407.2001953125,172600.0,66.7300061358447,45.07826455697614,38.4565305327594,6.6217340242167335,97.32831851894744,92.4351332863875,8150.502490234376,8180.528974609376,8283.854753417969,8248.79212330411,8203.713858747135,25.568938566263405,77.91317707706158,6533200.0,0.003167988574872327,0.0031629810720875113,34.900390625,-16.150390625,56.0099983215332,1198.9000244140625,68.13999938964844,19891.0,7292.39990234375,11521.0400390625,2270.43994140625,22829.01953125,14.609999656677246,5547.490234375,19134.69921875
2017-01-13,8457.650390625,8461.0498046875,8373.150390625,8400.349609375,185300.0,65.98685224811774,53.82918971795516,37.76596455499074,16.06322516296442,95.17081453878686,94.91691057063818,8163.5474609375,8178.836962890626,8287.335251464843,8272.108659622709,8218.279469904754,26.47219828360324,78.62647971887861,6347900.0,-0.0008148474852923693,-0.0008151796539613075,87.8994140625,57.30078125,55.45000076293945,1195.300048828125,68.12950134277344,19885.73046875,7337.7998046875,11629.1796875,2274.639892578125,22937.380859375,14.380000114440918,5574.1201171875,19287.279296875
2017-01-16,8390.9501953125,8426.7001953125,8374.400390625,8412.7998046875,124100.0,66.71241177500049,61.06506757877469,36.00147393264821,25.063593646126478,92.07962315641237,94.85958540471555,8178.969946289062,8178.417958984375,8290.824750976562,8293.753451171138,8232.688383592364,27.31093944970452,76.746002930923,6472000.0,0.0014821044232022906,0.0014810071904502009,52.2998046875,-21.849609375,55.45000076293945,1195.300048828125,68.15779876708984,19885.73046875,7327.10009765625,11554.7099609375,2274.639892578125,22718.150390625,15.069999694824219,5574.1201171875,19095.240234375
2017-01-17,8415.0498046875,8440.900390625,8378.2998046875,8398.0,122000.0,64.93905272556549,64.85769324874673,31.8352796820962,33.02241356665053,87.94269625182665,91.73104464900862,8194.749951171876,8176.436962890626,8294.232250976562,8309.791381760195,8244.933688511448,28.214126376556287,75.73561600282136,6350000.0,-0.0017592008642893786,-0.001760750075312027,62.6005859375,17.0498046875,55.470001220703125,1212.0,68.09459686279297,19826.76953125,7220.39990234375,11540.0,2267.889892578125,22840.970703125,15.390000343322754,5538.72998046875,18813.529296875
2017-01-18,8403.849609375,8460.2998046875,8397.400390625,8417.0,163800.0,66.1819104175672,68.6056741212451,28.466608443675653,40.13906567756945,87.33293949639966,89.11841963487956,8212.5349609375,8173.905966796876,8298.241750488281,8326.285015335548,8257.679341214303,29.223522562384023,74.81874443565555,6513800.0,0.002262443438914019,0.002259887967437504,62.8994140625,-13.150390625,53.91999816894531,1211.300048828125,67.89949798583984,19804.720703125,7247.60009765625,11599.3896484375,2271.889892578125,23098.259765625,15.180000305175781,5555.64990234375,18894.369140625
2017-01-19,8418.400390625,8445.150390625,8404.0498046875,8435.099609375,165900.0,67.36859108940948,72.20413881056811,25.65205850639893,46.55208030416918,88.34290782120571,87.87284785647734,8235.334936523439,8173.967958984375,8302.432248535155,8343.02572211085,8270.821583300281,30.160819020652635,72.41030454293016,6679700.0,0.0021503634757038537,0.0021480547533008396,41.1005859375,-16.69921875,54.15999984741211,1200.9000244140625,68.197998046875,19732.400390625,7208.39990234375,11596.8896484375,2263.68994140625,23049.9609375,15.020000457763672,5540.080078125,19072.25
2017-01-20,8404.349609375,8423.650390625,8340.9501953125,8349.349609375,202600.0,57.13882478877793,67.36015372316433,16.64645873519612,50.71369498796821,81.20009046811768,85.62531259524101,8253.514916992188,8170.439951171875,8305.502995605468,8343.998627843795,8276.638474120631,29.703735421803366,73.9630980800423,6477100.0,-0.010165855054597661,-0.010217880246458876,82.7001953125,55.0,55.4900016784668,1204.300048828125,68.09030151367188,19827.25,7198.39990234375,11630.1298828125,2271.31005859375,22885.91015625,15.789999961853027,5555.330078125,19137.91015625
2017-01-23,8329.599609375,8404.150390625,8327.2001953125,8391.5,195000.0,60.32776973686489,66.15979595556018,12.356880774073574,53.80291518148661,77.16482732460454,82.23594187130931,8277.677416992188,8172.343955078125,8308.768496093751,8351.306531252441,8285.146735296881,29.01651101700392,74.17646216807499,6672100.0,0.005048344194100052,0.005035644029815811,76.9501953125,-61.900390625,55.22999954223633,1215.0,68.07720184326172,19799.849609375,7151.2001953125,11545.75,2265.199951171875,22898.51953125,15.90999984741211,5552.93994140625,18891.029296875
2017-01-24,8407.0498046875,8480.9501953125,8398.150390625,8475.7998046875,179200.0,65.8071114531564,71.19015766877055,13.90979398982715,57.2803636789434,79.1407211724034,79.16854632170853,8299.824902343751,8179.690947265624,8312.582246093749,8370.459342550143,8299.269184881372,29.24426211140008,75.26744310696249,6851300.0,0.010045856484240057,0.009995732282151228,82.7998046875,-68.75,55.439998626708984,1210.300048828125,68.05139923095703,19912.7109375,7150.2998046875,11594.9404296875,2280.070068359375,22949.859375,15.289999961853027,5600.9599609375,18787.990234375
2017-01-25,8499.4501953125,8612.599609375,8493.9501953125,8602.75,292500.0,72.06445979066567,84.44712151266867,21.73340626698021,62.71371524568846,90.20421322123102,82.16992057274632,8328.219897460938,8189.5139453125,8316.801997070312,8406.196366773198,8321.74924526053,30.51510626594339,79.6626117912866,7143800.0,0.014977960574563243,0.014866898538362306,118.6494140625,-103.2998046875,55.08000183105469,1197.300048828125,68.16449737548828,20068.509765625,7164.39990234375,11806.0498046875,2298.3701171875,23049.119140625,15.170000076293945,5656.33984375,19057.5
2017-01-27,8610.5,8672.7001953125,8606.900390625,8641.25,275400.0,73.63994008009988,96.94249635888264,27.383024890555333,69.5594714683273,96.12343799181704,88.48945746181715,8355.102392578126,8200.739941406251,8321.992246093749,8442.358464192706,8345.415967833824,32.06254854384942,78.96886775708755,7419200.0,0.00447531312661642,0.004465328690727306,65.7998046875,-30.75,55.52000045776367,1188.0999755859375,68.14900207519531,20093.779296875,7184.5,11814.26953125,2294.68994140625,23360.779296875,16.010000228881836,5660.77978515625,19467.400390625
2017-01-30,8635.5498046875,8662.599609375,8617.75,8632.75,304700.0,72.66556219685857,104.94949948501744,28.31202241335211,76.63747707166533,93.55623296676164,93.29462805993657,8377.449902343751,8211.912939453126,8327.084245605469,8471.64946970152,8366.699970216503,33.49945923047644,76.53177787265273,7114500.0,-0.0009836539852451365,-0.0009841380903137704,44.849609375,2.7998046875,55.22999954223633,1193.199951171875,68.11000061035156,19971.130859375,7118.5,11681.8896484375,2280.89990234375,23360.779296875,16.670000076293945,5613.7099609375,19368.849609375
2017-01-31,8629.4501953125,8631.75,8552.400390625,8561.2998046875,521000.0,64.89273124472363,104.32705616022213,22.151663270845432,82.1753928893767,83.81341448843963,91.16436181567278,8396.539892578126,8224.55693359375,8332.158493652343,8485.441828930132,8381.11477276991,33.64783974323955,76.8044801228204,6593500.0,-0.008276643631809133,-0.008311085218864388,79.349609375,68.150390625,55.70000076293945,1208.5999755859375,67.82099914550781,19864.08984375,7099.2001953125,11535.3095703125,2278.8701171875,23360.779296875,16.829999923706055,5614.7900390625,19041.33984375
2017-02-01,8570.349609375,8722.400390625,8537.5,8716.400390625,327700.0,71.91554675338402,115.02317088184645,26.278222393975796,88.74494848787066,85.66342543204338,87.67769096241489,8422.747412109376,8238.8389453125,8337.964494628906,8520.973915344726,8405.95074446288,34.4304919128362,84.5256165872618,6921200.0,0.01811647640847469,0.017954328487415367,184.900390625,-146.05078125,55.65999984741211,1205.5999755859375,67.50160217285156,19890.939453125,7107.7001953125,11659.5,2279.550048828125,23318.390625,13.970000267028809,5642.64990234375,19148.080078125
2017-02-02,8724.75,8757.599609375,8685.7998046875,8734.25,283500.0,72.5949761924598,123.51641284030666,27.817171481948805,95.69924135835785,87.08962811723876,85.52215601257393,8449.934912109376,8252.85794921875,8343.278745117188,8553.785620676306,8430.269207836,35.37627683053066,83.61663002299309,7204700.0,0.002047818890261066,0.002045724967320079,71.7998046875,-9.5,56.560001373291016,1216.699951171875,67.39540100097656,19884.91015625,7140.7998046875,11627.9501953125,2280.85009765625,23184.51953125,13.520000457763672,5636.2001953125,18914.580078125
2017-02-03,8735.150390625,8748.25,8707.75,8740.9501953125,191000.0,72.86039115420881,129.29755630459658,26.87865195699098,102.4189043476056,96.39610535800139,89.71638630242784,8473.292431640626,8268.366953125,8348.43874511719,8582.580170620337,8453.28261431574,36.2545056826755,80.53687073563644,7395700.0,0.0007671174184962215,0.0007668233343177947,40.5,-5.7998046875,56.810001373291016,1218.5,67.2656021118164,20071.4609375,7188.2998046875,11651.490234375,2297.419921875,23129.2109375,13.130000114440918,5666.77001953125,18918.19921875
2017-02-06,8785.4501953125,8814.099609375,8770.2001953125,8801.0498046875,194400.0,75.18220442956208,137.14773661787694,27.78306581621706,109.36467080165988,96.00878300794392,93.16483882772802,8501.154931640625,8282.101953125,8353.191743164063,8616.190883553747,8479.04314693587,37.47079186205589,80.00919525898384,7590100.0,0.006875638006406781,0.006852108598963618,43.8994140625,-15.599609375,55.720001220703125,1230.0,67.15730285644531,20052.419921875,7172.2001953125,11509.83984375,2292.56005859375,23348.240234375,13.399999618530273,5663.5498046875,18976.7109375
2017-02-07,8805.7001953125,8809.2998046875,8741.0498046875,8768.2998046875,226300.0,71.58811427255483,139.12269000727974,23.806415364495876,115.31627464278387,94.68167711846097,95.69552182813541,8527.767431640625,8294.929951171875,8357.459741210938,8639.592256035863,8500.469566028583,38.0677331946281,79.16925274048499,7363800.0,-0.0037211469911869743,-0.003728087682222944,68.25,37.400390625,55.04999923706055,1234.199951171875,67.19529724121094,20090.2890625,7186.2001953125,11549.4404296875,2293.080078125,23331.5703125,13.510000228881836,5674.22021484375,18910.779296875
2017-02-08,8774.5498046875,8791.25,8715.0,8769.0498046875,218700.0,71.62157203457876,139.14440346043193,19.06250305411845,120.08190040631348,92.88700355338943,94.52582122659811,8551.78994140625,8307.46794921875,8361.731240234376,8659.508801982269,8520.364398521837,38.15632005556798,78.9607346875932,7582500.0,8.55353964515082e-05,8.553173850807276e-05,76.25,5.5,55.119998931884766,1237.5999755859375,67.34049987792969,20054.33984375,7188.7998046875,11543.3798828125,2294.669921875,23485.130859375,13.350000381469727,5682.4501953125,19007.599609375
2017-02-09,8795.5498046875,8821.400390625,8724.099609375,8778.400390625,187500.0,72.06327925758383,138.32163990494882,14.591791598908273,123.72984830604055,90.88008940831392,92.81625669338811,8571.677441406251,8318.54595703125,8366.062993164063,8677.799815619612,8539.478175714663,38.46741966162436,80.2707380134794,7770000.0,0.0010663168924529565,0.0010657487804178315,97.30078125,17.1494140625,55.630001068115234,1235.0999755859375,66.96430206298828,20172.400390625,7229.5,11642.8603515625,2307.8701171875,23525.140625,13.239999771118164,5715.18017578125,18907.669921875
2017-02-10,8812.349609375,8822.099609375,8771.2001953125,8793.5498046875,225900.0,72.80190815814076,137.30920986612364,10.863489248066458,126.44572061805718,92.09262627957754,91.95323974709362,8590.994921875,8330.5589453125,8370.534243164064,8695.60750624544,8558.298296379317,38.76170432517307,78.17278630269516,7995900.0,0.0017257602055471555,0.0017242727924366554,50.8994140625,18.7998046875,56.70000076293945,1234.4000244140625,66.74530029296875,20269.369140625,7258.7998046875,11666.9697265625,2316.10009765625,23574.98046875,13.180000305175781,5734.1298828125,19378.9296875
2017-02-13,8819.7998046875,8826.900390625,8754.2001953125,8805.0498046875,204900.0,73.37733366229365,135.86859704520612,7.53830114171916,128.33029590348696,93.47797217060292,92.15022928616479,8611.229931640626,8344.923945312501,8375.284243164064,8712.444782928833,8576.576185883627,38.695565468281146,77.78188694625265,8200800.0,0.001307776751758416,0.0013069223565665177,72.7001953125,14.75,55.59000015258789,1224.4000244140625,66.84369659423828,20412.16015625,7278.89990234375,11774.4296875,2328.25,23710.98046875,13.6899995803833,5763.9599609375,19459.150390625
2017-02-14,8819.900390625,8820.4501953125,8772.5,8792.2998046875,188300.0,71.56943011134697,132.17445768927064,3.075329428626958,129.09912826064368,92.91424107984201,92.82827984334082,8630.204931640626,8358.194941406251,8379.432492675782,8724.730170891704,8592.555713202433,38.634150815452934,75.65105182955604,8012500.0,-0.0014480326951941125,-0.0014490821077153884,47.9501953125,27.6005859375,55.970001220703125,1223.9000244140625,66.91539764404297,20504.41015625,7268.60009765625,11771.8095703125,2337.580078125,23703.009765625,13.800000190734863,5782.56982421875,19238.98046875
2017-02-15,8778.9501953125,8807.900390625,8712.849609375,8724.7001953125,216100.0,62.74278245658357,122.38136590539943,-5.374209884195409,127.75557578959484,83.0656897653552,89.81930100526671,8646.539941406252,8369.825947265626,8383.156494140625,8724.725559264134,8602.344193358735,37.40141183928698,77.03674678815918,7796400.0,-0.007688501401983627,-0.007718210304816345,95.05078125,54.25,55.75,1231.699951171875,66.7759017944336,20611.859375,7302.39990234375,11793.9296875,2349.25,23994.869140625,14.210000038146973,5819.43994140625,19437.98046875
2017-02-16,8739.0,8783.9501953125,8719.599609375,8778.0,184600.0,66.27454991330531,117.56589247823104,-8.151746649091052,125.71763912732209,79.13209178857643,85.03734087792455,8664.589941406251,8383.344951171875,8387.810244140624,8732.921627069652,8615.355734591421,36.25672564713288,76.13059244168352,7981000.0,0.006109070053333943,0.006090485336691579,64.3505859375,-39.0,55.650001525878906,1240.0,66.8655014038086,20619.76953125,7277.89990234375,11757.240234375,2347.219970703125,24107.69921875,13.729999542236328,5814.89990234375,19347.529296875
2017-02-17,8883.7001953125,8896.4501953125,8804.25,8821.7001953125,298300.0,68.87934107953859,115.93935887813313,-7.822624199351168,123.7619830774843,75.65459331408942,79.28412495600702,8683.919970703126,8394.841962890625,8392.66974609375,8746.579868337783,8630.64050945965,36.356908239564156,79.15342121817041,8279300.0,0.004978377228582742,0.004966026084143879,92.2001953125,62.0,55.810001373291016,1237.5999755859375,67.16480255126953,20624.05078125,7300.0,11757.01953125,2351.159912109375,24033.740234375,13.430000305175781,5838.580078125,19234.619140625
2017-02-20,8818.5498046875,8886.25,8809.7998046875,8879.2001953125,167800.0,71.94927098053756,117.9306575233204,-4.665060443331129,122.59571796665153,85.82418760436673,80.20362423567752,8710.4125,8407.190966796876,8398.036247558593,8766.982995564664,8649.052338041343,36.44993493253605,78.96033365347967,8447100.0,0.0065180179247708026,0.006496867502078924,76.4501953125,-60.650390625,55.810001373291016,1237.5999755859375,67.06520080566406,20624.05078125,7299.89990234375,11827.6201171875,2351.159912109375,24146.080078125,13.609999656677246,5838.580078125,19251.080078125
2017-02-21,8890.75,8920.7998046875,8860.9501953125,8907.849609375,175700.0,73.35939201207705,120.43227601643412,-1.7307535601739517,122.16302957660807,89.61966063606869,83.69948051817494,8736.22998046875,8421.931962890627,8403.84049560547,8788.654782304715,8668.22250628828,36.842222641453844,77.59528191930255,8622800.0,0.003226575978951818,0.0032213817527225,59.849609375,-17.099609375,56.65999984741211,1237.5,66.96499633789062,20743.0,7274.7998046875,11967.490234375,2365.3798828125,23963.630859375,13.529999732971191,5865.9501953125,19381.439453125
2017-02-22,8931.599609375,8960.75,8905.25,8926.900390625,247100.0,74.28510986597594,122.53950637694834,0.3011814402722024,122.23832493667614,92.10143523980878,89.1817611600814,8758.785009765626,8436.033974609376,8409.942248535157,8809.923337430911,8687.383831053963,37.53329414294993,76.01704749649522,8869900.0,0.0021386509747480797,0.0021363673161383717,55.5,4.69921875,55.84000015258789,1232.0,66.96510314941406,20775.599609375,7302.2998046875,11998.58984375,2362.820068359375,24201.9609375,13.699999809265137,5860.6298828125,19379.869140625
2017-02-23,8956.400390625,8982.150390625,8927.5498046875,8939.5,377200.0,74.90616550741281,123.79910576764269,1.2486246647732315,122.55048110286945,88.4241770440045,90.04842430662731,8775.622509765624,8451.174970703125,8415.962248535156,8829.858208595386,8706.059102827743,38.34112226437322,74.53368696103128,9247100.0,0.0014114204061503877,0.0014104252886116898,54.6005859375,16.900390625,56.58000183105469,1250.199951171875,66.91429901123047,20810.3203125,7271.39990234375,11947.830078125,2363.81005859375,24114.859375,13.399999618530273,5835.509765625,19371.4609375
2017-02-27,8943.7001953125,8951.7998046875,8888.650390625,8896.7001953125,189900.0,68.82532646870324,119.96092593322828,-2.071644135712944,122.03257006894123,79.68428662899974,86.73663297093768,8788.39501953125,8466.03697265625,8421.778498535157,8840.14159116725,8720.180665234022,38.25725846204804,73.72052461113618,9057200.0,-0.004787717958219084,-0.00479921579345047,63.1494140625,47.0,55.93000030517578,1257.4000244140625,66.63500213623047,20837.439453125,7253.0,11822.669921875,2369.75,23925.05078125,13.680000305175781,5861.89990234375,19107.470703125
2017-02-28,8898.9501953125,8914.75,8867.599609375,8879.599609375,293600.0,66.50239128818377,114.2225795957711,-6.247992378536111,120.4705719743072,71.45058818409944,79.85301728570121,8800.7375,8480.839960937501,8426.846247558595,8846.212055506903,8731.989475911132,37.75105499447338,71.82265789784076,8763600.0,-0.0019221268068030373,-0.0019239764630964217,47.150390625,19.3505859375,55.59000015258789,1252.5999755859375,66.69319915771484,20812.240234375,7263.39990234375,11834.41015625,2363.639892578125,23740.73046875,13.789999961853027,5825.43994140625,19118.990234375
2017-03-01,8904.400390625,8960.7998046875,8898.599609375,8945.7998046875,205900.0,70.63439519808533,113.70596964581819,-5.411681862791227,119.11765150860941,72.23036122674944,74.45507867994954,8819.962500000001,8497.668955078127,8432.136247558594,8861.533247688534,8747.827278042716,37.74007584786745,72.49248199888785,8969500.0,0.007455313102474381,0.007427659614302356,62.2001953125,-41.3994140625,55.599998474121094,1248.9000244140625,66.7051010131836,21115.55078125,7382.89990234375,12067.1904296875,2395.9599609375,23776.490234375,13.579999923706055,5904.02978515625,19393.5390625
2017-03-02,8982.849609375,8992.5,8879.7998046875,8899.75,218800.0,64.65947262445854,108.33193504162955,-8.628573173583902,116.96050821521345,71.751688196754,71.8108792025343,8829.129980468751,8514.01595703125,8437.390747070312,8867.412748044144,8759.080813002514,38.01845319417837,75.36446152128873,8750700.0,-0.0051476453411544165,-0.005160940111567701,112.7001953125,83.099609375,55.08000183105469,1231.9000244140625,66.85800170898438,21002.970703125,7382.39990234375,12059.5703125,2381.919921875,23728.0703125,13.359999656677246,5861.22021484375,19564.80078125
2017-03-03,8883.5,8907.099609375,8860.099609375,8897.5498046875,202600.0,64.37926484407798,102.71144294741862,-11.399252214235872,114.11069516165449,73.1274246743003,72.36982469926791,8837.294970703126,8530.740957031248,8442.37649658203,8872.049218296968,8769.33777534955,37.85679912421308,73.3384285554824,8548100.0,-0.0002472199008398679,-0.0002472504647169898,47.0,-14.0498046875,55.900001525878906,1225.5,66.84510040283203,21005.7109375,7374.2998046875,12027.3603515625,2383.1201171875,23552.720703125,13.350000381469727,5870.75,19469.169921875
2017-03-06,8915.099609375,8967.7998046875,8914.0,8963.4501953125,174800.0,68.74783732135184,102.39443394400587,-9.373008974118903,111.76744291812477,74.16416982700218,73.01442756601882,8848.419970703126,8550.427958984375,8448.119248046874,8886.110907068589,8783.716473124583,38.26246624210784,73.11782651580508,8722900.0,0.00740657732427441,0.00737928331770254,53.7998046875,-48.3505859375,56.0099983215332,1224.5,66.77300262451172,20954.33984375,7350.10009765625,11958.400390625,2375.31005859375,23596.279296875,13.640000343322754,5849.18017578125,19379.140625
2017-03-07,8977.75,8977.849609375,8932.7998046875,8946.900390625,173400.0,66.54077749668448,99.65896459082978,-9.686782661835991,109.34574725266577,79.78432892632402,75.6919744758755,8855.712500000001,8569.650966796875,8453.55,8895.463135308037,8795.804170717207,38.72440932640328,71.1129678137833,8549500.0,-0.0018463654426456033,-0.0018480720763560477,45.0498046875,30.849609375,55.91999816894531,1215.0999755859375,66.66470336914062,20924.759765625,7339.0,11966.1396484375,2368.389892578125,23681.0703125,13.880000114440918,5833.93017578125,19344.150390625
2017-03-08,8950.7001953125,8957.0498046875,8891.9501953125,8924.2998046875,177800.0,63.54079171909567,94.57718015568207,-11.814853677586967,106.39203383326904,82.77176333040437,78.90675402791018,8863.5125,8589.971962890624,8458.717749023439,8899.8995459818,8805.322365826118,38.277819436768965,70.68344221101307,8371700.0,-0.0025260799775062015,-0.0025292759007722594,65.099609375,26.400390625,53.11000061035156,1208.5,66.61620330810547,20855.73046875,7334.60009765625,11967.3095703125,2362.97998046875,23782.26953125,14.079999923706055,5837.5498046875,19254.029296875
2017-03-09,8914.5,8945.7998046875,8899.5,8927.0,171500.0,63.751066275064225,89.73332268691229,-13.32696891708541,103.0602916039977,74.63634463799306,79.06414563157381,8871.410009765625,8607.8549609375,8464.001999511718,8904.068846599985,8814.335523913072,37.86312882496568,68.94175381647642,8543200.0,0.0003025666294942386,0.0003025208654424808,46.2998046875,-12.5,52.189998626708984,1202.4000244140625,66.76499938964844,20858.189453125,7315.0,11978.3896484375,2364.8701171875,23501.560546875,14.390000343322754,5838.81005859375,19318.580078125
2017-03-10,8953.7001953125,8975.7001953125,8903.9501953125,8934.5498046875,152700.0,64.36982686468366,85.51793931537577,-14.033881830897542,99.55182114627331,69.49874362943893,75.63561719927878,8879.21748046875,8625.848955078125,8469.757749023438,8908.758224767294,8823.240285451919,37.80158232499461,69.14234282958525,8695900.0,0.0008457269729471584,0.0008453695473995277,71.75,19.150390625,51.369998931884766,1200.699951171875,66.68049621582031,20902.98046875,7343.10009765625,11963.1796875,2372.60009765625,23568.669921875,13.960000038146973,5861.72998046875,19604.609375
2017-03-14,9091.650390625,9122.75,9060.5,9087.0,270300.0,74.01527621737185,93.40199425644641,-4.9198615118615265,98.32185576830794,73.29195210462333,72.47568012401844,8893.889990234376,8645.516953125,8476.444248046875,8936.180036341557,8842.77804208511,38.92396158511733,77.64647514979345,8966200.0,0.017062996865551794,0.016919058968585234,62.25,4.650390625,50.91999816894531,1201.9000244140625,66.17009735107422,20837.369140625,7357.89990234375,11988.7900390625,2365.449951171875,23827.94921875,12.399999618530273,5856.81982421875,19609.5
2017-03-15,9086.849609375,9106.5498046875,9075.5,9084.7998046875,240600.0,73.70516292901735,98.33903603142971,0.013744210497407039,98.3252918209323,80.07369126552318,74.28812899986181,8907.877490234376,8663.496953124999,8483.212998046874,8959.044616087087,8860.705580055657,39.966170898088436,74.31814154534392,8725600.0,-0.0002421255983823256,-0.00024215491551740303,31.0498046875,2.0498046875,51.810001373291016,1200.0999755859375,65.77510070800781,20950.099609375,7368.60009765625,12009.8701171875,2385.260009765625,23792.849609375,12.420000076293945,5900.0498046875,19577.380859375
2017-03-16,9129.650390625,9158.4501953125,9128.5498046875,9153.7001953125,208600.0,76.9606394372263,106.58274338611409,6.60596125214542,99.97678213396867,90.11590818939966,81.16051718651539,8925.947509765625,8682.98095703125,8490.237248535155,8988.991628275613,8882.408884889499,41.255676107839214,74.27044505103365,8934200.0,0.0075841396735512046,0.0075555246752815495,29.900390625,-24.0498046875,51.7400016784668,1226.5,65.62049865722656,20934.55078125,7416.0,12083.1796875,2381.3798828125,24288.279296875,11.90999984741211,5900.759765625,19590.140625
2017-03-17,9207.7998046875,9218.400390625,9147.599609375,9160.0498046875,286700.0,77.24029325420561,112.33339185190925,9.885287774352463,102.44810407755679,89.22453673872916,86.47137873121733,8947.714990234375,8702.336953125,8496.362998046876,9015.308270800519,8902.97487894861,42.77563999522148,74.02261192238839,9220900.0,0.0006936658662091144,0.000693425391241901,70.80078125,47.75,51.7599983215332,1229.800048828125,65.40450286865234,20914.619140625,7425.0,12095.240234375,2378.25,24309.9296875,11.850000381469727,5901.0,19521.58984375
2017-03-20,9166.9501953125,9167.599609375,9116.2998046875,9126.849609375,332100.0,72.29878375225977,112.91028442152674,8.369744275175961,104.54054014635078,85.52372434771895,88.28805642528259,8965.157470703125,8721.0639453125,8501.648996582033,9032.468476735054,8919.558192313527,43.52489782063464,72.39955426275351,8888800.0,-0.0036244557639315556,-0.0036310400180971465,51.2998046875,40.1005859375,51.619998931884766,1233.5999755859375,65.46810150146484,20905.859375,7429.7998046875,12052.900390625,2373.469970703125,24501.990234375,12.020000457763672,5901.52978515625,19521.58984375
2017-03-21,9133.9501953125,9147.75,9087.2001953125,9121.5,247700.0,71.50497099940092,111.6487894256843,5.6865994234668165,105.96219000221748,77.03961115653675,83.92929074766161,8980.1474609375,8738.017949218749,8506.473247070313,9046.16563416043,8934.516844734746,43.629270002362766,71.55314357880683,8641100.0,-0.0005861397529225432,-0.0005863115999817308,60.5498046875,12.4501953125,50.959999084472656,1246.0999755859375,65.33529663085938,20668.009765625,7378.2998046875,11962.1298828125,2344.02001953125,24593.119140625,11.9399995803833,5793.830078125,19455.880859375
2017-03-22,9047.2001953125,9072.900390625,9019.2998046875,9030.4501953125,232300.0,59.52563496277011,102.12485548605582,-3.069867612929343,105.19472309898516,64.9827382574725,75.8486912539094,8987.7099609375,8753.75095703125,8510.732998046875,9043.747874337672,8941.623018851617,42.48844424993857,73.74221870264206,8408800.0,-0.009981889457600146,-0.010032042543653485,53.6005859375,16.75,50.63999938964844,1249.300048828125,65.49500274658203,20661.30078125,7324.7001953125,11904.1201171875,2348.449951171875,24320.41015625,12.270000457763672,5821.64013671875,19041.380859375
2017-03-23,9048.75,9099.0498046875,9048.599609375,9086.2998046875,191800.0,63.55854075317436,97.95450735830127,-5.792172592547132,103.7466799508484,61.2103207050059,67.74422337300504,8996.632470703125,8770.755957031251,8515.363996582031,9050.294325160723,8952.339817802422,41.67314537787079,73.37488946495336,8600600.0,0.006184587497530369,0.006165541424006181,50.4501953125,-37.5498046875,50.560001373291016,1246.9000244140625,65.36499786376953,20656.580078125,7340.7001953125,12039.6796875,2345.9599609375,24327.69921875,11.84000015258789,5817.68994140625,19085.310546875
2017-03-24,9104.0,9133.5498046875,9089.400390625,9108.0,203700.0,65.01709339902558,95.30191962093522,-6.755808263930561,102.05772788486578,58.95231335306302,61.71512410518047,9005.687451171874,8787.143964843752,8520.004245605469,9059.172121289843,8963.870201668908,41.22567059656466,71.50882593174241,8804300.0,0.002388232369495924,0.0023853850750034113,44.1494140625,-4.0,50.79999923706055,1248.199951171875,65.44439697265625,20596.720703125,7336.7998046875,12064.26953125,2343.97998046875,24358.26953125,11.979999542236328,5828.740234375,19262.529296875
2017-03-27,9093.4501953125,9094.849609375,9024.650390625,9045.2001953125,202700.0,57.8063324219479,87.12794857389781,-11.943823448774381,99.07177202267219,58.752432142836184,59.63835540030169,9010.9724609375,8800.4349609375,8524.13549560547,9057.022594216405,8969.894645642507,39.71948884150786,72.35459617768937,8601600.0,-0.006895015885759803,-0.006918896341847197,70.19921875,48.25,50.75,1255.4000244140625,65.39309692382812,20550.98046875,7293.5,11996.0703125,2341.590087890625,24193.69921875,12.4399995803833,5840.3701171875,18985.58984375
2017-03-28,9081.5,9110.400390625,9079.7998046875,9100.7998046875,183300.0,61.841343703595065,84.16622558321251,-11.924437151567759,96.09066273478027,59.03395804976791,58.912901181889026,9021.177441406251,8814.306953125,8528.535495605469,9063.757549673497,8979.591324090285,38.482547973821475,71.84356754446156,8784900.0,0.006146863328001739,0.006128048426003716,30.6005859375,-19.2998046875,51.33000183105469,1255.300048828125,65.04499816894531,20701.5,7343.39990234375,12149.419921875,2358.570068359375,24345.869140625,12.119999885559082,5875.14013671875,19202.869140625
2017-03-29,9128.7001953125,9153.150390625,9109.099609375,9143.7998046875,243400.0,64.65641545316525,84.31682750694017,-9.419068182272085,93.73589568921226,62.509084752610974,60.098491648405016,9034.387451171875,8829.17595703125,8533.249245605468,9076.071742752574,8991.754915245634,37.762990029122875,70.45121171539289,9028300.0,0.004724859454424246,0.004713732341589461,44.05078125,-15.099609375,52.41999816894531,1253.4000244140625,65.11000061035156,20659.3203125,7373.7001953125,12203.0,2361.1298828125,24392.05078125,12.09000015258789,5897.5498046875,19217.48046875
2017-03-30,9142.599609375,9183.150390625,9136.349609375,9173.75,323400.0,66.5096563916828,85.86313430964037,-6.298209103657513,92.16134341329789,75.4611230898328,65.6680552974039,9045.7849609375,8844.394960937501,8537.785744628905,9091.099166944487,9005.236032634846,37.377433499065255,68.76189525357911,9351700.0,0.003275464899958447,0.0032701122498964663,46.80078125,-31.150390625,52.959999084472656,1245.0,64.77999877929688,20728.490234375,7369.5,12256.4296875,2368.06005859375,24301.08984375,12.149999618530273,5914.33984375,19063.220703125
2017-03-31,9158.900390625,9191.7001953125,9152.099609375,9173.75,190900.0,66.50965639168278,86.09613098629052,-4.852169941605908,90.94830092789643,79.99379126035065,72.65466636759814,9059.484960937501,8859.9099609375,8542.289245605469,9103.814679722258,9017.718548735967,37.099992444524446,66.6789445881449,9351700.0,0.0,0.0,39.6005859375,-14.849609375,52.83000183105469,1247.300048828125,64.79000091552734,20663.220703125,7322.89990234375,12312.8701171875,2362.719970703125,24111.58984375,12.420000076293945,5911.740234375,18909.259765625
2017-04-03,9220.599609375,9245.349609375,9192.400390625,9237.849609375,139100.0,70.3664788025517,90.41088490262518,-0.4299328202169903,90.84081772284217,86.68552970088646,80.71348135035663,9076.499951171874,8876.326953125,8547.460495605468,9124.435438130373,9034.024553227748,37.32355335035298,67.03042064434884,9490800.0,0.006987285393105225,0.006962987433382358,52.94921875,-17.25,53.119998931884766,1250.800048828125,64.79669952392578,20650.2109375,7282.7001953125,12257.2001953125,2358.840087890625,24261.48046875,11.489999771118164,5894.68017578125,18983.23046875
2017-04-05,9264.400390625,9273.900390625,9215.400390625,9265.150390625,184800.0,71.85324522289918,94.93890673277019,3.2784712079424025,91.66043552482779,90.27311487897512,85.6508119467374,9091.5849609375,8892.92796875,8552.935998535155,9146.083892360315,9051.144985627545,37.76538587619167,66.4211048840382,9675600.0,0.002955317785461098,0.0029509594186491106,58.5,-0.75,54.36000061035156,1245.4000244140625,65.05000305175781,20648.150390625,7331.7001953125,12217.5400390625,2352.949951171875,24400.80078125,11.550000190734863,5864.47998046875,18861.26953125
2017-04-06,9245.7998046875,9267.9501953125,9218.849609375,9261.9501953125,186100.0,71.40102495470872,97.14929108493197,4.3910844480833475,92.75820663684863,96.18389615656042,91.04751357880733,9107.337451171876,8911.17998046875,8558.692749023438,9163.909477429881,9066.760186344949,38.17565893589903,65.18392495928548,9489500.0,-0.00034540133484917135,-0.00034546099962948787,49.1005859375,-16.150390625,54.88999938964844,1250.300048828125,65.04000091552734,20662.94921875,7303.2001953125,12230.8896484375,2357.489990234375,24273.720703125,11.289999961853027,5878.9501953125,18597.060546875
2017-04-07,9223.7001953125,9250.5,9188.099609375,9198.2998046875,190000.0,62.91908307122604,92.6964352302457,-0.04941712528234632,92.74585235552804,87.39191416293647,91.28297506615733,9121.037451171875,8927.315976562499,8564.139997558594,9169.200297007977,9076.503861777732,37.899172810616896,65.80297217201509,9299500.0,-0.006872244968150865,-0.006895967591191596,62.400390625,25.400390625,55.2400016784668,1254.300048828125,64.58000183105469,20656.099609375,7349.39990234375,12225.0595703125,2355.5400390625,24267.30078125,11.6899995803833,5877.81005859375,18664.630859375
2017-04-10,9225.599609375,9225.650390625,9174.849609375,9181.4501953125,135800.0,60.85806209209449,86.80723248534741,-4.750895896144499,91.55812838149191,76.43354774699444,86.66978602216378,9133.7599609375,8941.428984375001,8569.01425048828,9171.084896747136,9084.277664261788,37.365170301678205,64.73138710615687,9163700.0,-0.0018318178068531532,-0.001833497636833679,50.80078125,44.1494140625,55.97999954223633,1251.0999755859375,64.26000213623047,20658.01953125,7348.89990234375,12200.51953125,2357.159912109375,24262.1796875,11.619999885559082,5880.93017578125,18797.880859375
2017-04-11,9184.5498046875,9242.7001953125,9172.849609375,9237.0,200100.0,64.93598535561071,85.6352519909342,-4.73830111244618,90.37355310338037,73.16696776635175,78.99747655876088,9148.882470703125,8954.113984374999,8574.495500488281,9181.225681862961,9095.590429872027,37.06069328036543,65.09704416553853,9363800.0,0.006050221207523521,0.006031992108960761,69.8505859375,-52.4501953125,56.22999954223633,1271.199951171875,64.57499694824219,20651.30078125,7365.5,12139.349609375,2353.780029296875,24088.4609375,11.399999618530273,5866.77001953125,18747.869140625
2017-04-12,9242.5,9246.400390625,9161.7998046875,9203.4501953125,161800.0,60.81501325307219,81.06479565139671,-7.447005961586939,88.51180161298365,73.64327647885953,74.41459733073523,9154.70498046875,8965.357988281248,8579.661750488282,9184.644837778274,9103.580042126878,36.52912198076448,66.4901542921072,9202000.0,-0.003632110499891761,-0.0036387226287440087,84.6005859375,39.0498046875,55.86000061035156,1275.300048828125,64.62999725341797,20591.859375,7349.0,12154.7001953125,2344.929931640625,24313.5,11.630000114440918,5836.16015625,18552.609375
2017-04-13,9202.5,9202.650390625,9144.9501953125,9150.7998046875,166500.0,54.92421214006435,72.3601072939091,-12.921355455259643,85.28146274916874,69.28442825066251,72.0315574986246,9158.004980468751,8975.718984374998,8584.223249511719,9179.437909610464,9107.077802316555,35.65397190192974,65.91942898552811,9035500.0,-0.005720723153564311,-0.005737149166000338,57.7001953125,51.7001953125,55.88999938964844,1285.9000244140625,64.5,20453.25,7327.60009765625,12109.0,2328.949951171875,24261.66015625,11.579999923706055,5805.14990234375,18426.83984375
2017-04-17,9144.75,9160.0,9120.25,9139.2998046875,0.0,53.70065552948956,63.79819923839568,-17.186610808618454,80.98481004701414,56.114828861584755,66.3475111970356,9157.2849609375,8987.278984375,8588.82024658203,9173.262816545392,9109.464617306996,34.29908915682348,64.05018405799039,9035500.0,-0.0012567207506942735,-0.0012575110864404995,39.75,5.4501953125,55.36000061035156,1289.4000244140625,64.45369720458984,20636.919921875,7327.60009765625,12109.0,2349.010009765625,24261.66015625,11.890000343322754,5856.7900390625,18355.259765625
2017-04-18,9163.0,9217.900390625,9095.4501953125,9105.150390625,174200.0,50.129385322642115,53.63893682822709,-21.87669857502965,75.51563540325674,36.55663332758225,53.9852968132765,9154.539990234376,8995.053984375001,8593.327497558594,9162.783981788409,9109.145044960182,33.83605569573115,68.22161343331251,8861300.0,-0.003736545992832463,-0.003743544319295666,122.4501953125,57.849609375,54.88999938964844,1291.699951171875,64.4083023071289,20523.279296875,7147.5,12000.4404296875,2342.18994140625,23924.5390625,12.380000114440918,5849.47021484375,18418.58984375
2017-04-19,9112.2001953125,9120.5,9075.150390625,9103.5,173700.0,49.95647414155558,44.93647572392547,-24.463327743465015,69.39980346739048,24.440751319661214,39.037404502942735,9153.372509765626,9002.438984375,8597.492746582031,9153.663369205577,9108.726893481651,32.967670454212175,66.58789885771876,8687600.0,-0.00018125901870869043,-0.00018127544810997014,45.349609375,8.7001953125,52.93000030517578,1281.4000244140625,64.56999969482422,20404.490234375,7114.39990234375,12016.4501953125,2338.169921875,23825.880859375,12.220000267028809,5863.02978515625,18432.19921875
2017-04-20,9108.099609375,9143.900390625,9102.650390625,9136.400390625,170300.0,53.40674166287,40.230744188091194,-23.335247423439434,63.56599161153063,19.38070170672387,26.79269545132244,9154.117529296876,9010.34798828125,8602.731748046874,9151.007526347026,9110.776782158935,32.47605615902725,64.77804893931028,8857900.0,0.003614037526775471,0.00360752258526342,41.25,-28.30078125,52.9900016784668,1281.9000244140625,64.64669799804688,20578.7109375,7118.5,12027.3203125,2355.840087890625,24056.98046875,11.5600004196167,5916.77978515625,18430.490234375
2017-04-21,9179.099609375,9183.650390625,9088.75,9119.400390625,155200.0,51.433485902211366,34.729322110864814,-23.069335600532654,57.79865771139747,22.448571802935007,22.090008276440027,9158.565039062501,9016.715,8607.855249023438,9146.1448900821,9111.415567971235,32.51223510303987,66.92964477400241,8702700.0,-0.0018606890321317682,-0.0018624222643066866,94.900390625,59.69921875,51.959999084472656,1287.4000244140625,64.66000366210938,20547.759765625,7114.60009765625,12048.5703125,2348.68994140625,24042.01953125,11.420000076293945,5910.52001953125,18620.75
2017-04-24,9135.349609375,9225.400390625,9130.5498046875,9217.9501953125,167700.0,60.53631625235048,37.884838269179454,-15.931055553774414,53.81589382295387,41.643573113207545,27.82428220762214,9165.147558593751,9025.7080078125,8613.305749511721,9157.191860117546,9119.307021848366,33.00285904184115,69.72038443300224,8870400.0,0.010806610135114969,0.010748636018943606,94.8505859375,-82.6005859375,51.599998474121094,1275.800048828125,64.63999938964844,20763.890625,7264.7001953125,12454.98046875,2374.14990234375,24139.48046875,11.630000114440918,5983.81982421875,18875.880859375
2017-04-25,9273.0498046875,9309.2001953125,9250.349609375,9306.599609375,168700.0,66.60064079889085,46.997120845277095,-5.455018382141425,52.45213922741852,64.33399475247731,42.80871322287329,9175.077539062499,9036.45900390625,8618.818747558595,9180.177667695616,9133.180546850339,34.19915877536978,71.25821411635921,9039100.0,0.00961704198701141,0.009571092601938416,58.8505859375,-33.5498046875,52.099998474121094,1265.5999755859375,64.38999938964844,20996.119140625,7275.60009765625,12467.0400390625,2388.610107421875,24455.939453125,11.15999984741211,6025.490234375,19079.330078125
2017-04-26,9336.2001953125,9367.0,9301.349609375,9351.849609375,185700.0,69.2021900135866,57.21048046079159,3.8066729866984517,53.403807474093135,88.51555657861121,64.83104148143202,9190.410009765625,9047.92798828125,8624.13924560547,9206.588735646292,9149.3782551855,35.71466788833026,70.85765529554784,9224800.0,0.004862141050359314,0.00485035901773151,65.650390625,-15.6494140625,51.81999969482422,1262.0999755859375,64.3499984741211,20975.08984375,7288.7001953125,12472.7998046875,2387.449951171875,24578.4296875,11.739999771118164,6025.22998046875,19289.4296875
2017-04-27,9359.150390625,9367.150390625,9322.650390625,9342.150390625,209400.0,67.97989164083681,63.7867022483224,8.306315819383407,55.48038642893899,95.04535585562796,82.6316357289055,9202.4775390625,9058.900000000001,8629.20824951172,9227.444374873785,9163.657672625463,37.1229320789281,68.97496563158015,9015400.0,-0.001037144431864756,-0.001037682638315093,44.5,17.0,51.439998626708984,1263.699951171875,64.0199966430664,20981.330078125,7237.2001953125,12443.7900390625,2388.77001953125,24698.48046875,11.069999694824219,6048.93994140625,19251.869140625
2017-04-28,9340.9501953125,9342.650390625,9282.25,9304.0498046875,162200.0,63.25358268574543,65.17273579911489,7.753879496140712,57.41885630297418,88.21246762718607,90.59112668714174,9210.4900390625,9068.880000000001,8633.874997558592,9239.229825614357,9174.057089815242,37.50116953792575,68.362495988253,8853200.0,-0.004078352878555069,-0.004086692040742791,60.400390625,36.900390625,51.72999954223633,1266.0999755859375,64.05999755859375,20940.509765625,7203.89990234375,12438.009765625,2384.199951171875,24615.130859375,10.859999656677246,6047.60986328125,19196.740234375
2017-05-02,9339.849609375,9352.5498046875,9269.900390625,9313.7998046875,161600.0,63.94441373058729,66.29372805914682,7.099897404938112,59.1938306542087,83.85260595034246,89.03680981105217,9217.492529296875,9079.310000000001,8638.764245605467,9250.702130087147,9184.408402028,37.57955820415243,69.38299013641351,9014800.0,0.0010479307618374012,0.0010473820656935206,82.6494140625,26.0498046875,50.459999084472656,1255.0999755859375,64.18000030517578,20949.890625,7250.10009765625,12507.900390625,2391.169921875,24696.130859375,11.449999809265137,6095.3701171875,19445.69921875
2017-05-03,9344.7001953125,9346.2998046875,9298.400390625,9311.9501953125,151600.0,63.69975838250523,66.26896708128879,5.660109141664073,60.60885793962472,80.4050950699201,84.15672288248288,9224.4025390625,9091.055,8643.634494628906,9260.124909352586,9193.855942271297,37.652347679934344,67.84844898827683,8863200.0,-0.00019858805361794296,-0.00019860777483643832,47.8994140625,32.75,50.790000915527344,1246.4000244140625,64.06999969482422,20957.900390625,7234.5,12527.83984375,2388.1298828125,24696.130859375,11.529999732971191,6072.5498046875,19445.69921875
2017-05-04,9360.9501953125,9365.650390625,9323.25,9359.900390625,269600.0,67.2030814662893,69.3194523562579,6.968475533306538,62.35097682295136,86.78073273401827,83.67947791809361,9230.505078125,9102.6930078125,8648.81799560547,9275.474983394495,9206.155531038237,37.92375980142113,66.83785944000705,9132800.0,0.005149318274558334,0.005136105872378302,42.400390625,1.0498046875,48.380001068115234,1226.5,64.20999908447266,20951.470703125,7248.10009765625,12647.7802734375,2389.52001953125,24683.880859375,11.329999923706055,6075.33984375,19445.69921875
2017-05-05,9374.5498046875,9377.099609375,9272.0,9285.2998046875,231900.0,57.84896431939549,64.9684245355802,2.0939581701030647,62.87446636547713,82.73684944405092,83.30755908266309,9231.512548828125,9111.965,8652.904992675782,9276.98649436265,9212.01806982707,36.99326530447367,69.57084157822084,8900900.0,-0.007970232889681239,-0.008002164979810267,105.099609375,89.25,49.099998474121094,1224.800048828125,64.16999816894531,21006.939453125,7297.39990234375,12716.8896484375,2399.2900390625,24476.349609375,11.989999771118164,6100.759765625,19445.69921875
2017-05-08,9311.4501953125,9338.7001953125,9297.9501953125,9314.0498046875,174300.0,60.150996430752436,63.112565991907104,0.19047970114397828,62.922086290763126,82.07793163781204,83.8651712719604,9234.117529296876,9120.661992187499,8656.869992675784,9282.688542104936,9219.575976113028,36.12923470016531,68.4158093672765,9075200.0,0.0030962920535411165,0.0030915084131222883,40.75,-2.599609375,49.34000015258789,1225.300048828125,64.30799865722656,21012.279296875,7300.89990234375,12694.5498046875,2399.3798828125,24577.91015625,11.670000076293945,6102.66015625,19895.69921875
2017-05-09,9337.349609375,9338.9501953125,9307.7001953125,9316.849609375,132300.0,60.37793837287237,61.16266048698344,-1.4075406430237507,62.57020113000719,76.25432843029448,80.35636983738581,9240.045019531251,9128.8419921875,8660.856740722658,9287.944090915715,9226.781430428731,35.330470215905635,65.76110869818532,9207500.0,0.0003006001413146109,0.0003005549701442118,31.25,20.5,48.72999954223633,1214.300048828125,64.41179656982422,20975.779296875,7342.2001953125,12749.1201171875,2396.919921875,24889.029296875,11.109999656677246,6120.58984375,19843.0
2017-05-10,9339.650390625,9414.75,9336.0,9407.2998046875,152700.0,66.93025156706786,66.15334656375853,2.866516347001067,63.286830216757465,85.62668259469629,81.3196475542676,9251.337500000001,9138.449980468751,8665.068239746095,9306.306508419066,9240.153161855307,35.541242325371584,68.05677169295781,9360200.0,0.009708238203339103,0.009661416055306064,78.75,-67.6494140625,50.220001220703125,1217.300048828125,64.63999938964844,20943.109375,7385.2001953125,12757.4599609375,2399.6298828125,25015.419921875,10.949999809265137,6129.14013671875,19900.08984375
2017-05-11,9448.599609375,9450.650390625,9411.2998046875,9422.400390625,171100.0,67.88509719647534,70.5141491025297,5.781855108617776,64.73229399391192,89.98498744727294,83.9553328240879,9260.607519531251,9148.10798828125,8669.473239746094,9324.167105681518,9253.652956578988,36.10326589275796,66.29204413899654,9531300.0,0.0016051987553300506,0.0016039118008357616,39.3505859375,26.19921875,50.77000045776367,1222.699951171875,64.55000305175781,20919.419921875,7386.60009765625,12711.0595703125,2394.43994140625,25125.55078125,10.84000015258789,6115.9599609375,19961.55078125
2017-05-12,9436.650390625,9437.75,9372.5498046875,9400.900390625,154300.0,65.00708703376827,71.41205252632244,5.343806825928411,66.06824570039403,91.45555300223505,89.02240768140143,9270.480029296876,9158.1919921875,8673.934240722658,9335.972226442052,9264.56017391573,35.72290799480936,66.21405493710394,9377000.0,-0.002281796475279485,-0.0022844037397764944,65.2001953125,35.75,50.84000015258789,1226.199951171875,64.36000061035156,20896.609375,7435.39990234375,12770.41015625,2390.89990234375,25156.33984375,10.630000114440918,6121.22998046875,19883.900390625
2017-05-15,9433.5498046875,9449.25,9423.099609375,9445.400390625,140800.0,68.02835404375247,74.85158310022052,7.026669919861192,67.82491318035933,91.34364560596815,90.92806201849204,9285.210058593751,9169.5080078125,8678.518493652344,9352.807328624045,9277.955745523825,35.50509376295322,64.93802311123937,9517800.0,0.004733589140501593,0.004722420937348687,26.150390625,-11.8505859375,51.81999969482422,1228.5999755859375,64.16549682617188,20981.939453125,7454.39990234375,12807.0400390625,2402.320068359375,25371.58984375,10.680000305175781,6149.669921875,19869.849609375
2017-05-16,9461.0,9517.2001953125,9456.349609375,9512.25,166500.0,71.94680874687975,82.02609488916823,11.360945367047123,70.66514952212111,93.2784180427503,92.0258722169845,9303.857568359375,9180.837011718751,8683.250495605469,9377.336970374192,9295.310875485024,36.01636424064283,65.42815036668657,9684300.0,0.007077477566896029,0.007052549770711115,60.8505859375,-51.25,51.650001525878906,1235.0,64.03829956054688,20979.75,7522.0,12804.5302734375,2400.669921875,25335.939453125,10.5600004196167,6169.8701171875,19919.8203125
2017-05-17,9517.599609375,9532.599609375,9486.099609375,9525.75,205500.0,72.6751374075723,87.78930389886591,13.699323501395838,74.08998039747007,97.58994920856613,94.07067095242819,9324.887548828125,9193.35701171875,8688.328747558595,9400.169744162777,9312.38044026391,36.63423847262234,64.07613962620896,9889800.0,0.0014192225814082526,0.0014182164368899746,46.5,-8.150390625,52.209999084472656,1257.5,63.900001525878906,20606.9296875,7503.5,12631.6103515625,2357.030029296875,25293.630859375,10.640000343322754,6011.240234375,19814.880859375
2017-05-18,9453.2001953125,9489.099609375,9418.099609375,9429.4501953125,193300.0,60.59067721178628,83.62215498382648,7.625739669085121,75.99641531474136,85.37523013759892,92.08119912963843,9341.18505859375,9203.99501953125,8692.769997558595,9404.67442895504,9321.052273971214,35.735448992636776,67.1885861261226,9696500.0,-0.010109419697924005,-0.01016086690923151,71.0,23.75,52.5099983215332,1251.699951171875,64.2300033569336,20663.01953125,7436.39990234375,12590.0595703125,2365.719970703125,25136.51953125,11.789999961853027,6055.1298828125,19553.859375
2017-05-19,9469.900390625,9505.75,9390.75,9427.900390625,252100.0,60.4165632257187,79.28070454844055,2.6274313869593584,76.6532731614812,72.75740633348698,85.24086189321734,9355.76005859375,9213.2840234375,8696.731247558593,9408.247653827342,9328.966949278902,34.38573427444917,70.60368711711385,9444400.0,-0.00016435790585866972,-0.00016437141409942322,115.0,42.0,53.61000061035156,1252.699951171875,64.87110137939453,20804.83984375,7470.7001953125,12638.6904296875,2381.72998046875,25174.869140625,11.300000190734863,6083.7001953125,19590.759765625
2017-05-22,9480.25,9498.650390625,9427.900390625,9438.25,196800.0,61.21803699104704,75.80140931931055,-0.6814910737365096,76.48290039304706,61.55826635211018,73.23030094106537,9371.7025390625,9223.111015625,8700.969245605469,9412.863399392367,9337.061990073056,33.132427750417826,70.61413803732,9641200.0,0.001097763971423804,0.0010971618691591547,70.75,42.0,53.869998931884766,1260.699951171875,64.44850158691406,20894.830078125,7496.2998046875,12619.4599609375,2394.02001953125,25391.33984375,11.199999809265137,6133.6201171875,19678.279296875
2017-05-23,9445.0498046875,9448.0498046875,9370.0,9386.150390625,224400.0,55.16297385724797,68.05553784413132,-6.741890039132599,74.79742788326392,55.91433095037698,63.41000121199137,9380.112548828125,9232.34802734375,8704.820998535157,9408.75370573585,9340.698167891718,30.926196355071266,71.14525708376144,9416800.0,-0.00552004973114717,-0.005535341505865151,78.0498046875,58.8994140625,54.150001525878906,1254.800048828125,64.50019836425781,20937.91015625,7485.2998046875,12659.150390625,2398.419921875,25403.150390625,12.199999809265137,6138.7099609375,19613.279296875
2017-05-24,9410.900390625,9431.900390625,9341.650390625,9360.5498046875,211800.0,52.4193112267729,59.169061452959795,-12.50269314424331,71.6717545972031,47.19247228821753,54.88835653023489,9382.81005859375,9241.0190234375,8708.292248535157,9401.33772095918,9342.16865950622,29.008102142967108,72.50988157777847,9205000.0,-0.0027274851639997877,-0.002731211528938736,90.25,50.3505859375,53.959999084472656,1252.4000244140625,64.88520050048828,21012.419921875,7514.89990234375,12642.8701171875,2404.389892578125,25428.5,11.829999923706055,6163.02001953125,19742.98046875
2017-05-25,9384.0498046875,9523.2998046875,9379.2001953125,9509.75,289200.0,63.73885096380648,63.43444098391774,-6.589850890628298,70.02429187454604,56.0148225383157,53.04054192563673,9390.705078125,9252.52302734375,8712.648498535156,9418.016533119306,9354.582092135388,27.958334595094318,78.95560432222287,9494200.0,0.015939255537936958,0.01581355951256376,144.099609375,-125.7001953125,51.459999084472656,1255.800048828125,64.76010131835938,21082.94921875,7517.7001953125,12621.7197265625,2415.070068359375,25630.779296875,10.449999809265137,6205.259765625,19813.130859375
2017-05-26,9507.75,9604.900390625,9495.400390625,9595.099609375,218800.0,68.37395752679119,72.8618787889809,2.2700695315478896,70.59180925743301,73.64792856828834,58.951741131607186,9403.3525390625,9262.68501953125,8717.441247558594,9445.260083312489,9372.398204523508,27.872159876330958,81.13734687063553,9713000.0,0.008974958266515953,0.008934922695320598,109.5,-87.349609375,52.150001525878906,1267.5999755859375,64.54540252685547,21080.279296875,7547.60009765625,12602.1796875,2415.820068359375,25639.26953125,10.859999656677246,6210.18994140625,19686.83984375
2017-05-29,9560.0498046875,9637.75,9547.7001953125,9604.900390625,235000.0,68.86610522277171,80.19954191216311,7.6861861237840685,72.51335578837904,92.02605504704833,73.89626871788411,9418.395068359376,9273.087031250001,8722.351247558594,9469.820130591337,9389.620588679174,28.10195113025362,81.77395100041156,9948000.0,0.00102143611312,0.001020914802213731,90.0498046875,-44.8505859375,52.150001525878906,1267.5999755859375,64.51319885253906,21080.279296875,7547.60009765625,12628.9501953125,2415.820068359375,25701.630859375,11.789999961853027,6210.18994140625,19682.5703125
2017-05-30,9590.650390625,9635.2998046875,9581.2001953125,9624.5498046875,193900.0,69.87816377939487,86.60194300896183,11.270869776466213,75.33107323249561,93.7859684235203,86.48665067961899,9433.932568359374,9282.504023437501,8727.749748535156,9493.624695836901,9407.02275282794,28.315328723181807,79.79721231288217,10141900.0,0.0020457696866569286,0.0020436799494468433,54.099609375,-33.8994140625,51.84000015258789,1262.0999755859375,64.50859832763672,21029.470703125,7526.5,12598.6796875,2412.909912109375,25701.630859375,11.770000457763672,6203.18994140625,19677.849609375
2017-05-31,9636.5498046875,9649.599609375,9609.25,9621.25,414300.0,69.46975855287704,90.36792021219298,12.029477583757895,78.33844262843509,91.81655744114262,92.54286030390375,9449.39755859375,9291.72802734375,8733.100500488283,9513.25935801584,9422.891437803646,28.65634238086116,76.97952638874773,9727600.0,-0.0003428528870922376,-0.0003429116745806887,40.349609375,15.2998046875,50.310001373291016,1272.0,64.61859893798828,21008.650390625,7520.0,12615.0595703125,2411.800048828125,25660.650390625,11.760000228881836,6198.52001953125,19650.5703125
2017-06-01,9603.5498046875,9634.650390625,9589.900390625,9616.099609375,176100.0,68.79392998769447,91.87778093167981,10.831470642595775,81.04631028908403,91.81920712223275,92.47391099563188,9462.20751953125,9301.51302734375,8737.765246582032,9529.080935148018,9437.203154216339,28.587204761498615,74.67741736098003,9551500.0,-0.0005353140834091219,-0.0005354574151470177,44.75,-12.5498046875,50.33000183105469,1267.0,64.5000991821289,21144.1796875,7543.7998046875,12664.919921875,2430.06005859375,25809.220703125,11.3100004196167,6246.830078125,19860.029296875
2017-06-02,9657.150390625,9673.5,9637.4501953125,9653.5,162200.0,71.0001893686767,94.9971869477231,11.160701326911237,83.83648562081186,91.29627338777303,91.64401265038279,9480.617529296876,9312.15302734375,8742.475998535156,9548.22232974063,9453.225142792908,28.939672763677738,73.44334402269574,9713700.0,0.00388935141525959,0.003881807442491232,36.0498046875,3.650390625,49.95000076293945,1276.800048828125,64.37229919433594,21206.2890625,7547.60009765625,12822.9404296875,2439.070068359375,25924.05078125,10.8100004196167,6305.7998046875,20177.279296875
2017-06-05,9656.2998046875,9687.2001953125,9640.7001953125,9675.099609375,127700.0,72.22164704961318,98.08162275718678,11.396109709099932,86.68551304808685,93.19764035100897,92.10437362033825,9498.670019531251,9325.046015625001,8747.460246582032,9567.741911222842,9469.660288465655,29.408114324427864,71.51881944964605,9841400.0,0.002237489964779682,0.00223499051174814,46.5,-18.7998046875,49.470001220703125,1279.300048828125,64.40499877929688,21184.0390625,7525.7998046875,12822.9404296875,2436.10009765625,25862.990234375,11.020000457763672,6295.68017578125,20170.8203125
2017-06-06,9704.25,9709.2998046875,9630.2001953125,9637.150390625,145900.0,66.89085619825713,96.35317612349354,7.734130460325346,88.6190456631682,90.28227436478771,91.5920627011899,9514.68505859375,9336.06302734375,8752.769499511718,9578.420138823174,9482.06696269968,30.06932628771885,72.0603044443142,9695500.0,-0.003922359487981697,-0.003930072114359614,79.099609375,67.099609375,50.119998931884766,1294.4000244140625,64.34400177001953,21136.23046875,7525.0,12690.1201171875,2429.330078125,25997.140625,11.130000114440918,6275.06005859375,19979.900390625
2017-06-07,9663.9501953125,9678.5498046875,9630.5498046875,9663.900390625,160700.0,68.64757030193685,96.03484128372293,5.932636496443777,90.10220478727915,88.17502933922738,90.55164801834135,9527.515087890624,9347.181035156249,8758.128249511718,9591.570946792686,9495.536105508963,30.683308825060482,70.34171126972034,9856200.0,0.002775716774745085,0.002771871586730097,48.0,0.0498046875,48.060001373291016,1290.0999755859375,64.42050170898438,21173.689453125,7478.60009765625,12672.490234375,2433.139892578125,25974.16015625,10.890000343322754,6297.3798828125,19984.619140625
2017-06-08,9682.400390625,9688.7001953125,9641.5,9647.25,155400.0,66.2898855705523,93.36278321086866,2.6084627388716086,90.75432047199705,83.71649494120427,87.39126621507312,9538.757568359375,9359.22203125,8763.15175048828,9600.136954978427,9506.774171767558,31.365106084279304,68.6887458442046,9700800.0,-0.0017229472523487832,-0.0017244332330555142,47.2001953125,35.150390625,47.86000061035156,1276.300048828125,64.41829681396484,21182.529296875,7450.0,12713.580078125,2433.7900390625,26063.060546875,11.069999694824219,6321.759765625,19909.259765625
2017-06-09,9638.5498046875,9676.25,9608.150390625,9668.25,159000.0,67.79233331135147,91.88054075252512,0.9009762244224646,90.97956452810266,86.53617479429688,86.14256635824285,9552.125048828126,9370.571035156252,8768.372751464842,9610.615884981746,9518.73534422922,31.169577932103458,68.64666466783285,9859800.0,0.0021767861307626646,0.0021744203643893584,68.099609375,-29.7001953125,48.150001525878906,1268.5,64.243896484375,21271.970703125,7527.2998046875,12815.7197265625,2431.77001953125,26030.2890625,10.859999656677246,6207.919921875,20013.259765625
2017-06-12,9646.7001953125,9647.0498046875,9598.5,9616.400390625,141400.0,60.6095748358238,85.53601681647342,-4.354838169303392,89.89085498577681,82.22953571703681,84.16073515084598,9560.675048828125,9380.023046875001,8773.088503417966,9611.505808926862,9525.969792110389,30.757106926803772,68.72547433441622,9718400.0,-0.005362874292141773,-0.005377306123000276,48.5498046875,30.2998046875,48.290000915527344,1266.0999755859375,64.37699890136719,21235.669921875,7511.89990234375,12690.4404296875,2429.389892578125,25708.0390625,11.420000076293945,6175.4599609375,19908.580078125
2017-06-13,9615.5498046875,9654.150390625,9595.400390625,9606.900390625,129700.0,59.36841157839723,78.83263177464869,-8.846578568902501,87.67921034355119,77.51509464759309,82.09360171964227,9565.407568359376,9388.6860546875,8777.788503417967,9610.797283034268,9531.96465125962,30.478148799723026,68.01294045338649,9588700.0,-0.0009878956380873216,-0.0009883839285963953,58.75,8.6494140625,48.720001220703125,1265.800048828125,64.46910095214844,21328.470703125,7500.39990234375,12764.98046875,2440.35009765625,25852.099609375,11.34000015258789,6220.3701171875,19898.75
2017-06-14,9621.5498046875,9627.400390625,9580.4501953125,9618.150390625,181800.0,60.40252637379002,73.5797502544192,-11.27956807130559,84.85931832572479,67.03251525163971,75.59238187208986,9570.027587890625,9397.5740625,8782.733503417967,9611.928530355919,9538.3487801015,29.834970295445153,66.50845865760888,9770500.0,0.0011710332721861505,0.001170348147540874,46.9501953125,3.3994140625,47.0,1272.800048828125,64.35749816894531,21374.560546875,7474.39990234375,12805.9501953125,2437.919921875,25875.900390625,11.180000305175781,6194.89013671875,19883.51953125
2017-06-15,9617.900390625,9621.400390625,9560.7998046875,9578.0498046875,171100.0,55.026518833336,65.42682197712202,-15.545997078882223,80.97281905600424,48.382256257282464,64.30995538550508,9577.457568359376,9404.37806640625,8787.460754394531,9606.716418714623,9541.2895967375,28.746508224369823,66.08646774902968,9599400.0,-0.0041692616884621,-0.00417797729350316,60.6005859375,39.8505859375,46.91999816894531,1252.199951171875,64.16580200195312,21359.900390625,7419.39990234375,12691.8095703125,2432.4599609375,25565.33984375,11.329999923706055,6165.5,19831.8203125
2017-06-16,9595.4501953125,9615.849609375,9565.5,9588.0498046875,213200.0,56.076391767643585,59.09131609631004,-17.50520236775536,76.5965184640654,31.505899694751633,48.973557067891264,9585.465039062501,9410.836054687501,8792.14950439453,9603.84463194122,9544.75331584491,27.735793444085587,64.962406436599,9812600.0,0.001044053873587636,0.0010435092284018055,50.349609375,7.400390625,47.369998931884766,1254.0,64.55999755859375,21384.279296875,7463.5,12752.73046875,2433.14990234375,25626.490234375,10.920000076293945,6151.759765625,19943.259765625
2017-06-19,9626.400390625,9673.2998046875,9614.900390625,9657.5498046875,141700.0,62.60938656906343,58.998354895145894,-14.078530855135597,73.07688575028149,34.09414258993458,37.99409951398955,9596.430029296876,9418.748046875,8797.476252441407,9612.106966209878,9553.108611314732,27.779701418614763,66.41152026255621,9954300.0,0.007248606485755094,0.0072224616043765726,58.3994140625,-31.1494140625,46.90999984741211,1244.199951171875,64.3949966430664,21528.990234375,7523.7998046875,12888.9501953125,2453.4599609375,25924.55078125,10.630000114440918,6239.009765625,20067.75
2017-06-20,9670.5,9676.5,9643.75,9653.5,159500.0,62.030420666584426,57.930114777907875,-12.117416777898896,70.04753155580677,48.64201914983165,38.08068714483929,9609.797509765625,9427.85205078125,8802.88100341797,9618.475125254512,9560.545010476604,27.869443395408453,64.00712595808791,9794800.0,-0.0004193408027297618,-0.00041942875067181194,32.75,17.0,46.02000045776367,1241.0,64.48760223388672,21467.140625,7472.7001953125,12814.7900390625,2437.030029296875,25843.0390625,10.65999984741211,6188.02978515625,20230.41015625
2017-06-21,9648.099609375,9650.4501953125,9608.599609375,9633.599609375,144000.0,59.13653341247946,54.845506718498655,-12.16161986984649,67.00712658834514,58.866442199775534,47.200867979847246,9623.45,9436.8950390625,8808.01175048828,9620.801968965356,9565.956462246857,27.015640547160135,62.64235914858163,9650800.0,-0.0020614689620345183,-0.0020635967138743832,41.8505859375,14.5,44.81999969482422,1243.4000244140625,64.53050231933594,21410.029296875,7447.7998046875,12774.259765625,2435.610107421875,25694.580078125,10.920000076293945,6233.9501953125,20138.7890625
2017-06-22,9642.650390625,9698.849609375,9617.75,9630.0,198800.0,58.603956574527075,51.51662265664345,-12.392403145361364,63.90902580200481,52.68242319023568,53.39696151328095,9629.4625,9444.7550390625,8812.440002441406,9622.217050662994,9570.70042800635,27.00970527454398,63.96073416475438,9452000.0,-0.00037365154469337636,-0.00037372136982585634,81.099609375,12.650390625,45.220001220703125,1247.5999755859375,64.5416030883789,21397.2890625,7439.2998046875,12794.0,2434.5,25674.529296875,11.210000038146973,6236.68994140625,20110.509765625
2017-06-23,9643.25,9647.650390625,9565.2998046875,9574.9501953125,175200.0,51.03433810499456,43.93000117833617,-15.983219698934917,59.91322087727109,35.0505927328844,48.8664860409652,9628.455029296874,9452.1850390625,8816.383752441407,9614.945226762919,9571.015225584582,25.801738726028567,65.27429500566478,9276800.0,-0.005716490621754944,-0.005732892290795095,82.3505859375,68.2998046875,45.540000915527344,1256.199951171875,64.59100341796875,21394.759765625,7424.10009765625,12733.41015625,2438.300048828125,25670.05078125,11.5600004196167,6265.25,20132.669921875
2017-06-27,9594.0498046875,9615.400390625,9473.4501953125,9511.400390625,203300.0,43.97315042232379,32.41594008859647,-21.997824630939697,54.41376471953617,24.321735270743986,37.35158373128802,9623.780029296875,9459.39705078125,8820.067502441407,9599.015251972469,9566.599311883872,24.810866479285046,70.75114502758159,9073500.0,-0.006637089842891464,-0.006659213268124637,141.9501953125,82.6494140625,46.650001525878906,1246.4000244140625,64.42130279541016,21310.66015625,7434.39990234375,12671.01953125,2419.3798828125,25839.990234375,12.510000228881836,6146.6201171875,20225.08984375
2017-06-28,9520.2001953125,9522.5,9474.349609375,9491.25,172400.0,41.98930474751498,21.41810106428784,-26.39653092419867,47.81463198848651,11.420917812892956,23.597748605507114,9617.1150390625,9466.4360546875,8823.475500488283,9582.435982438243,9561.017881373955,23.890770821594636,69.13680542739719,8901100.0,-0.0021185514012070916,-0.002120798705808072,48.150390625,28.9501953125,47.310001373291016,1248.0,64.5248031616211,21454.609375,7387.7998046875,12647.26953125,2440.68994140625,25683.5,11.989999771118164,6234.41015625,20130.41015625
2017-06-29,9522.9501953125,9575.7998046875,9493.7998046875,9504.099609375,259300.0,43.732589655449004,13.5825196584683,-27.385689864014566,40.968209522482866,12.777231390457043,16.173294824697994,9611.25751953125,9474.4150390625,8826.280998535158,9570.384232736205,9556.801713077737,22.28094909482099,70.23773394597598,9160400.0,0.0013538374160411148,0.001352921804466218,82.0,18.8505859375,47.41999816894531,1244.199951171875,64.51190185546875,21287.029296875,7350.2998046875,12416.1904296875,2419.699951171875,25965.419921875,11.380000114440918,6144.35009765625,20220.30078125
2017-06-30,9478.5,9535.7998046875,9448.75,9520.900390625,179600.0,46.016835656084695,8.628978090850069,-25.871385145306235,34.5003632361563,16.781163639694004,13.659770947681332,9606.49755859375,9482.763046875,8829.295749511719,9562.771333949866,9554.142355859016,21.298554959552764,71.43859614179912,9340000.0,0.0017677404426008625,0.0017661798283679123,87.0498046875,-42.400390625,47.91999816894531,1240.699951171875,64.78510284423828,21349.630859375,7312.7001953125,12325.1201171875,2423.409912109375,25764.580078125,11.729999542236328,6140.419921875,20033.4296875
2017-07-03,9587.9501953125,9624.0,9543.5498046875,9615.0,183000.0,56.63537081473678,12.156183843104372,-17.875343514441546,30.03152735754592,36.30666654294073,21.955020524363924,9604.57255859375,9492.335039062498,8832.608249511719,9570.806513342193,9558.650329499089,20.489844509745332,73.70009708702776,9523000.0,0.009883477981521338,0.00983495586260243,80.4501953125,-27.0498046875,49.68000030517578,1217.9000244140625,64.60679626464844,21479.26953125,7377.10009765625,12475.3095703125,2429.010009765625,25784.169921875,11.199999809265137,6110.06005859375,20055.80078125
2017-07-04,9645.900390625,9650.650390625,9595.5,9613.2998046875,144800.0,56.41943202731151,14.645504007627096,-12.308818679935058,26.954322687562154,53.70529450505397,35.59770822922957,9601.482568359375,9502.21302734375,8836.341247558594,9577.343942779933,9562.698438772306,20.076903671433776,72.37511805402578,9378200.0,-0.00017682738559543498,-0.00017684302140083614,55.150390625,32.6005859375,49.68000030517578,1217.9000244140625,64.84269714355469,21479.26953125,7357.2001953125,12437.1298828125,2429.010009765625,25389.009765625,11.279999732971191,6110.06005859375,20032.349609375
2017-07-05,9619.75,9643.650390625,9607.349609375,9637.599609375,130800.0,58.835212359098264,18.36737170125525,-6.869560789045526,25.236932490300777,69.25899316157884,53.090318069857844,9601.505029296875,9510.606015625,8840.951247558594,9586.61404533302,9568.246673631766,19.693458607287333,69.79837971088108,9509000.0,0.0025277277502206985,0.0025245384198064923,36.30078125,-17.849609375,47.790000915527344,1220.4000244140625,64.7688980102539,21478.169921875,7367.60009765625,12453.6796875,2432.5400390625,25521.970703125,11.149999618530273,6150.85986328125,20081.630859375
2017-07-06,9653.599609375,9700.7001953125,9639.9501953125,9674.5498046875,147400.0,62.26095041849101,24.021644059354003,-0.9722307447574217,24.993874804111424,76.97475818998362,66.64634861887214,9602.0375,9517.96501953125,8845.690998535156,9600.142623695248,9576.120979635894,20.04067059347559,69.3199658699253,9656400.0,0.003833962481337938,0.00382663157881288,60.75,-20.9501953125,48.11000061035156,1222.199951171875,64.79139709472656,21320.0390625,7337.2998046875,12381.25,2409.75,25465.220703125,10.979999542236328,6089.4599609375,19994.060546875
2017-07-07,9670.349609375,9684.25,9642.650390625,9665.7998046875,141800.0,60.96705408598536,27.479872897643872,1.988798474825959,25.491074422817913,83.7594894399153,76.66441359715924,9602.964990234375,9524.244023437499,8850.307248535155,9610.243728463287,9582.763855565643,20.36308172350754,67.33994040600207,9514600.0,-0.0009044348498532528,-0.000904844097829429,41.599609375,4.5498046875,46.709999084472656,1208.5999755859375,64.71330261230469,21414.33984375,7350.89990234375,12388.6796875,2425.179931640625,25340.849609375,10.869999885559082,6153.080078125,19929.08984375
2017-07-10,9719.2998046875,9782.150390625,9646.4501953125,9771.0498046875,37500.0,69.24613571048332,38.27216189747014,10.224869979721781,28.04729191774836,90.81306817019737,83.84910526669876,9608.10498046875,9532.822011718748,8855.263249511718,9634.983124805472,9596.710962908002,21.669244052847407,72.22281575646622,9552100.0,0.010888907501369838,0.010830050223587575,135.7001953125,-51.75,46.880001068115234,1212.0999755859375,64.61170196533203,21408.51953125,7370.0,12445.919921875,2427.429931640625,25500.060546875,10.90999984741211,6176.39013671875,20080.98046875
2017-07-11,9797.4501953125,9830.0498046875,9778.849609375,9786.0498046875,179700.0,70.21573342415346,47.48809018055363,15.552638610244212,31.935451570309414,90.4263062740138,88.33295462804216,9616.587451171876,9542.46201171875,8860.151496582032,9658.22415247963,9610.736062299076,23.274822180291682,71.27832891671862,9731800.0,0.001535147225716127,0.0015339700917757582,51.2001953125,11.400390625,47.52000045776367,1213.5999755859375,64.61170196533203,21409.0703125,7329.7998046875,12437.01953125,2425.530029296875,25877.640625,10.890000343322754,6193.2998046875,20195.48046875
2017-07-12,9807.2998046875,9824.9501953125,9787.7001953125,9816.099609375,145500.0,72.11259267583081,56.56450741239314,19.70324467366698,36.86126273872616,93.82414273175624,91.6878390586558,9627.047412109376,9552.5080078125,8865.352492675782,9682.512684309686,9625.948176897293,24.76571615577565,68.96561903873872,9877300.0,0.0030706776776372458,0.003065972775967725,37.25,-8.7998046875,47.7400016784668,1218.0999755859375,64.52559661865234,21532.140625,7416.89990234375,12626.580078125,2443.25,26043.640625,11.050000190734863,6261.169921875,20098.380859375
2017-07-13,9855.7998046875,9897.25,9853.4501953125,9891.7001953125,181300.0,76.21645655755268,69.06186671540308,25.760483181341534,43.30138353406155,94.52150650917196,92.92398517164733,9640.72490234375,9564.1030078125,8870.925241699219,9714.695378310118,9645.633511594715,26.691107486837044,69.83595986632882,10058600.0,0.007701693029408263,0.0076721863955028615,43.7998046875,-35.900390625,48.41999816894531,1216.300048828125,64.36499786376953,21553.08984375,7413.39990234375,12641.330078125,2447.830078125,26346.169921875,11.25,6274.43994140625,20099.810546875
2017-07-14,9913.2998046875,9913.2998046875,9845.4501953125,9886.349609375,159600.0,75.37107959395628,77.63938789835629,27.47040349143579,50.1689844069205,96.43421269687002,94.92662064593273,9656.139892578125,9574.6319921875,8876.01973876953,9741.10372155087,9663.464333652513,28.587254620329222,69.69407768837677,9899000.0,-0.0005409167111671831,-0.0005410630593885717,67.849609375,26.9501953125,48.90999984741211,1226.5999755859375,64.42579650878906,21637.740234375,7378.39990234375,12631.7197265625,2459.27001953125,26389.23046875,11.170000076293945,6312.47021484375,20118.859375
2017-07-17,9908.150390625,9928.2001953125,9894.7001953125,9915.9501953125,163500.0,76.89773118894732,85.83618898088753,28.533763659173616,57.30242532171391,96.80207262119332,95.91926394241176,9672.534912109375,9587.244999999999,8881.441740722657,9768.00317905266,9682.166990071772,30.44963331457384,67.70525684902843,10062500.0,0.0029940865038224906,0.0029896131536668747,33.5,-7.7998046875,48.41999816894531,1232.800048828125,64.26730346679688,21629.720703125,7404.10009765625,12587.16015625,2459.139892578125,26470.580078125,11.460000038146973,6314.43017578125,20118.859375
2017-07-18,9832.7001953125,9885.349609375,9792.0498046875,9827.150390625,293900.0,64.06764172116984,84.19624883992583,21.515058814569528,62.6811900253563,90.18914954943554,94.47514495583295,9681.01494140625,9597.50701171875,8886.962243652344,9777.102750063788,9692.906501223863,30.143847363219813,71.71919497588354,9768600.0,-0.008955249163058343,-0.008995588419495522,93.2998046875,5.5498046875,48.84000015258789,1241.0999755859375,64.33000183105469,21574.73046875,7390.2001953125,12430.3896484375,2460.610107421875,26524.939453125,11.489999771118164,6344.31005859375,19999.91015625
2017-07-19,9855.9501953125,9905.0498046875,9851.650390625,9899.599609375,200200.0,68.66171357435846,87.73131889940123,20.040103099235935,67.6912158001653,90.13450600901233,92.37524272654706,9693.319921875,9609.16201171875,8892.928239746094,9795.94842072705,9708.21710182765,30.053332060141866,72.16063919635614,9968800.0,0.007372352703497453,0.007345309743460549,53.3994140625,-43.6494140625,49.70000076293945,1241.199951171875,64.3062973022461,21640.75,7430.89990234375,12452.0498046875,2473.830078125,26672.16015625,11.260000228881836,6385.0400390625,20020.859375
2017-07-20,9920.2001953125,9922.5498046875,9863.4501953125,9873.2998046875,161100.0,65.39321534540404,87.4031834564048,15.769574124991607,71.6336093314132,86.22857514059882,88.8507435663489,9705.304931640625,9618.48201171875,8898.568986816406,9807.848633644044,9720.445450187639,30.14149570605929,71.22770849483071,9807700.0,-0.002656653372384299,-0.002660188538483533,59.099609375,46.900390625,49.29999923706055,1244.800048828125,64.26329803466797,21611.779296875,7487.89990234375,12447.25,2473.449951171875,26740.2109375,11.319999694824219,6390.0,20144.58984375
2017-07-21,9899.599609375,9924.7001953125,9838.0,9915.25,187500.0,68.00914249257693,89.49650393532102,14.290315683126252,75.20618825219476,91.95648577044982,89.43985564002031,9719.567431640626,9628.33900390625,8905.188986816407,9824.371920775728,9734.875416840407,29.75059108415171,72.33288612466423,9995200.0,0.004248852576378193,0.004239851688892752,86.7001953125,-15.650390625,48.060001373291016,1254.300048828125,64.32499694824219,21580.0703125,7452.89990234375,12240.0595703125,2472.5400390625,26706.08984375,11.09000015258789,6387.75,20099.75
2017-07-24,9936.7998046875,9982.0498046875,9919.599609375,9966.400390625,174500.0,70.89776256577613,94.1970397001678,15.192681158378434,79.00435854178937,92.55274313093909,90.24593468066257,9739.13994140625,9639.64900390625,8911.965236816406,9846.222454598692,9752.025414898524,29.97415150568307,71.93766602200964,10169700.0,0.005158759549683589,0.005145498736317388,62.4501953125,-29.6005859375,48.599998474121094,1253.9000244140625,64.46109771728516,21513.169921875,7377.7001953125,12208.9501953125,2469.909912109375,26846.830078125,11.3100004196167,6410.81005859375,19975.669921875
2017-07-25,10010.5498046875,10011.2998046875,9949.099609375,9964.5498046875,185500.0,70.64921080465612,96.6587000143627,14.12347317805866,82.53522683630403,93.1139390342488,92.5410559785459,9761.797412109376,9650.031992187502,8918.09748779297,9864.426662304662,9767.7679622903,30.45257571549786,71.2421323999018,9984200.0,-0.00018568247962835738,-0.00018569972075426088,62.2001953125,46.0,50.20000076293945,1251.699951171875,64.36509704589844,21613.4296875,7434.7998046875,12264.3095703125,2477.1298828125,26852.05078125,10.90999984741211,6412.169921875,19955.19921875
2017-07-26,9983.650390625,10025.9501953125,9965.9501953125,10020.650390625,197600.0,73.66350174281403,101.96108802745766,15.540688952922892,86.42039907453477,93.95053013084177,93.20573743200988,9788.267431640626,9660.2,8924.354987792969,9888.461082046253,9786.499994018795,31.030584486059773,70.53915084455168,10181800.0,0.0056300171143817135,0.005614227803035337,60.0,-37.0,50.970001220703125,1249.0,64.4469985961914,21711.009765625,7452.2998046875,12305.1103515625,2477.830078125,26941.01953125,11.170000076293945,6422.75,20050.16015625
2017-07-27,10063.25,10114.849609375,10005.5,10020.5498046875,287900.0,73.64889725981516,104.94540695976866,14.820006308187104,90.12540065158156,88.6319191758247,91.89879611363841,9814.08994140625,9670.09599609375,8930.737985839844,9908.78242399106,9803.837017031292,32.27817889501368,73.31132645386943,9893900.0,-1.0037865166290239e-05,-1.0037915545995924e-05,109.349609375,42.7001953125,51.4900016784668,1259.5999755859375,64.3447036743164,21796.55078125,7443.0,12212.0400390625,2475.419921875,27131.169921875,11.220000267028809,6382.18994140625,20079.640625
2017-07-28,9996.5498046875,10026.0498046875,9944.5,10014.5,191600.0,72.715111447969,105.60498401759469,12.383666692810507,93.22131732478418,82.87300572029089,88.48515167565245,9838.769921874999,9681.796992187501,8937.262736816407,9925.046666453974,9819.44168243638,32.30301709586266,73.89978918484304,9702300.0,-0.0006037397952625145,-0.0006039221195206731,81.5498046875,-17.9501953125,52.52000045776367,1268.4000244140625,64.18499755859375,21830.310546875,7368.39990234375,12162.7001953125,2472.10009765625,26979.390625,11.140000343322754,6374.68017578125,19959.83984375
2017-07-31,10034.7001953125,10085.900390625,10016.9501953125,10077.099609375,237700.0,76.09283467045154,109.91197210116115,13.352523821101585,96.55944828005957,79.48754193674327,83.66415561095295,9861.874902343749,9694.780976562499,8944.160236816406,9948.439426903364,9838.527454802203,32.814403799388415,73.72126071628283,9940000.0,0.006250897136651945,0.006231441314613235,68.9501953125,-42.3994140625,52.650001525878906,1266.5999755859375,64.12349700927734,21891.119140625,7372.0,12118.25,2470.300048828125,27323.990234375,11.899999618530273,6348.1201171875,19925.1796875
2017-08-01,10101.0498046875,10128.599609375,10065.75,10114.650390625,184300.0,77.86314662166585,115.02933879510965,14.775912412040071,100.25342638306958,84.81673459431461,82.39242741711625,9886.942431640626,9708.308984375,8951.189489746093,9974.010344399001,9858.981005603891,33.60199469508507,72.94471419190549,10124300.0,0.0037263481265050746,0.003719422490879323,62.849609375,-13.6005859375,52.630001068115234,1272.5999755859375,64.18949890136719,21963.919921875,7423.7001953125,12251.2900390625,2476.35009765625,27540.23046875,11.90999984741211,6362.93994140625,19985.7890625
2017-08-02,10136.2998046875,10137.849609375,10054.2001953125,10081.5,161500.0,72.74206499164067,115.08332041378526,11.863915224572537,103.21940518921272,89.34023871805995,84.54817174970594,9909.137451171875,9722.2159765625,8958.730241699219,9990.547214491462,9875.463894077677,34.12133990941499,73.70933561123367,9962800.0,-0.0032774628232060676,-0.0032828454686495033,83.6494140625,54.7998046875,52.36000061035156,1271.800048828125,64.05580139160156,22016.240234375,7411.39990234375,12181.48046875,2477.570068359375,27607.380859375,11.9399995803833,6362.64990234375,20080.0390625
2017-08-03,10081.150390625,10081.150390625,9998.25,10013.650390625,192700.0,63.53194507895188,108.40161842227644,4.145770586450965,104.25584783582548,81.2144256539951,85.12379965545655,9926.09248046875,9735.27798828125,8965.88149169922,9994.101549281237,9885.69993085896,33.62573858039858,74.39081163900269,9770100.0,-0.006730110536626532,-0.006752859858295522,82.900390625,67.5,52.0099983215332,1267.800048828125,63.64059829711914,22026.099609375,7474.7998046875,12154.7197265625,2472.159912109375,27531.009765625,11.640000343322754,6340.33984375,20029.259765625
2017-08-04,10008.599609375,10075.25,9988.349609375,10066.400390625,178600.0,67.02731953841149,106.1392978486183,1.5067600102342453,104.63253783838405,75.70867657538334,82.08778031581278,9946.122509765624,9746.41099609375,8973.61149169922,10005.224447949508,9899.08515010089,33.00036382022275,75.28435299514535,9948700.0,0.0052678092346210015,0.005253982862758577,86.900390625,-57.80078125,52.41999816894531,1258.300048828125,63.696998596191406,22092.810546875,7511.7001953125,12297.7197265625,2476.830078125,27562.6796875,11.390000343322754,6351.56005859375,19952.330078125
2017-08-07,10074.7998046875,10088.099609375,10046.349609375,10057.400390625,137400.0,65.8673252125696,102.43931109890218,-1.7545813915855035,104.19389249048768,72.19720547109335,76.37343590015726,9960.4400390625,9755.65701171875,8980.508991699218,10013.25151605343,9910.812204954527,32.55265680494428,72.8890420669207,9811300.0,-0.000894063384204502,-0.0008944632972548343,41.75,17.3994140625,52.369998931884766,1258.199951171875,63.66510009765625,22118.419921875,7531.89990234375,12257.169921875,2480.909912109375,27690.359375,11.899999618530273,6383.77001953125,20055.890625
2017-08-08,10068.349609375,10083.7998046875,9947.0,9978.5498046875,203300.0,56.62174151509746,92.08298629315505,-9.688724957866128,101.77171125102117,66.46051942779093,71.4554671580892,9970.0650390625,9763.130000000001,8987.106242675782,10007.912791227902,9915.829804934747,30.588443491841034,77.45409653981922,9608000.0,-0.007840056363968673,-0.007870951189924851,136.7998046875,89.7998046875,52.13999938964844,1256.4000244140625,63.830101013183594,22085.33984375,7542.7001953125,12292.0498046875,2474.919921875,27854.91015625,12.770000457763672,6370.4599609375,19996.009765625
2017-08-09,9961.150390625,9969.7998046875,9893.0498046875,9908.0498046875,169200.0,49.88017052883559,77.2957462169361,-19.58077202726807,96.87651824420416,47.801740890072935,62.153155262985734,9974.662548828124,9768.8,8993.149489746094,9992.549254837071,9915.253508620135,28.724971694328477,78.02880392983214,9438800.0,-0.007065154895241621,-0.007090231284273741,76.75,53.1005859375,52.70000076293945,1273.0,63.70289993286133,22048.69921875,7498.10009765625,12154.0,2474.02001953125,27757.08984375,13.449999809265137,6352.330078125,19738.7109375
2017-08-10,9872.849609375,9892.650390625,9776.2001953125,9820.25,235500.0,43.011787632889416,57.825465484520464,-31.240842207746965,89.06630769226743,27.471776438989433,47.244678918951095,9971.0900390625,9772.779999999999,8998.785490722657,9966.04167716983,9908.216211685309,28.188326436846037,81.87314717591556,9203300.0,-0.008861461782919355,-0.008900958038211523,116.4501953125,52.599609375,51.900001525878906,1283.699951171875,63.887699127197266,21844.009765625,7389.89990234375,12014.2998046875,2438.2099609375,27444.0,13.800000190734863,6216.8701171875,19729.740234375
2017-08-11,9712.150390625,9771.650390625,9685.5498046875,9710.7998046875,285900.0,36.30126947624169,33.18092265801715,-44.70830802740022,77.88923068541737,13.708159005789842,29.660558778284067,9962.312548828126,9774.67400390625,9003.794738769531,9926.773696787932,9893.592774129915,28.40784883018574,85.64650775710017,8917400.0,-0.011145357329243155,-0.01120793220489222,86.1005859375,1.3505859375,52.099998474121094,1287.699951171875,64.13860321044922,21858.3203125,7310.0,12014.0595703125,2441.320068359375,26883.509765625,15.199999809265137,6256.56005859375,19729.740234375
2017-08-14,9755.75,9818.2998046875,9752.099609375,9794.150390625,195600.0,43.52706580044055,20.143439576335368,-46.19663288726561,66.34007246360098,13.92452773986222,18.3681543948805,9956.22255859375,9777.48701171875,9009.308991699218,9906.370111224403,9886.226671648068,27.992677344879,87.20747148873588,9113000.0,0.008583287433983067,0.008546660459731773,66.2001953125,-38.400390625,50.72999954223633,1284.199951171875,64.08100128173828,21993.7109375,7353.89990234375,12165.1201171875,2465.840087890625,27250.23046875,14.380000114440918,6340.22998046875,19537.099609375
2017-08-16,9825.849609375,9903.9501953125,9773.849609375,9897.2998046875,219500.0,50.94348727040181,17.92777572443083,-38.72983739133612,56.65761311576695,25.46987509581026,17.700853947154105,9959.730029296876,9781.931015625,9015.719240722658,9904.974679449495,9887.046903725064,26.59600769070779,90.2712653779333,9332500.0,0.010531736796816515,0.010476664391422662,130.1005859375,-71.4501953125,50.27000045776367,1276.9000244140625,64.26300048828125,22024.869140625,7433.0,12263.8603515625,2468.110107421875,27409.0703125,14.239999771118164,6345.10986328125,19729.279296875
2017-08-17,9945.5498046875,9947.7998046875,9883.75,9904.150390625,197600.0,51.39998236273308,16.53403710357452,-32.098860809753944,48.63289791332846,39.71931642754585,26.371239754406105,9959.957568359376,9787.271015625,9022.16374267578,9904.847865784188,9888.313828680613,24.83549730631637,88.3983039000452,9530100.0,0.0006921671640436333,0.0006919277268328227,64.0498046875,41.3994140625,51.029998779296875,1286.4000244140625,64.1604995727539,21750.73046875,7387.89990234375,12203.4599609375,2430.010009765625,27344.220703125,14.34000015258789,6221.91015625,19702.630859375
2017-08-18,9865.9501953125,9865.9501953125,9783.650390625,9837.400390625,246300.0,46.82753252812555,9.928868245597187,-30.96322373418502,40.89209197978221,42.90673028827642,36.031973937210836,9958.16259765625,9790.741015625,9028.160744628905,9894.471331144314,9884.542462898717,24.099088353631714,90.69128219289912,9283800.0,-0.006739598791147605,-0.006762412448120804,82.2998046875,28.5498046875,52.720001220703125,1285.699951171875,64.18890380859375,21674.509765625,7324.0,12165.1904296875,2425.550048828125,27047.5703125,14.569999694824219,6216.52978515625,19470.41015625
2017-08-21,9864.25,9884.349609375,9740.099609375,9754.349609375,205300.0,41.840317573715005,-1.9844046430825983,-34.30119729829185,32.31679265520925,32.371668232017356,38.33257164927987,9950.117578124999,9792.8830078125,9033.801242675781,9872.914143179803,9874.898547822886,23.761402794491143,94.51690489340633,9078500.0,-0.008442350412935062,-0.008478188903126932,144.25,109.900390625,51.65999984741211,1290.800048828125,64.07589721679688,21703.75,7318.89990234375,12065.990234375,2428.3701171875,27154.6796875,14.819999694824219,6213.1298828125,19393.130859375
2017-08-22,9815.75,9828.4501953125,9752.599609375,9765.5498046875,183600.0,42.726206593663214,-10.402088281443866,-34.17510474932249,23.773016467878627,22.157161209530287,32.478519909941355,9940.075048828125,9794.82900390625,9040.058991699218,9856.396552642525,9866.79864092397,23.44783763243204,93.18359639655588,9262100.0,0.0011482257414410224,0.0011475670344457027,75.8505859375,50.2001953125,51.869998931884766,1285.0999755859375,64.15750122070312,21899.890625,7381.7001953125,12229.33984375,2452.510009765625,27401.669921875,14.109999656677246,6297.47998046875,19383.83984375
2017-08-23,9803.0498046875,9857.900390625,9786.75,9852.5,168600.0,49.195926475030895,-9.942399331795968,-26.97233263973968,17.02993330794371,24.790555759383423,26.43979506697702,9934.47255859375,9799.55099609375,9046.896740722656,9855.797083005213,9865.739482337009,22.79370500646988,93.12409564948047,9430700.0,0.008903768559017866,0.008864363739937172,71.150390625,-49.4501953125,52.56999969482422,1288.9000244140625,64.05750274658203,21812.08984375,7382.7001953125,12174.2998046875,2444.0400390625,27401.669921875,13.180000305175781,6278.41015625,19434.640625
2017-08-24,9881.2001953125,9881.5,9848.849609375,9857.0498046875,184700.0,49.5172771197146,-9.10599309324607,-20.908741120951824,11.802748027705755,33.92132827323788,26.95634841405053,9926.292529296876,9804.553984375001,9054.013239746095,9855.989809417873,9865.09580251112,21.897024840635318,88.804545290589,9615400.0,0.00046179189926420783,0.0004616853061997081,32.650390625,24.150390625,52.040000915527344,1286.5,64.00499725341797,21783.400390625,7407.10009765625,12180.830078125,2438.969970703125,27518.599609375,12.569999694824219,6271.330078125,19353.76953125
2017-08-28,9907.150390625,9925.75,9882.0,9912.7998046875,159600.0,53.406334231707945,-3.8996236118400702,-12.561897311636661,8.662273699796591,46.84308117282977,35.18498840181702,9920.905029296875,9810.446972656251,9061.091989746094,9864.729808690123,9868.629432301963,20.53859731555018,87.36852029215407,9775000.0,0.005655850493267112,0.005639916223863896,43.75,-5.6494140625,51.88999938964844,1309.699951171875,63.99549865722656,21808.400390625,7407.10009765625,12123.4697265625,2444.239990234375,27863.2890625,12.640000343322754,6283.02001953125,19449.900390625
2017-08-29,9886.400390625,9887.349609375,9783.75,9796.0498046875,173300.0,45.501016195999576,-9.089509361599994,-14.20142644911727,5.111917087517275,42.26748546835455,41.01063163814073,9909.982519531251,9814.80697265625,9067.354489746092,9854.163654228181,9863.253163589781,20.23232870851924,90.34575489182163,9601700.0,-0.011777701789638884,-0.011847608353940924,103.599609375,90.3505859375,52.0,1313.0999755859375,63.78929901123047,21865.369140625,7337.39990234375,11945.8798828125,2446.300048828125,27765.009765625,13.539999961853027,6301.89013671875,19362.55078125
2017-08-30,9859.5,9909.4501953125,9850.7998046875,9884.400390625,157800.0,51.36765097624732,-6.004165023960013,-8.892865689181832,2.888700665221818,51.38508773040756,46.83188479053062,9900.34755859375,9820.733984375,9074.616491699218,9858.81545982769,9864.81962485165,19.679925722195698,91.99251458704865,9759500.0,0.009019001301445284,0.0089785730092648,58.650390625,-24.900390625,50.86000061035156,1308.0999755859375,63.98680114746094,21892.4296875,7365.2998046875,12002.4697265625,2457.590087890625,28094.609375,12.890000343322754,6368.31005859375,19506.5390625
2017-08-31,9905.7001953125,9925.099609375,9856.9501953125,9917.900390625,327700.0,53.41533833928018,-0.8460842463318841,-2.987827929242962,2.141743682911078,62.100503347239034,51.91769218200038,9890.51005859375,9825.94099609375,9081.577243652344,9867.905449181124,9868.751533427456,18.973951046667825,90.28943597815231,10087200.0,0.0033891787742403867,0.0033834484516002566,68.1494140625,-12.2001953125,52.380001068115234,1316.199951171875,63.976200103759766,21948.099609375,7430.60009765625,12055.83984375,2471.64990234375,27970.30078125,11.949999809265137,6428.66015625,19646.240234375
2017-09-01,9937.650390625,9983.4501953125,9909.849609375,9974.400390625,157800.0,56.72485986346418,7.711911624986897,4.456134353660655,3.2557772713262416,85.17241897933143,66.21933668565933,9885.155078125,9832.359003906251,9089.967746582031,9884.289286326335,9876.577374701348,17.628476454220205,89.09737526096286,10245000.0,0.00569677026131532,0.005680605029627355,73.6005859375,-36.75,52.31999969482422,1324.5,63.91189956665039,21987.560546875,7438.5,12142.6396484375,2476.550048828125,27953.16015625,11.680000305175781,6435.330078125,19691.470703125
2017-09-04,9984.150390625,9988.400390625,9861.0,9912.849609375,148800.0,52.36072910079637,9.418975280577797,4.930558407401245,4.488416873176552,85.04463477781277,77.43918570146107,9880.1150390625,9837.94400390625,9098.989743652344,9888.683182179975,9879.264206899397,16.90327671853245,91.83330492982266,10096200.0,-0.006170875324781666,-0.006189993868598528,127.400390625,71.30078125,52.31999969482422,1324.5,64.0155029296875,21987.560546875,7411.5,12102.2099609375,2476.550048828125,27740.259765625,13.170000076293945,6435.330078125,19508.25
2017-09-05,9933.25,9963.099609375,9901.0498046875,9952.2001953125,139200.0,54.757220729260204,13.78815764643332,7.439792618605413,6.3483650278279065,83.98528152778431,84.73411176164284,9874.405029296875,9844.3880078125,9108.192744140626,9898.45503035421,9884.666872707776,16.229876963965246,89.70591205537104,10235400.0,0.003969654285916446,0.003961795997934277,62.0498046875,-18.9501953125,53.380001068115234,1339.199951171875,64.02629852294922,21753.310546875,7372.89990234375,12123.7099609375,2457.85009765625,27741.349609375,12.890000343322754,6375.56982421875,19385.810546875
2017-09-06,9899.25,9931.5498046875,9882.5498046875,9916.2001953125,149200.0,52.17150852552373,14.182381350208743,6.267213057904669,7.915168292304074,75.3053305015863,81.44508226906112,9867.34501953125,9851.213007812501,9117.373994140626,9901.185055732409,9887.0026743822,15.811214466997363,88.27337481034454,10086200.0,-0.0036172905783141696,-0.0036238487939692175,49.0,-16.9501953125,54.20000076293945,1333.9000244140625,64.0999984741211,21807.640625,7354.10009765625,12214.5400390625,2465.5400390625,27613.759765625,13.119999885559082,6393.31005859375,19357.970703125
2017-09-07,9945.849609375,9964.849609375,9917.2001953125,9929.900390625,188800.0,53.079558641355725,15.422516569258732,6.005878621563726,9.416637947695007,77.59432601798683,78.96164601578582,9864.912548828124,9859.5830078125,9126.65299560547,9905.602799562037,9890.180282992778,14.971953384145536,85.44309189978422,10275000.0,0.0013815972895521167,0.001380643762176384,47.6494140625,15.94921875,54.4900016784668,1345.0999755859375,64.0154037475586,21784.779296875,7397.0,12296.6298828125,2465.10009765625,27522.919921875,13.010000228881836,6397.8701171875,19396.51953125
2017-09-08,9958.650390625,9963.599609375,9913.2998046875,9934.7998046875,163600.0,53.42014195354593,16.609213756471945,5.75406064702155,10.855153109450395,75.25839691654213,76.05268447870509,9866.250048828126,9868.45400390625,9136.681494140625,9910.094646504414,9893.485432747942,14.241682480502423,82.93285709890678,10438600.0,0.0004934001218306339,0.0004932784400140928,50.2998046875,23.8505859375,53.779998779296875,1346.0,63.95009994506836,21797.7890625,7377.60009765625,12303.98046875,2461.429931640625,27668.470703125,12.960000038146973,6360.18994140625,19274.8203125
2017-09-11,9971.75,10028.650390625,9968.7998046875,10006.0498046875,173000.0,58.17485330094703,23.03344415948777,9.742632840029902,13.29081131945787,82.2219315757927,78.35821817010722,9875.5400390625,9878.4930078125,9146.700244140626,9924.856978532582,9901.823534373094,13.737466484075323,83.71269487309202,10611600.0,0.007171760015373785,0.007146165244692658,59.8505859375,-34.2998046875,53.84000015258789,1331.0,63.930999755859375,22057.369140625,7413.60009765625,12475.240234375,2488.110107421875,27955.130859375,12.359999656677246,6432.259765625,19545.76953125
2017-09-12,10056.849609375,10097.5498046875,10028.0498046875,10093.0498046875,182600.0,63.124588228242175,34.74435465575698,17.162834669039285,17.581519986717694,89.59729823752447,82.35920890995308,9894.6525390625,9889.93599609375,9156.998994140624,9950.73279794103,9915.988443285272,14.031565111988716,84.26893095358545,10794200.0,0.008694739852208588,0.008657158285843384,69.5,-36.2001953125,54.27000045776367,1328.0,63.97999954223633,22118.859375,7400.7001953125,12524.76953125,2496.47998046875,27972.240234375,11.760000228881836,6454.27978515625,19776.619140625
2017-09-13,10099.25,10131.9501953125,10063.150390625,10079.2998046875,215000.0,61.87820863349489,42.42675627356584,19.876189029478518,22.550567244087325,91.75270963619884,87.85731314983866,9908.910009765625,9899.2219921875,9167.567993164062,9970.512337440485,9928.085581166919,14.646288488914289,83.16399336315078,10579200.0,-0.0013623236054590704,-0.0013632524119145414,68.7998046875,19.9501953125,55.15999984741211,1323.4000244140625,63.98759841918945,22158.1796875,7379.7001953125,12553.5703125,2498.3701171875,27894.080078125,11.760000228881836,6460.18994140625,19865.8203125
2017-09-14,10107.400390625,10126.5,10070.349609375,10086.599609375,225600.0,62.30375132045242,48.544556703918715,20.79519156786511,27.749365136053605,90.14031853924394,90.49677547098908,9918.375,9908.68798828125,9177.429492187499,9988.371917738103,9939.827361034184,15.21710305320232,81.23445031042573,10804800.0,0.0007242372812548137,0.0007239751479918529,56.150390625,20.80078125,55.470001220703125,1324.699951171875,64.11509704589844,22203.48046875,7295.39990234375,12540.4501953125,2495.6201171875,27777.19921875,11.470000267028809,6429.080078125,19807.439453125
2017-09-15,10062.349609375,10115.150390625,10043.650390625,10085.400390625,266600.0,62.18095112862315,52.688826694036834,19.951569246386583,32.73725744765025,86.16210030934745,89.35170949493008,9927.4375,9917.644003906249,9187.221994628904,10003.299375105318,9950.610548411281,15.310910506179088,80.5391324311096,10538200.0,-0.00011889227256378643,-0.0001188993408102696,71.5,-23.05078125,55.619998931884766,1320.4000244140625,64.15499877929688,22268.33984375,7215.5,12518.8095703125,2500.22998046875,27807.58984375,11.680000305175781,6448.47021484375,19909.5
2017-09-18,10133.099609375,10171.7001953125,10131.2998046875,10153.099609375,156100.0,66.22777624686736,60.73582688066563,22.3988555464123,38.33697133425333,89.27021707834842,88.52421197564661,9943.2224609375,9927.215,9197.276743164062,10026.345564992962,9965.609738112296,16.006175187539313,80.95060902085179,10694300.0,0.006712596042585561,0.006690166885736892,40.400390625,-20.0,55.47999954223633,1306.300048828125,64.12020111083984,22331.349609375,7253.2998046875,12559.3896484375,2503.8701171875,28159.76953125,11.4399995803833,6454.64013671875,19909.5
2017-09-19,10175.599609375,10178.9501953125,10129.9501953125,10147.5498046875,187500.0,65.60799373493799,65.90559101898361,22.05489574778423,43.850695271199385,90.36108738835914,88.59780159201833,9962.882470703125,9936.849999999999,9206.8919921875,10044.992371099814,9979.08678008083,16.72613285268295,78.66842266221951,10506800.0,-0.0005466118624873895,-0.0005467613092135457,49.0,28.0498046875,55.13999938964844,1306.199951171875,64.2146987915039,22370.80078125,7275.2998046875,12561.7900390625,2506.64990234375,28051.41015625,11.470000267028809,6461.31982421875,20299.380859375
2017-09-20,10160.9501953125,10171.0498046875,10134.2001953125,10141.150390625,199400.0,64.85431679254717,68.69442059223547,19.87498025682887,48.819440335406604,90.85445305219156,90.16191917296636,9981.6625,9944.252011718749,9216.633242187501,10059.785912565227,9991.091491972991,17.39466497031633,75.68136457027526,10307400.0,-0.0006306363787978997,-0.000630835313560427,36.849609375,19.7998046875,56.290000915527344,1312.0,64.29869842529297,22412.58984375,7272.0,12569.169921875,2508.239990234375,28127.80078125,11.630000114440918,6456.0400390625,20310.4609375
2017-09-21,10139.599609375,10158.900390625,10058.599609375,10121.900390625,191800.0,62.52743515778942,68.56094609159663,15.793204604952024,52.76774148664461,86.80557750864077,89.34037264973048,9995.132519531251,9950.969023437501,9226.808745117189,10069.341986112884,10000.781040021287,16.72034847863321,77.43989433311275,10115600.0,-0.0018982067377479872,-0.001900010615274047,100.30078125,17.69921875,56.43000030517578,1290.5999755859375,64.28369903564453,22359.23046875,7263.89990234375,12600.0302734375,2500.60009765625,28110.330078125,11.630000114440918,6422.68994140625,20347.48046875
2017-09-22,10094.349609375,10095.0498046875,9952.7998046875,9964.400390625,226600.0,47.50844515818148,55.110948165551235,1.8745653431252975,53.23638282242594,65.92775925858241,81.19592993980491,10000.500048828126,9953.9350390625,9235.986997070313,10053.197125268594,9998.086177103043,16.331377038616306,83.98708659056898,9889000.0,-0.01556031910231781,-0.01568265154818977,142.25,129.94921875,56.86000061035156,1293.300048828125,64.80229949951172,22349.58984375,7310.60009765625,12592.349609375,2502.219970703125,27880.529296875,12.8100004196167,6426.919921875,20296.44921875
2017-09-25,9960.099609375,9960.5,9816.0498046875,9872.599609375,221400.0,41.283978322096715,36.622016264340346,-13.291493246468477,49.91350951080882,41.75153512355355,64.8282906302589,9998.4900390625,9953.55302734375,9244.63424560547,10025.412892054195,9988.790875789855,17.229317133893428,88.58447940106404,9667600.0,-0.009212875602266135,-0.009255576609087487,144.4501953125,87.5,59.02000045776367,1306.800048828125,64.89099884033203,22296.08984375,7301.2998046875,12594.8095703125,2496.659912109375,27500.33984375,13.34000015258789,6370.58984375,20397.580078125
2017-09-26,9875.25,9891.349609375,9813.0,9871.5,190900.0,41.214322688444305,21.631322815936073,-22.6257493558982,44.257072171834274,19.727795868904813,42.46903008368025,10002.262548828126,9953.25603515625,9253.48149658203,10001.73398558432,9980.102662768384,18.08723650362881,87.8534172563452,9476700.0,-0.00011137992205778602,-0.00011138612526191736,78.349609375,3.75,58.439998626708984,1297.0,65.26509857177734,22284.3203125,7285.7001953125,12605.2001953125,2496.840087890625,27513.009765625,12.930000305175781,6380.16015625,20330.189453125
2017-09-27,9920.599609375,9921.0498046875,9714.400390625,9735.75,200100.0,33.66313375741482,-1.189093108778252,-36.35693222449002,35.16783911571177,12.054759917107067,24.511363636521807,9994.830029296876,9949.652031250002,9260.925998535156,9960.813372417502,9962.00246552628,19.60101471130292,96.33884559964197,9276600.0,-0.013751709466646389,-0.013847140123069935,206.6494140625,184.849609375,57.900001525878906,1283.4000244140625,65.3499984741211,22340.7109375,7313.5,12657.41015625,2507.0400390625,27642.4296875,13.859999656677246,6453.259765625,20267.05078125
2017-09-28,9736.400390625,9789.2001953125,9687.5498046875,9768.9501953125,385000.0,36.716930914084784,-16.4063368071038,-41.25934073825246,24.85300393114866,12.382176017762717,14.721577267924864,9987.38251953125,9948.488027343752,9268.46199951172,9931.295960555193,9947.702297362297,21.179928605651053,96.71824167288183,9661600.0,0.003410132276660871,0.0034043309606841105,101.650390625,-32.5498046875,57.40999984741211,1285.5,65.5250015258789,22381.19921875,7322.7998046875,12704.650390625,2510.06005859375,27421.599609375,13.170000076293945,6453.4501953125,20363.109375
2017-09-29,9814.2998046875,9854.0,9775.349609375,9788.599609375,196300.0,38.52080837606712,-26.574237308699594,-41.1417929918786,14.567555683179009,13.908128549216938,12.78168816136224,9978.09248046875,9946.26802734375,9276.550998535156,9909.342675758242,9935.916913066942,21.693999617544463,95.8847818882117,9857900.0,0.002011415113154058,0.0020093949262780385,78.650390625,25.7001953125,57.540000915527344,1281.5,65.36000061035156,22405.08984375,7372.7998046875,12828.8603515625,2519.360107421875,27554.30078125,12.489999771118164,6495.9599609375,20356.279296875
2017-10-03,9893.2998046875,9895.400390625,9831.0498046875,9859.5,162800.0,44.651494790282015,-28.58182919247338,-34.51950790052191,5.937678708048532,24.04016476084108,16.77682310927358,9975.425,9945.99203125,9284.739499511717,9901.674571795436,9930.25640098791,21.613977948908957,96.66449612833945,10020700.0,0.007243159742390093,0.00721705404356513,64.3505859375,33.7998046875,56.0,1271.5,65.57170104980469,22641.669921875,7468.10009765625,12828.8603515625,2534.580078125,28173.2109375,12.460000038146973,6531.7099609375,20614.0703125
2017-10-04,9884.349609375,9938.2998046875,9850.650390625,9914.900390625,156200.0,48.93640042685275,-25.409605584974997,-25.077827434418822,-0.33177815055617454,33.94045503987196,23.962916116643328,9973.560009765624,9945.9850390625,9293.40175048828,9903.709313153831,9929.118918738806,20.992603918930726,96.0205616950652,10176900.0,0.005618985813175215,0.005603258200374948,87.6494140625,-30.55078125,55.79999923706055,1273.699951171875,65.44309997558594,22661.640625,7467.60009765625,12970.51953125,2537.739990234375,28379.1796875,11.800000190734863,6534.6298828125,20626.66015625
2017-10-05,9927.0,9945.9501953125,9881.849609375,9888.7001953125,147800.0,47.0800964506179,-24.72472112442847,-19.514354379097835,-5.210366745330634,40.73061284514521,32.90374421528608,9972.185009765626,9944.43103515625,9302.077250976561,9901.400218101318,9926.124939225747,20.3184083351286,93.74056342666769,10029100.0,-0.0026425071639926134,-0.0026460047490028745,64.1005859375,38.2998046875,57.0,1269.9000244140625,65.01950073242188,22775.390625,7508.0,12968.0498046875,2552.070068359375,28379.1796875,11.710000038146973,6585.35986328125,20628.560546875
2017-10-06,9908.150390625,9989.349609375,9906.599609375,9979.7001953125,195800.0,53.65569106623416,-16.647108272154583,-9.149393221459158,-7.497715050695424,48.88419443263101,41.18508743921606,9974.675,9944.73404296875,9311.278500976561,9913.4463684415,9930.093476713655,19.145913993111918,94.23405275779857,10224900.0,0.009202422785872022,0.009160338481321154,82.75,-71.5498046875,55.619998931884766,1271.5999755859375,65.20999908447266,22773.669921875,7522.89990234375,12955.9404296875,2549.330078125,28458.0390625,11.119999885559082,6590.18017578125,20690.7109375
2017-10-09,9988.2001953125,10015.75,9959.4501953125,9988.75,143900.0,54.264321425405804,-9.40686183707112,-1.5273174291005551,-7.879544407970564,53.893660629233786,47.83615596900333,9977.372509765624,9944.09603515625,9320.700500488281,9925.031542527424,9934.438404364495,17.818627211570977,91.52446360992009,10368800.0,0.0009068212982741297,0.0009064103842389305,56.2998046875,-0.5498046875,55.790000915527344,1281.800048828125,65.41419982910156,22761.0703125,7507.89990234375,12976.400390625,2544.72998046875,28326.58984375,11.390000343322754,6579.72998046875,20690.7109375
2017-10-10,10013.7001953125,10034.0,10002.2998046875,10016.9501953125,148600.0,56.194865889155054,-1.377515154033972,5.201623403149274,-6.579138557183246,62.95839381206328,55.245416291309354,9977.917529296876,9944.024042968751,9330.373251953126,9939.172873725129,9940.550388879163,16.806435995254223,88.2191447806401,10517400.0,0.0028231956263296,0.0028192178944088774,31.7001953125,-3.25,56.61000061035156,1290.5999755859375,65.41459655761719,22830.6796875,7538.2998046875,12949.25,2550.639892578125,28490.830078125,11.109999656677246,6587.25,20823.509765625
2017-10-11,10042.599609375,10067.25,9955.7998046875,9984.7998046875,189700.0,53.426034904984206,2.364278182009002,7.1547333913537985,-4.790455209344796,64.16200908341679,60.33802117490461,9972.505029296875,9943.4300390625,9339.990751953126,9946.192401565493,9943.828123383484,15.926057019466556,89.8785055329158,10327700.0,-0.0032095987299651796,-0.00321476053982032,111.4501953125,57.7998046875,56.939998626708984,1285.800048828125,65.23889923095703,22872.890625,7533.7998046875,12970.6796875,2555.239990234375,28389.5703125,11.729999542236328,6603.5498046875,20881.26953125
2017-10-12,10011.2001953125,10104.4501953125,9977.099609375,10096.400390625,200900.0,60.67017337678025,14.17155015048229,15.169604287861668,-0.9980541373793792,76.42030163548414,67.8469015103214,9973.36005859375,9943.8160546875,9350.577253417969,9969.301322959263,9955.129772808781,14.94075835792284,92.5550827046718,10528600.0,0.011177047924897598,0.011115046293774924,127.3505859375,-85.2001953125,56.25,1293.300048828125,65.20539855957031,22841.009765625,7556.2001953125,12982.8896484375,2550.929931640625,28459.029296875,11.039999961853027,6591.509765625,20954.720703125
2017-10-13,10123.7001953125,10191.900390625,10120.099609375,10167.4501953125,230100.0,64.46017906842611,28.92855334700289,23.941285987505815,4.987267359497075,85.42824514859595,75.33685195583229,9977.402587890625,9944.87205078125,9361.485754394533,9999.785764859762,9970.857211512759,14.99128427168292,92.76543394005239,10758700.0,0.007037142143597297,0.007012497012134821,71.80078125,-43.75,57.16999816894531,1301.5,65.0459976196289,22871.720703125,7535.39990234375,12991.8701171875,2553.169921875,28476.4296875,11.260000228881836,6605.7998046875,21155.1796875
2017-10-16,10207.400390625,10242.9501953125,10175.099609375,10230.849609375,203000.0,67.47233695191002,45.218140980634416,32.18469889690987,13.033442083724545,97.01418632345113,86.28757770251039,9984.675048828125,9947.85904296875,9373.098752441407,10035.334048631337,9990.115907650703,15.519528887226635,91.53218865862007,10961700.0,0.006235527378509298,0.006216166917771876,67.8505859375,-23.44921875,57.81999969482422,1299.9000244140625,64.6729965209961,22956.9609375,7527.0,13003.7001953125,2557.639892578125,28692.80078125,11.3100004196167,6624.0,21255.560546875
2017-10-17,10227.650390625,10251.849609375,10212.599609375,10234.4501953125,195700.0,67.64007924135568,57.75255819310223,35.77529288750215,21.977265305600085,96.63002184126188,93.02415110443631,9988.742578125,9952.2750390625,9384.106752929687,10065.9673019669,10008.214743773799,16.091957817275357,87.79774661157579,11157400.0,0.00035193420634405115,0.0003518722920273383,39.25,-6.7998046875,57.880001068115234,1283.0,64.6946029663086,22997.439453125,7516.2001953125,12995.0595703125,2559.360107421875,28697.490234375,11.609999656677246,6623.66015625,21336.119140625
2017-10-18,10209.400390625,10236.4501953125,10175.75,10210.849609375,254200.0,65.26433382007372,65.03215390365949,34.443910878447525,30.588243025211966,95.82409372991731,96.48943396487677,9991.907568359376,9955.1640234375,9394.98675048828,10088.256887721993,10023.224733818333,16.078040357302907,85.86220723307038,10903200.0,-0.0023059945074831445,-0.0023086574073600593,60.7001953125,-1.44921875,58.150001525878906,1279.9000244140625,64.92870330810547,23157.599609375,7542.89990234375,13043.0302734375,2561.260009765625,28711.759765625,11.539999961853027,6624.22021484375,21363.05078125
2017-10-19,10210.349609375,10211.9501953125,10123.349609375,10146.5498046875,30200.0,59.16691190101656,64.86510454052222,27.421489212248204,37.44361532827402,89.18413342293854,93.87941633137257,9992.1775390625,9956.94701171875,9405.201499023437,10097.22502879361,10032.359924253087,15.349213508473063,86.05780571195821,10873000.0,-0.006297204164917303,-0.006317115188263494,88.6005859375,63.7998046875,57.22999954223633,1286.9000244140625,65.04010009765625,23163.0390625,7523.0,12990.099609375,2562.10009765625,28159.08984375,12.399999618530273,6605.06982421875,21448.51953125
2017-10-23,10176.650390625,10224.150390625,10124.5,10184.849609375,218100.0,61.475662926205715,67.05027701409927,23.68532934866019,43.364947665439075,84.90456770696086,89.97093161993891,9995.325,9961.073007812502,9415.196748046874,10110.705733498438,10043.655456484339,14.815134537801843,87.02870463431834,11091100.0,0.00377466285828576,0.003767556695072139,99.650390625,-8.19921875,57.369998931884766,1277.699951171875,65.1041030883789,23273.9609375,7524.5,13003.1396484375,2564.97998046875,28305.880859375,12.329999923706055,6586.830078125,21696.650390625
2017-10-24,10218.5498046875,10237.75,10182.400390625,10207.7001953125,217200.0,62.826142351402815,69.8210397731491,21.164873686168015,48.65616608698108,83.65832751915421,85.9156762163512,10007.489990234375,9967.066015625001,9425.337749023438,10125.627958392908,10055.806918619759,14.482694315924967,84.7659121157956,11308300.0,0.0022435859942857572,0.002241072913402321,55.349609375,10.849609375,58.33000183105469,1275.0,65.03489685058594,23441.759765625,7526.5,13013.1904296875,2569.1298828125,28154.970703125,11.59000015258789,6598.43017578125,21805.169921875
2017-10-25,10321.150390625,10340.5498046875,10240.900390625,10295.349609375,594200.0,67.52827160895544,78.18815998225546,23.6255951162195,54.562564866035956,87.73986801252335,85.43425441287947,10028.627490234376,9976.5680078125,9435.853247070312,10151.738981620922,10073.550821638666,15.253500898187642,88.2004619200245,11902500.0,0.008586597606260904,0.008549942456258083,99.6494140625,25.80078125,58.439998626708984,1275.4000244140625,65.07949829101562,23329.4609375,7447.2001953125,12953.41015625,2557.14990234375,28302.890625,11.760000228881836,6563.89013671875,21707.619140625
2017-10-26,10291.7998046875,10355.650390625,10271.849609375,10343.7998046875,429700.0,69.80213499876022,87.71753572677517,26.52397668859136,61.19355903818381,92.16754480452425,87.85524677873394,10052.24248046875,9989.2280078125,9446.61974609375,10181.286800554242,10093.569264827467,16.10760963973629,87.88619901502274,12332200.0,0.004706027201677676,0.004694988474485417,83.80078125,-52.0,59.29999923706055,1266.300048828125,64.83999633789062,23400.859375,7486.5,13133.2802734375,2560.39990234375,28202.380859375,11.619999885559082,6556.77001953125,21739.779296875
2017-10-27,10362.2998046875,10366.150390625,10311.2998046875,10323.0498046875,312700.0,67.61824816021714,92.52867016220262,25.06808889921504,67.46058126298757,92.3345465311491,90.74731978273223,10081.607470703126,9999.80599609375,9456.865996093748,10203.09649349782,10110.567823335618,16.999710464315356,85.52651236662825,12019500.0,-0.002006032637116295,-0.0020080474155119445,54.8505859375,39.25,60.439998626708984,1268.5,64.5999984741211,23434.189453125,7505.0,13217.5400390625,2581.070068359375,28438.849609375,11.479999542236328,6701.259765625,22008.44921875
2017-10-30,10353.849609375,10384.5,10344.2998046875,10363.650390625,236900.0,69.6210287385745,98.48241288397912,24.81746529679323,73.66494758718589,93.99805513585356,92.83338215717563,10111.342480468751,10009.1330078125,9467.465249023437,10227.797093055848,10129.314680171869,18.004537693149512,83.80677543419053,12256400.0,0.00393300300838062,0.003925288971653147,40.2001953125,-9.80078125,60.900001525878906,1274.0999755859375,64.87339782714844,23348.740234375,7487.7998046875,13229.5703125,2572.830078125,28336.189453125,12.109999656677246,6698.9599609375,22011.669921875
2017-10-31,10364.900390625,10367.7001953125,10323.9501953125,10335.2998046875,232600.0,66.52685670516202,99.76313422501335,20.87854931026196,78.88458491475139,91.05219943005508,92.46160036568591,10138.677490234377,10017.75599609375,9477.961499023437,10244.335971768409,10144.572837543396,18.566120545784475,80.9455771888912,12023800.0,-0.002735579151063039,-0.0027393276855447964,43.75,29.6005859375,61.369998931884766,1267.0,64.84239959716797,23377.240234375,7493.10009765625,13229.5703125,2575.260009765625,28245.5390625,12.4399995803833,6727.669921875,22011.609375
2017-11-01,10390.349609375,10451.650390625,10383.0498046875,10440.5,260300.0,71.57511854703996,108.02168493907084,23.309680019455556,84.71200491961528,93.77009407797695,92.94011621462853,10167.727490234376,10029.81798828125,9488.721000976562,10274.515053034807,10166.493368095737,19.881155618788625,83.47450638522041,12284100.0,0.010178727013297362,0.010127272636955603,68.6005859375,-50.150390625,61.290000915527344,1274.0999755859375,64.67009735107422,23435.009765625,7488.0,13465.509765625,2579.360107421875,28594.060546875,12.140000343322754,6716.52978515625,22420.080078125
2017-11-02,10440.5,10453.0,10412.5498046875,10423.7998046875,201500.0,69.77607530739547,111.92883376487953,21.773463076211385,90.15537068866814,92.46742621204476,92.42990657335892,10193.172460937501,10043.2069921875,9498.936748046875,10297.481937904451,10185.553104139572,21.113909369406763,80.40134130859752,12082600.0,-0.0015995589591015769,-0.001600839619376669,40.4501953125,16.7001953125,60.619998931884766,1274.9000244140625,64.55509948730469,23516.259765625,7555.2998046875,13440.9296875,2579.85009765625,28518.640625,12.010000228881836,6714.93994140625,22539.119140625
2017-11-03,10461.5498046875,10461.7001953125,10403.599609375,10452.5,199900.0,71.11955584360297,116.00392225715404,20.678841254788722,95.32508100236532,95.38658170184992,93.87470066395721,10221.362451171875,10056.94599609375,9509.163247070312,10321.330870534535,10205.326948277381,22.0808493264954,78.80843021066198,12282500.0,0.0027533333189682097,0.002749549839980272,58.1005859375,9.0498046875,62.06999969482422,1266.5,64.50050354003906,23539.189453125,7560.39990234375,13478.8603515625,2587.840087890625,28603.609375,11.90999984741211,6764.43994140625,22539.119140625
2017-11-06,10431.75,10490.4501953125,10413.75,10451.7998046875,193600.0,71.03659337297398,117.81881735002389,17.99498907812685,99.82382827189704,92.66028731442543,93.5047650761067,10244.967431640624,10068.9319921875,9519.420498046875,10341.403014250376,10223.584196900352,23.254435476155077,78.65784200365042,12088900.0,-6.698831021290097e-05,-6.699055402996047e-05,76.7001953125,-20.0498046875,64.2699966430664,1279.4000244140625,64.69339752197266,23548.419921875,7562.2998046875,13468.7900390625,2591.1298828125,28596.80078125,13.020000457763672,6786.43994140625,22548.349609375
2017-11-07,10477.150390625,10485.75,10340.7998046875,10350.150390625,286900.0,60.07962904780259,109.78929395227169,7.972372544299716,101.81692140797198,82.84465275599678,90.29717392409071,10263.037451171875,10078.79400390625,9529.107250976564,10342.748764461858,10232.959470509586,22.969225333755894,83.39301009713967,11802000.0,-0.009725541625559164,-0.009773143593572503,144.9501953125,127.0,63.689998626708984,1273.699951171875,64.59089660644531,23557.23046875,7513.10009765625,13379.26953125,2590.639892578125,28994.33984375,13.239999771118164,6767.77978515625,22937.599609375
2017-11-08,10361.9501953125,10384.25,10285.5,10303.150390625,274500.0,55.79437842418024,98.49790902295172,-2.655209908016218,101.15311893096793,66.74390126031605,80.74961377691275,10277.3474609375,10086.601015625,9538.633002929688,10336.656706948495,10238.158797925544,21.836390146805115,84.48993794734398,11527500.0,-0.004540996818999998,-0.004551338464517429,98.75,58.7998046875,63.4900016784668,1281.5999755859375,65.16449737548828,23563.359375,7529.7001953125,13382.419921875,2594.3798828125,28907.599609375,13.609999656677246,6789.1201171875,22913.8203125
2017-11-09,10358.650390625,10368.4501953125,10266.9501953125,10308.9501953125,240200.0,56.20945623390329,88.99156155741184,-9.72924589884488,98.72080745625672,53.72111558009172,67.76988986546817,10293.55498046875,10096.8590234375,9548.09275390625,10332.394166696804,10243.402605139392,20.51286026876366,85.70494237967655,11767700.0,0.0005629156585715833,0.0005627572809849458,101.5,49.7001953125,63.93000030517578,1285.5999755859375,64.9104995727539,23461.939453125,7484.10009765625,13182.5595703125,2584.6201171875,29136.5703125,13.270000457763672,6750.0498046875,22868.7109375
2017-11-10,10304.349609375,10344.9501953125,10254.099609375,10321.75,279400.0,57.1653764080655,81.55048671979421,-13.736256589170026,95.28674330896423,48.20592215087691,56.223646330428224,10304.8224609375,10105.606015625,9557.526005859374,10330.756602589603,10249.206115869809,19.093469140321805,86.07248834809252,12047100.0,0.0012416205767800115,0.0012408504033945,90.8505859375,-17.400390625,63.52000045776367,1272.4000244140625,64.96800231933594,23422.2109375,7433.0,13127.4697265625,2582.300048828125,29120.919921875,13.479999542236328,6750.93994140625,22681.419921875
2017-11-13,10322.0,10334.150390625,10216.25,10224.9501953125,210300.0,48.53630906681197,67.06931276403157,-22.573944435946146,89.64325719997771,32.93736244146472,44.95480005747778,10307.6974609375,10111.747011718751,9566.90400878906,10314.478693777743,10247.409381013711,18.227675808372997,88.34590993930018,11836800.0,-0.009378235734008311,-0.009422488277922888,117.900390625,97.0498046875,63.15999984741211,1277.300048828125,65.1603012084961,23439.69921875,7415.2001953125,13074.419921875,2584.840087890625,29182.1796875,14.050000190734863,6757.60009765625,22380.990234375
2017-11-14,10223.400390625,10248.0,10175.5498046875,10186.599609375,305000.0,45.59951673952533,51.90003500009516,-30.194577759906053,82.09461276000121,17.305994814070818,32.816426468804146,10305.484960937501,10115.990996093751,9575.879506835938,10294.804988485012,10242.904953484916,17.958970755850817,87.2105017516716,11531800.0,-0.0037506868204679744,-0.003757738283689395,72.4501953125,36.80078125,62.209999084472656,1281.5,65.43840026855469,23409.470703125,7414.39990234375,13033.48046875,2578.8701171875,29152.119140625,14.170000076293945,6737.8701171875,22380.009765625
2017-11-15,10171.9501953125,10175.4501953125,10094.0,10118.0498046875,207400.0,40.84247028406731,33.95545934102665,-38.51132273517965,72.4667820762063,4.249402036313704,18.16425309728308,10299.664941406249,10120.095000000001,9584.090756835938,10267.611883285394,10233.656423944367,18.614136000872936,87.59543801048078,11324400.0,-0.00672940994209803,-0.0067521545169891405,81.4501953125,53.900390625,61.869998931884766,1276.5,65.41339874267578,23271.279296875,7372.60009765625,12976.3701171875,2564.6201171875,28851.689453125,14.270000457763672,6706.2099609375,22028.3203125
2017-11-16,10152.900390625,10232.25,10139.2001953125,10214.75,182600.0,48.93535385170642,27.223337760235154,-36.19475545277692,63.41809321301207,13.344356234777905,11.633251028387475,10299.8599609375,10125.34599609375,9592.150756835938,10259.47928585687,10232.255948096636,18.314737419436092,89.49577781776786,11507000.0,0.009557197007243445,0.009511815914835575,93.0498046875,-61.849609375,61.36000061035156,1277.4000244140625,65.41339874267578,23458.359375,7386.89990234375,13047.2197265625,2585.639892578125,29018.759765625,13.460000038146973,6793.2900390625,22351.119140625
2017-11-17,10324.5498046875,10343.599609375,10268.0498046875,10283.599609375,203300.0,53.78323150014502,27.130922594256845,-29.029736495004187,56.16065908926103,28.116134806366723,15.236631025819442,10306.712451171876,10132.693984375,9600.362504882813,10263.190104859661,10236.059182265404,17.40065229912849,92.30676578614158,11710300.0,0.006740214824151325,0.006717601133431633,75.5498046875,40.9501953125,62.720001220703125,1295.800048828125,65.20999908447266,23358.240234375,7380.7001953125,12993.73046875,2578.85009765625,29199.0390625,13.710000038146973,6782.7900390625,22396.80078125
2017-11-20,10287.2001953125,10309.849609375,10261.5,10298.75,147200.0,54.80012527352252,27.957911416131537,-22.562198138503597,50.520109554635134,43.30931648459021,28.25660250857828,10312.407470703125,10140.0709765625,9608.692504882812,10268.660857958173,10240.702946542042,16.46956487653884,89.16696889963147,11857500.0,0.0014732575363192169,0.001472173357154509,48.349609375,-11.5498046875,62.220001220703125,1274.5999755859375,64.90499877929688,23430.330078125,7389.5,13058.66015625,2582.139892578125,29260.310546875,13.430000305175781,6790.7099609375,22261.759765625
2017-11-21,10329.25,10358.7001953125,10315.0498046875,10326.900390625,186100.0,56.70622973885476,30.5328436607233,-15.989812715129467,46.52265637585277,52.73886500888828,41.38810543328174,10318.36748046875,10147.912988281249,9617.5205078125,10277.620786060763,10247.08794240004,16.155760977855046,87.08005650055065,12043600.0,0.0027333793542905216,0.0027296504663746014,43.650390625,2.349609375,62.56999969482422,1281.0999755859375,65.0250015258789,23590.830078125,7411.2998046875,13167.5400390625,2599.030029296875,29818.0703125,13.720000267028809,6862.47998046875,22416.48046875
2017-11-22,10350.7998046875,10368.7001953125,10309.5498046875,10342.2998046875,157600.0,57.755728067828954,33.4307313711779,-10.473540003739899,43.9042713749178,57.67434795282023,51.24084314876624,10320.714990234375,10154.63798828125,9625.650004882813,10287.57140431103,10254.140672939851,15.974052347281,85.08508036658274,12201200.0,0.00149119420929833,0.0014900834832817704,59.150390625,8.5,63.31999969482422,1291.5999755859375,64.76129913330078,23526.1796875,7419.0,13015.0400390625,2597.080078125,30003.490234375,14.039999961853027,6867.35986328125,22523.150390625
2017-11-23,10358.4501953125,10374.2998046875,10307.2998046875,10348.75,153000.0,58.21266303147437,35.83472471488312,-6.455637328027741,42.290362042910864,61.87832284392332,57.4305119352106,10320.962500000001,10159.7519921875,9633.722504882813,10296.983495955486,10261.148771240603,15.869631801424646,83.79328891182685,12354200.0,0.0006236712756650942,0.0006234768735595227,67.0,9.7001953125,63.31999969482422,1291.5999755859375,64.7699966430664,23526.1796875,7417.2001953125,13008.5498046875,2597.080078125,29707.939453125,13.869999885559082,6867.35986328125,22523.150390625
2017-11-24,10366.7998046875,10404.5,10362.25,10389.7001953125,129200.0,61.09015337851665,40.57650459923934,-1.3710859549372216,41.947590554176564,67.45679570319733,62.336488833313624,10324.295019531251,10165.96,9641.966254882813,10311.247603548873,10270.671098949633,16.121195141433088,81.79019684669636,12483400.0,0.003957018510689636,0.003949210104835523,42.25,-22.900390625,63.86000061035156,1286.699951171875,64.57939910888672,23557.990234375,7409.60009765625,13059.83984375,2602.419921875,29866.3203125,13.510000228881836,6889.16015625,22550.849609375
2017-11-27,10361.0498046875,10407.150390625,10340.2001953125,10399.5498046875,141900.0,61.7720181672485,44.6148878251679,2.1338378167930614,42.48105000837484,79.10416080803901,69.47975978505322,10326.089990234375,10172.219003906252,9649.958754882813,10324.8325575702,10280.217669745032,15.988506176779044,80.7301967371109,12625300.0,0.000948016707878141,0.0009475676238426342,66.9501953125,-38.5,63.84000015258789,1293.800048828125,64.54499816894531,23580.779296875,7383.89990234375,13000.2001953125,2601.419921875,29686.189453125,13.029999732971191,6878.52001953125,22495.990234375
2017-11-28,10387.900390625,10409.5498046875,10355.2001953125,10370.25,196000.0,58.48849851869988,44.933125160152485,1.9616601214221205,42.971465038730365,86.86677859341397,77.80924503488343,10327.837500000001,10177.91599609375,9657.968505859375,10331.819856405553,10286.8867312454,15.895965013643035,78.8458690683887,12429300.0,-0.0028174108723719726,-0.0028213872448567432,54.349609375,17.650390625,63.61000061035156,1294.699951171875,64.43389892578125,23836.7109375,7460.7001953125,13059.5302734375,2627.0400390625,29680.849609375,13.149999618530273,6912.35986328125,22486.240234375
2017-11-29,10376.650390625,10392.9501953125,10345.900390625,10361.2998046875,152500.0,57.48332240212732,43.95642230468184,0.787965812761179,43.16845649192066,89.94256730593933,85.30450223579743,10323.877490234376,10182.08,9665.929755859375,10336.355233064312,10292.39881075963,15.64228739031077,76.57472161261093,12276800.0,-0.0008630645657047298,-0.0008634372203591307,47.0498046875,15.3505859375,63.11000061035156,1282.0999755859375,64.47000122070312,23940.6796875,7393.60009765625,13061.8701171875,2626.070068359375,29623.830078125,13.0600004196167,6824.39013671875,22597.19921875
2017-11-30,10332.7001953125,10332.7001953125,10211.25,10226.5498046875,342500.0,44.95640513149011,31.94098363097146,-8.981978288759365,40.922961919730824,71.420274425941,82.74320677509809,10314.014990234376,10183.66,9673.17050292969,10319.462090237112,10287.52110660614,15.585245825297317,81.82294183224587,11934300.0,-0.013005125084696312,-0.013090432150481796,121.4501953125,106.150390625,63.56999969482422,1273.199951171875,64.41480255126953,24272.349609375,7326.7001953125,13023.98046875,2647.580078125,29177.349609375,13.550000190734863,6873.97021484375,22724.9609375
2017-12-01,10263.7001953125,10272.7001953125,10108.5498046875,10121.7998046875,143400.0,38.02013573810052,13.807053232698308,-21.692726949626014,35.49978018232432,45.17505717636937,68.8459663027499,10297.47998046875,10183.27298828125,9679.811752929689,10289.052507844865,10275.245454612166,16.540893486604343,87.70347388887116,11790900.0,-0.010242946252702612,-0.010295766224326257,164.150390625,141.900390625,63.4900016784668,1278.800048828125,64.49939727783203,24231.58984375,7300.5,12861.490234375,2642.219970703125,29074.240234375,14.800000190734863,6847.58984375,22819.029296875
2017-12-04,10175.0498046875,10179.2001953125,10095.7001953125,10127.75,148600.0,38.59965392253564,-0.08312797444341413,-28.46632652541419,28.383198550970775,20.50385353771371,45.699728380008025,10281.277490234377,10183.38998046875,9686.42525390625,10264.236737407193,10264.319865381636,17.5391704830379,87.40322575395179,11939500.0,0.0005878594150563465,0.0005876866933977984,83.5,47.2998046875,62.45000076293945,1274.300048828125,64.50900268554688,24290.05078125,7339.0,13058.5498046875,2639.43994140625,29138.279296875,14.859999656677246,6775.3701171875,22707.16015625
2017-12-05,10118.25,10147.9501953125,10069.099609375,10118.25,155500.0,37.98892218897478,-11.7226360088207,-32.084667647833186,20.362031639012482,11.31415219621957,25.664354303434216,10269.682470703126,10186.46697265625,9693.055004882814,10241.777239344547,10253.499875353367,18.69672149087009,86.79232290991952,11784000.0,-0.0009380168349337747,-0.000938457048031478,78.8505859375,0.0,62.86000061035156,1261.5999755859375,64.35140228271484,24180.640625,7327.5,13048.5400390625,2629.570068359375,28842.80078125,15.010000228881836,6762.2099609375,22622.380859375
2017-12-06,10088.7998046875,10104.2001953125,10033.349609375,10044.099609375,166100.0,33.52958986971796,-26.62344826784647,-37.588383925487165,10.964935657640691,9.330006627185927,13.716004120373068,10256.729931640626,10189.89697265625,9699.652001953127,10211.365296272308,10237.988744540155,20.06976231559267,86.65718488956813,11617900.0,-0.007328380957675518,-0.007355365457362713,70.8505859375,44.7001953125,61.220001220703125,1262.800048828125,64.35690307617188,24140.91015625,7348.0,12998.849609375,2629.27001953125,28224.80078125,15.09000015258789,6776.3798828125,22177.0390625
2017-12-07,10063.4501953125,10182.650390625,10061.900390625,10166.7001953125,166200.0,45.02100357478232,-28.214368985540204,-31.343443714544716,3.129074729004511,17.580370248244783,12.741509690550092,10249.617431640625,10195.800976562501,9706.59550292969,10204.493742278491,10232.708111264032,20.068010481548125,90.3638703438847,11784100.0,0.012206229598028528,0.012132334291871919,120.75,-103.25,62.20000076293945,1249.800048828125,64.51519775390625,24211.48046875,7320.7998046875,13045.150390625,2636.97998046875,28303.189453125,14.270000457763672,6812.83984375,22498.029296875
2017-12-08,10198.4501953125,10270.849609375,10195.25,10265.650390625,200000.0,52.20313441276007,-21.245822696862888,-19.49991794069392,-1.7459047561689691,33.35115822882839,20.087178368086363,10246.812451171874,10206.398984375,9713.815253906252,10213.902457408723,10235.148280105586,18.90340865269488,91.3485520380715,11984100.0,0.009732773998600175,0.009685715646246356,75.599609375,-67.2001953125,63.400001525878906,1245.199951171875,64.54239654541016,24329.16015625,7394.0,13153.7001953125,2651.5,28639.849609375,13.670000076293945,6840.080078125,22811.080078125
2017-12-11,10310.5,10329.2001953125,10282.0498046875,10322.25,147400.0,55.762924383935626,-11.028949241952432,-7.42643558862677,-3.602513653325662,57.9967586379357,36.30942903833629,10251.67744140625,10217.46498046875,9721.030502929689,10230.571310115072,10241.600259357025,17.937430512956432,89.3629272273164,12131500.0,0.0055134947345070184,0.005498351059959995,47.150390625,-11.75,64.69000244140625,1243.699951171875,64.4729995727539,24386.029296875,7453.5,13123.650390625,2659.989990234375,28965.2890625,14.149999618530273,6875.080078125,22938.73046875
2017-12-12,10324.900390625,10326.099609375,10230.2001953125,10240.150390625,175100.0,49.95146115169537,-9.447846864262829,-4.676266568749733,-4.771580295513096,64.50483565186767,51.95091750621059,10254.35498046875,10226.49599609375,9727.69200683594,10232.045014808908,10241.49286167317,16.857267263472536,89.82981914411523,11956400.0,-0.007953654423696332,-0.007985453457626933,95.8994140625,84.75,63.34000015258789,1238.5,64.3499984741211,24504.80078125,7500.39990234375,13183.5302734375,2664.110107421875,28793.880859375,15.260000228881836,6862.31982421875,22866.169921875
2017-12-13,10236.599609375,10296.5498046875,10169.849609375,10192.9501953125,181600.0,46.92371323908194,-11.8666814153421,-5.676080895863203,-6.190600519478897,58.06321261725709,60.18826896902015,10258.100000000002,10233.165,9734.022255859378,10226.030427194075,10237.897108609417,16.470825208301704,92.463417441857,11774800.0,-0.004609326378225087,-0.0046199820794001496,126.7001953125,43.6494140625,62.439998626708984,1245.4000244140625,64.55000305175781,24585.4296875,7496.5,13125.6396484375,2662.85009765625,29222.099609375,15.949999809265137,6875.7998046875,22758.0703125
2017-12-14,10229.2998046875,10276.099609375,10141.5498046875,10252.099609375,154300.0,50.93714316055166,-8.90807509663864,-2.1739796617277944,-6.734095434910846,51.847515806615455,58.138521358580064,10259.967480468751,10239.908984375,9740.58525390625,10230.041070606525,10238.949145703164,16.383514762846254,95.46958795940294,11929100.0,0.005802972930222028,0.005786200538018408,134.5498046875,-22.7998046875,63.310001373291016,1253.800048828125,64.31999969482422,24508.66015625,7448.10009765625,13068.080078125,2652.010009765625,29166.380859375,16.40999984741211,6856.52978515625,22694.44921875
2017-12-15,10345.650390625,10373.099609375,10319.650390625,10333.25,255100.0,55.86770608203178,-0.015026733304694062,5.375254961284922,-5.390281694589616,60.096635161596524,56.66912119515635,10262.45,10248.79998046875,9747.76800292969,10245.91936743629,10245.934394169595,15.250092490230717,97.29318881944559,12184200.0,0.007915489872025061,0.007884326721783314,53.44921875,12.400390625,63.22999954223633,1254.300048828125,64.2750015258789,24651.740234375,7490.60009765625,13103.5595703125,2675.81005859375,28848.109375,14.9399995803833,6936.580078125,22553.220703125
2017-12-18,10263.099609375,10443.5498046875,10074.7998046875,10388.75,230400.0,58.90912415778093,11.379982972819562,13.416211733927343,-2.0362287611077803,74.83541546684279,62.25985547835158,10266.949999999999,10256.9809765625,9755.313754882813,10267.89331090763,10256.51332793481,16.070011885192148,116.68296104662805,12414600.0,0.005371011056540809,0.005356638616709943,368.75,-125.650390625,63.40999984741211,1262.199951171875,64.07230377197266,24792.19921875,7537.0,13312.2998046875,2690.159912109375,29050.41015625,13.119999885559082,6994.759765625,22901.76953125
2017-12-19,10414.7998046875,10472.2001953125,10406.0,10463.2001953125,169100.0,62.62965001876977,26.117057633910008,22.52262911601423,3.5944285178957776,88.10273420111368,74.34492827651766,10273.764990234375,10266.46998046875,9762.900756835938,10297.940523892994,10271.823466259084,16.532399115331334,114.3091920656189,12583700.0,0.007166424768379365,0.007140867974318959,66.2001953125,-48.400390625,63.79999923706055,1260.699951171875,64.20010375976562,24754.75,7544.10009765625,13215.7900390625,2681.469970703125,29253.66015625,12.1899995803833,6963.85009765625,22868.0
2017-12-20,10494.400390625,10494.4501953125,10437.150390625,10444.2001953125,175200.0,61.10897513674368,35.84989894805403,25.804376344126602,10.045522603927429,91.230688687683,84.72294611854647,10278.860009765625,10275.01498046875,9770.6230078125,10320.442011803687,10284.592112855633,16.726477427463543,110.23709296718185,12408500.0,-0.001815888030940238,-0.0018175387542658723,57.2998046875,50.2001953125,64.55999755859375,1266.0999755859375,64.04759979248047,24726.650390625,7525.2001953125,13069.169921875,2679.25,29234.08984375,12.1899995803833,6960.9599609375,22891.720703125
2017-12-21,10473.9501953125,10473.9501953125,10426.900390625,10440.2998046875,151900.0,60.78270629088275,42.75565629306038,26.168106951306363,16.58754934175402,91.76920757689271,90.36754348856313,10283.4375,10284.12498046875,9778.3367578125,10338.881672247351,10296.12601595429,16.98259756592949,105.72371523291886,12256600.0,-0.00037345038892977467,-0.00037352013889224483,47.0498046875,33.650390625,64.9000015258789,1267.300048828125,63.96500015258789,24782.2890625,7604.0,13109.740234375,2684.570068359375,29367.060546875,12.09000015258789,6965.35986328125,22866.099609375
2017-12-22,10457.2998046875,10501.099609375,10448.25,10493.0,138800.0,63.609822041271464,51.882910177546364,28.236288668633875,23.64662150891249,91.87560795066892,91.6251680717482,10288.602490234374,10292.05697265625,9785.984506835937,10362.592184209298,10310.709274031751,16.9095028794235,102.51486447967467,12395400.0,0.0050477664720738336,0.0050350692095142814,52.849609375,-35.7001953125,65.25,1275.4000244140625,64.00969696044922,24754.060546875,7592.7001953125,13072.7900390625,2683.340087890625,29578.009765625,11.59000015258789,6959.9599609375,22902.759765625
2017-12-26,10512.2998046875,10545.4501953125,10477.9501953125,10531.5,155600.0,65.56292617475326,61.51385940126056,30.293790313878457,31.220069087382104,94.60018353757866,92.74833302171342,10295.2,10299.33796875,9793.907504882813,10388.578002023252,10327.064142621992,16.34598437807917,100.01380273112648,12551000.0,0.003669112741827796,0.0036623979675021196,67.5,-19.2001953125,67.0199966430664,1284.0999755859375,64.010498046875,24746.2109375,7592.7001953125,13072.7900390625,2680.5,29578.009765625,12.050000190734863,6936.25,22892.689453125
2017-12-27,10531.0498046875,10552.400390625,10469.25,10490.75,165200.0,61.783176651379534,65.1077499964631,27.110144727264796,37.9976052691983,94.3251299671681,93.60030715180523,10301.225,10304.5359765625,9801.739755859375,10404.296770942752,10339.189020946289,15.903844753695452,98.80927329497459,12385800.0,-0.003869344347908643,-0.0038768496273459364,83.150390625,40.2998046875,66.44000244140625,1287.0,64.0281982421875,24774.30078125,7620.7001953125,13070.01953125,2682.6201171875,29597.66015625,12.489999771118164,6939.33984375,22911.2109375
2017-12-28,10498.2001953125,10534.5498046875,10460.4501953125,10477.900390625,272900.0,60.596856832333486,66.15646752123575,22.527089801629955,43.6293777196058,89.70273077921985,92.8760147613222,10307.055029296873,10309.40498046875,9809.494257812501,10415.62040474002,10349.463937218785,15.579381040330896,97.0442973006907,12112900.0,-0.0012248513571480046,-0.0012256021006669842,74.099609375,20.2998046875,66.72000122070312,1294.0999755859375,64.11499786376953,24837.509765625,7622.89990234375,12979.9404296875,2687.5400390625,29863.7109375,12.300000190734863,6950.16015625,22783.98046875
2017-12-29,10492.349609375,10538.7001953125,10488.650390625,10530.7001953125,152000.0,63.68268905741598,70.43614267929115,21.445411967748278,48.990730711542874,89.09623942660882,91.04136672433225,10322.262548828125,10315.8019921875,9817.475009765625,10433.324987905018,10362.888845225727,15.224257365741135,94.45540497117709,12264900.0,0.005039158869532878,0.005026504801246669,50.0498046875,-38.3505859375,66.5999984741211,1306.300048828125,64.06199645996094,24719.220703125,7687.7998046875,12917.6396484375,2673.610107421875,29919.150390625,12.670000076293945,6903.39013671875,22764.939453125
2018-01-02,10477.5498046875,10495.2001953125,10404.650390625,10442.2001953125,153400.0,55.79527716830791,65.92664438227621,13.548730936586665,52.37791344568954,85.59463027599034,88.13120016060633,10338.282568359376,10321.715,9824.25101074219,10434.690404429246,10368.76376004697,15.71533150186229,96.7121478080573,12111500.0,-0.008403999578242116,-0.008439512288536271,90.5498046875,35.349609375,66.56999969482422,1313.699951171875,63.86759948730469,24824.009765625,7648.10009765625,12871.3896484375,2695.81005859375,30515.310546875,13.6899995803833,7006.89990234375,22764.939453125
2018-01-03,10482.650390625,10503.599609375,10429.5498046875,10443.2001953125,167300.0,55.86179975994045,61.72203296002954,7.475295611471992,54.246737348557545,83.17278823655303,85.95455264638406,10354.055078125,10326.88201171875,9831.043012695314,10435.999603026668,10374.277570066639,16.05224568806444,95.09340901373179,12278800.0,9.576525840304662e-05,9.576067320342099e-05,74.0498046875,39.4501953125,67.83999633789062,1316.199951171875,63.459999084472656,24922.6796875,7671.10009765625,12978.2099609375,2713.06005859375,30560.94921875,13.619999885559082,7065.52978515625,22764.939453125
2018-01-04,10469.400390625,10513.0,10441.4501953125,10504.7998046875,174900.0,59.86817849500094,62.63836569376872,6.7133026761689365,55.92506301759978,81.36511383332345,83.3775107819556,10373.382568359375,10332.824003906251,9837.798510742188,10446.584249436028,10383.945883742259,16.22581980781666,93.41172299042952,12453700.0,0.0058985376343401175,0.005881209368789884,71.5498046875,-35.3994140625,68.06999969482422,1319.4000244140625,63.41910171508789,25075.130859375,7695.89990234375,13167.8896484375,2723.989990234375,30736.48046875,13.420000076293945,7077.91015625,23506.330078125
2018-01-05,10534.25,10566.099609375,10520.099609375,10558.849609375,180900.0,63.03839590395578,66.95412800218219,8.82325198766592,58.13087601451627,88.56445952228498,84.36745386405381,10399.120068359374,10338.094003906252,9844.792509765626,10463.855843272793,10396.901715270611,15.62821234015051,91.11801454022027,12634600.0,0.005145248428569005,0.005132056867763014,46.0,-24.599609375,67.62000274658203,1320.300048828125,63.369598388671875,25295.869140625,7724.2001953125,13319.6396484375,2743.14990234375,30814.640625,13.109999656677246,7136.56005859375,23714.529296875
2018-01-08,10591.7001953125,10631.2001953125,10588.5498046875,10623.599609375,169000.0,66.45688281361238,74.73765541758075,13.28542352245158,61.452231895129174,95.73056162439107,88.55337832666649,10421.9650390625,10343.690000000002,9852.276259765626,10488.431807288516,10413.694151870935,14.766008868520997,89.77748392574026,12803600.0,0.006132296831134809,0.006113570815585057,42.650390625,-31.8994140625,67.77999877929688,1318.5999755859375,63.26499938964844,25283.0,7696.5,13367.7802734375,2747.7099609375,30899.529296875,13.739999771118164,7157.39013671875,23714.529296875
2018-01-09,10645.099609375,10659.150390625,10603.599609375,10637.0,205000.0,67.13434914491502,81.053126514631,15.680715695601464,65.37241081902954,96.15160037420773,93.48220717362791,10440.532519531249,10349.969003906252,9859.853759765625,10511.288452321052,10430.235325806421,14.28679961222229,87.33271944890167,13008600.0,0.0012613794869653638,0.001260584616212523,55.55078125,8.099609375,68.81999969482422,1311.699951171875,63.45199966430664,25385.80078125,7731.0,13385.58984375,2751.2900390625,31011.41015625,13.850000381469727,7163.580078125,23849.990234375
2018-01-10,10652.0498046875,10655.5,10592.7001953125,10632.2001953125,176400.0,66.61537044358444,84.69457242454519,15.457729284412508,69.23684314013268,93.11367025962704,94.99861075274194,10456.030029296875,10355.34,9867.862509765626,10529.890258935122,10445.195686510577,13.693493695513713,85.58036839451584,12832200.0,-0.0004512366915013777,-0.0004513385294137436,62.7998046875,19.849609375,69.19999694824219,1317.4000244140625,63.63610076904297,25369.130859375,7748.5,13281.33984375,2748.22998046875,31073.720703125,14.039999961853027,7153.56982421875,23788.19921875
2018-01-11,10637.0498046875,10664.599609375,10612.349609375,10651.2001953125,153800.0,67.68045647541172,88.09804631493898,15.088962539845042,73.00908377509394,91.8508037892992,93.70535814104466,10476.58251953125,10361.6580078125,9875.687011718752,10548.553326070103,10460.455279755164,13.256630141031238,83.19962779490757,12986000.0,0.0017870242895141608,0.0017854294613236375,52.25,-14.150390625,69.26000213623047,1320.5999755859375,63.7599983215332,25574.73046875,7762.89990234375,13202.900390625,2767.56005859375,31120.390625,14.010000228881836,7211.77978515625,23710.4296875
2018-01-12,10682.5498046875,10690.400390625,10597.099609375,10681.25,175200.0,69.3461528886389,92.15775476465024,15.31893679164503,76.8388179730052,93.6845560993514,92.88301004942588,10500.997509765624,10366.4730078125,9883.553261718751,10568.968198982395,10476.810444217745,13.176464705656382,83.9211387559856,13161200.0,0.00282125996474325,0.0028172876803263624,93.30078125,1.2998046875,69.87000274658203,1333.4000244140625,63.67210006713867,25803.189453125,7778.60009765625,13245.0302734375,2786.239990234375,31412.5390625,13.729999542236328,7261.06005859375,23653.8203125
2018-01-15,10718.5,10782.650390625,10713.7998046875,10741.5498046875,175900.0,72.41810008141584,99.09844802921361,17.807704044966727,81.29074398424689,93.5899883738015,93.0417827541507,10525.47001953125,10372.8280078125,9892.035009765625,10595.519215244718,10496.420767215504,14.103429944341478,85.16965674662949,13337100.0,0.005645388385020489,0.005629512900836509,68.8505859375,-23.0498046875,69.87000274658203,1333.4000244140625,63.5885009765625,25803.189453125,7769.10009765625,13200.509765625,2786.239990234375,31338.869140625,14.3100004196167,7261.06005859375,23714.880859375
2018-01-16,10761.5,10762.349609375,10687.849609375,10700.4501953125,211000.0,67.45610327160729,100.1283847618015,15.07011262204368,85.05827213975782,88.0595030872877,91.77801585348018,10543.830029296874,10377.78701171875,9900.03326171875,10611.662442947454,10511.534058185653,14.548704115864165,84.40753840758452,13126100.0,-0.003826227138756466,-0.00383356587156863,74.5,61.0498046875,69.1500015258789,1335.4000244140625,63.52119827270508,25792.859375,7755.89990234375,13246.330078125,2776.419921875,31904.75,14.09000015258789,7223.68994140625,23951.810546875
2018-01-17,10702.4501953125,10803.0,10666.75,10788.5498046875,252700.0,71.90064225228511,106.82214010343705,17.411094370943374,89.41104573249368,87.91774327581955,89.85574491230291,10563.82001953125,10384.52201171875,9908.257011718752,10638.875883215152,10532.053743111715,15.372831669805757,88.11057137847135,13378800.0,0.008233261943837888,0.00819955353642979,136.25,-86.099609375,69.37999725341797,1338.0,63.994300842285156,26115.650390625,7725.39990234375,13183.9599609375,2802.56005859375,31983.41015625,13.859999656677246,7298.27978515625,23868.33984375
2018-01-18,10873.400390625,10887.5,10782.400390625,10817.0,312000.0,73.17472406750755,113.11872023815522,18.966139604529232,94.15258063362599,86.67519373136528,87.55081336482417,10581.510009765625,10393.859003906251,9916.473261718751,10666.279593489744,10553.160873251589,16.87241257598659,89.32407409250911,13690800.0,0.002637073177355065,0.002633602200690908,105.099609375,56.400390625,69.30999755859375,1326.0,63.82500076293945,26017.810546875,7701.0,13281.4296875,2798.030029296875,32121.939453125,13.960000038146973,7296.0498046875,23763.369140625
2018-01-19,10829.2001953125,10906.849609375,10793.900390625,10894.7001953125,207600.0,76.33117577778191,122.96114224626217,23.046849290108952,99.91429295615322,93.11747422733973,89.23680374484152,10604.035009765626,10405.689999999999,9925.078012695312,10701.4212245394,10578.460082293137,18.415609881463205,91.01158442518702,13898400.0,0.007183155709762357,0.007157479729840962,112.94921875,-65.5,68.61000061035156,1331.9000244140625,63.86759948730469,26071.720703125,7730.7998046875,13434.4501953125,2810.300048828125,32254.890625,13.979999542236328,7336.3798828125,23808.060546875
2018-01-22,10883.2001953125,10975.099609375,10881.400390625,10966.2001953125,231600.0,78.80290000718247,134.97487866576012,28.048468567685518,106.9264100980746,93.78288806657471,91.19185200842657,10630.330029296874,10418.835,9933.719765625,10742.156450812185,10607.181572146425,20.340211415541223,91.2035583055308,14130000.0,0.006562824007838586,0.006541382438729125,93.69921875,-83.0,69.02999877929688,1330.9000244140625,63.83209991455078,26214.599609375,7715.39990234375,13463.6904296875,2832.969970703125,32393.41015625,15.390000343322754,7408.02978515625,23816.330078125
2018-01-23,10997.400390625,11092.900390625,10994.5498046875,11083.7001953125,284600.0,82.10937569976817,152.22239433726827,36.23678739135494,115.98560694591333,98.17907330385358,95.02647853258934,10659.8650390625,10434.074003906251,9942.812514648438,10794.701642273772,10642.479247936504,22.7992271935599,93.73903237745718,14414600.0,0.010714741469905364,0.010657745398174344,98.3505859375,-86.2998046875,69.95999908447266,1335.699951171875,63.88010025024414,26210.810546875,7731.7998046875,13559.599609375,2839.1298828125,32930.69921875,16.229999542236328,7460.2900390625,24124.150390625
2018-01-24,11069.349609375,11110.099609375,11046.150390625,11086.0,283400.0,82.16800659861046,164.18413725340906,38.55882424599656,125.6253130074125,97.623927428186,96.52862959953809,10687.5900390625,10451.295,9951.932763671875,10839.516774231653,10675.332636978244,25.167750395052682,91.61118854692452,14698000.0,0.00020749430668232094,0.000207472782716017,63.94921875,-16.650390625,70.52999877929688,1355.9000244140625,63.7504997253418,26252.119140625,7643.39990234375,13414.740234375,2837.5400390625,32958.69140625,18.040000915527344,7415.06005859375,23940.779296875
2018-01-25,11095.599609375,11095.599609375,11009.2001953125,11069.650390625,330300.0,80.15686391509533,170.38058651387837,35.804218805172695,134.57636770870567,95.58249180396004,97.12849751199987,10716.53505859375,10468.956015624999,9961.289516601562,10874.921945984475,10704.541359470597,26.72687557684987,91.23891894089421,14367700.0,-0.001474797886974577,-0.0014758864718050037,86.3994140625,25.94921875,70.41999816894531,1362.4000244140625,63.57789993286133,26392.7890625,7615.7998046875,13298.3603515625,2839.25,32654.44921875,17.510000228881836,7411.16015625,23669.490234375
2018-01-29,11079.349609375,11171.5498046875,11075.9501953125,11130.400390625,241700.0,81.92695289201946,178.13984919357608,34.85078518789632,143.28906400567976,93.68363759306942,95.63001894173848,10749.160058593752,10489.203027343749,9971.034267578125,10914.226322083017,10736.086472889441,28.601922744478085,92.00038287815177,14609400.0,0.005487978197707966,0.00547297411504586,95.599609375,-51.05078125,69.45999908447266,1362.4000244140625,63.56999969482422,26439.48046875,7671.5,13324.48046875,2853.530029296875,32966.890625,17.889999389648438,7466.509765625,23629.33984375
2018-01-30,11120.849609375,11121.099609375,11033.900390625,11049.650390625,228000.0,72.65007602939905,175.7473644076581,25.966640321582645,149.78072408607545,88.02556102059778,92.4305634725424,10775.107568359377,10505.90103515625,9980.09751953125,10935.0607941664,10759.313429758742,29.654111764361975,92.32178410114092,14381400.0,-0.0072549052294663685,-0.007281350035077295,87.19921875,71.19921875,69.0199966430664,1335.4000244140625,63.66939926147461,26076.890625,7588.0,13197.7099609375,2822.429931640625,32607.2890625,16.420000076293945,7402.47998046875,23291.970703125
2018-01-31,11018.7998046875,11058.5,10979.2998046875,11027.7001953125,245900.0,70.3191466146862,170.11907881646584,16.270683784312325,153.84839503215352,82.2636656366804,87.99095475011586,10804.382568359375,10520.783046875,9989.21876953125,10949.313009727339,10779.193930910873,29.801649763238757,91.38452775909514,14135500.0,-0.001986505865481769,-0.0019884815852113905,79.2001953125,-8.900390625,69.05000305175781,1339.0,63.769901275634766,26149.390625,7533.60009765625,13189.48046875,2823.81005859375,32887.26953125,15.930000305175781,7411.47998046875,23098.2890625
2018-02-01,11044.5498046875,11117.349609375,10878.7998046875,11016.900390625,306200.0,69.14368682300271,162.90925151135525,7.248685183361374,155.66056632799388,75.6595104729741,81.98291237675076,10833.067578125,10535.1460546875,9998.549272460936,10959.711068326978,10796.801816815623,28.636713768761535,101.8963332539812,13829300.0,-0.000979334267002474,-0.000979814128127614,238.5498046875,27.6494140625,69.08000183105469,1344.300048828125,63.665000915527344,26186.7109375,7490.39990234375,13003.900390625,2821.97998046875,32642.08984375,14.109999656677246,7385.85986328125,23486.109375
2018-02-02,10938.2001953125,10954.9501953125,10736.099609375,10760.599609375,282700.0,48.446366912152776,134.95836436050013,-16.561761573995,151.52012593449513,55.542963965710925,71.15538002512181,10845.857568359377,10543.8200390625,10006.655771484375,10929.078536180521,10794.120171820021,27.043245919836494,114.67522239655398,13546600.0,-0.023264327729431322,-0.023539213933076866,218.8505859375,177.6005859375,68.58000183105469,1333.699951171875,63.974998474121094,25520.9609375,7443.39990234375,12785.16015625,2762.1298828125,32601.779296875,15.25,7240.9501953125,23274.529296875
2018-02-05,10604.2998046875,10702.75,10586.7998046875,10666.5498046875,240100.0,43.321762480408715,104.0189855708195,-38.000912290940505,142.01989786176,35.10282208208249,55.43509884025583,10851.242578125002,10550.305039062501,10014.462768554688,10888.68950056621,10784.67051499539,26.663715769668702,118.89840684590727,13306500.0,-0.00874020111347329,-0.00877862069830589,115.9501953125,-62.25,67.62000274658203,1333.0,64.13249969482422,24345.75,7335.0,12687.490234375,2648.93994140625,32245.220703125,16.049999237060547,6967.52978515625,22682.080078125
2018-02-06,10295.150390625,10594.150390625,10276.2998046875,10498.25,266500.0,35.98603022804239,65.16770454319885,-61.48175465484891,126.64945919804777,19.007245848262837,36.551010632018745,10844.97509765625,10553.295039062501,10021.436518554689,10828.621885094486,10763.454180551287,27.8159869203571,138.28066349977104,13040000.0,-0.015778279553294694,-0.01590408165467595,317.8505859375,-203.099609375,66.86000061035156,1326.0999755859375,64.314697265625,24912.76953125,7141.39990234375,12392.66015625,2695.139892578125,30595.419921875,20.020000457763672,7115.8798828125,21610.240234375
2018-02-07,10607.2001953125,10614.0,10446.400390625,10476.7001953125,250400.0,35.16493859288772,32.266942058813584,-75.50601371138735,107.77295577020094,20.2717128949304,24.793926941758578,10836.960107421874,10555.035039062499,10028.138017578127,10774.480086666488,10742.213144607675,28.700400211044858,140.37487391943026,12789600.0,-0.0020527044686019513,-0.0020548141539544224,167.599609375,130.5,65.51000213623047,1311.5999755859375,63.97999954223633,24893.349609375,7279.39990234375,12590.4296875,2681.659912109375,30323.19921875,19.469999313354492,7051.97998046875,21645.369140625
2018-02-08,10518.5,10637.7998046875,10479.5498046875,10576.849609375,232200.0,41.80995610631793,14.111404002715062,-74.9292414139887,89.04064541670377,26.916145978776875,22.06503490732337,10834.192578125,10558.58103515625,10035.425263671877,10744.075397852414,10729.963993849698,29.29180598194494,141.85521216625668,13021800.0,0.009559251691416026,0.009513851145813865,158.25,-58.349609375,64.80999755859375,1316.9000244140625,64.19999694824219,23860.4609375,7170.7001953125,12260.2900390625,2581.0,30451.26953125,17.770000457763672,6777.16015625,21890.859375
2018-02-09,10416.5,10480.2001953125,10398.2001953125,10454.9501953125,191600.0,36.85821036736095,-9.998003903803692,-79.23091945640597,69.23291555260228,25.303940647398303,24.163933173701857,10824.380078125,10560.2750390625,10041.610263671875,10699.594597461659,10709.592601365463,30.19163727045154,144.4833694445598,12830200.0,-0.011525115565078292,-0.0115920444485001,82.0,-38.4501953125,62.790000915527344,1313.0999755859375,64.44049835205078,24190.900390625,7092.39990234375,12107.48046875,2619.550048828125,29507.419921875,19.229999542236328,6874.490234375,21382.619140625
2018-02-12,10518.2001953125,10555.5,10485.400390625,10539.75,217400.0,42.00402781409915,-22.008547001889383,-72.99317004359332,50.98462304170395,27.65150854044494,26.62386505554004,10817.305078124999,10563.84404296875,10047.776015625,10675.003120929096,10697.011667930985,30.296875890481413,141.3452576761984,13047600.0,0.008110971654893273,0.008078254517088934,70.099609375,-21.5498046875,62.59000015258789,1324.199951171875,64.2113037109375,24601.26953125,7177.10009765625,12282.76953125,2656.0,29459.630859375,17.8799991607666,6981.9599609375,21382.619140625
2018-02-14,10585.75,10590.5498046875,10456.650390625,10500.900390625,229200.0,40.38040679251503,-34.26682115136464,-68.20115535445487,33.93433420309023,24.82364970213162,25.926366296658287,10805.272607421875,10569.3310546875,10053.521269531251,10648.218085497696,10682.48490664906,30.066729871816793,140.81341170379136,12818400.0,-0.0036860086221209842,-0.003692818691702758,133.8994140625,84.849609375,64.36000061035156,1355.5,64.2500991821289,24893.490234375,7214.0,12339.16015625,2698.6298828125,30515.599609375,17.18000030517578,7143.6201171875,21154.169921875
2018-02-15,10537.900390625,10618.099609375,10511.0498046875,10545.5,210600.0,43.09958842459166,-39.92257341347249,-59.08552609325018,19.162952679777685,28.195140149399606,26.890099463992055,10797.525097656253,10577.805058593749,10059.538017578125,10632.415303113436,10672.337876526908,29.59284239938856,139.1266836356634,13029000.0,0.004247217640005241,0.004238223668407977,107.0498046875,-7.599609375,64.33000183105469,1352.0999755859375,64.02519989013672,25200.369140625,7234.7998046875,12346.169921875,2731.199951171875,31115.4296875,16.31999969482422,7256.43017578125,21464.98046875
2018-02-16,10596.2001953125,10612.900390625,10434.0498046875,10452.2998046875,184300.0,39.087608425094366,-51.33353366183837,-56.39718907329285,5.063655411454475,24.93905915479847,25.985949668776563,10780.712597656251,10584.2960546875,10065.279267578126,10604.705226432521,10656.03876009436,29.587190812470215,141.96410522865173,12844700.0,-0.00883791146104973,-0.008877197442514924,178.8505859375,143.900390625,64.83999633789062,1353.199951171875,63.890899658203125,25219.380859375,7294.7001953125,12451.9599609375,2732.219970703125,31115.4296875,16.3799991607666,7239.47021484375,21720.25
2018-02-19,10488.900390625,10489.349609375,10302.75,10378.400390625,187300.0,36.20943941042693,-65.58385710173206,-56.51801001054923,-9.065847091182833,20.60497355628972,24.57972428682926,10758.7826171875,10589.4990625,10070.602270507814,10569.889097846748,10635.47295494848,30.222804922382245,145.15235552481948,12657400.0,-0.0070701582851038225,-0.007095270288084443,186.599609375,110.5,64.83999633789062,1353.199951171875,64.37999725341797,25219.380859375,7247.7001953125,12385.599609375,2732.219970703125,31115.4296875,16.670000076293945,7239.47021484375,22149.2109375
2018-02-20,10391.0,10429.349609375,10347.650390625,10360.400390625,187700.0,35.523308793598844,-77.43714347655987,-54.69703710830163,-22.740106368258242,13.914854481813833,19.819629064300674,10732.067626953125,10595.825078124999,10075.844521484376,10537.660065966478,10615.097209443038,30.813018024443416,140.61998861233238,12469700.0,-0.001734371321447492,-0.0017358770846747271,81.69921875,30.599609375,65.25,1328.800048828125,64.50499725341797,24964.75,7246.7998046875,12487.900390625,2716.260009765625,30873.630859375,16.8700008392334,7234.31005859375,21925.099609375
2018-02-21,10426.0,10426.099609375,10349.599609375,10397.4501953125,234100.0,38.122371512016514,-82.88589176123423,-48.11662831438079,-34.769263446853444,12.163304491815483,15.561044176639678,10703.630126953125,10600.440078125,10081.032270507814,10516.089316635098,10598.975208396332,31.361073047785933,136.03998942573722,12703800.0,0.003576097765586983,0.003569718731482044,76.5,28.5498046875,65.41999816894531,1330.0,64.86499786376953,24797.779296875,7281.60009765625,12470.490234375,2701.330078125,31431.890625,15.920000076293945,7218.22998046875,21970.810546875
2018-02-22,10354.349609375,10397.5498046875,10340.650390625,10382.7001953125,313600.0,37.47471734531017,-87.38692370209174,-42.09412820419063,-45.2927954979011,13.360791243902439,13.146316739177252,10668.580126953126,10602.78107421875,10086.519272460939,10495.567913354698,10582.95483705679,31.917082254586745,130.387091185506,12390200.0,-0.0014186170381128571,-0.0014196242279203768,56.8994140625,-28.3505859375,66.38999938964844,1330.5999755859375,64.8949966430664,24962.48046875,7252.39990234375,12461.91015625,2703.9599609375,30965.6796875,14.829999923706055,7210.08984375,21736.439453125
2018-02-23,10408.099609375,10499.099609375,10396.650390625,10491.0498046875,210600.0,44.88226764480921,-81.27423716769772,-28.785153335837293,-52.48908383186043,26.813492214702862,17.44586265014026,10638.8326171875,10606.1570703125,10092.404272460939,10494.87281971359,10576.147056881287,31.28220546217193,129.38797139100558,12600800.0,0.010435590678416817,0.010381515779008083,102.44921875,-82.9501953125,67.30999755859375,1328.199951171875,64.95140075683594,25309.990234375,7244.39990234375,12483.7900390625,2747.300048828125,31267.169921875,14.199999809265137,7337.39013671875,21892.779296875
2018-02-26,10526.5498046875,10592.9501953125,10520.2001953125,10582.599609375,171900.0,50.24593984227534,-68.25577484040514,-12.613352806835763,-55.642422033569375,50.255350000377035,30.14321115299411,10614.480078125001,10613.0060546875,10098.733022460938,10508.369248892268,10576.625023732673,29.78435818389578,127.42457276486232,12772700.0,0.008726467454819975,0.008688611908417675,72.75,-56.0498046875,67.5,1330.699951171875,64.7030029296875,25709.26953125,7289.60009765625,12527.0400390625,2779.60009765625,31498.599609375,13.699999809265137,7421.4599609375,22153.630859375
2018-02-27,10615.2001953125,10631.650390625,10537.25,10554.2998046875,187500.0,48.669285270952415,-59.53581555801975,-3.114714819560298,-56.42110073845945,70.0553829409101,49.041408385329994,10585.675048828125,10620.233046875,10104.468022460938,10515.43548824538,10574.9713038034,28.04769921961879,125.06570261201502,12585200.0,-0.0026741826897078713,-0.002677764703635068,94.400390625,60.900390625,66.62999725341797,1315.5,64.78040313720703,25410.029296875,7282.5,12490.73046875,2744.280029296875,31268.66015625,13.920000076293945,7330.35009765625,22389.859375
2018-02-28,10488.9501953125,10535.5,10461.5498046875,10492.849609375,286000.0,45.34220892464332,-56.927477677285424,-0.40510155106078116,-56.52237612622464,72.18209507715204,64.1642760061464,10557.835009765626,10625.048046875,10109.82026855469,10511.960737649937,10568.888215327222,27.006479099538065,122.75743813972824,12299200.0,-0.005822290104475547,-0.0058393057141950064,73.9501953125,-3.8994140625,65.77999877929688,1315.5,64.91000366210938,25029.19921875,7231.89990234375,12435.849609375,2713.830078125,30844.720703125,13.8100004196167,7273.009765625,22068.240234375
2018-03-01,10479.9501953125,10525.5,10447.150390625,10458.349609375,176000.0,43.542502390458615,-56.98729868038754,-0.3719380433303172,-56.61536063705722,59.708362125102305,67.31528004772149,10529.36748046875,10627.5500390625,10115.107514648438,10503.712871761485,10560.700170441873,26.144949588931723,119.58545037081909,12123200.0,-0.0032879533476946055,-0.003293370543887722,78.349609375,21.6005859375,65.70999908447266,1302.9000244140625,65.23999786376953,24608.98046875,7175.60009765625,12190.9404296875,2677.669921875,31044.25,14.069999694824219,7180.56005859375,21724.470703125
2018-03-05,10428.2998046875,10428.7001953125,10323.900390625,10358.849609375,194000.0,38.76376033946937,-64.322061019795,-6.165360306190223,-58.15670071360478,40.3678238500011,57.41942701741848,10496.464941406251,10626.952031249999,10119.674760742188,10481.426216009717,10545.748277029512,26.169674387005347,120.64714811218916,11929200.0,-0.009513929416818057,-0.009559475957881534,104.7998046875,69.4501953125,65.54000091552734,1318.0999755859375,65.18669891357422,24874.759765625,7116.0,12090.8701171875,2720.93994140625,29886.390625,15.399999618530273,7330.7099609375,21042.08984375
2018-03-06,10420.5,10441.349609375,10215.900390625,10249.25,222900.0,34.29850768215385,-78.07864353192599,-15.937554254656966,-62.141089277269025,24.129102800805917,41.4017629253031,10470.8974609375,10622.67302734375,10123.359760742187,10445.706798162068,10523.785441693994,26.788869389729207,128.1330103006042,11706300.0,-0.010580287725753812,-0.01063665692404489,225.44921875,171.25,65.79000091552734,1333.5999755859375,65.00370025634766,24884.119140625,7146.7998046875,12113.8701171875,2728.1201171875,30510.73046875,16.25,7372.009765625,21417.759765625
2018-03-07,10232.9501953125,10243.349609375,10141.5498046875,10154.2001953125,249500.0,30.966962885604573,-95.54912828394117,-26.726431205337718,-68.82269707860345,9.21981778148084,24.57224814409595,10445.27998046875,10616.87302734375,10126.50201171875,10400.859628492904,10496.408756776846,27.725254990403958,126.67352351573963,11456800.0,-0.00927383024977435,-0.009317099938461516,101.7998046875,78.75,64.33999633789062,1326.0,64.88999938964844,24801.359375,7157.7998046875,12245.3603515625,2726.800048828125,30196.919921875,15.699999809265137,7396.64990234375,21252.720703125
2018-03-08,10216.25,10270.349609375,10146.400390625,10242.650390625,226400.0,37.09071282098686,-101.09209502160229,-25.815518354399074,-75.27657666720322,10.410424749728174,14.586448444004976,10432.5,10612.920039062501,10130.568012695312,10376.519745743995,10477.611840765598,28.300243752451607,126.4789303181868,11683200.0,0.008710700361544088,0.00867298109371104,123.94921875,-26.400390625,63.61000061035156,1319.9000244140625,64.89119720458984,24895.2109375,7203.2001953125,12355.5703125,2738.969970703125,30654.51953125,14.59000015258789,7427.9501953125,21368.0703125
2018-03-09,10271.2998046875,10296.7001953125,10211.900390625,10226.849609375,186500.0,36.46835367946556,-105.54328974459531,-24.21337046191367,-81.32991928268164,13.53809040847137,11.056110979893461,10420.007470703125,10607.59703125,10134.562758789063,10353.493570917995,10459.03686066259,28.54277265320668,123.50184991599488,11496700.0,-0.001542645765246653,-0.0015438368683495453,84.7998046875,44.4501953125,65.48999786376953,1322.4000244140625,65.09040069580078,25335.740234375,7224.5,12346.6796875,2786.570068359375,30996.2109375,14.529999732971191,7560.81005859375,21469.19921875
2018-03-12,10301.599609375,10433.650390625,10295.4501953125,10421.400390625,216400.0,48.03104603125764,-92.30820004329689,-8.782624608492199,-83.5255754348047,31.711243905209187,18.553253021136243,10412.235009765627,10605.3950390625,10139.478510742189,10363.940773949842,10456.248973993139,27.41379535015574,129.45177358270954,11713100.0,0.019023530088059015,0.018844845326350685,138.2001953125,-119.80078125,64.94999694824219,1319.4000244140625,64.96489715576172,25178.609375,7214.7998046875,12418.3896484375,2783.02001953125,31594.330078125,14.489999771118164,7588.31982421875,21824.029296875
2018-03-13,10389.5,10478.599609375,10377.849609375,10426.849609375,266700.0,48.31478639622234,-80.45218695774201,2.4587107816501543,-82.91089773939217,44.23923129087686,29.829521868185804,10410.82998046875,10604.11703125,10144.682006835938,10373.619056322943,10454.071243280685,25.975551223699668,127.40164689823028,11979800.0,0.0005228873803659884,0.000522750722395459,100.75,-37.349609375,64.63999938964844,1325.9000244140625,64.94550323486328,25007.029296875,7138.7998046875,12221.0302734375,2765.31005859375,31601.44921875,14.460000038146973,7511.009765625,21968.099609375
2018-03-14,10393.0498046875,10420.349609375,10336.2998046875,10410.900390625,181400.0,47.497382542845486,-71.51875612766162,9.11371328938445,-80.63246941704607,56.757122959851586,44.23586605197921,10404.3875,10602.77703125,10149.933759765625,10379.354646215566,10450.873402343228,24.944592194659815,124.7693724546067,11798400.0,-0.001529629691374823,-0.0015308007692338495,84.0498046875,-17.8505859375,64.88999938964844,1324.4000244140625,64.8281021118164,24758.119140625,7132.7001953125,12237.740234375,2749.47998046875,31435.009765625,14.359999656677246,7496.81005859375,21777.2890625
2018-03-15,10405.4501953125,10420.0,10346.2001953125,10360.150390625,173900.0,44.89463311866706,-67.75303389751025,10.303548415628654,-78.0565823131389,52.59131144024033,51.195888563656254,10397.35,10599.36603515625,10154.185761718749,10376.40014535548,10444.15317925299,23.987273096265668,121.1286890426705,11624500.0,-0.004874698450260895,-0.004886618546444992,73.7998046875,45.2998046875,65.12000274658203,1316.800048828125,64.83679962158203,24873.66015625,7139.7998046875,12345.5595703125,2747.330078125,31541.099609375,14.329999923706055,7481.740234375,21803.94921875
2018-03-16,10345.150390625,10346.2998046875,10180.25,10195.150390625,328500.0,37.66755577358779,-77.19296053887228,0.6908974194133037,-77.88385795828559,36.832694712833316,48.72704303764174,10379.83251953125,10594.425039062498,10157.186015625,10348.515567704637,10425.70852824351,24.207852739137415,125.32666772712261,11296000.0,-0.01592640973139836,-0.0160545978679463,166.0498046875,150.0,66.20999908447266,1311.300048828125,65.01439666748047,24946.509765625,7164.10009765625,12389.580078125,2752.010009765625,31501.970703125,15.220000267028809,7481.990234375,21676.509765625
2018-03-19,10215.349609375,10224.5498046875,10075.2998046875,10094.25,210200.0,34.05704364366954,-91.7582566121473,-11.099518923089363,-80.65873768905794,19.648673080404368,36.357559744492676,10361.930029296875,10587.446035156248,10159.632763671874,10309.39778805777,10401.156044669917,24.969094666803414,127.03547717518529,11085800.0,-0.009896900659531527,-0.00994620052782473,149.25,121.099609375,66.05000305175781,1316.800048828125,65.06500244140625,24610.91015625,7042.89990234375,12217.01953125,2712.919921875,31513.759765625,15.819999694824219,7344.240234375,21480.900390625
2018-03-20,10051.5498046875,10155.650390625,10049.099609375,10124.349609375,203000.0,36.0269743734266,-99.72302678651067,-15.251431277962183,-84.47159550854849,9.937868097476374,22.139745296904685,10349.227490234374,10579.83703125,10162.131762695311,10280.92883749119,10380.651864277701,25.80584426278869,125.57228460910062,11288800.0,0.002981856935879268,0.002977420018466655,106.55078125,-72.7998046875,67.41999816894531,1311.0999755859375,65.21009826660156,24727.26953125,7061.2998046875,12307.330078125,2716.93994140625,31549.9296875,15.609999656677246,7364.2998046875,21380.970703125
2018-03-21,10181.9501953125,10227.2998046875,10132.9501953125,10155.25,204800.0,38.07226729275349,-102.3617981634452,-14.312162123917375,-88.04963603952783,13.7195713431422,14.43537084034098,10338.969970703125,10571.765039062499,10164.801762695311,10261.593631723315,10363.95542988676,25.84112035112104,123.95642108791488,11493600.0,0.003052086486265315,0.003047438325629427,94.349609375,26.7001953125,69.47000122070312,1320.699951171875,65.2323989868164,24682.310546875,7039.0,12309.150390625,2711.929931640625,31414.51953125,15.109999656677246,7345.2900390625,21380.970703125
2018-03-22,10167.5,10207.849609375,10105.400390625,10114.75,230500.0,36.428372103008485,-106.493464647785,-14.755062886605728,-91.73840176117928,17.67928653032434,13.77890865698097,10324.8349609375,10561.588046875,10167.295014648436,10239.002303765883,10345.495768413668,26.034431544460368,122.42019234949238,11263100.0,-0.003988084980675044,-0.003996058598285198,102.44921875,52.75,68.91000366210938,1326.5999755859375,65.06559753417969,23957.890625,6952.60009765625,12100.080078125,2643.68994140625,31071.05078125,15.25,7166.68017578125,21591.990234375
2018-03-23,9968.7998046875,10027.7001953125,9951.900390625,9998.0498046875,285700.0,32.12411854839713,-117.82634183682421,-20.870352060515955,-96.95598977630826,15.44302383614962,15.613960569872052,10305.602441406252,10548.809042968749,10169.017763671876,10201.932688523055,10319.759030359879,27.003450279791892,125.30800785131436,10977400.0,-0.011537625281148767,-0.011604700101594518,75.7998046875,-29.25,70.44999694824219,1349.300048828125,65.16000366210938,23533.19921875,6921.89990234375,11886.3095703125,2588.260009765625,30309.2890625,15.550000190734863,6992.669921875,20617.859375
2018-03-26,9989.150390625,10143.5,9958.5498046875,10130.650390625,262600.0,40.69814648158971,-114.78480181798841,-14.26304963334411,-100.5217521846443,19.328362509853193,17.483557625442383,10287.582470703126,10538.778046874999,10171.295517578124,10190.966181154123,10305.750982972111,26.78998196953389,129.5681640985419,11240000.0,0.013262645068574441,0.01317546616079525,184.9501953125,-141.5,70.12000274658203,1354.4000244140625,65.01499938964844,24202.599609375,6888.7001953125,11787.259765625,2658.550048828125,30548.76953125,15.199999809265137,7220.5400390625,20766.099609375
2018-03-27,10188.0,10207.900390625,10139.650390625,10184.150390625,225700.0,43.783643482462686,-106.82593369134338,-5.043345205359259,-101.78258848598412,28.931719014598087,21.23436845353363,10267.660009765626,10529.43705078125,10174.030517578125,10189.917597995796,10296.74353168714,26.036570012426495,125.83115237721748,11465700.0,0.005281003483202706,0.005267107884641591,68.25,3.849609375,70.11000061035156,1341.300048828125,64.69499969482422,23857.7109375,7000.10009765625,11970.830078125,2612.6201171875,30790.830078125,15.550000190734863,7008.81005859375,21317.3203125
2018-03-28,10143.599609375,10158.349609375,10096.900390625,10113.7001953125,344400.0,40.77504383494794,-104.99292229293133,-2.5682670455577608,-102.42465524737356,36.25091160801473,28.170331044155336,10245.630029296877,10518.086054687501,10176.279516601562,10178.191843736828,10283.184766029759,25.593534407155946,123.07535577884481,11121300.0,-0.006917631084606968,-0.006941668814759831,61.44921875,29.8994140625,69.52999877929688,1324.199951171875,64.89550018310547,23848.419921875,7044.7001953125,11940.7099609375,2605.0,30022.529296875,15.760000228881836,6949.22998046875,21031.310546875
2018-04-02,10151.650390625,10220.099609375,10127.75,10211.7998046875,225400.0,46.30770679497354,-94.53469184781716,6.311970719645132,-100.84666256746229,41.386633045327,35.523087889313274,10231.577539062502,10507.4910546875,10179.102265624999,10183.3622992677,10277.896991115516,24.6468580467381,121.88421708482018,11346700.0,0.009699675438319622,0.009652935584409928,92.349609375,-60.1494140625,67.63999938964844,1342.0999755859375,65.10549926757812,23644.189453125,7044.7001953125,11940.7099609375,2581.8798828125,30022.529296875,15.350000381469727,6870.1201171875,21388.580078125
2018-04-03,10186.849609375,10255.349609375,10171.0498046875,10245.0,205300.0,48.07561169517824,-82.6151545015291,14.585206452746561,-97.20036095427567,45.23763612316288,40.95839359216821,10220.910058593752,10498.38205078125,10181.986015625,10192.845022457283,10275.460176958812,23.470728082363983,119.19961619929731,11552000.0,0.0032511600254110373,0.0032458864317621047,84.2998046875,-58.150390625,68.12000274658203,1332.800048828125,65.13999938964844,24033.359375,7030.5,12002.4501953125,2614.449951171875,30180.099609375,15.1899995803833,6941.27978515625,21292.2890625
2018-04-04,10274.599609375,10279.849609375,10111.2998046875,10128.400390625,231100.0,42.75158409566041,-81.63639573874752,12.451172172422517,-94.08756791117004,47.55694497020923,44.72707137956637,10209.387597656252,10485.1790625,10184.546015625,10182.930463713856,10264.566859452603,22.793775794861677,122.72462966274037,11320900.0,-0.011381123413860439,-0.011446384030859532,168.5498046875,146.19921875,68.0199966430664,1335.800048828125,64.90499877929688,24264.30078125,7034.0,11957.900390625,2644.68994140625,29518.689453125,16.34000015258789,7042.10986328125,21319.55078125
2018-04-05,10228.4501953125,10331.7998046875,10227.4501953125,10325.150390625,236800.0,52.34229744333577,-64.24407595891898,23.874793561800857,-88.11886952071984,57.687732324023756,50.16077113913195,10213.182617187502,10475.342070312501,10188.137265624999,10204.810452469417,10269.054528428336,21.709562441399882,128.4871142627232,11557700.0,0.019425574859986305,0.019239306758980577,104.349609375,-96.7001953125,68.33000183105469,1324.300048828125,64.99500274658203,24505.220703125,7199.5,12305.1904296875,2662.840087890625,29518.689453125,14.800000190734863,7076.5498046875,21645.419921875
2018-04-06,10322.75,10350.4501953125,10290.849609375,10331.599609375,200200.0,52.622477252952706,-49.37102077860982,30.998278993688032,-80.36929977229785,70.89500587022336,58.713227721485445,10222.052587890626,10464.08005859375,10191.70451171875,10224.316476608738,10273.687497387347,20.540020676398928,123.56664795377868,11757900.0,0.0006246125727966678,0.0006244175835545499,59.6005859375,-8.849609375,67.11000061035156,1331.9000244140625,64.86150360107422,23932.759765625,7183.60009765625,12241.26953125,2604.469970703125,29844.939453125,14.75,6915.10986328125,21567.51953125
2018-04-09,10333.7001953125,10397.7001953125,10328.5,10379.349609375,221600.0,54.743921411925044,-33.34659269399526,37.61816566264207,-70.96475835663733,90.29705967778442,72.9599326240105,10228.887548828126,10452.343046875001,10195.711010742187,10248.167727803548,10281.514320497543,19.102686609719818,119.68332990797306,11979500.0,0.004621743176794313,0.004611095715747583,69.2001953125,-45.6494140625,68.6500015258789,1336.300048828125,64.90450286865234,23979.099609375,7194.7998046875,12261.75,2613.159912109375,30229.580078125,14.869999885559082,6950.33984375,21678.259765625
2018-04-10,10412.900390625,10424.849609375,10381.5,10402.25,251700.0,55.76688684811269,-18.58501140754379,41.903797559274835,-60.488808966818624,95.45847791538284,85.55018115446353,10237.657568359376,10438.71404296875,10199.782011718751,10271.872692756848,10290.457704164392,18.000563409459424,114.38452062883214,12231200.0,0.002206341580816895,0.0022039111834326382,43.349609375,10.650390625,71.04000091552734,1342.0,64.87000274658203,24408.0,7266.7998046875,12397.3203125,2656.8701171875,30728.740234375,14.5,7094.2998046875,21794.3203125
2018-04-11,10428.150390625,10428.150390625,10355.599609375,10417.150390625,250400.0,56.4565645386475,-5.619239792431472,43.89565533950972,-49.514895131941195,96.265172252745,94.00690328197075,10237.445068359375,10425.33705078125,10203.580014648436,10294.223107813486,10299.842347605918,16.736521855490526,111.39639638748699,12481600.0,0.0014324199692374862,0.001431395034394698,72.55078125,11.0,72.05999755859375,1356.5,64.92530059814453,24189.44921875,7257.10009765625,12293.9697265625,2642.18994140625,30897.7109375,14.720000267028809,7069.02978515625,21687.099609375
2018-04-12,10410.650390625,10469.900390625,10395.25,10458.650390625,238600.0,58.401954725742186,7.913706513340003,45.94288131622496,-38.02917480288496,96.91334364277454,96.21233127030078,10239.035107421874,10413.11705078125,10207.605766601562,10319.519612861412,10311.605906348072,15.943032312670768,108.77168169016649,12720200.0,0.003983815001590951,0.0039759006232568585,74.650390625,-48.0,72.0199966430664,1338.4000244140625,65.19000244140625,24483.05078125,7258.2998046875,12415.009765625,2663.989990234375,30831.279296875,14.5600004196167,7140.25,21660.279296875
2018-04-13,10495.2998046875,10519.900390625,10451.4501953125,10480.599609375,213100.0,59.43423899957382,20.17719236243829,46.5650937322586,-26.38790136982031,96.19977413785833,96.45943001112595,10242.520068359376,10400.121035156251,10211.840766601563,10344.301150786578,10324.12395842414,15.64055522432003,105.89157552033316,12933300.0,0.002098666456015641,0.002096467331850084,68.4501953125,14.7001953125,72.58000183105469,1344.800048828125,65.27570343017578,24360.140625,7264.60009765625,12442.400390625,2656.300048828125,30808.380859375,14.140000343322754,7106.64990234375,21778.740234375
2018-04-16,10398.2998046875,10540.150390625,10396.349609375,10528.349609375,195000.0,61.66309702818676,33.36451384121938,47.801932168831755,-14.437418327612374,96.29333852797026,96.46881876953437,10250.930029296876,10389.69501953125,10216.332514648439,10372.616298261719,10339.2517844205,14.792876562919776,108.59937592959508,13128300.0,0.004556037037927396,0.004545689717794212,143.80078125,-130.0498046875,71.41999816894531,1347.5,65.19560241699219,24573.0390625,7198.2001953125,12391.41015625,2677.840087890625,30315.58984375,14.260000228881836,7156.27978515625,21835.529296875
2018-04-17,10557.2998046875,10560.4501953125,10495.650390625,10548.7001953125,206100.0,62.606097257082084,44.93964705361395,47.501652304981064,-2.5620052513671094,96.17234776540894,96.22182014374583,10268.60751953125,10380.115019531251,10221.201264648438,10399.706128577223,10354.76648152361,14.194152898863885,105.4708351265883,13334400.0,0.001932932196645476,0.0019310664870136763,64.7998046875,8.599609375,71.58000183105469,1347.199951171875,65.4292984008789,24786.630859375,7226.10009765625,12585.5703125,2706.389892578125,30062.75,14.039999961853027,7281.10009765625,21847.58984375
2018-04-18,10578.900390625,10594.2001953125,10509.7001953125,10526.2001953125,205400.0,60.8246830543294,51.70147909120169,43.41078747405504,8.290691617146651,93.9207836084218,95.46215663393366,10290.205029296874,10370.301015625,10226.275263671876,10419.166754228803,10367.465275137602,13.9509354119991,103.972918331832,13129000.0,-0.002132964212026689,-0.0021352422200410556,84.5,52.7001953125,73.4800033569336,1351.199951171875,65.67500305175781,24748.0703125,7317.2998046875,12590.830078125,2708.639892578125,30284.25,14.109999656677246,7295.240234375,22158.19921875
2018-04-19,10563.650390625,10572.2001953125,10546.2001953125,10565.2998046875,262600.0,62.80531486289348,59.52907725779005,40.990708512514715,18.53836874527533,92.60220565811537,94.2317790106487,10312.252539062501,10366.39501953125,10231.645512695311,10441.64876199168,10382.11968473389,13.725090602767512,99.83199559384401,13391600.0,0.0037145036812440413,0.0037076219486611,26.0,-1.6494140625,73.77999877929688,1346.800048828125,66.01000213623047,24664.890625,7328.89990234375,12567.419921875,2693.1298828125,30708.439453125,13.75,7238.06005859375,22191.1796875
2018-04-20,10560.349609375,10582.349609375,10527.4501953125,10564.0498046875,244600.0,62.696182237135055,64.88370172155192,37.07626638102126,27.807435340530652,91.36593313733805,92.62964080129173,10332.692529296877,10364.34501953125,10236.945263671874,10460.47969163719,10395.595989915639,13.28382252096468,96.6225254844623,13147000.0,-0.00011831183431687542,-0.00011831883371402492,54.8994140625,-3.7001953125,74.05999755859375,1336.699951171875,66.11479949951172,24462.939453125,7368.2001953125,12540.5,2670.139892578125,30418.330078125,12.9399995803833,7146.1298828125,22162.240234375
2018-04-23,10592.7998046875,10638.349609375,10514.9501953125,10584.7001953125,194200.0,63.81482602186162,69.9868295225424,33.74351534560939,36.243314176933005,92.5308170118969,92.1663186024501,10356.190039062501,10366.0740234375,10242.264262695313,10479.590538356468,10409.603708833925,13.44212188011599,98.53516038289357,13341200.0,0.0019547797489403163,0.0019528716532068399,123.3994140625,8.099609375,74.70999908447266,1322.5,66.1968994140625,24448.689453125,7398.89990234375,12572.3896484375,2670.2900390625,30254.400390625,13.149999618530273,7128.60009765625,22088.0390625
2018-04-24,10578.099609375,10636.7998046875,10569.0,10614.349609375,219200.0,65.41828406173697,75.55263129158084,31.447453691718266,44.10517759986257,92.57878582891273,92.15851199271589,10387.005029296875,10368.82701171875,10247.261010742186,10500.32270312855,10424.770071836969,13.589114142185062,96.33977783322261,13560400.0,0.0028011576629851653,0.002797241731914462,67.7998046875,-36.25,73.86000061035156,1331.4000244140625,66.54499816894531,24024.130859375,7425.39990234375,12550.8203125,2634.56005859375,30636.240234375,11.899999618530273,7007.35009765625,22278.119140625
2018-04-25,10612.400390625,10612.599609375,10536.4501953125,10570.5498046875,189200.0,61.110225827630046,75.55830203251935,25.162499546125417,50.39580248639393,88.15640894889941,91.08867059656967,10409.0,10368.701015625,10252.047260742187,10511.126872599158,10435.568570566638,13.273441218189106,95.02260899245671,13371200.0,-0.00412647089076601,-0.004135008266019891,76.1494140625,41.8505859375,74.0,1321.199951171875,66.41410064697266,24083.830078125,7379.2998046875,12422.2998046875,2639.39990234375,30328.150390625,12.399999618530273,7003.740234375,22215.3203125
2018-04-26,10586.5,10628.400390625,10559.650390625,10617.7998046875,335100.0,63.874083134673725,78.47091241892304,22.46008794602328,56.010824472899756,89.33874419625624,90.02464632468946,10430.682470703126,10371.9580078125,10256.94826171875,10527.53809292044,10449.067180501517,13.16103072723259,93.1459940644241,13706300.0,0.0044699661676110836,0.004460005540255803,68.75,-31.2998046875,74.73999786376953,1316.300048828125,66.90769958496094,24322.33984375,7421.39990234375,12500.4697265625,2666.93994140625,30007.6796875,12.039999961853027,7118.68017578125,22319.609375
2018-04-27,10651.650390625,10719.7998046875,10647.5498046875,10692.2998046875,0.0,67.76416118444195,85.8016366542106,23.83264974504867,61.96898690916193,88.7687619626436,88.75463836926642,10459.612451171875,10375.00900390625,10262.037011718749,10552.886048576911,10467.0844119227,13.989226415434358,93.77842305982239,13706300.0,0.007016519558704637,0.006992018327494462,72.25,-40.6494140625,74.63999938964844,1320.300048828125,66.9000015258789,24311.189453125,7502.2001953125,12580.8701171875,2669.909912109375,30280.669921875,12.020000457763672,7119.7998046875,22467.869140625
2018-04-30,10705.75,10759.0,10704.599609375,10739.349609375,173800.0,69.96389101289314,94.32054591158158,25.88124720193572,68.43929870964585,93.64861108229844,90.58537241373276,10485.98994140625,10379.77798828125,10267.404760742187,10581.572750238156,10487.252204326574,15.101850514680926,91.84426393501364,13880100.0,0.004400344691688707,0.004390691482923282,54.400390625,-33.599609375,75.16999816894531,1316.199951171875,66.61000061035156,24163.150390625,7509.2998046875,12612.1103515625,2648.050048828125,30808.44921875,12.359999656677246,7066.27001953125,22467.869140625
2018-05-02,10783.849609375,10784.650390625,10689.7998046875,10718.0498046875,229700.0,67.71124150481496,98.22089728161336,23.825278857574006,74.39561842403936,90.15821697287382,90.85853000593862,10509.642431640626,10383.228984375,10272.139760742186,10602.56922015344,10504.348322871827,16.351870673188046,92.05900122090553,13650400.0,-0.0019833421447520427,-0.0019853115722468315,94.8505859375,65.7998046875,73.36000061035156,1302.5999755859375,66.7886962890625,23924.98046875,7543.2001953125,12802.25,2635.669921875,30723.880859375,12.84000015258789,7100.89990234375,22472.779296875
2018-05-03,10720.150390625,10720.599609375,10647.4501953125,10679.650390625,185200.0,63.72759443656201,97.09420054053408,18.158865693195764,78.93533484733831,83.66151660661967,89.15611488726397,10537.204931640626,10387.775996093751,10276.607763671873,10614.427861764449,10517.333661223915,16.838334300669462,90.70831642387657,13465200.0,-0.003582686660562606,-0.003589119852419833,73.1494140625,40.5,73.62000274658203,1310.699951171875,67.08000183105469,23930.150390625,7502.7001953125,12690.150390625,2629.72998046875,30313.369140625,12.989999771118164,7088.14990234375,22472.779296875
2018-05-04,10700.4501953125,10700.4501953125,10601.599609375,10618.25,186500.0,57.86527695729618,90.20693745375866,9.017282085136273,81.18965536862238,71.00075314250107,81.60682890733152,10551.859912109376,10392.572988281252,10280.618515625,10615.015883031458,10524.808945577699,16.61581498342548,91.2899071034211,13278700.0,-0.0057492884485150775,-0.005765879228025447,98.8505859375,82.2001953125,74.87000274658203,1312.699951171875,66.66000366210938,24262.509765625,7567.10009765625,12819.599609375,2663.419921875,29926.5,13.25,7209.6201171875,22472.779296875
2018-05-07,10653.150390625,10725.650390625,10635.650390625,10715.5,168400.0,63.57988310198494,91.54076908145362,8.280890970264977,83.25987811118864,68.72605256167144,74.46277410359738,10571.054931640625,10399.67498046875,10284.737514648437,10630.474977949694,10538.93420886824,16.676616605457163,92.44065592639103,13447100.0,0.00915875968262192,0.009117072584576636,90.0,-62.349609375,76.16999816894531,1312.199951171875,66.81050109863281,24357.3203125,7567.10009765625,12948.1396484375,2672.6298828125,29994.259765625,13.760000228881836,7265.2099609375,22467.16015625
2018-05-08,10757.900390625,10758.5498046875,10689.400390625,10717.7998046875,269800.0,63.70524802012974,91.72605441632732,6.772941044110937,84.95311337221638,69.63511453905187,69.78730674774145,10587.977441406252,10406.081972656251,10288.894765625,10643.909566678587,10552.18351226226,17.0720650348714,90.77699579325595,13716900.0,0.00021462411343375898,0.00021460108497364168,69.1494140625,40.1005859375,74.8499984741211,1312.0,67.1187973022461,24360.2109375,7565.7998046875,12912.2099609375,2671.919921875,30402.810546875,14.0600004196167,7266.89990234375,22508.689453125
2018-05-09,10693.349609375,10766.25,10689.849609375,10741.7001953125,215400.0,65.05160626291828,92.7324936953155,6.223504258479295,86.5089894368362,78.61121965386522,72.32412891819618,10604.949951171875,10413.26197265625,10293.023515625,10658.954278776113,10566.221785080797,17.51864797163602,89.75009542409481,13932300.0,0.0022299717349214543,0.002227489038162844,76.400390625,-48.3505859375,77.20999908447266,1311.300048828125,67.1624984741211,24542.5390625,7662.5,12943.0595703125,2697.7900390625,30536.140625,14.270000457763672,7339.91015625,22408.880859375
2018-05-10,10779.650390625,10785.5498046875,10705.0,10716.5498046875,192100.0,62.42729272422696,90.45793497577506,3.1591564311510894,87.29877854462397,78.08740053484381,75.44457824258697,10619.919921875,10417.77197265625,10297.470512695312,10667.815128916327,10577.357193940552,18.136693810761418,89.09293180005233,13740200.0,-0.0023413789407356056,-0.002344124254457977,80.5498046875,63.1005859375,77.47000122070312,1320.800048828125,67.62000274658203,24739.529296875,7701.0,13022.8701171875,2723.070068359375,30809.220703125,14.430000305175781,7404.97021484375,22497.1796875
2018-05-11,10741.9501953125,10812.0498046875,10724.4501953125,10806.5,203100.0,67.48026336977752,94.82052779905825,6.017399403547415,88.80312839551084,85.56930479275803,80.75597499382235,10637.31240234375,10422.24998046875,10302.00501464844,10689.1512629292,10594.330735130141,18.985066934992602,89.55057952862002,13943300.0,0.00839357787271755,0.008358547680564028,87.599609375,-64.5498046875,77.12000274658203,1319.0,67.38999938964844,24831.169921875,7724.60009765625,13001.240234375,2727.719970703125,31122.060546875,13.979999542236328,7402.8798828125,22758.48046875
2018-05-14,10815.150390625,10834.849609375,10774.75,10806.599609375,171400.0,67.4854781312248,97.16588386090007,6.690204372311371,90.4756794885887,87.72196682080912,83.79289071613698,10653.612402343751,10427.295976562498,10306.671513671874,10707.220239305476,10610.054355444576,20.002828338605827,87.44693880336145,14114700.0,9.217542682682378e-06,9.217500201396874e-06,60.099609375,8.55078125,78.2300033569336,1316.5,67.3822021484375,24899.41015625,7711.0,12977.7099609375,2730.1298828125,31541.080078125,14.25,7411.31982421875,22865.859375
2018-05-15,10812.599609375,10929.2001953125,10781.400390625,10801.849609375,254300.0,66.93427198889661,97.51719264028361,5.6332105213559345,91.88398211892768,85.41315752032422,86.23480971129712,10667.28740234375,10433.475976562499,10311.10451171875,10721.778603931558,10624.261411291274,21.759316726737566,91.75785779508563,13860400.0,-0.0004395462191344457,-0.00043964284789006357,147.7998046875,10.75,78.43000030517578,1288.9000244140625,67.6780014038086,24706.41015625,7723.0,12970.0400390625,2711.449951171875,31152.029296875,13.170000076293945,7351.6298828125,22818.01953125
2018-05-16,10751.9501953125,10790.4501953125,10699.7001953125,10741.099609375,231100.0,60.16579810793992,91.83497367666132,-0.039206753813090245,91.87418043047441,69.06917959468487,80.73476797860607,10676.907373046875,10439.130976562501,10314.9780078125,10724.751066307472,10632.91609263081,21.976029529300757,92.50011181418665,13629300.0,-0.005624036826737067,-0.005639911268794516,90.75,10.8505859375,79.27999877929688,1290.199951171875,68.45999908447266,24768.9296875,7734.2001953125,12996.330078125,2722.4599609375,31110.19921875,13.4399995803833,7398.2998046875,22717.23046875
2018-05-17,10775.599609375,10777.25,10664.5,10682.7001953125,214100.0,54.46415684523572,81.67789759844709,-8.157026265621866,89.83492386406895,47.14354996208448,67.20862902569786,10684.732373046874,10445.60798828125,10318.568759765625,10718.281701539014,10636.603803940567,21.644736531605442,93.94653239888761,13415200.0,-0.005437005165795927,-0.005451839472282671,112.75,92.8994140625,79.30000305175781,1288.199951171875,68.05999755859375,24713.98046875,7788.0,13114.6103515625,2720.1298828125,30942.150390625,13.40999984741211,7382.47021484375,22838.369140625
2018-05-18,10671.849609375,10674.9501953125,10589.099609375,10596.400390625,223000.0,47.32671512657419,65.90495730456496,-19.1439732476032,85.04893055216816,25.33421982803306,47.1823164616008,10686.28740234375,10452.550996093749,10321.447509765625,10699.530730629165,10633.6257733246,20.32195680285198,93.92182193735994,13192200.0,-0.008078463600931896,-0.008111271197454395,85.8505859375,75.44921875,78.51000213623047,1290.199951171875,68.13999938964844,24715.08984375,7778.7998046875,13077.7197265625,2712.969970703125,31047.91015625,14.149999618530273,7354.33984375,22930.359375
2018-05-21,10616.7001953125,10621.7001953125,10505.7998046875,10516.7001953125,0.0,41.86958063098895,46.43833656728566,-30.88847518790601,77.32681175519167,9.825691828964507,27.43448720636068,10683.919921875,10459.80099609375,10323.92826171875,10671.402955965063,10624.964619397777,19.574904374284195,95.4917197007628,13192200.0,-0.007521440524559053,-0.007549869197766206,115.900390625,100.0,79.22000122070312,1290.199951171875,67.9749984741211,25013.2890625,7859.2001953125,13077.7197265625,2733.010009765625,31234.349609375,14.40999984741211,7394.0400390625,23002.369140625
2018-05-22,10518.4501953125,10558.599609375,10490.5498046875,10536.7001953125,241700.0,43.62625190490051,32.25294041622692,-36.059097071171806,68.31203748739873,5.080712427357699,13.413541361451754,10681.519921875,10465.6819921875,10326.539262695313,10650.679454326206,10618.426513909979,19.03721886565374,93.53158291410118,13433900.0,0.0019017372016476575,0.0018999311888009693,68.0498046875,-18.25,79.56999969482422,1291.699951171875,68.4000015258789,24834.41015625,7877.5,13169.919921875,2724.43994140625,31234.349609375,13.600000381469727,7378.4599609375,22960.33984375
2018-05-23,10521.099609375,10533.5498046875,10417.7998046875,10430.349609375,290900.0,37.19031882605947,12.287663751108994,-44.81949898903179,57.10716274014079,5.183163797740919,6.696522684687707,10672.319921875001,10469.7519921875,10328.305512695311,10616.782555102942,10604.494891351833,19.23341662795677,95.34364060773682,13143000.0,-0.010093348388598211,-0.010144631600820039,115.75,90.75,79.80000305175781,1289.300048828125,68.43000030517578,24886.810546875,7788.39990234375,12976.83984375,2733.2900390625,30665.640625,14.15999984741211,7425.9599609375,22689.740234375
2018-05-24,10464.849609375,10535.150390625,10419.7998046875,10513.849609375,297600.0,44.156111441044466,3.1662912784267974,-43.152697169371194,46.31898844779799,10.585575585671851,6.949817270256822,10669.484912109376,10471.6009765625,10330.301508789064,10600.946717298642,10597.780426020216,19.392843162253524,96.77270813129132,13440600.0,0.008005484296034426,0.007973610404251362,115.3505859375,-49.0,78.79000091552734,1303.699951171875,68.6500015258789,24811.759765625,7716.7001953125,12855.08984375,2727.760009765625,30760.41015625,13.149999618530273,7424.43017578125,22437.009765625
2018-05-25,10533.0498046875,10628.0498046875,10524.0,10605.150390625,260800.0,50.606507592461234,3.267086947653297,-34.44152120011576,37.708608147769056,19.290181805219785,11.686307062877518,10668.852441406249,10475.1669921875,10332.919760742188,10601.593436271927,10598.326349324274,18.321545078093443,98.0175286442348,13701400.0,0.00868385840031305,0.008646370571623485,104.0498046875,-72.1005859375,76.44000244140625,1303.300048828125,68.26010131835938,24753.08984375,7730.2998046875,12938.009765625,2721.330078125,30588.0390625,12.649999618530273,7433.85009765625,22450.7890625
2018-05-28,10648.349609375,10709.7998046875,10640.5498046875,10688.650390625,232600.0,55.65176930239744,9.969794814453053,-22.191050666652806,32.16084548110586,36.12635596446135,22.000704451784326,10668.669970703124,10480.7219921875,10336.294760742188,10614.986813864707,10605.017019050254,17.57536923137241,98.49123474553946,13934000.0,0.007873532851907061,0.00784269833741265,69.25,-40.30078125,76.44000244140625,1303.300048828125,67.7217025756836,24753.08984375,7730.2998046875,12863.4599609375,2721.330078125,30792.259765625,13.0600004196167,7433.85009765625,22481.08984375
2018-05-29,10689.400390625,10717.25,10616.099609375,10633.2998046875,225800.0,51.86954863031784,10.692156859644456,-17.174950897169126,27.86710775681358,43.91217946024944,33.109572409976856,10663.36748046875,10486.18498046875,10339.129257812501,10617.804197068213,10607.112040208569,16.601435770108047,98.68117445121521,13708200.0,-0.005178444790938985,-0.005191899405584954,101.150390625,56.1005859375,75.38999938964844,1298.699951171875,67.40280151367188,24361.44921875,7632.60009765625,12666.509765625,2689.860107421875,30484.580078125,13.069999694824219,7396.58984375,22358.4296875
2018-05-30,10579.0,10648.7001953125,10558.4501953125,10614.349609375,238700.0,50.6015811182052,9.62456559536804,-14.594033729156436,24.218599324524476,44.51178914108141,41.51677485526406,10658.182470703126,10494.568964843751,10341.914003906251,10617.272722038488,10607.64815644312,15.763507360785852,98.07894770469984,13469500.0,-0.0017821556488181178,-0.0017837455774774606,90.25,-35.349609375,77.5,1301.5,68.12999725341797,24667.779296875,7689.60009765625,12783.759765625,2724.010009765625,30056.7890625,13.40999984741211,7462.4501953125,22018.51953125
2018-05-31,10670.099609375,10763.7998046875,10620.400390625,10736.150390625,610300.0,57.75047083978669,18.39475367212981,-4.659076521915736,23.053830194045545,47.60786290707577,45.34394383613554,10661.007470703125,10507.40697265625,10345.702006835938,10635.561594128721,10617.166840456592,15.44444659752342,101.74832253382843,14079800.0,0.011475105468772284,0.011409765823805856,143.3994140625,-66.05078125,77.58999633789062,1300.0999755859375,67.43000030517578,24415.83984375,7678.2001953125,12604.8896484375,2705.27001953125,30468.560546875,13.220000267028809,7442.1201171875,22201.8203125
2018-06-01,10738.4501953125,10764.75,10681.5,10696.2001953125,220600.0,54.94191625961374,21.86944665694682,-0.9475068296789821,22.816953486625803,51.70774183938862,47.94246462918193,10664.90498046875,10518.843984374998,10349.642758789061,10644.890609695458,10623.021163038511,15.156847898300416,100.42701378141211,13859200.0,-0.0037210912532843476,-0.003728031736138272,83.25,42.25,77.58999633789062,1294.800048828125,67.43499755859375,24635.2109375,7701.7998046875,12724.26953125,2734.6201171875,30492.91015625,13.569999694824219,7554.330078125,22171.349609375
2018-06-04,10765.9501953125,10770.2998046875,10618.349609375,10628.5,203800.0,50.463159514375945,18.941974621182453,-3.0999830923546803,22.041957713537133,57.74352167837036,52.35304214161158,10660.55498046875,10528.308984374999,10353.684008789063,10642.368977434619,10623.427002813436,14.179730278541546,104.10724103363268,13655400.0,-0.006329368754912523,-0.00634948413268003,151.9501953125,137.4501953125,75.29000091552734,1293.0999755859375,66.92500305175781,24813.689453125,7741.2998046875,12770.75,2746.8701171875,30997.98046875,13.880000114440918,7606.4599609375,22475.939453125
2018-06-05,10630.7001953125,10633.150390625,10550.900390625,10593.150390625,167700.0,48.25137532070257,13.612596356737413,-6.743489085439776,20.35608544217719,53.25427094094321,54.23517815290072,10654.322509765627,10537.8769921875,10358.09576171875,10634.796887156215,10621.184290799478,13.736009497150697,102.54600953123034,13487700.0,-0.003325926459519235,-0.003331469647161854,82.25,37.5498046875,75.37999725341797,1297.5,67.05999755859375,24799.98046875,7686.7998046875,12787.1298828125,2748.800048828125,31093.44921875,13.319999694824219,7637.85986328125,22539.5390625
2018-06-06,10603.4501953125,10698.349609375,10587.5,10684.650390625,189900.0,53.885506021373054,16.581173541497265,-3.0199295205439434,19.601103062041208,60.34209214705935,57.1132949221243,10651.47001953125,10551.60900390625,10362.54826171875,10642.466656920644,10625.885483379147,12.866955751642367,103.13912380578532,13677600.0,0.0086376570355291,0.00860056590990892,110.849609375,-81.2001953125,75.36000061035156,1297.0999755859375,67.08999633789062,25146.390625,7712.39990234375,12830.0703125,2772.35009765625,31259.099609375,12.550000190734863,7689.240234375,22625.73046875
2018-06-07,10722.599609375,10818.0,10722.599609375,10768.349609375,220900.0,58.35237616499701,25.394883389482857,4.635024261953319,20.759859127529538,70.69296822938074,61.42977710579442,10654.060009765626,10564.36298828125,10366.903510742188,10661.833264990544,10636.438381601061,13.104922812064444,105.29701563215781,13898500.0,0.007833594520176401,0.007803071219768874,95.400390625,-45.75,77.31999969482422,1298.699951171875,66.8301010131836,25241.41015625,7704.39990234375,12811.0498046875,2770.3701171875,31512.630859375,12.779999732971191,7635.06982421875,22823.259765625
2018-06-08,10736.400390625,10779.4501953125,10709.0498046875,10767.650390625,209400.0,58.30156929164218,31.955033103553433,8.956139180819115,22.998893922734318,83.57159994364319,71.53555344002775,10652.117529296876,10576.03298828125,10371.221010742189,10678.112822780462,10646.157789676909,13.17812926044675,102.80439956021796,13689100.0,-6.493276828523076e-05,-6.49348765086917e-05,70.400390625,-31.25,76.45999908447266,1298.0999755859375,67.41000366210938,25316.529296875,7681.10009765625,12766.5498046875,2779.030029296875,30958.2109375,12.699999809265137,7645.509765625,22694.5
2018-06-11,10781.849609375,10850.5498046875,10777.0498046875,10786.9501953125,211400.0,59.353557793626734,38.27017717821218,12.21702660438229,26.05315057382989,86.77196303599132,80.34551040300508,10651.13505859375,10589.49798828125,10375.968759765627,10694.857033939237,10656.586856761025,13.806761518293822,101.38261488180953,13900500.0,0.0017923877528847054,0.0017907833428202438,73.5,-5.1005859375,76.45999908447266,1298.9000244140625,67.51000213623047,25322.310546875,7737.39990234375,12842.91015625,2782.0,31063.69921875,13.180000305175781,7659.93017578125,22804.0390625
2018-06-12,10816.150390625,10856.5498046875,10789.400390625,10842.849609375,198300.0,62.31876745964697,47.24102477242195,16.95029935887365,30.2907254135483,89.86180894654447,86.73512397539298,10653.18505859375,10602.118984375,10381.411259765624,10717.625122467816,10670.384097695394,14.436405001275217,99.11240020275172,14098800.0,0.005182133323169635,0.005168752278609608,67.1494140625,-26.69921875,75.87999725341797,1295.0999755859375,67.48999786376953,25320.73046875,7703.7998046875,12842.2998046875,2786.85009765625,31103.060546875,12.729999542236328,7703.7900390625,22878.349609375
2018-06-13,10887.5,10893.25,10842.650390625,10856.7001953125,213400.0,63.03826740325812,54.83599740936734,19.63621759665523,35.19977981271211,90.75604753079466,89.12993983777682,10658.965087890625,10614.35298828125,10386.86701171875,10739.021287520844,10684.185290111476,15.305584159124617,95.64720085791231,14312200.0,0.0012773935299743577,0.001276578356983104,50.599609375,30.7998046875,76.73999786376953,1296.9000244140625,67.91000366210938,25201.19921875,7703.7001953125,12890.580078125,2775.6298828125,30725.150390625,12.640000343322754,7695.7001953125,22966.380859375
2018-06-14,10832.900390625,10833.7001953125,10773.5498046875,10808.0498046875,184300.0,58.791822840625116,56.28062005330503,16.864672192474337,39.41594786083069,87.35928741441461,89.32571463058457,10665.232568359375,10627.9459765625,10391.644760742187,10749.641059392636,10693.36043933933,15.257985831931519,94.75457155556144,14127900.0,-0.0044811397339686865,-0.004491210136474933,60.150390625,24.8505859375,75.94000244140625,1304.0,67.77999877929688,25175.310546875,7765.7998046875,13107.099609375,2782.489990234375,30440.169921875,12.100000381469727,7761.0400390625,22738.609375
2018-06-15,10808.650390625,10834.0,10755.400390625,10817.7001953125,305400.0,59.37640132684007,57.54090405436,14.499964954823447,43.04093909953655,81.04889526085364,86.3880767353543,10676.29755859375,10637.796972656251,10396.448012695313,10760.111695688,10702.57079163364,15.000580714055474,93.60064568552134,14433300.0,0.000892889170515776,0.0008924907821071907,78.599609375,-9.0498046875,73.44000244140625,1274.5999755859375,68.12999725341797,25090.48046875,7633.89990234375,13010.5498046875,2779.659912109375,30309.490234375,12.069999694824219,7746.3798828125,22851.75
2018-06-18,10830.2001953125,10830.2001953125,10787.349609375,10799.849609375,196600.0,57.744615396851955,56.448590885762314,10.726121428980605,45.72246945678171,75.25430304136738,81.22082857221187,10690.455029296874,10647.161972656251,10400.88326171875,10766.225220870614,10709.776629984852,14.761561676027718,89.97564141780553,14236700.0,-0.00165012762557748,-0.0016514905857463397,42.8505859375,30.3505859375,75.33999633789062,1276.199951171875,68.05000305175781,24987.470703125,7631.2998046875,12834.1103515625,2773.75,30309.490234375,12.380000114440918,7747.02978515625,22680.330078125
2018-06-19,10789.4501953125,10789.4501953125,10701.2001953125,10710.4501953125,224500.0,50.29040981798995,47.817923995002275,1.6763636305764464,46.14156036442583,65.7513849032707,74.01819440183057,10699.142529296874,10653.783984375,10405.455263671876,10757.644447707828,10709.826523712825,13.874548545412836,90.59519660671228,14012200.0,-0.008277838793689818,-0.00831229035595547,88.25,79.0,75.08000183105469,1275.5999755859375,68.01000213623047,24700.2109375,7603.89990234375,12677.9697265625,2762.590087890625,29468.150390625,12.920000076293945,7725.58984375,22278.48046875
2018-06-20,10734.650390625,10781.7998046875,10724.0498046875,10772.0498046875,193500.0,54.63582118113063,45.42500083705636,-0.5732476218955753,45.998248458951934,61.3065727994158,67.43742024801796,10716.2275390625,10661.17998046875,10409.893510742188,10759.860656473931,10714.435655636875,13.05089349555616,89.22051180444713,14205700.0,0.005751355755517995,0.005734879851344152,57.75,-37.3994140625,74.73999786376953,1271.199951171875,68.05000305175781,24657.80078125,7627.39990234375,12695.16015625,2767.320068359375,29696.169921875,12.170000076293945,7781.509765625,22555.4296875
2018-06-21,10808.4501953125,10809.599609375,10725.900390625,10741.099609375,223600.0,52.168264044939946,40.56357821445272,-4.347736195599374,44.91131441005209,55.5862994890168,60.88141906390109,10727.5900390625,10667.658964843751,10414.009506835937,10756.974341535633,10716.41076332118,12.278913887802831,88.82613372912948,13982100.0,-0.0028731945983977436,-0.002877330145384961,83.69921875,67.3505859375,73.05000305175781,1267.199951171875,68.3499984741211,24461.69921875,7556.39990234375,12511.91015625,2749.760009765625,29296.05078125,12.449999809265137,7712.9501953125,22693.0390625
2018-06-22,10742.7001953125,10837.0,10710.4501953125,10821.849609375,229800.0,57.55449826295091,42.73410375840285,-1.7417685213193934,44.475872279722246,66.43285429847731,61.108575528969965,10738.425000000001,10674.922949218751,10418.246752929688,10766.95515197246,10724.221048214056,11.879151409226532,91.52068165472738,14211900.0,0.007517852262492797,0.00748973404895337,126.5498046875,-79.1494140625,75.55000305175781,1267.4000244140625,67.83000183105469,24580.890625,7682.2998046875,12579.7197265625,2754.8798828125,29338.69921875,12.020000457763672,7692.81982421875,22516.830078125
2018-06-25,10822.900390625,10831.0498046875,10753.0498046875,10762.4501953125,229600.0,52.84078993164516,39.20924482906594,-4.213301960525044,43.42254678959098,63.97368038679188,61.99761139142866,10742.114990234377,10680.5599609375,10422.494755859376,10766.262081717081,10727.052836888015,11.507943393405682,90.55491867938971,13982300.0,-0.005488841206131911,-0.0055039602444048865,78.0,60.4501953125,74.7300033569336,1265.5999755859375,67.85489654541016,24252.80078125,7509.7998046875,12270.330078125,2717.070068359375,28961.390625,12.579999923706055,7532.009765625,22338.150390625
2018-06-26,10742.7001953125,10805.25,10732.5498046875,10769.150390625,220000.0,53.30534858784463,36.535262731818875,-5.509827246217689,42.045089978036565,57.24852547244306,62.55168671923741,10748.90751953125,10685.3759765625,10426.579506835938,10766.706436933684,10730.171174201865,10.874387663898741,89.27958129604045,14202300.0,0.0006225529680423669,0.0006223592623338975,72.7001953125,-26.4501953125,76.30999755859375,1256.5999755859375,68.33999633789062,24283.109375,7537.89990234375,12234.33984375,2723.06005859375,28881.400390625,12.800000190734863,7561.6298828125,22342.0
2018-06-27,10785.5,10785.5,10652.400390625,10671.400390625,246000.0,46.16099154417449,26.226185445008014,-12.655123626422842,38.881309071430856,33.49676793683176,51.57299126535556,10751.76005859375,10687.82998046875,10430.355507812501,10752.04396827081,10725.817782825801,10.91828984078662,92.40958330168041,13956300.0,-0.009076853461448153,-0.009118299083682797,133.099609375,114.099609375,77.62000274658203,1252.800048828125,68.36499786376953,24117.58984375,7621.7001953125,12348.6103515625,2699.6298828125,28356.259765625,13.510000228881836,7445.080078125,22271.76953125
2018-06-28,10660.7998046875,10674.2001953125,10557.7001953125,10589.099609375,352300.0,41.15914275104517,11.285094645425488,-22.076971540804294,33.36206618622978,17.542630213707696,36.09597454099416,10744.40751953125,10689.08796875,10433.65150390625,10726.975605363761,10715.690510718336,11.90129690981708,94.13032735156038,13604000.0,-0.007712275637441368,-0.007742169031781291,116.5,71.7001953125,77.8499984741211,1247.800048828125,69.23999786376953,24216.05078125,7615.60009765625,12177.23046875,2716.31005859375,28497.3203125,13.949999809265137,7503.68017578125,22270.390625
2018-06-29,10612.849609375,10723.0498046875,10612.349609375,10714.2998046875,242800.0,50.02973842890938,9.437986726006784,-19.1392635681784,28.577250294185184,21.30529982292912,24.11489932448952,10745.3125,10692.067968750001,10437.54900390625,10725.025482182798,10715.587495456792,12.13314299390838,96.97460363448464,13846800.0,0.011823497741172861,0.011754146307527904,110.7001953125,-101.4501953125,79.44000244140625,1251.300048828125,68.79669952392578,24271.41015625,7636.89990234375,12306.0,2718.3701171875,28955.109375,12.9399995803833,7510.2998046875,22304.509765625
2018-07-02,10732.349609375,10736.150390625,10604.650390625,10657.2998046875,295400.0,46.58634265141208,3.3362584503811377,-20.19279347504324,23.529051925424376,28.569890251249262,22.472606762628693,10746.752490234376,10693.93296875,10440.805253906252,10714.606147183522,10711.26988873314,12.17072514431929,99.4407033748786,13551400.0,-0.005319993003655044,-0.005334194556937323,131.5,75.0498046875,77.30000305175781,1239.800048828125,68.43499755859375,24307.1796875,7547.89990234375,12238.169921875,2726.7099609375,28955.109375,13.369999885559082,7567.68994140625,21811.9296875
2018-07-03,10668.599609375,10713.2998046875,10630.25,10699.900390625,202100.0,49.38997255389246,1.9160194095020415,-17.290426012737868,19.20644542223991,42.42172380437371,30.765637959517363,10752.089990234377,10696.23697265625,10443.839506835939,10712.343723097596,10710.427703688094,12.205622855415134,98.2699248972087,13753500.0,0.003997315147197256,0.003989347109783859,83.0498046875,-31.30078125,77.76000213623047,1251.5999755859375,68.6948013305664,24174.8203125,7593.2998046875,12349.1396484375,2713.219970703125,28545.5703125,13.0,7502.669921875,21785.5390625
2018-07-04,10715.0,10777.150390625,10677.75,10769.900390625,173900.0,53.69126014685204,6.365507119247923,-10.27275064239359,16.638257761641512,52.1904634303619,41.06069249532829,10756.352490234376,10699.34798828125,10447.292509765626,10721.198595024889,10714.833087905641,11.362215521594925,98.35067244919378,13927400.0,0.006542116977213297,0.0065208102070441875,99.400390625,-54.900390625,77.76000213623047,1251.5999755859375,68.83000183105469,24174.8203125,7573.10009765625,12317.6103515625,2713.219970703125,28241.669921875,12.65999984741211,7502.669921875,21717.0390625
2018-07-05,10786.0498046875,10786.0498046875,10726.25,10749.75,220500.0,52.31296768954214,8.171593028657298,-6.773331786387372,14.94492481504467,65.21668187629733,53.27628970367765,10755.422509765627,10702.9319921875,10450.60826171875,10725.591118867214,10717.419525838557,10.637474832109831,95.59703903764422,13706900.0,-0.0018709913642785958,-0.0018727438548922296,59.7998046875,36.2998046875,77.38999938964844,1257.300048828125,68.9800033569336,24356.740234375,7603.2001953125,12464.2900390625,2736.610107421875,28182.08984375,12.579999923706055,7586.43017578125,21546.990234375
2018-07-06,10744.150390625,10816.349609375,10735.0498046875,10772.650390625,0.0,53.76557215272145,11.320305822027876,-2.899695194413436,14.220001016441312,73.89910828441194,63.76875119702372,10755.672509765627,10706.02900390625,10454.044511718752,10732.83100682995,10721.510701007923,10.357208286045328,94.57580801263393,13706900.0,0.0021303184376380013,0.002128052526818883,81.2998046875,-28.5,77.11000061035156,1254.300048828125,69.06999969482422,24456.48046875,7617.7001953125,12496.169921875,2759.820068359375,28315.619140625,12.4399995803833,7688.39013671875,21788.140625
2018-07-09,10838.2998046875,10860.349609375,10807.150390625,10852.900390625,183600.0,58.532531376148675,20.05994911230846,4.671958476693717,15.387990635614742,81.08673748401972,73.40084254824299,10758.97001953125,10709.241015625,10457.543515625002,10751.303219721496,10731.243270609188,10.630482294211719,94.08462306530294,13890500.0,0.007449420253147654,0.007421810355794803,53.19921875,-14.6005859375,78.06999969482422,1258.0999755859375,68.75499725341797,24776.58984375,7688.0,12543.8896484375,2784.169921875,28688.5,12.390000343322754,7756.2001953125,22052.1796875
2018-07-10,10902.75,10956.900390625,10876.650390625,10947.25,197000.0,63.32077119614187,34.20510914330043,15.053694806148552,19.15141433715188,90.69387142420373,81.8932390642118,10764.190039062501,10713.3990234375,10461.542016601565,10781.448878225881,10747.243769082581,11.859530979324134,94.79286427492416,14087500.0,0.008693492612951825,0.008655921796766377,80.25,-44.5,78.86000061035156,1253.800048828125,68.65979766845703,24919.66015625,7692.0,12609.849609375,2793.840087890625,28682.25,12.399999618530273,7759.2001953125,22196.890625
2018-07-11,10956.400390625,10976.650390625,10923.0,10948.2998046875,222300.0,63.371451727560846,44.981442770649664,20.664022746798224,24.31742002385144,96.1180595803707,89.29955616286472,10768.770019531252,10718.004023437501,10465.577763671876,10807.118251527669,10762.136808757019,13.175336859387496,91.85411615707243,14309800.0,9.589665783638068e-05,9.589206004582807e-05,53.650390625,8.1005859375,73.4000015258789,1242.800048828125,68.9000015258789,24700.44921875,7592.0,12417.1298828125,2774.02001953125,28311.689453125,12.779999732971191,7716.60986328125,21932.2109375
2018-07-12,11006.9501953125,11078.2998046875,10999.650390625,11023.2001953125,248300.0,66.88690257122553,58.88679010380838,27.65549606396555,31.23129403984283,93.41054671691055,93.40749257382832,10779.527539062503,10724.87501953125,10470.084262695313,10840.361627494565,10781.474837390757,15.18414421807236,94.57882214585297,14558100.0,0.006841280560560881,0.006817985187144955,78.6494140625,-16.25,74.44999694824219,1245.0,68.72000122070312,24924.890625,7651.2998046875,12492.9697265625,2798.2900390625,28480.830078125,12.510000228881836,7823.919921875,22187.9609375
2018-07-13,11056.900390625,11071.349609375,10999.75,11018.900390625,0.0,66.49237035864904,68.76721410652317,30.028736053344275,38.738478053178895,90.4130879460296,93.31389808110362,10789.587548828127,10732.88802734375,10475.356762695312,10867.829129514632,10799.061915408109,17.04946533685116,92.93744980507776,14558100.0,-0.0003900686380828855,-0.00039014473464332456,71.599609375,38.0,75.33000183105469,1239.5999755859375,68.54000091552734,25019.41015625,7661.89990234375,12540.73046875,2801.31005859375,28525.439453125,12.300000190734863,7825.97998046875,22597.349609375
2018-07-16,11018.9501953125,11019.5,10926.25,10936.849609375,210500.0,59.30379921832228,69.17925362025744,24.352620453662837,44.826633166594604,83.61189583825741,89.1451768337325,10796.437548828126,10737.315019531248,10480.678012695313,10878.447664877765,10809.268411257508,17.60052754925834,92.95977481900078,14347600.0,-0.0074463674542162295,-0.007474230051277428,93.25,82.1005859375,71.83999633789062,1238.0999755859375,68.48670196533203,25064.359375,7600.5,12561.01953125,2798.429931640625,28539.66015625,12.949999809265137,7805.72021484375,22597.349609375
2018-07-17,10939.650390625,11018.5,10925.599609375,11008.0498046875,210600.0,63.03809140753462,74.39349669873445,23.65349082571187,50.74000587302258,82.64183552369124,85.55560643599276,10811.317529296875,10743.120019531249,10486.36076171875,10898.386455617723,10823.992958918989,18.102301633873303,92.95553309085787,14558200.0,0.006510119262449043,0.006489019959189796,92.900390625,-68.3994140625,72.16000366210938,1225.699951171875,68.72000122070312,25119.890625,7626.2998046875,12661.5400390625,2809.550048828125,28181.6796875,12.829999923706055,7855.1201171875,22697.359375
2018-07-18,11060.2001953125,11076.2001953125,10956.2998046875,10980.4501953125,225500.0,60.71247129880361,75.42926250296841,19.751405303956666,55.67785719901175,79.55888563228129,81.93753899807665,10821.737548828125,10747.89501953125,10492.584262695313,10911.011646339995,10835.582383837027,19.086080433439985,94.88016577186802,14332700.0,-0.002507220612614547,-0.0025103689537061304,119.900390625,79.75,72.9000015258789,1226.300048828125,68.35600280761719,25199.2890625,7676.2998046875,12765.9404296875,2815.6201171875,28117.419921875,13.680000305175781,7854.43994140625,22794.189453125
2018-07-19,10999.5,11006.5,10935.4501953125,10957.099609375,215400.0,58.73807222760453,73.51844238873127,14.27246815177562,59.245974236955654,80.08623320022787,80.76231811873346,10832.537548828126,10752.706015625,10498.525009765624,10918.102102191535,10844.583659802804,19.659740907873136,93.17799712298459,14117300.0,-0.0021265599790679657,-0.00212882431847883,71.0498046875,42.400390625,72.58000183105469,1222.4000244140625,68.6155014038086,25064.5,7684.0,12686.2900390625,2804.489990234375,28010.859375,13.59000015258789,7825.2998046875,22764.6796875
2018-07-20,10963.5,11030.25,10946.2001953125,11010.2001953125,187300.0,61.78184974145347,75.41948827271881,12.938811228610518,62.48067704410829,79.51787969920841,79.72099951057251,10841.955078125002,10756.78001953125,10504.633012695313,10932.27103959476,10856.85155132204,20.413067835546308,92.52598337759284,14304600.0,0.00484622644956767,0.004834521296150269,84.0498046875,-46.7001953125,73.06999969482422,1229.5,68.93509674072266,25058.119140625,7678.7998046875,12561.419921875,2801.830078125,28224.48046875,13.539999961853027,7820.2001953125,22697.880859375
2018-07-23,11019.849609375,11093.400390625,11010.9501953125,11084.75,229100.0,65.61665564004349,81.99642330478855,15.612597008544213,66.38382629624434,85.71037552323105,81.7714961408891,10858.070068359377,10762.34302734375,10510.759262695312,10955.729341195567,10873.732917890778,21.65213476981219,91.85985565865764,14533700.0,0.006770976309698584,0.0067481562013002455,82.4501953125,-64.900390625,73.05999755859375,1224.0,68.7332992553711,25044.2890625,7655.7998046875,12548.5703125,2806.97998046875,28256.119140625,13.010000228881836,7841.8701171875,22396.990234375
2018-07-24,11109.0,11143.400390625,11092.5,11134.2998046875,205800.0,67.92064006001112,90.16755142971488,19.02698010677642,71.14057132293846,93.51270209054931,86.24698577099625,10876.327539062502,10768.99203125,10516.856259765624,10983.201720194325,10893.03416876461,23.17829890623938,89.48775101339638,14739500.0,0.00447008770495505,0.004460126536742217,50.900390625,-25.2998046875,73.44000244140625,1223.9000244140625,69.19999694824219,25241.939453125,7709.10009765625,12689.3896484375,2820.39990234375,28662.5703125,12.470000267028809,7840.77001953125,22510.48046875
2018-07-25,11148.400390625,11157.150390625,11113.25,11132.0,205900.0,67.69390708146783,95.35842179263818,19.37428037575978,75.9841414168784,96.59294474682883,91.93867412020306,10899.357519531251,10776.8100390625,10523.072758789061,11006.093763241352,10910.735341448713,24.694803487984835,86.23151098565378,14533600.0,-0.0002065513528324292,-0.00020657268750096133,43.900390625,16.400390625,73.93000030517578,1231.4000244140625,68.80999755859375,25414.099609375,7658.2998046875,12579.330078125,2846.070068359375,28920.900390625,12.210000038146973,7932.240234375,22614.25
2018-07-26,11132.9501953125,11185.849609375,11125.7001953125,11167.2998046875,365400.0,69.38332456644133,101.15457619116569,20.13634781942983,81.01822837173586,95.65390304972382,95.25318329570065,10928.267529296874,10786.502031250002,10529.010756835938,11030.894692694605,10929.740116503439,26.309523545367593,84.36850406257138,14899000.0,0.0031710209025781477,0.0031660038191820943,60.1494140625,-34.349609375,74.54000091552734,1225.300048828125,68.83999633789062,25527.0703125,7663.2001953125,12809.23046875,2837.43994140625,28781.140625,12.029999732971191,7852.18017578125,22586.869140625
2018-07-27,11232.75,11283.400390625,11210.25,11278.349609375,314600.0,73.99122083635436,113.40163797487185,25.906727682508787,87.49491029236306,95.96719204316612,96.07134661323958,10956.47001953125,10800.141015625002,10535.458754882813,11068.964679876204,10955.563041901332,28.410983358766686,86.63508133935198,15213600.0,0.009944194803553685,0.00989507665693427,73.150390625,-45.599609375,74.29000091552734,1222.5999755859375,68.73999786376953,25451.060546875,7701.2998046875,12860.400390625,2818.820068359375,28804.279296875,12.3100004196167,7737.419921875,22712.75
2018-07-30,11296.650390625,11328.099609375,11261.4501953125,11319.5498046875,278800.0,75.46648758089697,124.99121320954328,29.99704233374416,94.99417087579911,97.24980677386517,96.29030062225169,10989.58251953125,10816.198007812502,10541.971752929689,11107.516237539481,10982.525024329938,30.593662522745248,85.20753367671969,15492400.0,0.0036530340643325943,0.0036463779405013436,66.6494140625,-22.8994140625,74.97000122070312,1221.300048828125,68.61499786376953,25306.830078125,7700.89990234375,12798.2001953125,2802.60009765625,28733.130859375,12.59000015258789,7630.0,22544.83984375
2018-07-31,11311.0498046875,11366.0,11267.75,11356.5,256500.0,76.74072097076738,135.59455738460383,32.48030920704376,103.11424817756007,98.16352909921832,97.12684263874988,11022.4125,10832.594003906252,10548.83025390625,11145.821431764176,11010.226874379572,32.80395189621436,86.13913841409685,15748900.0,0.0032642813495284972,0.003258965149071806,98.25,-45.4501953125,74.25,1223.699951171875,68.68499755859375,25415.189453125,7748.7998046875,12805.5,2816.2900390625,28583.009765625,12.479999542236328,7671.7900390625,22553.720703125
2018-08-01,11359.7998046875,11390.5498046875,11313.5498046875,11346.2001953125,269700.0,75.56259147375775,141.5351468072622,30.736718903761698,110.79842790350051,95.39791872740403,96.93708486682917,11051.227490234376,10850.911015625003,10555.079252929689,11176.648933848533,11035.113787041271,34.97134107294437,85.48634281308993,15479200.0,-0.0009069523785937283,-0.0009073639087465626,77.0,13.599609375,74.25,1217.9000244140625,68.4968032836914,25333.8203125,7652.89990234375,12737.0498046875,2813.360107421875,28340.740234375,12.529999732971191,7707.2900390625,22746.69921875
2018-08-02,11328.900390625,11328.900390625,11234.9501953125,11244.7001953125,210000.0,64.97629956289245,136.47965251666938,20.544979690535087,115.93467282613429,85.64514425618037,93.06886402760091,11075.975000000002,10865.52802734375,10560.465502929688,11187.118358689144,11050.638706172474,35.514395459836955,87.32660404072637,15269200.0,-0.008945726168478219,-0.008985979419681003,93.9501953125,84.2001953125,73.44999694824219,1210.5999755859375,68.30709838867188,25326.16015625,7575.89990234375,12546.330078125,2827.219970703125,27714.560546875,12.5600004196167,7802.68994140625,22512.529296875
2018-08-03,11297.7998046875,11368.0,11294.5498046875,11360.7998046875,218300.0,70.13103717182923,140.22497879165712,19.432244772418258,120.79273401923886,84.23134198261323,88.42480165539921,11105.382470703127,10880.641015624999,10566.11525390625,11213.83858115043,11073.613602358773,36.2782274279576,89.89611837263877,15487500.0,0.010324829240302646,0.010271892255968624,73.4501953125,-63.0,73.20999908447266,1214.199951171875,68.6155014038086,25462.580078125,7659.10009765625,12615.759765625,2840.35009765625,27676.3203125,12.079999923706055,7812.009765625,22525.1796875
2018-08-06,11401.5,11427.650390625,11370.599609375,11387.099609375,203700.0,71.16630169519914,143.6593358905302,18.293281497033064,125.36605439349714,84.6646405380567,84.8470422589501,11132.092431640627,10894.61,10571.878500976563,11240.49412395421,11096.83478806368,37.349350148249314,88.250008912986,15691200.0,0.0023149606664707445,0.0023122852731850252,57.05078125,14.400390625,73.75,1208.5999755859375,68.50499725341797,25502.1796875,7663.7998046875,12598.2099609375,2850.39990234375,27819.560546875,12.5600004196167,7859.68017578125,22507.3203125
2018-08-07,11423.150390625,11428.9501953125,11359.7001953125,11389.4501953125,226400.0,71.26217404971814,144.900439209272,15.627507852619885,129.27293135665212,92.45291204748219,87.11629818938404,11154.20244140625,10909.7330078125,10577.77150390625,11263.410442624716,11118.510003415444,38.147367686897404,86.89286541920129,15917600.0,0.00020642534254866618,0.00020640403976921495,69.25,33.7001953125,74.6500015258789,1209.5999755859375,68.80999755859375,25628.91015625,7718.5,12648.1904296875,2858.449951171875,28248.880859375,12.579999923706055,7883.66015625,22662.740234375
2018-08-08,11412.5,11459.9501953125,11379.2998046875,11450.0,210500.0,73.68906683725658,149.0517103974962,15.823023232675268,133.22868716482094,93.94016441844998,90.35257233466295,11179.287451171876,10926.446015625,10584.288754882813,11292.11652837476,11143.064817977263,39.08248473232146,86.44697436247263,16128100.0,0.005316306199962151,0.005302224530419492,80.650390625,-37.5,72.27999877929688,1212.5999755859375,68.59600067138672,25583.75,7776.7001953125,12633.5400390625,2857.699951171875,28359.140625,12.539999961853027,7888.330078125,22644.310546875
2018-08-09,11493.25,11495.2001953125,11454.099609375,11470.7001953125,302200.0,74.48244832676797,152.25683348559323,15.222517056617818,137.03431642897542,94.99993315955197,93.79766987516138,11201.662451171876,10941.13701171875,10590.718007812502,11319.590938672874,11167.334105187281,40.162279946244,83.50077585890317,16430300.0,0.001807877319869089,0.0018062450766348273,41.1005859375,22.5498046875,72.06999969482422,1211.9000244140625,68.45500183105469,25509.23046875,7741.7998046875,12676.1103515625,2853.580078125,28607.30078125,12.680000305175781,7891.77978515625,22598.390625
2018-08-10,11474.9501953125,11478.75,11419.650390625,11429.5,0.0,69.96066981007141,149.74622393155914,10.169526002066988,139.57669792949216,92.22964565973209,93.72324774591134,11222.192431640626,10955.803007812501,10596.827006835938,11336.500025030893,11186.753801099334,40.50338961707284,81.75783539576723,16430300.0,-0.003591776841080363,-0.003598242758917501,59.099609375,45.4501953125,72.80999755859375,1211.0999755859375,69.0999984741211,25313.140625,7667.0,12424.349609375,2833.280029296875,28366.619140625,12.850000381469727,7839.10986328125,22298.080078125
2018-08-13,11369.599609375,11406.2998046875,11340.2998046875,11355.75,246900.0,62.63088350169419,140.18952158658612,0.49025892567516394,139.69926266091096,80.7052225966079,89.31160047196398,11243.137451171875,10970.3480078125,10602.129008789063,11339.461559641524,11199.272038054938,39.477667006477276,82.28943253267671,16183400.0,-0.006452600726191027,-0.006473508743511776,66.0,13.849609375,72.61000061035156,1191.300048828125,69.08499908447266,25187.69921875,7642.5,12358.740234375,2821.929931640625,27936.5703125,13.399999618530273,7819.7099609375,21857.4296875
2018-08-14,11381.7001953125,11452.4501953125,11370.7998046875,11435.099609375,232600.0,66.67625665053049,137.43435871275688,-1.8119231585232853,139.24628187128016,76.9698853664638,83.30158454093458,11264.489941406251,10987.1869921875,10607.585507812502,11354.175105754366,11216.74074704161,38.92149576454866,83.31877273123551,16416000.0,0.006987615029830696,0.00696331478277028,81.650390625,-53.3994140625,72.45999908447266,1193.0,69.9490966796875,25299.919921875,7611.60009765625,12358.8701171875,2839.9599609375,27752.9296875,13.279999732971191,7870.89013671875,22356.080078125
2018-08-16,11397.150390625,11449.849609375,11366.25,11385.0498046875,290600.0,62.10912583319621,129.71697479137947,-7.623445663920563,137.34042045530003,69.52285204984369,75.73265333763845,11284.719921875001,11001.19498046875,10612.8955078125,11358.925059436388,11229.208084645008,38.33062460253596,83.3388324915044,16125400.0,-0.004376857779749166,-0.004386464262815843,83.599609375,12.1005859375,71.43000030517578,1176.199951171875,70.66000366210938,25558.73046875,7556.39990234375,12237.169921875,2840.68994140625,27100.060546875,13.649999618530273,7806.52001953125,22192.0390625
2018-08-17,11437.150390625,11486.4501953125,11431.7998046875,11470.75,234700.0,66.35838470626523,129.02881807116864,-6.649281907305124,135.67809997847377,78.56123842905222,75.01799194845324,11310.402441406251,11015.24298828125,10618.431005859376,11376.128896446175,11247.100078375006,38.09972500927636,84.62894378675409,16360100.0,0.0075274326228431665,0.007499242877784467,54.650390625,-33.599609375,71.83000183105469,1176.5,70.00499725341797,25669.3203125,7558.60009765625,12210.5498046875,2850.1298828125,27213.41015625,13.15999984741211,7816.330078125,22270.380859375
2018-08-20,11502.099609375,11565.2998046875,11499.650390625,11551.75,232600.0,69.80506182034067,133.48078852603248,-1.7578491619530325,135.23863768798552,82.61581370108145,76.89996805999246,11337.479931640624,11030.92498046875,10624.513256835939,11403.147527762148,11269.666739236116,38.485878665583485,85.33757670823594,16592700.0,0.007061438877143944,0.007036623669863275,65.6494140625,-49.650390625,72.20999908447266,1186.800048828125,69.78500366210938,25758.689453125,7591.2998046875,12331.2998046875,2857.050048828125,27598.01953125,13.029999732971191,7821.009765625,22199.0
2018-08-21,11576.2001953125,11581.75,11539.599609375,11570.900390625,224200.0,70.57269123476996,136.97531746757886,1.3893438236746647,135.5859736439042,94.45832090986163,85.21179101333176,11361.787451171875,11046.603984375,10630.165258789064,11428.955660510279,11291.9803430427,38.95857948709362,82.25277770229052,16816900.0,0.00165779129785526,0.001656418678663017,42.150390625,5.2998046875,72.62999725341797,1192.5999755859375,69.73999786376953,25822.2890625,7565.7001953125,12384.490234375,2862.9599609375,27752.7890625,12.899999618530273,7859.169921875,22219.73046875
2018-08-23,11620.7001953125,11620.7001953125,11546.7001953125,11582.75,248500.0,71.06290274835975,139.09749197343444,2.809214663624175,136.28827730981027,94.31060728694723,90.4615806326301,11384.2099609375,11061.4019921875,10635.960009765626,11452.616328124082,11313.518836150648,39.661281810073625,81.66329358069835,17065400.0,0.0010240870610727093,0.001023563041648874,74.0,37.9501953125,74.7300033569336,1187.0,69.79000091552734,25656.98046875,7563.2001953125,12365.580078125,2856.97998046875,27790.4609375,12.760000228881836,7878.4599609375,22410.8203125
2018-08-24,11566.599609375,11604.599609375,11532.0,11557.099609375,218800.0,68.40643497607289,137.12882269627335,0.6724363091704504,136.4563863871029,89.1776972140803,92.64887513696304,11405.464941406251,11075.409980468748,10641.4830078125,11468.690679085761,11331.561856389488,40.03094400669646,81.01588756600562,16846600.0,-0.0022145337355118366,-0.0022169894415104054,72.599609375,9.5,75.81999969482422,1206.300048828125,70.2750015258789,25790.349609375,7577.5,12394.51953125,2874.68994140625,27671.869140625,12.40999984741211,7945.97998046875,22601.76953125
2018-08-27,11605.849609375,11700.9501953125,11595.599609375,11691.9501953125,199500.0,73.92503459827508,144.7810080644922,6.659697341911453,138.12131072258074,89.38869786884203,90.95900078995652,11431.697460937503,11093.08798828125,10647.683759765625,11503.038296966797,11358.257288902305,40.99731398218123,85.50408030682665,17046100.0,0.011668203138797129,0.011600654595540067,105.3505859375,-86.1005859375,76.20999908447266,1209.0,69.76499938964844,26049.640625,7577.5,12538.3095703125,2896.739990234375,28271.26953125,12.239999771118164,8017.89990234375,22799.640625
2018-08-28,11731.9501953125,11760.2001953125,11710.5,11738.5,241900.0,75.51497385693456,152.83975870623908,11.774758386926663,141.06500031931242,90.94539445954607,89.83726318082279,11454.704980468752,11111.503984375,10654.6255078125,11539.263174356522,11386.423415650283,42.209120388760994,84.27164599919618,17288000.0,0.003981355027167455,0.003973450407027797,49.7001953125,-6.5498046875,75.94999694824219,1207.4000244140625,69.94499969482422,26064.01953125,7617.2001953125,12527.419921875,2897.52001953125,28351.619140625,12.430000305175781,8030.0400390625,22813.470703125
2018-08-29,11744.9501953125,11753.2001953125,11678.849609375,11691.900390625,251600.0,70.85708450692519,153.69448329072657,10.103586377131307,143.59089691359526,92.0236179037585,90.78590341071553,11473.322509765625,11129.345,10661.569257812502,11562.74582301321,11409.051339722484,42.75086140490809,83.56299885193218,17036400.0,-0.003969809547642367,-0.003977710157774837,74.3505859375,53.0498046875,77.13999938964844,1204.5,70.54000091552734,26124.5703125,7563.2001953125,12561.6796875,2914.0400390625,28416.439453125,12.4399995803833,8109.68994140625,22848.220703125
2018-08-30,11694.75,11698.7998046875,11639.7001953125,11676.7998046875,313800.0,69.36399314079132,151.4080300751193,6.253706529219244,145.15432354590007,86.23479960990252,89.73460399106904,11489.3375,11148.6719921875,10668.408505859376,11580.29258942464,11428.88455934952,42.564328463887314,81.81561388929417,16722600.0,-0.0012915424723947133,-0.0012923772322029556,59.099609375,17.9501953125,77.7699966430664,1197.699951171875,70.91000366210938,25986.919921875,7516.0,12494.240234375,2901.1298828125,28164.05078125,12.40999984741211,8088.35986328125,22869.5
2018-08-31,11675.849609375,11727.650390625,11640.099609375,11680.5,346500.0,69.53340451464317,148.1863739900964,2.4256403553570465,145.76073363473935,81.63053303502349,86.62965018289484,11506.052490234375,11166.84099609375,10675.202255859374,11595.709114128542,11447.522740138445,42.59917595765122,82.22526870077317,17069100.0,0.00031688436681198695,0.0003168341695652239,87.55078125,-4.650390625,77.41999816894531,1200.300048828125,71.40499877929688,25964.8203125,7432.39990234375,12364.0595703125,2901.52001953125,27888.55078125,12.600000381469727,8109.5400390625,22865.150390625
2018-09-03,11751.7998046875,11751.7998046875,11567.400390625,11582.349609375,234400.0,60.04790259962319,136.14389006747115,-7.693474853814564,143.8373649212857,72.93396406327766,80.26643223606789,11522.934960937499,11183.66599609375,10681.989252929689,11593.65380570492,11457.509915637449,41.43966015132708,89.52342194089651,16834700.0,-0.00840292715423141,-0.008438430776075216,184.3994140625,169.4501953125,77.41999816894531,1200.300048828125,70.99500274658203,25964.8203125,7504.60009765625,12346.41015625,2901.52001953125,27712.5390625,13.390000343322754,8109.5400390625,22707.380859375
2018-09-04,11598.75,11602.5498046875,11496.849609375,11520.2998046875,254800.0,54.94488398401477,120.20755624911908,-18.903846937733306,139.11140318685239,59.2559056171702,71.27346757182377,11530.9099609375,11197.635,10688.65775390625,11582.368574779164,11462.161018530045,39.38219785665622,90.67890575315391,16579900.0,-0.00535727264157837,-0.005371674285373425,105.7001953125,78.4501953125,78.16999816894531,1192.699951171875,71.06999969482422,25952.48046875,7457.89990234375,12210.2099609375,2896.719970703125,27973.33984375,13.779999732971191,8091.25,22696.900390625
2018-09-05,11514.849609375,11542.650390625,11393.849609375,11476.9501953125,246100.0,51.642939857322574,102.89384944700032,-28.974042991881674,131.867892438882,41.616167913147706,57.935345864531854,11535.402490234375,11211.925,10695.452255859374,11566.150362553522,11463.256513106522,36.84057807990918,94.83046828864292,16333800.0,-0.0037628889968090995,-0.003769986473883496,148.80078125,37.8994140625,77.2699966430664,1194.9000244140625,71.75,25974.990234375,7383.2998046875,12040.4599609375,2888.60009765625,27243.849609375,13.649999618530273,7995.169921875,22580.830078125
2018-09-06,11514.150390625,11562.25,11436.0498046875,11536.900390625,247900.0,55.615444652813814,92.93875172728258,-31.14331256927953,124.08206429656211,35.417145485976015,45.42973967209797,11542.775000000001,11227.279999999999,10702.0630078125,11561.65036687221,11468.711615144928,34.26524684179162,97.07116307606128,16581700.0,0.005223530144531363,0.005209934834070753,126.2001953125,-22.75,76.5,1197.9000244140625,71.88999938964844,25995.869140625,7319.0,11955.25,2878.050048828125,26974.8203125,13.720000267028809,7922.72998046875,22487.939453125
2018-09-07,11558.25,11603.0,11484.400390625,11589.099609375,295900.0,58.789880114942015,88.24408291009968,-28.670385109169942,116.91446801926962,40.147833789476536,39.06038239620008,11549.72998046875,11245.633984375,10708.590507812502,11565.873327257255,11477.629244347156,32.201002900548744,98.6089092402712,16877600.0,0.0045245444601755835,0.0045143394792379185,118.599609375,-30.849609375,76.83000183105469,1193.5999755859375,71.93890380859375,25916.5390625,7277.7001953125,11959.6298828125,2871.679931640625,26973.470703125,13.890000343322754,7902.5400390625,22307.060546875
2018-09-10,11570.25,11573.0,11427.2998046875,11438.099609375,286700.0,48.07773886766385,71.5147089603397,-36.31980724714394,107.83451620748365,34.80734901979601,36.79077609841618,11548.099951171875,11262.613984374999,10714.287255859377,11546.215832198448,11474.701123238108,30.152409558282518,103.12254462935898,16590900.0,-0.013029485041085365,-0.013115113390097494,145.7001953125,132.150390625,77.37000274658203,1193.0,72.09500122070312,25857.0703125,7279.2998046875,11986.33984375,2877.1298828125,26613.419921875,15.199999809265137,7924.16015625,22373.08984375
2018-09-11,11476.849609375,11479.400390625,11274.0,11287.5,0.0,40.20864485598597,45.57902310698955,-49.80439448039529,95.38341758738484,22.717057063552808,32.55741329094178,11540.999951171874,11274.07798828125,10719.09025390625,11506.41339647561,11460.83437336862,29.601149656088857,110.42810505761906,16590900.0,-0.013166488710376734,-0.013253935347788789,205.400390625,189.349609375,79.05999755859375,1195.4000244140625,72.44499969482422,25971.060546875,7273.5,11970.26953125,2887.889892578125,26422.55078125,15.329999923706055,7972.47021484375,22664.689453125
2018-09-12,11340.099609375,11380.75,11250.2001953125,11369.900390625,268200.0,45.46788663686223,31.312872780497855,-51.256435845509586,82.56930862600744,12.77528485850263,23.43323031395048,11541.707470703126,11288.33,10724.228256835937,11485.411395575517,11454.098522795019,29.265098288335725,111.86536931689628,16859100.0,0.0073001453488372725,0.007273628261968242,130.5498046875,-29.80078125,79.73999786376953,1204.699951171875,72.98999786376953,25998.919921875,7313.39990234375,12032.2998046875,2888.919921875,26345.0390625,14.25,7954.22998046875,22604.609375
2018-09-14,11443.5,11523.25,11430.5498046875,11515.2001953125,276600.0,53.27290556185749,31.369715231616283,-40.95967471551293,72.32938994712921,26.06934828658554,20.520563402880324,11545.712500000001,11304.63599609375,10730.0605078125,11489.994287842745,11458.624572611128,27.437563055729793,114.82852932104655,17135700.0,0.012779338401883056,0.012698371727607837,92.7001953125,-71.7001953125,78.08999633789062,1195.0,72.02749633789062,26154.669921875,7304.0,12124.330078125,2904.97998046875,27286.41015625,13.84000015258789,8010.0400390625,23094.669921875
2018-09-17,11464.9501953125,11464.9501953125,11366.900390625,11377.75,201400.0,46.49367341040225,20.09207233811503,-41.789854087211346,61.88192642532638,33.48039215686275,24.108341767316972,11545.347509765626,11316.79298828125,10735.00075683594,11472.725935866936,11452.633863528821,26.26028974706294,117.21933470436466,16934300.0,-0.011936413868727347,-0.012008224872722099,98.0498046875,87.2001953125,78.05000305175781,1199.699951171875,72.09500122070312,26062.119140625,7302.10009765625,12096.41015625,2888.800048828125,26932.849609375,14.5,7895.7900390625,23094.669921875
2018-09-18,11381.5498046875,11411.4501953125,11268.9501953125,11278.900390625,240900.0,42.32248714936783,3.1419038265339623,-46.99201807903393,50.133921905567895,27.55878472526767,29.03617505623865,11535.755029296877,11327.37599609375,10739.397509765626,11442.906621214332,11439.764717387798,25.874774489126054,119.02509651119576,16693400.0,-0.008687975159851424,-0.008725935642451747,142.5,102.6494140625,79.02999877929688,1196.800048828125,72.53479766845703,26246.9609375,7300.2001953125,12157.669921875,2904.31005859375,27084.66015625,14.420000076293945,7956.10986328125,23420.5390625
2018-09-19,11326.650390625,11332.0498046875,11210.900390625,11234.349609375,250600.0,40.55648557236759,-13.727856375719057,-51.08942262502956,37.361566249310506,11.683599034676742,24.240925305602385,11519.885009765625,11336.609980468751,10743.7180078125,11410.820927085204,11424.548783460923,25.891586093413522,119.17683347914607,16442800.0,-0.003949922395540484,-0.003957743942134398,121.1494140625,92.30078125,79.4000015258789,1202.199951171875,73.12000274658203,26405.759765625,7331.10009765625,12219.01953125,2907.949951171875,27407.369140625,14.010000228881836,7950.0400390625,23672.51953125
2018-09-21,11271.2998046875,11346.7998046875,10866.4501953125,11143.099609375,719000.0,37.138238587456364,-34.06766443872948,-57.14338455043199,23.07572011170251,13.762836103332035,17.668406621092146,11498.494970703125,11342.413964843749,10747.627006835937,11369.633032052865,11403.700696491594,27.477881359574333,144.9748889002785,15723800.0,-0.00812241056873042,-0.008155577062129398,480.349609375,128.2001953125,78.80000305175781,1196.199951171875,71.72000122070312,26743.5,7490.2001953125,12430.8798828125,2929.669921875,27953.580078125,15.539999961853027,7986.9599609375,23869.9296875
2018-09-24,11164.400390625,11170.150390625,10943.599609375,10967.400390625,0.0,31.613222640705658,-63.6310680984825,-69.36543056814801,5.734362469665506,15.66166715093122,13.702700762979998,11467.727490234374,11342.816972656248,10751.331259765626,11307.751087217808,11371.38215531629,28.95086982100937,150.80173835383005,15723800.0,-0.015767535507102526,-0.015893165427847328,226.55078125,197.0,81.19999694824219,1199.300048828125,72.2300033569336,26562.05078125,7458.39990234375,12350.8203125,2919.3701171875,27499.390625,17.43000030517578,7993.25,23869.9296875
2018-09-25,10969.9501953125,11080.599609375,10882.849609375,11067.4501953125,405000.0,37.33062426435467,-78.0869575651177,-67.05705602782656,-11.029901537291137,23.313057056527168,17.579186770263473,11443.24501953125,11345.199980468751,10756.059511718751,11270.781719232375,11348.868676797492,30.531360648802476,154.15518561427075,16128800.0,0.009122472156029238,0.009081113743931286,197.75,-97.5,81.87000274658203,1200.0,73.30000305175781,26492.2109375,7507.60009765625,12374.66015625,2915.56005859375,27499.390625,16.68000030517578,8007.47021484375,23940.259765625
2018-09-26,11145.5498046875,11145.5498046875,10993.0498046875,11053.7998046875,340500.0,36.87761930513005,-89.6118370823915,-62.86554843608029,-26.746288646311214,21.37593436544128,20.116886190966554,11411.3375,11345.81197265625,10760.689760742189,11237.399886225472,11327.011723307864,31.33020677231336,154.03695807039426,15788300.0,-0.0012333817079910325,-0.001234142949208208,152.5,91.75,81.33999633789062,1194.0,73.08999633789062,26385.279296875,7511.5,12385.8896484375,2905.969970703125,27816.869140625,17.09000015258789,7990.3701171875,24033.7890625
2018-09-27,11079.7998046875,11089.4501953125,10953.349609375,10977.5498046875,405700.0,34.36873463063796,-103.70270465766407,-61.565132809082286,-42.137571848581786,22.6030978295217,22.430696417163382,11373.289990234374,11344.984960937498,10764.986259765625,11197.422950604247,11301.12565526191,32.23516705134815,152.7557886323304,15382600.0,-0.006898080420062014,-0.006921982157626523,136.1005859375,102.25,81.72000122070312,1182.300048828125,72.7699966430664,26439.9296875,7545.39990234375,12435.58984375,2914.0,27715.669921875,16.920000076293945,8041.97021484375,23796.740234375
2018-09-28,11008.099609375,11034.099609375,10850.2998046875,10930.4501953125,478100.0,32.880673845719954,-117.31799476327433,-60.14433833175403,-57.1736564315203,17.05609277743983,20.345041657467604,11335.21748046875,11344.85697265625,10769.418012695314,11156.350219020902,11273.668213784176,33.47046739438919,154.9732183505568,14904500.0,-0.004290539347394984,-0.004299770124143364,183.7998046875,77.6494140625,82.72000122070312,1191.5,72.94999694824219,26458.310546875,7510.2001953125,12246.73046875,2913.97998046875,27788.51953125,17.0,8046.35009765625,24120.0390625
2018-10-01,10930.900390625,11035.650390625,10821.5498046875,11008.2998046875,387000.0,37.683367869475745,-120.43806239145124,-50.61152476794474,-69.8265376235065,16.8613720021052,18.840187536355575,11301.79248046875,11344.86197265625,10773.626010742188,11133.573232200379,11254.01129459183,34.721404676259944,159.1966017496242,15291500.0,0.007122269255513958,0.007097025685968254,214.1005859375,-77.3994140625,84.9800033569336,1187.0999755859375,72.50499725341797,26651.2109375,7495.7001953125,12339.0302734375,2924.590087890625,27788.51953125,16.84000015258789,8037.2998046875,24245.759765625
2018-10-03,10982.7001953125,10989.0498046875,10843.75,10858.25,386800.0,32.81021448972705,-133.4798312787225,-50.92263492417278,-82.5571963545497,13.576836649882544,15.831433809809191,11260.67998046875,11342.41796875,10776.589008789062,11091.215811861859,11224.695643140582,35.882989295139936,159.57897338804392,14904700.0,-0.01363060666494631,-0.013724356268050715,145.2998046875,124.4501953125,86.29000091552734,1198.300048828125,73.27999877929688,26828.390625,7510.2998046875,12339.0302734375,2925.510009765625,27091.259765625,18.1200008392334,8025.08984375,24110.9609375
2018-10-04,10754.7001953125,10754.7001953125,10547.25,10599.25,425100.0,26.45161375007215,-162.83757235816847,-64.22430080289502,-98.61327155527346,11.803332333203908,14.08051366173055,11211.525000000001,11335.2609765625,10777.974008789062,11015.52876388311,11178.366336241279,37.85894793657494,170.39476100318365,14479600.0,-0.023852830796859514,-0.024141915818458322,207.4501953125,155.4501953125,84.58000183105469,1197.199951171875,73.8499984741211,26627.48046875,7418.2998046875,12244.1396484375,2901.610107421875,26623.869140625,18.920000076293945,7879.509765625,23975.619140625
2018-10-05,10514.099609375,10540.650390625,10261.900390625,10316.4501953125,606400.0,21.542412383167566,-206.54248130023552,-86.34336779596964,-120.19911350426588,4.9609226204523456,10.113697201179598,11151.33251953125,11321.3859765625,10778.3555078125,10907.978214872246,11114.520696172482,40.240262964477154,182.32010731545626,13873200.0,-0.026681114672028716,-0.027043516339215604,278.75,197.6494140625,84.16000366210938,1201.199951171875,74.22000122070312,26447.05078125,7318.5,12111.900390625,2885.570068359375,26572.5703125,19.729999542236328,7788.4501953125,23783.720703125
2018-10-08,10310.150390625,10398.349609375,10198.400390625,10348.0498046875,456200.0,23.256324547200812,-235.9096920448701,-92.56846283248336,-143.34122921238674,7.156034555042929,7.973429836233061,11094.8875,11306.65197265625,10779.131005859375,10821.835382536132,11057.745074581002,42.5500093170652,183.5793295607808,14329400.0,0.003063031253653259,0.003058349730753957,199.94921875,-37.8994140625,83.91000366210938,1184.4000244140625,73.76300048828125,26486.779296875,7233.2998046875,11947.16015625,2884.429931640625,26202.5703125,20.149999618530273,7735.9501953125,23783.720703125
2018-10-09,10390.2998046875,10397.599609375,10279.349609375,10301.0498046875,430500.0,22.470077533666338,-259.9790487018363,-93.31025559155964,-166.66879311027665,8.200776252287426,6.7725778092609,11033.094970703125,11289.98697265625,10779.375756835938,10741.714524405572,11001.693573107408,44.69477378732552,178.9129488778679,13898900.0,-0.004541918611438267,-0.004552264462335634,118.25,89.25,85.0,1187.199951171875,73.88999938964844,26430.5703125,7237.60009765625,11977.2197265625,2880.340087890625,26172.91015625,19.760000228881836,7738.02001953125,23469.390625
2018-10-10,10331.849609375,10482.349609375,10318.25,10460.099609375,0.0,30.97454585282429,-263.1863488574163,-77.2140445977117,-185.9723042597046,14.355260719849893,9.904023842393414,10976.644970703124,11276.54896484375,10780.010004882814,10698.389152862406,10961.575501719823,45.83563968463143,179.0834385785559,13898900.0,0.015440154906845027,0.015322168649223668,164.099609375,-128.25,83.08999633789062,1189.300048828125,74.55000305175781,25598.740234375,7145.7001953125,11712.5,2785.679931640625,26193.0703125,17.90999984741211,7422.0498046875,23506.0390625
2018-10-11,10169.7998046875,10335.9501953125,10138.599609375,10234.650390625,483500.0,26.53185835237666,-280.68446929147467,-75.76973202541603,-204.91473726605864,13.066723586252307,11.874253519463206,10916.472509765626,11257.8959765625,10779.239506835936,10627.044727902805,10907.72919719428,47.27739013496104,189.25605010865905,13415400.0,-0.021553257346415555,-0.021788921165731508,197.3505859375,-64.8505859375,80.26000213623047,1223.5,74.5999984741211,25052.830078125,7006.89990234375,11539.349609375,2728.3701171875,25266.369140625,20.549999237060547,7329.06005859375,22590.859375
2018-10-12,10331.5498046875,10492.4501953125,10322.150390625,10472.5,343500.0,36.82655941228099,-272.2213814843526,-53.84531537463516,-218.37606610971744,21.03561853923884,16.152534281780344,10875.722509765625,11241.778984375,10779.286005859376,10603.268615917757,10875.48999740211,47.273467050150565,194.15203257857627,13758900.0,0.02323964183406524,0.022973713528550762,170.2998046875,-140.9501953125,80.43000030517578,1218.0999755859375,74.16000366210938,25339.990234375,6995.89990234375,11523.8095703125,2767.1298828125,25801.490234375,18.6299991607666,7496.89013671875,22694.66015625
2018-10-15,10524.2001953125,10526.2998046875,10410.150390625,10512.5,259500.0,38.3900938974132,-259.2976359775257,-32.7372558942466,-226.5603800832791,25.816883192461596,19.973075105984247,10832.852490234374,11225.637988281249,10779.627504882814,10589.304213468873,10848.601849446399,46.99961004381366,188.5804169702851,14018400.0,0.003819527333492445,0.003812251460013522,116.1494140625,11.7001953125,80.77999877929688,1226.4000244140625,73.6760025024414,25250.55078125,7029.2001953125,11614.16015625,2750.7900390625,25445.060546875,18.889999389648438,7430.740234375,22271.30078125
2018-10-16,10550.150390625,10604.900390625,10525.2998046875,10584.75,265200.0,41.219956691684196,-240.45370276303402,-11.114658143803922,-229.3390446192301,37.935946516631894,28.26281608277744,10786.32998046875,11210.20298828125,10780.349755859375,10588.60356524289,10829.057268005925,46.126709801243955,181.71041508847904,14283600.0,0.006872770511296089,0.006849260681022563,79.6005859375,-34.599609375,81.41000366210938,1227.300048828125,74.08000183105469,25798.419921875,7059.39990234375,11776.5498046875,2809.919921875,25462.259765625,17.3700008392334,7645.490234375,22549.240234375
2018-10-17,10688.7001953125,10710.150390625,10436.4501953125,10453.0498046875,284800.0,37.81067768165006,-233.45572277360952,-3.293342523503526,-230.162380250106,38.16982386464646,33.97421785791332,10740.094970703125,11192.33998046875,10780.150004882813,10567.74914054206,10801.20486331567,44.54509397493256,188.28111367590913,13998800.0,-0.012442447418455793,-0.012520502809902525,273.7001953125,235.650390625,80.05000305175781,1223.699951171875,73.45549774169922,25706.6796875,7054.60009765625,11715.0302734375,2809.2099609375,25462.259765625,17.979999542236328,7642.7001953125,22841.119140625
2018-10-19,10339.7001953125,10380.099609375,10249.599609375,10303.5498046875,357500.0,34.33868986981058,-237.23843676738215,-5.66084521382092,-231.57759155356123,31.921854138355293,36.00920817321121,10691.32744140625,11173.51697265625,10779.01025390625,10527.103088872127,10764.34152563951,43.79748043734629,189.3646195070942,13641300.0,-0.014302046081609565,-0.014405306077947945,130.5,36.150390625,79.77999877929688,1225.300048828125,74.16000366210938,25444.33984375,7049.7998046875,11553.830078125,2767.780029296875,25561.400390625,19.790000915527344,7449.02978515625,22532.080078125
2018-10-22,10405.849609375,10408.5498046875,10224.0,10245.25,297300.0,33.06364618075895,-242.1492263185719,-8.457307812008509,-233.69191850656338,21.1158229716944,30.402500324898714,10641.872460937499,11151.2059765625,10777.78275390625,10483.741075199492,10725.890301518064,42.89917484917733,189.0207041628375,13344000.0,-0.0056582251546914986,-0.005674293551714025,184.5498046875,160.599609375,79.83000183105469,1221.199951171875,73.46499633789062,25317.41015625,7042.7998046875,11524.33984375,2755.8798828125,26153.150390625,21.360000610351562,7468.6298828125,22614.8203125
2018-10-23,10152.599609375,10222.099609375,10102.349609375,10146.7998046875,302600.0,30.972196066876876,-251.0907525010589,-13.919067195596398,-237.1716853054625,11.763349475939275,21.600342195329652,10592.057470703123,11126.39998046875,10776.127250976562,10431.903956659185,10682.994709160244,42.50405163883935,185.72639605299196,13041400.0,-0.009609350217173795,-0.009655817945697833,119.75,5.7998046875,76.44000244140625,1233.4000244140625,73.8594970703125,25191.4296875,6955.2001953125,11274.2802734375,2740.68994140625,25346.55078125,19.040000915527344,7437.5400390625,22010.779296875
2018-10-24,10278.150390625,10290.650390625,10126.7001953125,10224.75,351400.0,34.504773749904125,-249.01653945669932,-9.475883320989453,-239.54065613570987,11.888323328519279,14.922498592050983,10554.924951171874,11103.1059765625,10774.5975,10400.034117173156,10649.050656629855,41.632421048573015,184.17095314295682,13392800.0,0.007682244334463961,0.007652886157385112,163.9501953125,53.400390625,76.16999816894531,1227.800048828125,73.22129821777344,24583.419921875,6963.0,11191.6298828125,2656.10009765625,25249.779296875,18.8799991607666,7108.39990234375,22091.1796875
2018-10-25,10135.0498046875,10166.599609375,10079.2998046875,10124.900390625,0.0,32.22949304302998,-252.51885944950482,-10.382562651035926,-242.1362967984689,10.33479875788078,11.32882385411311,10507.7974609375,11076.603984375,10773.011000976563,10357.705851550361,10610.224710999866,41.006716306971214,181.40518472649563,13392800.0,-0.009765481735494741,-0.009813476770964884,87.2998046875,10.1494140625,76.88999938964844,1229.0999755859375,73.22049713134766,24984.55078125,7004.10009765625,11307.1201171875,2705.570068359375,24994.4609375,18.959999084472656,7318.33984375,21268.73046875
2018-10-26,10122.349609375,10128.849609375,10004.5498046875,10030.0,364300.0,30.191745687948508,-259.95553608119553,-14.255391426181319,-245.7001446550142,9.866096669764016,10.69640625205469,10456.607470703126,11047.789980468751,10770.945,10307.28956669646,10567.245102777655,40.70840563939129,177.32622900942454,13028500.0,-0.0093729702973544,-0.009417173007402645,124.2998046875,92.349609375,77.62000274658203,1232.5,73.22019958496094,24688.310546875,6939.60009765625,11200.6201171875,2658.68994140625,24717.630859375,19.229999542236328,7167.2099609375,21184.599609375
2018-10-29,10078.099609375,10275.2998046875,10020.349609375,10250.849609375,364400.0,39.74029098704147,-245.20190322333292,0.3985931453450462,-245.60049636867797,15.247239630890888,11.816045019511893,10420.2724609375,11024.21697265625,10769.67524902344,10298.606496339311,10543.808399562644,39.35008759493795,182.87079803107278,13392900.0,0.022018904224825553,0.021779988895005153,254.9501953125,-172.75,77.33999633789062,1224.5,73.125,24442.919921875,7026.2998046875,11335.48046875,2641.25,24812.0390625,19.829999923706055,7050.2900390625,21149.80078125
2018-10-30,10239.400390625,10285.099609375,10175.349609375,10198.400390625,289800.0,38.397045724694124,-235.03244873955555,8.454438103297946,-243.4868868428535,21.995474267682535,15.70293685611248,10383.669970703126,11001.069980468748,10767.87300292969,10283.190172383263,10518.222621122819,38.0200387298394,177.64788388599618,13103100.0,-0.005116572845048073,-0.005129707325392901,109.75,41.0,75.91000366210938,1222.5999755859375,73.5905990600586,24874.640625,7035.89990234375,11287.3896484375,2682.6298828125,24585.529296875,20.5,7161.64990234375,21457.2890625
2018-10-31,10209.5498046875,10396.0,10105.099609375,10386.599609375,375000.0,45.51368839842654,-209.37345186491984,27.290747982346915,-236.66419984726676,38.84162474251536,25.361446213696258,10352.5849609375,10980.099980468749,10766.688002929688,10299.09931653584,10508.47276840076,36.026801843233564,185.73734865306787,13478100.0,0.01845379780568379,0.018285592676591408,290.900390625,-177.0498046875,75.47000122070312,1212.300048828125,73.6500015258789,25115.759765625,7128.10009765625,11447.509765625,2711.739990234375,24979.689453125,19.799999237060547,7305.89990234375,21920.4609375
2018-11-01,10441.7001953125,10441.900390625,10341.900390625,10380.4501953125,348500.0,45.329418510300975,-187.37477849103198,39.43153708498784,-226.8063155760198,44.964096318286764,35.26706510949489,10328.694970703124,10960.00798828125,10765.40525390625,10311.614836347633,10498.989614838665,33.8793297050756,179.61325232070587,13129600.0,-0.0005920526730374132,-0.0005922280054286613,100.0,61.25,75.5,1236.0,74.06999969482422,25380.740234375,7114.7001953125,11468.5400390625,2740.3701171875,25416.0,19.190000534057617,7434.06005859375,21687.650390625
2018-11-02,10462.2998046875,10606.9501953125,10457.7001953125,10553.0,421200.0,51.28886602111318,-154.23936873880302,58.053557469773466,-212.2929262085765,61.715764634239164,48.50716189834709,10326.382470703124,10941.65298828125,10765.009252929689,10348.751015371074,10502.990384109877,31.99794971478849,182.96230572636972,13550800.0,0.01662257430466929,0.016485931474334168,149.25,-90.7001953125,72.83000183105469,1230.9000244140625,73.30999755859375,25270.830078125,7094.10009765625,11518.990234375,2723.06005859375,26486.349609375,18.229999542236328,7356.990234375,22243.66015625
2018-11-05,10558.75,10558.7998046875,10477.0,10524.0,301900.0,50.296530487254884,-128.83425433191042,66.76693750133285,-195.60119183324326,68.2067074028709,58.29552278513228,10336.7599609375,10921.09798828125,10764.373251953126,10375.712397621679,10504.54665195359,30.250954009521887,175.7364127950219,13248900.0,-0.0027480337344830685,-0.0027518165109068284,81.7998046875,34.75,73.16999816894531,1229.800048828125,72.90499877929688,25461.69921875,7103.7998046875,11494.9599609375,2738.31005859375,25934.390625,19.479999542236328,7328.85009765625,21898.990234375
2018-11-06,10552.0,10600.25,10491.4501953125,10530.0,0.0,50.50988011411128,-106.98313330848396,70.89444681980746,-177.8775801282914,75.27160160638124,68.39802454783043,10345.857470703126,10900.27998046875,10763.617001953127,10399.448951833729,10506.432085142213,28.865081962423524,170.9552265016275,13248900.0,0.0005701254275940482,0.0005699629678378127,108.7998046875,22.0,72.12999725341797,1223.800048828125,72.86000061035156,25635.009765625,7040.7001953125,11484.33984375,2755.449951171875,26120.9609375,18.510000228881836,7375.9599609375,22147.75
2018-11-07,10614.4501953125,10616.4501953125,10582.2998046875,10598.400390625,31200.0,52.98736921045321,-83.18768672108854,75.7519147257623,-158.93960144685084,81.71229082688383,75.06353327871199,10360.725,10880.59298828125,10762.901254882814,10430.056865493923,10513.244552215012,27.672692409570395,164.91915284526127,13280100.0,0.006495763592117676,0.006474757039787639,34.150390625,16.0498046875,72.06999969482422,1226.199951171875,73.2300033569336,26180.30078125,7117.2998046875,11579.099609375,2813.889892578125,26147.689453125,17.719999313354492,7570.75,22085.80078125
2018-11-09,10614.7001953125,10619.5498046875,10544.849609375,10585.2001953125,296600.0,52.44176588098412,-64.64952977046596,75.4320573411079,-140.08158711157387,88.64446877242644,81.87612040189717,10366.980029296876,10861.154999999999,10762.325004882812,10453.925070081397,10518.574599851863,26.28003457270041,158.47494159292117,12983500.0,-0.0012454893970770264,-0.0012462656636175824,74.7001953125,29.5,70.18000030517578,1206.4000244140625,72.9000015258789,25989.30078125,7105.2998046875,11529.16015625,2781.010009765625,25601.919921875,17.770000457763672,7406.89990234375,22250.25
2018-11-12,10607.7998046875,10645.5,10464.0498046875,10482.2001953125,259700.0,48.265545361355485,-57.605110167893145,65.98118155494458,-123.58629172283773,88.662378305416,86.33971263490875,10379.35751953125,10836.96,10760.793256835937,10458.27508934772,10515.880199515614,24.409619117476492,160.11603114431966,12723800.0,-0.009730567027500525,-0.009778218363148,181.4501953125,125.599609375,70.12000274658203,1201.300048828125,72.47000122070312,25387.1796875,7053.10009765625,11325.4404296875,2726.219970703125,25633.1796875,19.3700008392334,7200.8701171875,22269.880859375
2018-11-13,10451.900390625,10596.25,10440.5498046875,10582.5,254600.0,52.25303385777211,-43.42838548803775,64.12632498784,-107.55471047587774,86.36925755726047,87.89203487836764,10384.85751953125,10813.84,10759.620756835939,10477.386614063456,10520.814999551494,22.839679053704828,159.80061429918968,12978400.0,0.009568583199961456,0.009523094254035388,155.7001953125,-130.599609375,65.47000122070312,1199.199951171875,73.18000030517578,25286.490234375,7053.7998046875,11472.2197265625,2722.179931640625,25792.869140625,18.700000762939453,7200.8701171875,21810.51953125
2018-11-14,10634.900390625,10651.599609375,10532.7001953125,10576.2998046875,384500.0,51.98628759751839,-32.320957111507596,60.18700269149613,-92.50795980300373,84.3518900873241,86.46117531666685,10388.047509765625,10791.52798828125,10758.028754882813,10492.604028005617,10524.924985117124,21.444339595652714,156.879099996569,12593900.0,-0.0005858913595558901,-0.000586063060967349,118.8994140625,58.6005859375,66.12000274658203,1207.9000244140625,72.55000305175781,25080.5,7033.7998046875,11412.5302734375,2701.580078125,25654.4296875,18.829999923706055,7136.39013671875,21846.48046875
2018-11-15,10580.599609375,10646.5,10557.5,10616.7001953125,0.0,53.64676051496287,-20.027402782468926,57.984445616427834,-78.01184839889676,91.04660580667453,87.25591781708636,10389.64501953125,10770.32599609375,10756.281254882815,10511.69574605283,10531.723148835299,20.14866724174718,152.03059285395696,12593900.0,0.0038198983927342223,0.003812621107308771,89.0,-36.1005859375,66.62000274658203,1212.800048828125,72.4000015258789,25289.26953125,7038.0,11353.669921875,2730.199951171875,26103.33984375,18.450000762939453,7259.02978515625,21803.619140625
2018-11-16,10644.0,10695.150390625,10631.150390625,10682.2001953125,342800.0,56.286278984118944,-4.942396937412923,58.45556116918707,-63.397958106599994,93.68328680229152,89.69392756543004,10401.1025390625,10750.359999999999,10754.273754882814,10537.927199785086,10542.8695967225,19.31848684946755,146.77485017242432,12936700.0,0.006169525256907837,0.006150571652505879,64.0,-38.2001953125,66.76000213623047,1220.800048828125,71.8917007446289,25413.220703125,7013.89990234375,11341.0,2736.27001953125,26183.529296875,18.350000381469727,7247.8701171875,21680.33984375
2018-11-19,10731.25,10774.7001953125,10688.7998046875,10763.400390625,272100.0,59.37473405860251,13.410171905579773,61.44650400974382,-48.036332104164046,96.99990704262177,93.90993321719594,10424.095068359375,10733.981015624999,10752.66075683594,10572.615382991227,10559.205211085648,19.11492293997987,142.8980751601083,13208800.0,0.0076014485618920435,0.007572703131144189,85.900390625,-32.150390625,66.79000091552734,1223.0999755859375,71.7750015258789,25017.439453125,7000.89990234375,11244.5400390625,2690.72998046875,26372.0,19.260000228881836,7028.47998046875,21821.16015625
2018-11-20,10740.099609375,10740.849609375,10640.849609375,10656.2001953125,295200.0,53.95499525426088,19.084560154726205,53.696713807112204,-34.612153652386,92.89874166147627,94.52731183546318,10444.642578125,10716.6990234375,10750.593505859377,10585.474584886808,10566.390024732082,18.48202388454979,141.444697023672,12913600.0,-0.009959695953136949,-0.010009625523730635,100.0,83.8994140625,62.529998779296875,1219.0,71.69000244140625,24465.640625,6947.89990234375,11066.41015625,2641.889892578125,25840.33984375,19.329999923706055,6908.81982421875,21583.119140625
2018-11-21,10670.9501953125,10671.2998046875,10562.349609375,10600.0498046875,300900.0,51.312919341106955,18.83358462879005,42.75659062494084,-23.92300599615079,80.0872394541731,89.99529605275704,10467.305078125,10699.161015624999,10747.941752929688,10587.716926394605,10568.883341765815,17.217209170361254,139.12366118715974,12612700.0,-0.00526926949530282,-0.005283201056794732,108.9501953125,70.900390625,63.47999954223633,1225.800048828125,71.41500091552734,24464.689453125,7050.2001953125,11244.169921875,2649.929931640625,25971.470703125,19.559999465942383,6972.25,21507.5390625
2018-11-22,10612.650390625,10646.25,10512.0,10526.75,239500.0,48.00799216055944,12.575045770108773,29.19844141300765,-16.623395642898878,55.91536284259655,76.30044798608196,10482.405078125,10678.9580078125,10745.327250976563,10578.337399256974,10565.762353486865,16.33561094197631,138.77554253093405,12373200.0,-0.006915043423200262,-0.006939063131569403,134.25,85.900390625,63.47999954223633,1225.800048828125,71.29499816894531,24464.689453125,6960.2998046875,11138.490234375,2649.929931640625,26019.41015625,19.15999984741211,6972.25,21646.55078125
2018-11-26,10568.2998046875,10637.7998046875,10489.75,10628.599609375,0.0,52.5783774605258,15.653081933305657,25.82118206096363,-10.168100127657972,47.24006749091916,61.0808899292296,10507.5900390625,10659.7480078125,10743.331748046876,10586.07004696744,10570.416965034134,15.693549719204695,139.43798982783161,12373200.0,0.009675313783931383,0.009628807669070337,148.0498046875,-60.2998046875,60.47999954223633,1220.199951171875,70.66999816894531,24640.240234375,7036.0,11354.7197265625,2673.449951171875,26376.1796875,20.399999618530273,7081.85009765625,21812.0
2018-11-27,10621.4501953125,10695.150390625,10596.349609375,10685.599609375,0.0,54.96438855970593,22.433274574746974,26.08109976192396,-3.6478251871769833,51.803002406211334,51.65281091324235,10540.37001953125,10644.6980078125,10741.675244140626,10601.382287337834,10578.949012763087,14.581475739144505,136.5353320722722,12373200.0,0.0053628890065369195,0.005348559924642655,98.80078125,-64.1494140625,60.209999084472656,1211.199951171875,70.80999755859375,24748.73046875,7016.89990234375,11309.1103515625,2682.169921875,26331.9609375,18.31999969482422,7082.7001953125,21952.400390625
2018-11-28,10708.75,10757.7998046875,10699.849609375,10728.849609375,424500.0,56.742871392694056,30.939883914055827,27.67016728098625,3.2697166330695793,71.96354638532503,57.00220542748517,10564.27001953125,10633.525,10741.516494140626,10620.992644574322,10590.052760660266,14.055586796714694,131.9399651608599,12797700.0,0.004047503329813518,0.004039334223781422,57.9501953125,-20.099609375,58.7599983215332,1221.4000244140625,70.87999725341797,25366.4296875,7004.5,11298.8798828125,2743.7900390625,26682.560546875,17.959999084472656,7291.58984375,22177.01953125
2018-11-29,10808.7001953125,10883.0498046875,10782.349609375,10858.7001953125,691300.0,61.6407318932376,47.61046636107494,35.47259978240429,12.137866578670652,84.70363525320174,69.49006134824603,10597.285009765626,10623.300996093749,10742.477246093751,10657.563036995582,10609.952570634507,14.47104948369579,133.52998160026277,13489000.0,0.012102936537020215,0.01203028163822991,100.7001953125,-50.0,59.5099983215332,1224.0999755859375,70.5999984741211,25338.83984375,7039.0,11298.23046875,2737.800048828125,26451.029296875,18.700000762939453,7273.080078125,22262.599609375
2018-11-30,10892.099609375,10922.4501953125,10835.099609375,10876.75,453900.0,62.28007331178997,61.56876504693355,39.54471877461032,22.024046272323233,90.43079778748151,82.36599314200276,10621.792529296876,10610.5319921875,10744.369746093751,10691.284108227032,10629.715343180098,15.109582320466005,130.23145333863687,13942900.0,0.001662243580064171,0.0016608635822544591,87.3505859375,15.349609375,58.709999084472656,1220.199951171875,69.91999816894531,25538.4609375,6980.2001953125,11257.240234375,2760.169921875,26506.75,19.15999984741211,7330.5400390625,22351.060546875
2018-12-03,10930.7001953125,10941.2001953125,10845.349609375,10883.75,409700.0,62.54082728002944,72.36152025611409,40.26997918703268,32.09154106908141,91.17960761155604,88.77134688407976,10646.95751953125,10600.6519921875,10746.404995117187,10720.894245422873,10648.532725166759,15.823575480104733,127.77567709569853,14352600.0,0.000643574597191332,0.0006433675918710725,95.8505859375,46.9501953125,61.689998626708984,1233.9000244140625,69.76000213623047,25826.4296875,7062.39990234375,11465.4599609375,2790.3701171875,27182.0390625,18.219999313354492,7441.509765625,22574.759765625
2018-12-04,10877.099609375,10890.9501953125,10833.349609375,10869.5,322100.0,61.60715863698618,78.85599775326773,37.411565347349054,41.444432405918675,87.71978851062141,89.77673130321965,10662.78251953125,10592.463984375001,10747.868247070313,10743.756669203969,10664.900671450701,16.352313236611646,122.76317058439864,14030500.0,-0.0013092913747559942,-0.0013101492455916805,57.6005859375,7.599609375,62.08000183105469,1241.0999755859375,70.48500061035156,25027.0703125,7022.7998046875,11335.3203125,2700.06005859375,27260.439453125,18.110000610351562,7158.43017578125,22036.05078125
2018-12-05,10820.4501953125,10821.0498046875,10747.9501953125,10782.900390625,312300.0,56.12362378003241,76.13738880228266,27.754365117091183,48.383023685191475,79.19265362306301,86.03068324841348,10675.7275390625,10583.435000000001,10749.507998046876,10749.77878019182,10673.641391389538,15.934446643033915,122.67650159176303,13718200.0,-0.007967211865771207,-0.007999119688821785,73.099609375,37.5498046875,62.08000183105469,1241.0999755859375,70.62999725341797,25027.0703125,6921.7998046875,11200.240234375,2700.06005859375,26819.6796875,18.389999389648438,7158.43017578125,21919.330078125
2018-12-06,10718.150390625,10722.650390625,10588.25,10601.150390625,318500.0,46.72396138660525,58.64118647541545,8.206530232179176,50.434656243236276,57.90973101009117,74.94072438125853,10679.285058593752,10572.596015625,10749.815,10726.912874104617,10668.271687629202,15.404877720584588,127.81749366556566,13399700.0,-0.01685539079615528,-0.016999059579474705,134.400390625,117.0,60.060001373291016,1238.0999755859375,70.87000274658203,24947.669921875,6704.10009765625,10810.98046875,2695.949951171875,26156.380859375,19.309999465942383,7188.259765625,21501.619140625
2018-12-07,10644.7998046875,10704.5498046875,10599.349609375,10693.7001953125,325800.0,51.205462673094516,51.647950422595386,0.9706353434872881,50.6773150791081,44.92935454679832,60.677246393317496,10684.050048828127,10567.122011718751,10750.778999023438,10721.803231213522,10670.155280790927,14.913135149738785,126.2019723546324,13725500.0,0.008730166187373989,0.008692278636606364,105.2001953125,-48.900390625,61.66999816894531,1246.800048828125,70.75,24388.94921875,6778.10009765625,10788.08984375,2633.080078125,26063.759765625,18.59000015258789,6969.25,21678.6796875
2018-12-10,10508.7001953125,10558.849609375,10474.9501953125,10488.4501953125,381300.0,42.63917366281788,29.2071193222655,-17.176156605474084,46.38327592773958,24.249412931449626,42.362832829446376,10679.212548828127,10555.54201171875,10750.49375,10685.902764151826,10656.69564482956,15.33594760883944,132.81254575787295,13344200.0,-0.019193543511718203,-0.019380130942287622,83.8994140625,20.25,59.970001220703125,1243.699951171875,71.36499786376953,24423.259765625,6721.5,10622.0703125,2637.719970703125,25752.380859375,20.440000534057617,7020.52001953125,21219.5
2018-12-11,10350.0498046875,10567.150390625,10333.849609375,10549.150390625,425500.0,45.54078608792891,16.13460775209387,-24.198934540516568,40.33354229261044,27.84043186523854,32.339733114495495,10682.56005859375,10545.4490234375,10750.978002929687,10664.863937455391,10648.729329703297,16.526953909933738,139.99027686445348,13769700.0,0.005787336945131116,0.005770654643792864,233.30078125,-199.1005859375,60.20000076293945,1241.9000244140625,72.7300033569336,24370.240234375,6806.89990234375,10780.509765625,2636.780029296875,25771.669921875,17.950000762939453,7031.830078125,21148.01953125
2018-12-12,10591.0,10752.2001953125,10560.7998046875,10737.599609375,360500.0,53.41890656838536,20.74172744495627,-15.673451878123338,36.415179323079606,34.940624746506074,29.01015651439808,10690.3150390625,10540.650019531251,10752.773999023437,10676.05404082764,10655.312313382683,16.065216459274914,144.49452885181395,14130200.0,0.01786392380162427,0.01770623905775317,191.400390625,-146.599609375,60.150001525878906,1244.4000244140625,72.62000274658203,24527.26953125,6880.2001953125,10929.4296875,2651.070068359375,26186.7109375,15.8100004196167,7098.31005859375,21602.75
2018-12-13,10810.75,10838.599609375,10749.5,10791.5498046875,376200.0,55.40772108398263,28.418640477739245,-6.397231076272291,34.81587155401154,59.09552085694945,40.62552582289802,10701.0775390625,10537.872011718751,10754.929746093749,10693.822619883002,10665.403979405262,15.029964531165334,141.38777679097012,14506400.0,0.005024418610784842,0.005011838341027756,89.099609375,19.2001953125,61.45000076293945,1242.699951171875,72.1500015258789,24597.380859375,6877.5,10924.7001953125,2650.5400390625,26524.349609375,15.550000190734863,7070.330078125,21816.189453125
2018-12-14,10784.5,10815.75,10752.099609375,10805.4501953125,340100.0,55.929814418326366,35.21831984983146,0.3219586366559355,34.896361213175524,73.16206993210886,55.73273851185479,10710.5150390625,10533.81501953125,10756.96974609375,10710.996093026,10675.777773176169,14.068659169349294,135.83510635054367,14846500.0,0.001288081033454791,0.0012872521687673252,63.650390625,-20.9501953125,60.279998779296875,1237.0,71.5469970703125,24100.509765625,6845.2001953125,10865.76953125,2599.949951171875,26094.7890625,15.15999984741211,6910.66015625,21374.830078125
2018-12-17,10853.2001953125,10900.349609375,10844.849609375,10888.349609375,296900.0,59.011970714553236,46.75741427056164,9.488842445908894,37.268571824652746,81.43570976443644,71.23110018449825,10720.822509765625,10534.41701171875,10759.497993164063,10738.281249387384,10691.523835116823,13.535898053717453,132.91112832996913,15143400.0,0.007672000015183311,0.007642719885813293,55.5,-35.1494140625,59.61000061035156,1247.4000244140625,71.91000366210938,23592.98046875,6773.2001953125,10772.2001953125,2545.93994140625,26087.98046875,14.539999961853027,6753.72998046875,21506.880859375
2018-12-18,10850.900390625,10915.400390625,10819.099609375,10908.7001953125,286100.0,59.75605219623708,56.888575851382484,15.69600322138379,41.19257262999869,87.86529608780451,80.82102526144993,10728.087500000001,10540.606015625,10761.586245117187,10764.49954876048,10707.610972909097,12.845299711800887,130.29610353854275,15429500.0,0.0018690239262686426,0.0018672794743268973,96.30078125,-57.7998046875,56.2599983215332,1249.199951171875,71.58999633789062,23675.640625,6701.60009765625,10740.8896484375,2546.159912109375,25814.25,14.579999923706055,6783.91015625,21115.44921875
2018-12-19,10930.5498046875,10985.150390625,10928.0,10967.2998046875,312100.0,61.900826038959735,68.85240546340538,22.12786626672535,46.72453919668003,94.40210178300615,87.9010358784157,10743.642480468752,10553.6230078125,10763.50974609375,10795.699588133866,10726.84718267046,12.683337833355719,126.44996723668255,15741600.0,0.005371823253533137,0.005357446474361821,57.150390625,-36.75,57.2400016784668,1252.0999755859375,70.56999969482422,23323.66015625,6765.89990234375,10766.2099609375,2506.9599609375,25865.390625,14.65999984741211,6636.830078125,20987.919921875
2018-12-20,10885.2001953125,10962.5498046875,10880.0498046875,10951.7001953125,318900.0,60.96929826176236,76.19672016127879,23.577744771679008,52.61897538959978,95.59074152446279,92.61937979842448,10761.225000000002,10565.696015625,10765.496748046875,10819.699681545964,10743.502961384685,12.14482933040153,123.64996957691952,15422700.0,-0.001422374664029169,-0.0014233871991216722,82.5,-66.5,54.349998474121094,1263.5999755859375,70.68550109863281,22859.599609375,6711.89990234375,10611.099609375,2467.419921875,25623.529296875,14.329999923706055,6528.41015625,20392.580078125
2018-12-21,10944.25,10963.650390625,10738.650390625,10754.0,377500.0,50.580594687299595,65.31151843056614,10.154034432773088,55.15748399779305,85.5442533871519,91.84569889820693,10772.587500000001,10574.75501953125,10766.8025,10809.592038231202,10744.280519800635,11.923676957285352,130.88925746428242,15045200.0,-0.018052009440243655,-0.01821693480035375,225.0,190.25,53.81999969482422,1253.800048828125,70.30000305175781,22445.369140625,6721.2001953125,10633.8203125,2416.6201171875,25753.419921875,15.989999771118164,6332.990234375,20166.189453125
2018-12-24,10780.900390625,10782.2998046875,10649.25,10663.5,223400.0,46.661089885083925,48.81956244860339,-5.07033723935173,53.88989968795512,69.99589163512921,83.7102955155813,10774.33251953125,10578.823027343751,10767.828251953124,10787.116340041784,10738.296777593181,12.265156740437108,131.04358226594084,14821800.0,-0.008415473312255894,-0.0084510833319759,133.0498046875,117.400390625,50.470001220703125,1267.5,70.13999938964844,21792.19921875,6686.0,10633.8203125,2351.10009765625,25651.380859375,15.75,6192.919921875,20166.189453125
2018-12-26,10635.4501953125,10747.5,10534.5498046875,10729.849609375,263700.0,49.73630937131159,40.63501235648437,-10.603909865176611,51.23892222166098,58.641660619073605,71.3939352137849,10776.545019531251,10588.72701171875,10769.683251953125,10778.306073785356,10737.671061428871,13.20211113102569,136.89405462640937,15085500.0,0.006222123071693231,0.006202845587195536,212.9501953125,-94.3994140625,54.470001220703125,1269.199951171875,70.23999786376953,22878.44921875,6686.0,10633.8203125,2467.699951171875,25651.380859375,15.920000076293945,6554.35986328125,19327.060546875
2018-12-27,10817.900390625,10834.2001953125,10764.4501953125,10779.7998046875,456100.0,51.98086225204393,37.74416946187375,-10.795802207829787,48.53997166970354,59.962085090134124,62.86654578144564,10779.092529296875,10594.8730078125,10772.336000976564,10778.535878539533,10740.79170907766,13.371976078283186,134.56952114863014,15541600.0,0.004655255863871277,0.004644453671963747,69.75,38.1005859375,52.15999984741211,1277.300048828125,70.1500015258789,23138.8203125,6584.7001953125,10381.509765625,2488.830078125,25478.880859375,16.06999969482422,6579.490234375,20077.619140625
2018-12-28,10820.9501953125,10893.599609375,10817.150390625,10859.900390625,245500.0,55.418891129272524,41.43892140598837,-5.680840210972143,47.11976161696051,70.01378451376351,62.87251007432374,10779.1525390625,10601.821015624999,10775.864501953127,10791.053495783452,10749.614574377463,13.079473920351179,133.08596997283513,15787100.0,0.007430619064249022,0.007403148015077441,76.44921875,-38.9501953125,52.20000076293945,1279.9000244140625,69.98999786376953,23062.400390625,6734.0,10558.9599609375,2485.739990234375,25504.19921875,15.270000457763672,6584.52001953125,20014.76953125
2018-12-31,10913.2001953125,10923.5498046875,10853.2001953125,10862.5498046875,180900.0,55.53229782024509,44.0727809295131,-2.4375845499579327,46.510365479471034,76.80533147807172,68.92706702732312,10778.442529296875,10607.37701171875,10778.96399902344,10802.052927922536,10757.980146993023,12.583367376827972,128.60480135870407,15968000.0,0.00024396301689710853,0.00024393326275947618,70.349609375,50.650390625,53.79999923706055,1278.300048828125,69.92250061035156,23327.4609375,6728.10009765625,10558.9599609375,2506.85009765625,25845.69921875,16.0,6635.27978515625,20014.76953125
2019-01-02,10868.849609375,10895.349609375,10735.0498046875,10792.5,309700.0,51.78165655944219,40.04607356199449,-5.1714335339812365,45.217507095975726,73.06371968023564,73.29427855735696,10773.880029296877,10614.166015625,10781.792250976563,10800.583246703683,10760.537173141689,12.852734996836107,130.86873016790378,15658300.0,-0.006448744166611009,-0.006469627145011258,160.2998046875,76.349609375,54.90999984741211,1281.0,69.70999908447266,23346.240234375,6734.2001953125,10580.1904296875,2510.030029296875,25130.349609375,16.389999389648438,6665.93994140625,20014.76953125
2019-01-03,10796.7998046875,10814.0498046875,10661.25,10672.25,286200.0,46.03387497703548,26.842287749132083,-14.700175477474914,41.542463226607,56.32705437952164,68.73203517927632,10764.017529296876,10621.54001953125,10783.04649902344,10780.839670287733,10753.9973825386,13.510604578479871,132.43523549073208,15372100.0,-0.011141996757007222,-0.011204533761500678,152.7998046875,124.5498046875,55.95000076293945,1291.800048828125,69.95999908447266,22686.220703125,6692.7001953125,10416.66015625,2447.889892578125,25064.359375,16.790000915527344,6463.5,20014.76953125
2019-01-04,10699.7001953125,10741.0498046875,10628.650390625,10727.349609375,296600.0,48.83630230271638,20.586956731940518,-16.764405195733183,37.3513619276737,43.530805601609536,57.64052655378893,10761.239990234375,10631.182011718749,10784.548999023438,10772.610430147311,10752.023473415371,14.296530310666444,131.00410538871552,15668700.0,0.0051628859308019415,0.005149603931252372,112.3994140625,-27.6494140625,57.060001373291016,1282.699951171875,70.30000305175781,23433.16015625,6837.39990234375,10767.6904296875,2531.93994140625,25626.029296875,16.15999984741211,6738.85986328125,19561.9609375
2019-01-07,10804.849609375,10835.9501953125,10750.150390625,10771.7998046875,269400.0,51.04492086461566,18.99733169517458,-14.6832241859993,33.68055588117388,41.99950153332683,47.28578717148601,10769.7724609375,10643.682011718749,10786.35349609375,10772.48571853811,10753.488386842935,14.22825715109655,129.40385399934297,15938100.0,0.004143632577580325,0.0041350713736188,85.7998046875,33.0498046875,57.33000183105469,1286.800048828125,69.5250015258789,23531.349609375,6810.89990234375,10747.8095703125,2549.68994140625,25835.69921875,16.299999237060547,6823.47021484375,20038.970703125
2019-01-08,10786.25,10818.4501953125,10733.25,10802.150390625,277700.0,52.55105430142031,19.956534528102566,-10.979217082457055,30.93575161055962,51.60892761035799,45.713078248431444,10775.194970703125,10655.23001953125,10788.56349609375,10777.049514243785,10757.092979715682,14.269582637107607,126.24644980742562,16215800.0,0.0028175965472634346,0.0028136345625500237,85.2001953125,-15.900390625,58.720001220703125,1283.199951171875,69.80999755859375,23787.44921875,6861.60009765625,10803.98046875,2574.409912109375,25875.44921875,15.699999809265137,6897.0,20204.0390625
2019-01-09,10862.400390625,10870.400390625,10749.400390625,10855.150390625,333000.0,55.14618115166829,24.70854205215619,-4.981767646722748,29.690309698878938,61.06303436169174,51.55715450179218,10793.52998046875,10669.835019531249,10791.86349609375,10789.065033687048,10764.356491634891,13.8730460872177,125.8717033926095,16548800.0,0.004906430486840696,0.004894433183399924,121.0,7.25,61.439998626708984,1289.300048828125,70.33000183105469,23879.119140625,6906.60009765625,10893.3203125,2584.9599609375,26462.3203125,15.270000457763672,6957.080078125,20427.060546875
2019-01-10,10859.349609375,10859.349609375,10801.7998046875,10821.599609375,254400.0,53.16392175404605,25.47363044505073,-3.37334340306257,28.8469738481133,65.810947878879,59.494303283642914,10807.152441406251,10685.66701171875,10795.500244140625,10794.070353023655,10768.596722578604,13.504833576605643,120.99156777081598,16294400.0,-0.0030907707440862575,-0.003095557040757343,57.5498046875,37.75,61.68000030517578,1284.699951171875,70.55049896240234,24001.919921875,6942.89990234375,10921.58984375,2596.639892578125,26521.4296875,15.350000381469727,6986.06982421875,20163.80078125
2019-01-11,10834.75,10850.150390625,10739.400390625,10794.9501953125,260800.0,51.57800887664238,23.656881705781416,-4.152073713865512,27.808955419646928,66.24349020466869,64.37249081507981,10810.019970703126,10696.5490234375,10798.853247070314,10794.205713375784,10770.548831670003,13.611485512356303,120.2600272157577,16033600.0,-0.0024626132017869784,-0.002465650421033224,110.75,39.7998046875,60.47999954223633,1287.0999755859375,70.72000122070312,23995.94921875,6918.2001953125,10887.4599609375,2596.260009765625,26667.26953125,15.350000381469727,6971.47998046875,20359.69921875
2019-01-14,10807.0,10808.0,10692.349609375,10737.599609375,298800.0,48.24275214903002,17.38893345400902,-8.336017572510325,25.724951026519346,59.92624933143085,63.993562471659516,10807.322460937501,10707.3330078125,10801.764995117188,10785.497081991049,10768.10814853704,14.031760637546883,119.93076745927502,15734800.0,-0.005312723532749919,-0.005326886232360374,115.650390625,69.400390625,58.9900016784668,1289.0999755859375,70.37000274658203,23909.83984375,6855.0,10855.91015625,2582.610107421875,26298.330078125,16.15999984741211,6905.919921875,20359.69921875
2019-01-15,10777.5498046875,10896.9501953125,10777.5498046875,10886.7998046875,310700.0,56.181289692725954,24.181993185336978,-1.2343662729458984,25.416359458282876,67.81191853598213,64.66055269069389,10811.38994140625,10717.33701171875,10805.625244140625,10801.08211625204,10776.900123066704,13.591997652814415,122.74646877914823,16045500.0,0.013895116296032572,0.013799464213669708,119.400390625,-109.25,60.63999938964844,1286.199951171875,71.08499908447266,24065.58984375,6895.0,10891.7900390625,2610.300048828125,26830.2890625,15.579999923706055,7023.830078125,20555.2890625
2019-01-16,10899.650390625,10928.150390625,10876.900390625,10890.2998046875,276500.0,56.35042438193403,29.50781498982178,3.2731644252311227,26.23465056459066,76.70422242561331,68.14746343100876,10811.487451171875,10727.53400390625,10810.086494140625,10814.80791447288,10785.300099483058,12.910631654820254,117.63957815206622,16322000.0,0.0003214902508350548,0.000321438583917674,51.25,9.3505859375,61.31999969482422,1291.5999755859375,71.09249877929688,24207.16015625,6862.7001953125,10931.240234375,2616.10009765625,26902.099609375,16.079999923706055,7034.68994140625,20442.75
2019-01-17,10920.849609375,10930.650390625,10844.650390625,10905.2001953125,271700.0,57.10943724525224,34.53283115441991,6.638544471863398,27.894286682556512,89.82918568336157,78.11510888165233,10811.312451171874,10734.578007812499,10813.959243164063,10828.714419217436,10794.181588063017,12.537982930059542,115.37960828406149,16593700.0,0.001368225934293088,0.001367290766106507,86.0,15.6494140625,61.18000030517578,1291.0,71.36499786376953,24370.099609375,6834.89990234375,10918.6201171875,2635.9599609375,26755.630859375,16.239999771118164,7084.4599609375,20402.26953125
2019-01-18,10914.849609375,10928.2001953125,10852.2001953125,10906.9501953125,323800.0,57.203561557689696,38.215874233186696,8.257270040504146,29.95860419268255,90.36237034302479,85.63192615066654,10808.294970703126,10742.23701171875,10817.5732421875,10840.75069246283,10802.534818229644,12.191951971353168,112.56677912091425,16917500.0,0.0001604738994844812,0.0001604610249256087,76.0,7.8994140625,62.70000076293945,1281.300048828125,71.03019714355469,24706.349609375,6968.2998046875,11205.5400390625,2670.7099609375,27090.810546875,16.6200008392334,7157.22998046875,20666.0703125
2019-01-21,10919.349609375,10987.4501953125,10885.75,10961.849609375,288800.0,60.15749719352744,45.045381194662696,12.06942160158411,32.975959593078585,92.19665831224688,90.79607144621107,10808.80244140625,10750.87400390625,10821.813989257813,10859.381295064704,10814.335913870042,11.346965050587292,111.79059456317037,17206300.0,0.0050334340103701525,0.005020808629692447,101.7001953125,-42.5,62.70000076293945,1281.300048828125,71.2300033569336,24706.349609375,6970.60009765625,11136.2001953125,2670.7099609375,27196.5390625,18.149999618530273,7157.22998046875,20719.330078125
2019-01-22,10949.7998046875,10949.7998046875,10864.150390625,10922.75,300800.0,57.13288996810333,46.76373967650579,11.030224066741766,35.73351560976403,88.99493256264708,90.51798707263958,10817.23994140625,10757.36099609375,10825.368740234375,10869.130326593211,10822.366586916705,10.715116493666478,110.78406771937249,16905500.0,-0.0035668806605010372,-0.003573257146616415,85.6494140625,27.0498046875,61.5,1282.5,71.5,24404.48046875,6901.39990234375,11090.1103515625,2632.89990234375,27005.44921875,17.989999771118164,7020.35986328125,20622.91015625
2019-01-23,10931.0498046875,10944.7998046875,10811.9501953125,10831.5,298900.0,50.72327882113334,40.29790954488453,3.6515151480964008,36.64639439678813,77.1227136186269,86.10476816450695,10825.63994140625,10762.286992187499,10828.301240234376,10863.34104557887,10823.043136033986,10.609751357089632,112.3601778376316,16606600.0,-0.008354123274816327,-0.008389214537151498,132.849609375,99.5498046875,61.13999938964844,1283.0999755859375,71.2302017211914,24575.619140625,6842.89990234375,11071.5400390625,2638.699951171875,27008.19921875,18.09000015258789,7025.77001953125,20593.720703125
2019-01-24,10844.0498046875,10866.599609375,10798.650390625,10849.7998046875,361100.0,51.888982840355986,36.23266625962788,-0.33098250972820864,36.563648769356085,63.952652455709725,76.69009954566124,10831.637451171875,10769.638984375,10831.908237304688,10861.25777774943,10825.025111489802,10.632570140464795,109.18796647422934,16967700.0,0.001689498655541799,0.0016880730581589696,67.94921875,-5.75,61.09000015258789,1279.0999755859375,71.15730285644531,24553.240234375,6819.0,11130.1796875,2642.330078125,27120.98046875,17.43000030517578,7073.4599609375,20574.630859375
2019-01-25,10859.75,10931.7001953125,10756.4501953125,10780.5498046875,463400.0,47.32642678104342,27.110522189870608,-7.562501263588381,34.67302345345899,46.592843982624736,62.55607001898712,10831.674951171875,10773.599980468749,10834.185234375,10848.841166509132,10821.730644319261,9.945836909771115,113.90668315464153,16504300.0,-0.006382606245884936,-0.006403062164968701,175.25,79.2001953125,61.63999938964844,1297.4000244140625,70.98999786376953,24737.19921875,6809.2001953125,11281.7900390625,2664.760009765625,27569.189453125,17.690000534057617,7164.85986328125,20773.560546875
2019-01-28,10792.4501953125,10804.4501953125,10630.9501953125,10661.5498046875,419700.0,40.703149484142024,10.161713905134093,-19.60904763865992,29.770761543794013,30.60875873676732,47.051418391700594,10821.757421875001,10775.30498046875,10835.834985351563,10820.027110844265,10809.86539693913,10.414376066841054,118.1633486435957,16084600.0,-0.011038398055380982,-0.011099773244971002,173.5,130.900390625,59.93000030517578,1302.4000244140625,70.9749984741211,24528.220703125,6747.10009765625,11210.3095703125,2643.85009765625,27576.9609375,18.899999618530273,7085.68017578125,20649.0
2019-01-29,10653.7001953125,10690.349609375,10583.650390625,10652.2001953125,356900.0,40.2268106254933,-3.9789077370987798,-26.999735424714235,23.020827687615455,18.482568892035943,31.894723870476,10811.23994140625,10776.014980468752,10837.19923828125,10794.207585377839,10798.186493114938,11.205575582106734,117.34448222262458,15727700.0,-0.0008769465552643796,-0.0008773312978436732,106.69921875,1.5,61.31999969482422,1308.199951171875,71.09010314941406,24579.9609375,6833.89990234375,11218.830078125,2640.0,27531.6796875,18.43000030517578,7028.2900390625,20664.640625
2019-01-30,10702.25,10710.2001953125,10612.849609375,10651.7998046875,410100.0,40.2051113924775,-15.044338672041704,-30.452133087725727,15.407794415684023,14.145518768896,21.07894879923309,10804.204931640626,10775.406972656252,10838.446987304687,10772.298696040863,10787.343034712905,11.712213562350708,115.91634677368711,15317600.0,-3.758759858607519e-05,-3.758830501756102e-05,97.3505859375,50.4501953125,61.650001525878906,1309.9000244140625,71.62000274658203,25014.859375,6941.60009765625,11181.66015625,2681.050048828125,27642.849609375,17.850000381469727,7183.080078125,20556.5390625
2019-01-31,10690.5498046875,10838.0498046875,10678.5498046875,10830.9501953125,604800.0,52.540897855974805,-9.251191136203488,-19.72718844151001,10.475997305306521,31.698795540088334,21.442294400340092,10812.13994140625,10776.75796875,10840.515986328126,10781.322003621115,10790.573194757319,10.879937475328264,120.94017914699518,15922400.0,0.016818790618479573,0.016678920874278535,159.5,-140.400390625,61.88999938964844,1319.699951171875,71.12000274658203,24999.669921875,6968.89990234375,11173.099609375,2704.10009765625,27942.470703125,17.1200008392334,7281.740234375,20773.490234375
2019-02-01,10851.349609375,10983.4501953125,10813.4501953125,10893.650390625,482300.0,55.96492603057677,0.39475133003543306,-8.064996780216871,8.459748110252304,51.63030553667834,32.49153994855422,10820.45498046875,10781.50697265625,10842.690986328125,10798.603293929405,10798.20854259937,11.233681544919422,124.44445206506695,16404700.0,0.005788983808607595,0.005772292029816439,170.0,-42.30078125,61.869998931884766,1316.9000244140625,71.19999694824219,25063.890625,7020.2001953125,11180.66015625,2706.530029296875,27930.740234375,15.720000267028809,7263.8701171875,20788.390625
2019-02-04,10876.75,10927.900390625,10814.150390625,10912.25,318300.0,56.956990852968595,9.431344593271206,0.7772771864151196,8.654067406856086,73.13024950966283,52.153116862143165,10827.477490234378,10787.7509765625,10844.849238281251,10816.087402555651,10806.65605796238,11.562158180968355,123.68056263184789,16723000.0,0.0017073807867935553,0.0017059248691862574,113.75,-35.5,62.5099983215332,1314.300048828125,71.45169830322266,25239.369140625,7034.10009765625,11176.580078125,2724.8701171875,27990.2109375,15.720000267028809,7347.5400390625,20883.76953125
2019-02-05,10908.650390625,10956.7001953125,10886.7001953125,10934.349609375,268100.0,58.16304510530846,18.166748671666937,7.6101450118486795,10.556603659818258,81.66578393886849,68.80877966173654,10834.087451171876,10795.90296875,10846.87923828125,10834.281588220167,10816.1148395485,12.078804859953612,119.84623672957305,16991100.0,0.0020252110586724825,0.0020231630833451035,70.0,-25.69921875,61.97999954223633,1314.199951171875,71.68499755859375,25411.51953125,7177.39990234375,11367.98046875,2737.699951171875,27990.2109375,15.779999732971191,7402.080078125,20844.44921875
2019-02-06,10965.099609375,11072.599609375,10962.7001953125,11062.4501953125,298500.0,64.39136300793218,35.02254791132873,19.572755401208376,15.449792510120353,88.71695859003337,81.17099734618822,10844.45244140625,10804.579980468749,10849.447988281252,10869.384450849755,10834.361902938426,13.32631941479813,121.16079124888927,17289600.0,0.011715428033110209,0.011647333726075786,109.8994140625,-97.3505859375,62.689998626708984,1309.5,71.7699966430664,25390.30078125,7173.10009765625,11324.7197265625,2731.610107421875,27990.2109375,15.630000114440918,7375.27978515625,20874.060546875
2019-02-07,11070.4501953125,11118.099609375,11043.599609375,11069.400390625,263500.0,64.69843151880642,48.38397260651982,26.347344077119573,22.036628529400247,91.8873251156183,87.42335588150672,10856.84248046875,10812.25599609375,10852.163989257813,10900.1561338921,10851.77216128558,14.751432946075004,117.82787758825432,17553100.0,0.0006282690714798367,0.0006280717930916961,74.5,1.0498046875,61.630001068115234,1309.4000244140625,71.54049682617188,25169.529296875,7093.60009765625,11022.01953125,2706.050048828125,27990.2109375,15.4399995803833,7288.35009765625,20751.279296875
2019-02-08,11023.5,11041.2001953125,10925.4501953125,10943.599609375,352800.0,55.388058391798495,48.265551027465335,20.98313799845207,27.282413029013266,85.38725504335102,88.66384624966756,10864.274951171876,10816.55099609375,10854.05548828125,10906.839745504854,10858.574194477389,14.846006859721053,119.69375742570044,17200300.0,-0.011364733121095205,-0.011429805188104512,115.75,79.900390625,62.099998474121094,1313.699951171875,71.58000183105469,25106.330078125,7071.2001953125,10906.7802734375,2707.8798828125,27946.3203125,15.569999694824219,7298.2001953125,20333.169921875
2019-02-11,10930.900390625,10930.900390625,10857.099609375,10888.7998046875,286000.0,51.88539187285388,43.251241427466084,12.77506271876225,30.476178708703834,71.77785980017396,83.01747998638109,10871.8349609375,10817.15298828125,10855.67923828125,10904.064369994492,10860.813128567026,14.316733667117061,117.32277475243613,16914300.0,-0.005007475295473629,-0.005020054711538446,73.80078125,42.1005859375,61.5099983215332,1307.0,71.1500015258789,25053.109375,7129.10009765625,11014.58984375,2709.800048828125,28143.83984375,15.84000015258789,7307.89990234375,20333.169921875
2019-02-12,10879.7001953125,10910.900390625,10823.7998046875,10831.400390625,292300.0,48.430646468688124,34.25088900735318,3.0197682389194753,31.231120768433705,56.93391756018292,71.36634413456929,10869.064990234376,10816.24599609375,10856.912739257812,10892.88529624534,10858.634407237987,13.536857517264911,115.1640469799407,16622000.0,-0.005271417887377283,-0.005285360831624847,87.1005859375,48.2998046875,62.41999816894531,1309.199951171875,71.2300033569336,25425.759765625,7133.10009765625,11126.080078125,2744.72998046875,28171.330078125,15.75,7414.6201171875,20864.2109375
2019-02-14,10786.099609375,10792.7001953125,10718.75,10746.0498046875,627000.0,43.764322497773,20.000413571995523,-8.984565757150548,28.98497932914607,44.61283398748225,57.7748704492797,10861.852490234374,10813.4919921875,10857.571240234376,10870.295220621058,10850.294807049062,13.163416999070074,114.98450009744494,15995000.0,-0.007879921603800577,-0.007911132252471094,73.9501953125,40.0498046875,64.56999969482422,1309.800048828125,70.86509704589844,25439.390625,7197.0,11089.7900390625,2745.72998046875,28432.05078125,15.770000457763672,7426.9501953125,21139.7109375
2019-02-15,10780.25,10785.75,10620.400390625,10724.400390625,521900.0,42.642002916991316,6.8805674387713225,-17.6835295122998,24.56409695107112,34.35932387558258,45.30202514108258,10852.8125,10810.59,10858.340493164063,10847.849862160125,10840.969294721353,13.487698685472822,118.58200790298459,15473100.0,-0.002014639281967212,-0.0020166713974639474,165.349609375,55.849609375,66.25,1318.0999755859375,71.01000213623047,25883.25,7236.7001953125,11299.7998046875,2775.60009765625,27900.83984375,16.459999084472656,7472.41015625,20900.630859375
2019-02-18,10738.650390625,10759.900390625,10628.400390625,10640.9501953125,345400.0,38.539334352900376,-10.133920951944674,-27.758414322412637,17.624493370467963,22.481039426785266,33.81773242995003,10839.5125,10807.75099609375,10858.456245117188,10816.019144183569,10826.153065135513,13.788817394275373,119.50472162419997,15127700.0,-0.00778133902809619,-0.007811771620307167,131.5,97.7001953125,66.25,1318.0999755859375,71.31999969482422,25883.25,7219.5,11299.2001953125,2775.60009765625,28347.009765625,18.0,7472.41015625,21281.849609375
2019-02-19,10636.7001953125,10722.849609375,10585.650390625,10604.349609375,291500.0,36.86409163385572,-26.26857915675828,-35.11445802178099,8.845878865022716,13.522910087406444,23.454424463258096,10821.6375,10807.814980468751,10858.016494140626,10783.454600366866,10809.723179523624,14.357141910233112,120.76861427604284,14836200.0,-0.0034395975233135756,-0.003445526538395949,137.19921875,32.3505859375,66.44999694824219,1340.0999755859375,71.69999694824219,25891.3203125,7179.2001953125,11309.2099609375,2779.760009765625,28228.130859375,18.469999313354492,7486.77001953125,21302.650390625
2019-02-20,10655.4501953125,10752.7001953125,10646.400390625,10735.4501953125,289200.0,45.93035491514573,-28.15216970788788,-29.598438858328475,1.446269150440597,14.122436128060679,16.708795214084127,10812.272509765626,10808.649980468752,10857.996997070313,10776.06930728158,10804.221476989467,14.575137529746533,122.73875510900406,15125400.0,0.012362906803977669,0.01228711014362708,106.2998046875,-80.0,67.08000183105469,1343.300048828125,71.5999984741211,25954.439453125,7228.60009765625,11401.9697265625,2784.699951171875,28514.05078125,17.059999465942383,7489.06982421875,21431.490234375
2019-02-21,10744.099609375,10808.849609375,10721.5,10789.849609375,279600.0,49.190740973928754,-24.96754044572117,-21.131047676929413,-3.836492768791757,23.33231846738123,16.992554894282783,10810.189990234376,10814.677968750002,10858.35599609375,10778.18935375749,10803.156894203212,14.213197549129376,120.21095898514663,15405000.0,0.005067269008080633,0.005054473607434973,87.349609375,-45.75,67.06999969482422,1323.5,71.30000305175781,25850.630859375,7167.39990234375,11423.2802734375,2774.8798828125,28629.919921875,16.049999237060547,7459.7099609375,21464.23046875
2019-02-22,10782.7001953125,10801.5498046875,10758.400390625,10791.650390625,396800.0,49.29972860530983,-22.044278098486757,-14.566228263755999,-7.478049834730757,35.058055223380556,24.170936606274154,10807.28251953125,10819.52796875,10858.91599609375,10780.260282506339,10802.304560604825,13.877110424270587,114.70656291924331,15801800.0,0.00016689586186968697,0.00016688193630472358,43.1494140625,-8.9501953125,67.12000274658203,1329.199951171875,71.18499755859375,26031.810546875,7178.60009765625,11457.7001953125,2792.669921875,28816.30078125,15.449999809265137,7527.5400390625,21425.509765625
2019-02-25,10813.25,10887.099609375,10788.0498046875,10880.099609375,385900.0,54.46611392801654,-12.44697786235156,-3.975142422096642,-8.471835440254917,44.11365520479506,34.168009631852286,10812.260009765625,10822.37796875,10860.225244140625,10795.62017894767,10808.067156810022,13.038033244205048,113.58822304554737,16187700.0,0.008196078963680797,0.008162673513503154,99.0498046875,-66.849609375,64.76000213623047,1325.9000244140625,71.03099822998047,26091.94921875,7183.7001953125,11505.3896484375,2796.110107421875,28959.30078125,15.359999656677246,7554.4599609375,21528.23046875
2019-02-26,10775.2998046875,10888.75,10729.2998046875,10835.2998046875,415000.0,51.598126486182856,-8.359653232333585,0.08974576633706732,-8.449398998670652,46.959009197375536,42.043573208517046,10820.947509765625,10823.25296875,10860.824243164063,10801.724736753798,10810.084389986132,12.486185013366418,116.86407820747256,15772700.0,-0.004117591409631749,-0.004126092031890748,159.4501953125,-60.0,65.20999908447266,1325.0999755859375,71.08999633789062,26057.98046875,7151.10009765625,11540.7900390625,2793.89990234375,28772.060546875,17.110000610351562,7549.2998046875,21449.390625
2019-02-27,10881.2001953125,10939.7001953125,10751.2001953125,10806.650390625,381100.0,49.792455153864566,-7.3474900060246,0.8815271941168419,-8.229017200141442,47.898065885586696,46.32357676258576,10828.670019531251,10823.276972656251,10861.268496093751,10802.48252965706,10809.830019663084,11.694195373707863,121.98092976408167,15391600.0,-0.002644081343287419,-0.0026475831003447124,188.5,74.5498046875,66.38999938964844,1317.699951171875,70.94000244140625,25985.16015625,7107.2001953125,11487.330078125,2792.3798828125,28757.439453125,18.899999618530273,7554.509765625,21556.509765625
2019-02-28,10865.7001953125,10865.7001953125,10784.849609375,10792.5,644200.0,48.8825502747097,-7.5995586391891266,0.503566848761853,-8.10312548795098,44.599960345286355,46.48567847608286,10835.705029296876,10821.359980468751,10861.522495117188,10800.946755863666,10808.546314502855,10.958776422596348,119.04304806218298,14747400.0,-0.0013094150466157473,-0.0013102730795938819,80.8505859375,73.2001953125,66.02999877929688,1312.800048828125,71.19000244140625,25916.0,7074.7001953125,11515.6396484375,2784.489990234375,28633.1796875,18.280000686645508,7532.52978515625,21385.16015625
2019-03-01,10842.650390625,10877.900390625,10823.099609375,10863.5,308500.0,53.476434512667865,-2.046625988376036,4.845199599659955,-6.89182558803599,55.13014658565018,49.209390938841075,10837.33251953125,10820.4559765625,10862.25724609375,10810.570331884639,10812.616957873015,10.398350206631012,116.64000110238419,15055900.0,0.006578642575862936,0.006557097745663337,54.80078125,-20.849609375,65.06999969482422,1296.4000244140625,70.81600189208984,26026.3203125,7106.7001953125,11601.6796875,2803.68994140625,28812.169921875,16.270000457763672,7595.35009765625,21602.689453125
2019-03-05,10864.849609375,10994.900390625,10817.0,10987.4501953125,373200.0,60.20089868845491,12.215050512131711,15.285500880134162,-3.070450368002451,74.02122774565944,57.91711155886532,10842.022509765626,10820.858984375,10863.161997070312,10837.782618565849,10825.567568053717,10.931524982513467,121.01574321114246,15429100.0,0.011409784628572783,0.011345183958033887,177.900390625,-122.6005859375,65.86000061035156,1282.0,70.9000015258789,25806.630859375,7183.39990234375,11620.740234375,2789.64990234375,28961.599609375,15.65999984741211,7576.35986328125,21726.279296875
2019-03-06,11024.849609375,11062.2998046875,10998.849609375,11053.0,372600.0,63.22789604994497,28.478570075780226,25.23921635502614,3.2393537207540852,91.56867320748609,73.57334917959857,10849.060009765626,10822.884980468749,10864.393999023438,10870.892984940334,10842.414414864554,11.932904342476094,117.71816222284659,15801700.0,0.005965879573721855,0.0059481541776258,63.4501953125,-28.150390625,65.98999786376953,1284.9000244140625,70.74250030517578,25673.4609375,7196.0,11587.6298828125,2771.449951171875,29037.599609375,15.609999656677246,7505.919921875,21596.810546875
2019-03-07,11077.9501953125,11089.0498046875,11027.099609375,11058.2001953125,321200.0,63.4652941988202,41.31093209415849,30.45726269872352,10.853669395434967,96.70007119837423,87.42999071717324,10855.252539062501,10828.968984375,10865.675751953126,10899.709478843744,10858.398546749586,13.053445835849292,113.7347360149647,16122900.0,0.00047047817900125466,0.00047036753884395607,61.9501953125,19.75,66.30000305175781,1283.800048828125,70.36499786376953,25473.23046875,7157.60009765625,11517.7998046875,2748.929931640625,28779.44921875,15.289999961853027,7421.4599609375,21456.009765625
2019-03-08,11038.849609375,11049.0,11008.9501953125,11035.400390625,326600.0,61.58792127678465,49.07520928910526,30.577231914936235,18.497977374169025,93.75441322773983,94.00771921120004,10853.900048828127,10836.406992187502,10867.147255859376,10920.585003733167,10871.509794444062,13.86301861184953,109.12868344246722,15796300.0,-0.0020618006804727917,-0.002063929117607768,40.0498046875,3.44921875,65.73999786376953,1297.0,70.48750305175781,25450.240234375,7104.2998046875,11457.83984375,2743.070068359375,28228.419921875,14.9399995803833,7408.14013671875,21025.560546875
2019-03-11,11068.75,11180.900390625,11059.849609375,11168.0498046875,352200.0,67.5940881109817,65.18079044353362,37.34625045549168,27.834539988041946,93.6851543390325,94.71321292171551,10858.83251953125,10845.170996093751,10869.574003906251,10958.656511572295,10893.475721128762,15.508414713253002,111.72663462514814,16148500.0,0.012020353532001593,0.01194868284879883,121.05078125,-99.2998046875,66.58000183105469,1288.800048828125,69.98690032958984,25650.880859375,7130.60009765625,11543.48046875,2783.300048828125,28503.30078125,14.899999618530273,7558.06005859375,21125.08984375
2019-03-12,11231.349609375,11320.400390625,11227.0,11301.2001953125,391300.0,72.27954298529801,87.67800580875883,47.8747726565735,39.80323315218533,94.77834208670681,94.07263655115972,10876.712548828124,10855.59900390625,10873.098002929688,11011.355539840019,10923.67753403126,17.75101228026028,114.62834543317328,16539800.0,0.011922438828049886,0.011851926453906937,93.400390625,-69.8505859375,66.66999816894531,1296.300048828125,69.79010009765625,25554.66015625,7151.2001953125,11524.169921875,2791.52001953125,28920.869140625,15.100000381469727,7591.02978515625,21503.689453125
2019-03-13,11326.2001953125,11352.2998046875,11276.599609375,11341.7001953125,383000.0,73.53305524349165,107.5356189204449,54.185908614607655,53.34971030583725,97.77070221475128,95.4113995468302,10899.357568359374,10865.235,10877.223002929688,11062.177794528092,10954.642175607647,19.975957059059837,111.84776328169661,16922800.0,0.0035836901656514097,0.0035772840485137174,75.7001953125,-15.5,67.55000305175781,1307.5,69.84500122070312,25702.890625,7159.2001953125,11572.41015625,2810.919921875,28807.44921875,15.279999732971191,7643.41015625,21290.240234375
2019-03-14,11382.5,11383.4501953125,11313.75,11343.25,294500.0,73.58228527069183,121.99173191555019,54.91361728777035,67.07811462777984,96.44185207226936,96.33029879124248,10924.950048828123,10874.849003906249,10881.255751953126,11105.419672293001,10983.42794037745,22.18075161852234,108.83722271246829,17217300.0,0.00013664659273393553,0.00013663725743869715,69.7001953125,39.25,67.2300033569336,1293.4000244140625,69.72630310058594,25709.939453125,7185.39990234375,11587.4697265625,2808.47998046875,28851.390625,15.149999618530273,7630.91015625,21287.01953125
2019-03-15,11376.849609375,11487.0,11370.7998046875,11426.849609375,463700.0,76.15844509043397,138.59644191125335,57.21466182677881,81.38178008447454,94.74523409643778,96.31926279448614,10958.990039062499,10887.53599609375,10886.238251953126,11154.870431844078,11016.273989932824,24.648715198284798,111.33099251872055,17681000.0,0.007369987382364052,0.0073429617299341126,116.2001953125,-50.0,67.16000366210938,1301.800048828125,69.3373031616211,25848.869140625,7228.2998046875,11685.6904296875,2822.47998046875,29012.259765625,15.869999885559082,7688.52978515625,21450.849609375
2019-03-18,11473.849609375,11530.150390625,11412.5,11462.2001953125,320300.0,77.17216803189163,152.8463732144519,57.171674503981876,95.67469871047001,92.47709785623307,94.55472800831339,10995.880029296875,10903.335,10890.980004882815,11202.151933916142,11049.30556070169,27.098077632284607,111.7823780977405,18001300.0,0.0030936423551506387,0.003088866890158751,117.650390625,11.6494140625,67.54000091552734,1300.300048828125,68.9530029296875,25914.099609375,7299.2001953125,11657.0595703125,2832.93994140625,29409.009765625,16.899999618530273,7714.47998046875,21584.5
2019-03-19,11500.2998046875,11543.849609375,11451.25,11532.400390625,326100.0,79.07490407016849,167.86902587619625,57.75546173258098,110.11356414361526,94.04409173630819,93.75547456299302,11040.4525390625,10919.436015625,10895.616254882814,11252.959388794428,11085.090362918232,29.422768947652852,110.41218033183047,18327400.0,0.006124495656707252,0.006105817158639563,92.599609375,-32.1005859375,67.61000061035156,1305.0,68.61799621582031,25887.380859375,7324.0,11788.41015625,2832.570068359375,29466.279296875,16.489999771118164,7723.9501953125,21566.849609375
2019-03-20,11553.349609375,11556.099609375,11503.099609375,11521.0498046875,366300.0,77.94365229670552,176.8204132614519,53.365479294269306,123.4549339671826,95.17542587489345,93.89887182247824,11086.287548828124,10934.421015625001,10899.778251953125,11294.204068162593,11117.383654901141,31.62823039312248,106.3113103081283,17961100.0,-0.0009842344657688962,-0.000984719142560533,53.0,32.2998046875,68.5,1300.5,69.31749725341797,25745.669921875,7291.0,11603.8896484375,2824.22998046875,29320.970703125,16.030000686645508,7728.97021484375,21608.919921875
2019-03-22,11549.2001953125,11572.7998046875,11434.5498046875,11456.900390625,386200.0,71.7005271046724,176.70122888580954,42.597035934901555,134.104192950908,92.8921198984581,94.0372125032199,11122.36005859375,10947.516015625,10903.896254882813,11319.234271618348,11142.533042732539,32.65534385457215,108.59264528611914,17574900.0,-0.005568018119008533,-0.005583577314696379,138.25,92.2998046875,67.02999877929688,1311.5999755859375,68.93000030517578,25502.3203125,7207.60009765625,11364.169921875,2800.7099609375,29113.359375,16.270000457763672,7642.669921875,21627.33984375
2019-03-25,11395.650390625,11395.650390625,11311.599609375,11354.25,294500.0,63.00406764744077,166.40552644608033,25.84106679613788,140.56445964994245,83.73480737253004,90.60078438196052,11150.580078125,10957.4980078125,10907.595756835937,11324.621306753987,11158.215780307906,32.07696414684578,111.21465499782492,17280400.0,-0.008959700017030503,-0.00900007950222714,84.05078125,41.400390625,67.20999908447266,1321.9000244140625,69.1604995727539,25516.830078125,7177.60009765625,11346.650390625,2798.360107421875,28523.349609375,16.670000076293945,7637.5400390625,20977.109375
2019-03-26,11375.2001953125,11496.75,11352.4501953125,11483.25,282600.0,68.22057630769257,166.73333192553764,20.93509782047613,145.7982341050615,80.04886741472993,85.55859822857269,11185.16005859375,10970.731015625,10911.331254882814,11349.025721099526,11182.292389173988,32.16022748932709,113.57787997565886,17563000.0,0.011361384503600025,0.011297328693216403,144.2998046875,-108.0498046875,67.97000122070312,1314.300048828125,68.92340087890625,25657.73046875,7196.2998046875,11419.48046875,2818.4599609375,28566.91015625,16.489999771118164,7691.52001953125,21428.390625
2019-03-27,11531.4501953125,11546.2001953125,11413.0,11445.0498046875,350400.0,65.28495764993917,162.04275560188944,12.995617197462337,149.0471384044271,77.6081742264989,80.46394967125295,11213.407568359376,10983.733007812501,10915.075502929689,11363.798657036137,11201.755901434248,32.51015561486678,114.97947392829037,17212600.0,-0.0033266013813597617,-0.003332146821462826,133.2001953125,86.400390625,67.83000183105469,1309.9000244140625,69.42749786376953,25625.58984375,7194.2001953125,11419.0400390625,2805.3701171875,28728.25,17.049999237060547,7643.3798828125,21378.73046875
2019-03-28,11463.650390625,11588.5,11452.4501953125,11570.0,527700.0,69.85440935976798,166.4886985002904,13.953248076690642,152.53545042359977,86.18291713423581,81.27998625848821,11250.142578125002,11000.381015625,10919.78300292969,11395.521940569039,11229.033242068748,33.06001647724079,117.01309688430536,17740300.0,0.010917400749215211,0.010858236155870985,136.0498046875,-106.349609375,67.81999969482422,1289.800048828125,69.37000274658203,25717.4609375,7234.2998046875,11428.16015625,2815.43994140625,28775.2109375,16.649999618530273,7669.169921875,21033.759765625
2019-04-01,11665.2001953125,11738.099609375,11644.75,11669.150390625,379600.0,72.90243636870635,175.98411286085866,18.75892994980711,157.22518291105155,87.99512119925782,83.9287375199975,11293.267578125,11016.028027343751,10925.16300292969,11437.618625193032,11261.634512332173,34.254167346317224,120.66213349078355,18119900.0,0.008569610252809001,0.008533099582725414,93.349609375,-3.9501953125,69.01000213623047,1288.4000244140625,69.43000030517578,26258.419921875,7317.39990234375,11681.990234375,2867.18994140625,29562.01953125,18.010000228881836,7828.91015625,21509.029296875
2019-04-02,11711.5498046875,11729.349609375,11655.849609375,11713.2001953125,386100.0,74.1528176440993,184.93196764422828,22.165427786541386,162.7665398576869,93.9234600400467,89.36716612451345,11339.302587890626,11032.486035156251,10930.305751953127,11480.015789826795,11295.083822182567,35.363021724745344,117.29340967001329,18506000.0,0.0037748939051200914,0.0037677868730356698,73.5,-1.650390625,69.37000274658203,1290.0,69.19529724121094,26179.130859375,7391.10009765625,11754.7900390625,2867.239990234375,29624.669921875,18.079999923706055,7848.68994140625,21505.310546875
2019-04-03,11735.2998046875,11761.0,11629.150390625,11643.9501953125,365800.0,68.77962405045027,184.31069184607986,17.235321590714364,167.0753702553655,86.93288623608015,89.61715582512822,11378.32509765625,11047.26103515625,10934.683754882815,11505.236467593826,11320.925775747746,36.528228711616926,118.33313822036949,18140200.0,-0.005912133221091298,-0.005929679070481917,131.849609375,91.349609375,69.30999755859375,1289.9000244140625,68.91020202636719,26218.130859375,7418.2998046875,11954.400390625,2873.39990234375,29986.390625,18.780000686645508,7895.5498046875,21713.2109375
2019-04-04,11660.2001953125,11662.5498046875,11559.2001953125,11598.0,349000.0,65.39358290855272,178.05798791267443,8.786094125847143,169.2718937868273,78.23128669739711,86.36254432450798,11408.852587890626,11061.08203125,10938.83550292969,11519.507780271699,11341.449792359024,36.71620922914063,117.26288615998595,17791200.0,-0.003946272059030087,-0.00395407913661549,103.349609375,62.2001953125,69.4000015258789,1289.0,68.8499984741211,26384.630859375,7401.89990234375,11988.009765625,2879.389892578125,29936.3203125,18.649999618530273,7891.77978515625,21724.94921875
2019-04-05,11638.400390625,11689.650390625,11609.5,11665.9501953125,266700.0,67.90950334409789,176.55052334120046,5.822903643498535,170.72761969770193,72.80507775741181,79.3230835636297,11439.500097656251,11075.16404296875,10943.23050292969,11542.037382585668,11365.486859244467,37.03540075104107,115.43342219320125,18057900.0,0.005858785593421345,0.005841689650914404,80.150390625,-27.5498046875,70.33999633789062,1290.4000244140625,68.97039794921875,26424.990234375,7446.89990234375,12009.75,2892.739990234375,29936.3203125,18.389999389648438,7938.68994140625,21807.5
2019-04-08,11704.349609375,11710.2998046875,11549.099609375,11604.5,260900.0,63.41917504115545,168.4554796965549,-1.817712000917652,170.27319169747256,69.25163593271705,73.42933346250865,11466.815087890627,11088.79904296875,10947.038754882815,11551.647016034025,11383.19153633747,36.585774104561885,118.7024774160083,17797000.0,-0.005267483083991831,-0.005281405184150887,161.2001953125,99.849609375,71.0999984741211,1297.0999755859375,69.16000366210938,26341.01953125,7451.89990234375,11963.400390625,2895.77001953125,30077.150390625,20.149999618530273,7953.8798828125,21761.650390625
2019-04-09,11612.0498046875,11683.900390625,11569.7001953125,11671.9501953125,300500.0,66.07110406068934,165.57413082956373,-3.7592486943270558,169.33337952389078,74.73673688465098,72.26448352492662,11498.642578125,11105.608046875,10951.115004882813,11570.155197461481,11404.581066631918,36.16826364711693,118.38088583718628,18097500.0,0.005812417192683883,0.005795590267793092,114.2001953125,-59.900390625,70.61000061035156,1303.5,69.55249786376953,26150.580078125,7425.60009765625,11850.5703125,2878.199951171875,30157.490234375,20.280000686645508,7909.27978515625,21802.58984375
2019-04-10,11646.849609375,11680.0498046875,11571.75,11584.2998046875,359900.0,59.985419618351166,154.43772513372278,-11.916523512134404,166.35424864585718,68.68049006271377,70.88962096002726,11519.455078125,11120.298046875001,10954.996254882813,11572.33129088087,11417.893565747147,35.78057536520375,117.6608086122087,17737600.0,-0.007509489773200095,-0.007537827950835446,108.2998046875,62.5498046875,71.7300033569336,1309.0999755859375,69.26180267333984,26157.16015625,7421.89990234375,11905.91015625,2888.2099609375,30119.560546875,21.1299991607666,7964.240234375,21687.5703125
2019-04-11,11592.5498046875,11606.7001953125,11550.5498046875,11596.7001953125,279800.0,60.53919041585376,144.94185183061563,-17.12991745219324,162.07176928280887,68.10195587581254,70.50639427439242,11534.230078125,11136.6210546875,10958.891254882814,11576.08035310112,11431.138501270505,35.12724284293113,113.26720732740807,18017400.0,0.0010704480058416621,0.001069875484907893,56.150390625,-4.150390625,70.83000183105469,1288.5999755859375,69.14019775390625,26143.05078125,7418.0,11935.2001953125,2888.320068359375,29839.44921875,20.959999084472656,7947.35986328125,21711.380859375
2019-04-12,11612.849609375,11657.349609375,11578.7998046875,11643.4501953125,246000.0,62.63845666417417,139.5796507888008,-17.993694795206466,157.57334558400726,65.98802802924614,67.59015798925748,11549.317578125,11156.259062500001,10963.1092578125,11586.444944210565,11446.865293421764,34.9124248977257,110.78739285312894,18263400.0,0.0040313191867198395,0.004023215192085498,78.5498046875,-30.6005859375,71.55000305175781,1290.5999755859375,69.43000030517578,26412.30078125,7437.10009765625,11999.9296875,2907.409912109375,29909.759765625,21.0,7984.16015625,21870.560546875
2019-04-15,11667.0,11704.599609375,11648.25,11690.349609375,290000.0,64.66906934821814,137.5291086352263,-16.035389559024793,153.5644981942511,73.33007220150114,69.14001870218661,11566.67255859375,11177.02205078125,10968.008754882812,11602.430277312786,11464.90116867756,35.05173291809755,107.24182293951259,18553400.0,0.0040279653604204935,0.004019874826265466,56.349609375,-23.349609375,71.18000030517578,1286.800048828125,69.16100311279297,26384.76953125,7436.89990234375,12020.2802734375,2905.580078125,29810.720703125,21.389999389648438,7976.009765625,22169.109375
2019-04-16,11736.2001953125,11810.9501953125,11731.5498046875,11787.150390625,354300.0,68.47728889242107,142.07727486948897,-9.18977865980969,151.26705352929866,83.52313337758778,74.28041120277835,11584.68759765625,11199.7290625,10973.084257812501,11630.848756283895,11488.771481414406,35.83427320488714,108.1960202965117,18907700.0,0.008280400884877803,0.008246306446581041,79.400390625,-50.9501953125,71.72000122070312,1272.5999755859375,69.80999755859375,26452.66015625,7469.89990234375,12101.3203125,2907.06005859375,30129.869140625,21.690000534057617,8000.22998046875,22221.66015625
2019-04-18,11856.150390625,11856.150390625,11738.5,11752.7998046875,339700.0,65.76820257061756,141.28132104810538,-7.988585984954625,149.26990703306,83.7085353163342,80.18724696514104,11599.217578125,11218.1660546875,10978.142758789063,11649.610456038296,11508.32913499019,36.80068672763327,108.8713324628323,18568000.0,-0.0029142400664389223,-0.002918494732110024,117.650390625,103.3505859375,71.97000122070312,1271.9000244140625,69.4010009765625,26559.5390625,7459.89990234375,12222.3896484375,2905.030029296875,29963.259765625,22.739999771118164,7998.06005859375,22090.119140625
2019-04-22,11727.0498046875,11727.0498046875,11583.9501953125,11594.4501953125,260400.0,54.97170225811096,126.41578928863782,-18.283294195537763,144.6990834841756,61.06276986291931,76.09814618561376,11602.320068359375,11232.182050781252,10982.00576171875,11641.12426208048,11514.708472791843,35.710647103277005,113.1554950994157,18307600.0,-0.013473352052831178,-0.013564941266796056,143.099609375,132.599609375,74.04000091552734,1273.5,69.36000061035156,26511.05078125,7459.89990234375,12222.3896484375,2907.969970703125,29963.259765625,24.049999237060547,8015.27001953125,22217.900390625
2019-04-23,11612.9501953125,11645.9501953125,11564.7998046875,11575.9501953125,272500.0,53.859286731605614,111.85258589545265,-26.277198070978358,138.129783966431,32.63786038003888,59.136388519764125,11605.065087890625,11245.4560546875,10986.07326171875,11631.097482577714,11519.244896682261,34.48789856860925,110.86941620838601,18035100.0,-0.0015955909670886115,-0.001596865278055509,81.150390625,37.0,74.51000213623047,1269.300048828125,70.0625,26656.390625,7523.10009765625,12235.509765625,2933.679931640625,29963.240234375,24.649999618530273,8120.81982421875,22259.740234375
2019-04-24,11601.5,11740.849609375,11578.849609375,11726.150390625,335200.0,60.79583641620253,111.14977732577063,-21.58400531252832,132.73378263829895,27.05871127790853,40.253113840288904,11618.527587890625,11261.292070312502,10990.85826171875,11645.72100689268,11534.57122956691,34.01890851707356,114.72870176939416,18370300.0,0.012975193636658888,0.01289173694761699,162.0,-124.650390625,74.56999969482422,1275.5,69.75800323486328,26597.05078125,7471.7998046875,12313.16015625,2927.25,29805.830078125,23.709999084472656,8102.009765625,22200.0
2019-04-25,11735.7001953125,11796.75,11624.2998046875,11641.7998046875,604400.0,55.728937392111014,102.60365803170862,-24.104099685272274,126.7077577169809,32.198969531200305,30.631847063049236,11632.905078125,11272.8790625,10995.710258789062,11645.117745014959,11542.51408698325,33.93234979128096,118.85166559390173,17765900.0,-0.007193374050953438,-0.007219371112150696,172.4501953125,93.900390625,74.3499984741211,1275.800048828125,70.0958023071289,26462.080078125,7434.10009765625,12282.599609375,2926.169921875,29549.80078125,23.229999542236328,8118.68017578125,22307.580078125
2019-04-26,11683.75,11762.900390625,11661.75,11754.650390625,333500.0,60.47507049616194,103.74103400964668,-18.373378965867374,122.11441297551406,51.59860483853868,36.9520952158825,11646.47509765625,11286.5840625,11001.538012695313,11661.968921262656,11558.22788725301,33.851973831616405,119.01230276130161,18099400.0,0.009693568677590747,0.00964688746996101,101.150390625,-70.900390625,72.1500015258789,1284.9000244140625,70.16000366210938,26543.330078125,7428.2001953125,12315.1796875,2939.8798828125,29605.009765625,21.719999313354492,8146.39990234375,22258.73046875
2019-04-30,11748.75,11756.25,11655.900390625,11748.150390625,532600.0,60.07557478256387,102.93138802074282,-15.346419963816999,118.27780798455981,53.98691771091745,45.928164026885476,11661.630126953125,11302.675078125,11006.707265625,11675.227608856863,11572.29622083612,33.69994926519313,117.67925323370865,17566800.0,-0.0005529726349993158,-0.0005531255807526546,100.349609375,0.599609375,72.80000305175781,1282.800048828125,69.81179809570312,26592.91015625,7418.2001953125,12344.080078125,2945.830078125,29699.109375,21.829999923706055,8095.39013671875,22258.73046875
2019-05-02,11725.5498046875,11789.2998046875,11699.5498046875,11724.75,380300.0,58.57538795364232,99.2573448967214,-15.216370470270732,114.47371536699214,62.924272014123886,56.169931521193334,11669.367626953124,11319.39408203125,11012.044516601563,11682.8464382635,11583.589093366778,33.78941563869286,115.68430657415804,17186500.0,-0.001991836148409698,-0.0019938224921164987,89.75,0.7998046875,70.75,1269.699951171875,69.63289642333984,26307.7890625,7351.2998046875,12345.419921875,2917.52001953125,29944.1796875,22.979999542236328,8036.77001953125,22258.73046875
2019-05-03,11722.599609375,11770.900390625,11699.349609375,11712.25,305500.0,57.74584337145385,94.25053225087322,-16.17854649289515,110.42907874376837,58.247167838389146,58.38611918781016,11671.522607421875,11337.01107421875,11017.106264648439,11687.370063146038,11593.119530895165,33.86951875606937,112.53191190814675,16881000.0,-0.0010661208128105448,-0.0010666895238500144,71.55078125,10.349609375,70.8499984741211,1279.199951171875,69.42440032958984,26504.94921875,7380.60009765625,12412.75,2945.639892578125,30081.55078125,24.030000686645508,8164.0,22258.73046875
2019-05-06,11605.7998046875,11632.5498046875,11571.349609375,11598.25,299000.0,50.69459892435931,80.15971855682255,-24.21548814955665,104.3752067063792,41.84117042410298,54.337536758872,11665.77509765625,11354.055078125,11021.248012695312,11673.659284200494,11593.499565643671,32.256009457672704,114.55823181649342,16582000.0,-0.00973339879186319,-0.00978107795702945,61.2001953125,7.5498046875,71.23999786376953,1281.699951171875,69.16799926757812,26438.48046875,7380.60009765625,12286.8798828125,2932.469970703125,29209.8203125,26.43000030517578,8123.2900390625,22258.73046875
2019-05-07,11651.5,11657.0498046875,11484.4501953125,11497.900390625,337500.0,45.435233740387254,60.20130914772926,-35.339118046919964,95.54042719464923,24.04649968272204,41.37827931507138,11658.472607421874,11369.525078125,11024.988764648439,11646.619454419648,11586.418145271919,30.048616742432525,118.70404449924389,16244500.0,-0.008652133673183404,-0.008689780690377916,172.599609375,153.599609375,69.87999725341797,1283.5,69.40029907226562,25965.08984375,7260.5,12092.740234375,2884.050048828125,29363.01953125,26.479999542236328,7963.759765625,21923.720703125
2019-05-08,11478.7001953125,11479.099609375,11346.9501953125,11359.4501953125,372800.0,39.36694885202896,32.83386386898019,-50.16525066053522,82.99911452951541,7.227354362879989,24.371674823235,11646.5451171875,11383.895078125,11027.922763671875,11602.439568403164,11569.605704534184,29.14101289421686,121.00734098590505,15871700.0,-0.012041345863927244,-0.012114430150335101,132.1494140625,119.25,70.37000274658203,1279.4000244140625,69.91000366210938,25967.330078125,7271.0,12179.9296875,2879.419921875,29003.19921875,26.3700008392334,7943.31982421875,21602.58984375
2019-05-09,11322.400390625,11357.599609375,11255.0498046875,11301.7998046875,373000.0,37.14242621726839,6.419066590826333,-61.26403835095127,67.6831049417776,4.616930288345044,11.963594777982358,11628.33759765625,11397.84408203125,11030.167260742188,11556.187297062294,11549.768230471467,28.915094439254453,119.82113024584041,15498700.0,-0.005075103956069027,-0.005088026035289156,102.5498046875,20.6005859375,70.38999938964844,1283.5,70.01000213623047,25828.359375,7207.39990234375,11973.919921875,2870.719970703125,28311.0703125,25.489999771118164,7910.58984375,21402.130859375
2019-05-10,11314.150390625,11345.7998046875,11251.0498046875,11278.900390625,387300.0,36.26581048615311,-16.176173043377275,-67.08742238812391,50.91124934474663,4.944956026717538,5.59641355931419,11612.0576171875,11408.713085937501,11031.825512695312,11513.527772995018,11529.703946038395,28.73108012573649,118.03033522828038,15111400.0,-0.0020261741013145596,-0.0020282295690185756,94.75,35.25,70.62000274658203,1285.699951171875,70.41000366210938,25942.369140625,7203.2998046875,12059.830078125,2881.39990234375,28550.240234375,26.34000015258789,7916.93994140625,21344.919921875
2019-05-13,11258.7001953125,11300.2001953125,11125.599609375,11148.2001953125,357600.0,31.67127982614554,-44.12087867295668,-76.02570241416265,31.904823741205973,5.249159266139787,4.937015193734123,11585.8701171875,11415.88009765625,11032.825014648437,11457.32353027463,11501.444408947587,29.30385058694501,122.07106742179606,14753800.0,-0.011588026384304118,-0.011655690801341047,174.6005859375,110.5,70.2300033569336,1300.0999755859375,69.92250061035156,25324.990234375,7163.7001953125,11876.650390625,2811.8701171875,28550.240234375,27.3799991607666,7647.02001953125,21191.279296875
2019-05-14,11151.650390625,11294.75,11108.2998046875,11222.0498046875,398100.0,36.56176040289766,-59.62093984373314,-73.2206108679513,13.59967102421815,8.16423196373385,6.119449085530391,11567.7576171875,11424.4880859375,11033.819262695313,11421.127572491996,11480.74851233573,29.928588320927368,126.66957655684634,15151900.0,0.006624352638199937,0.006602508032110876,186.4501953125,-70.3994140625,71.23999786376953,1294.699951171875,70.61699676513672,25532.05078125,7241.60009765625,11991.6201171875,2834.409912109375,28122.01953125,27.1299991607666,7734.490234375,21067.23046875
2019-05-15,11271.7001953125,11286.7998046875,11136.9501953125,11157.0,414200.0,34.23725947347873,-76.27457971221884,-71.8994005891496,-4.3751791230692465,8.987982139056042,7.467124456309893,11545.772607421875,11430.02609375,11034.509760742189,11380.492561339383,11456.767141051601,30.508701931053842,128.32529318671445,14737700.0,-0.005796606308085428,-0.0058134718372332824,149.849609375,114.7001953125,71.7699966430664,1296.300048828125,70.30699920654297,25648.01953125,7297.0,12099.5703125,2850.9599609375,28268.7109375,28.65999984741211,7822.14990234375,21188.560546875
2019-05-16,11180.349609375,11281.5498046875,11143.349609375,11257.099609375,350700.0,40.50556347316494,-80.46792325206297,-60.87419530319498,-19.593727948867993,15.070080698126027,10.740764933638639,11526.455078125,11438.46208984375,11036.111010742188,11361.509030267938,11441.976953520001,31.047378854742714,129.03064333855627,15088400.0,0.008971910851931497,0.00893190238330833,138.2001953125,-76.75,72.62000274658203,1285.0,70.20919799804688,25862.6796875,7353.5,12310.3701171875,2876.320068359375,28275.0703125,28.3700008392334,7898.0498046875,21062.98046875
2019-05-17,11261.900390625,11426.150390625,11259.849609375,11407.150390625,412100.0,48.43932754883296,-70.8664301051922,-41.01816172505936,-29.848268380132836,24.190567888223754,16.082876908468606,11512.2951171875,11450.47208984375,11038.106513671875,11368.53077801518,11439.397208120372,29.80521914544565,131.8892246179451,15500500.0,0.013329435330307948,0.013241380029110125,166.30078125,-145.25,72.20999908447266,1274.5,70.23500061035156,25764.0,7348.60009765625,12238.9404296875,2859.530029296875,27946.4609375,28.079999923706055,7816.27978515625,21250.08984375
2019-05-20,11651.900390625,11845.2001953125,11591.7001953125,11828.25,452100.0,63.25040722254275,-28.944306463283283,0.7231695334796413,-29.667475996762924,54.399204676177504,31.21995108750909,11514.35009765625,11471.18708984375,11042.345512695312,11439.25681216669,11468.201118629973,29.58638377969022,153.75783748005617,15952600.0,0.036915407876193296,0.03625035203017847,253.5,-176.349609375,71.97000122070312,1276.0999755859375,70.28150177001953,25679.900390625,7310.89990234375,12041.2900390625,2840.22998046875,27787.609375,23.68000030517578,7702.3798828125,21301.73046875
2019-05-21,11863.650390625,11883.5498046875,11682.7998046875,11709.099609375,381000.0,58.159619185196206,-5.274362617476072,19.51449070342948,-24.788853320905552,73.0271448996298,50.53897248801035,11512.165087890626,11488.099082031249,11046.105512695314,11480.771088660276,11486.045451277752,29.560282890830578,157.11442051719501,15571600.0,-0.010073374389702572,-0.010124454145348287,200.75,154.55078125,72.18000030517578,1272.0,70.12750244140625,25877.330078125,7328.89990234375,12143.4697265625,2864.360107421875,27657.240234375,25.649999618530273,7785.72021484375,21272.44921875
2019-05-22,11727.9501953125,11784.7998046875,11682.400390625,11737.900390625,355900.0,59.018248450004236,15.628070097813179,32.33353873497499,-16.705468637161808,85.46998073506228,70.96544343695652,11519.33759765625,11503.1080859375,11049.744013671876,11520.329442808696,11504.701372710882,29.532543802123083,153.2062057704311,15927500.0,0.0024596922232125173,0.0024566721316128274,102.3994140625,-9.9501953125,70.98999786376953,1273.5999755859375,70.12750244140625,25776.609375,7334.2001953125,12168.740234375,2856.27001953125,27705.939453125,27.6299991607666,7750.83984375,21283.369140625
2019-05-23,11901.2998046875,12041.150390625,11614.5,11657.0498046875,569000.0,55.570631730355295,25.376902890015117,33.66589722174154,-8.288994331726423,72.51173760488268,77.00295441319159,11523.392578125,11515.18908203125,11052.605512695312,11541.363344636204,11515.986441746189,30.55800827051386,172.73793326004318,15358500.0,-0.006887993870017373,-0.006911825598039294,426.650390625,244.25,67.76000213623047,1284.800048828125,69.97250366210938,25490.470703125,7231.0,11952.41015625,2822.239990234375,27267.130859375,19.40999984741211,7628.27978515625,21151.140625
2019-05-24,11748.0,11859.0,11658.099609375,11844.099609375,374600.0,61.21545255086514,47.64703376621401,44.748822478352345,2.8982112878616624,72.97138239277822,76.98436691090772,11529.2900390625,11530.907070312498,11056.154511718749,11587.938154596017,11540.291120829803,31.510225276876717,174.82452340664724,15733100.0,0.016046067214389392,0.01591868987483049,200.900390625,-96.099609375,68.69000244140625,1283.0,69.94499969482422,25585.689453125,7277.7001953125,12011.0400390625,2826.06005859375,27353.9296875,16.469999313354492,7637.009765625,21117.220703125
2019-05-27,11855.5,11957.150390625,11812.400390625,11924.75,348400.0,63.37607464372032,70.9858052573527,54.470075175592825,16.51573008175987,75.07454504405007,73.51922168057033,11543.437548828126,11548.694062499999,11060.11826171875,11639.755361581245,11568.769556323892,32.73298647395981,172.67634316331532,16081500.0,0.006809330661248669,0.00678625187736734,144.75,-69.25,68.69000244140625,1283.0,69.36000061035156,25585.689453125,7277.7001953125,12071.1796875,2826.06005859375,27288.08984375,16.190000534057617,7637.009765625,21182.580078125
2019-05-28,11958.349609375,11958.5498046875,11864.900390625,11928.75,598300.0,63.484725425197524,88.78130081015661,57.81245658271739,30.968844227439217,84.78314502094938,77.60969081925921,11552.142529296874,11563.90806640625,11063.925512695312,11684.216075184131,11595.434774373975,33.87316074700816,167.0315625132571,16679800.0,0.0003354368016101894,0.00033538055526396364,93.6494140625,29.599609375,70.11000061035156,1276.5,69.72000122070312,25347.76953125,7269.0,12027.0498046875,2802.389892578125,27390.810546875,15.920000076293945,7607.35009765625,21260.140625
2019-05-29,11905.7998046875,11931.900390625,11836.7998046875,11861.099609375,318100.0,60.230273929516414,96.31527555739376,52.27714506396363,44.03813049343013,85.3906020727099,81.74943071256978,11557.789990234376,11575.106054687501,11066.839262695312,11711.42892659811,11615.113651040716,34.64248184556001,161.89363561498874,16361700.0,-0.005671205333752538,-0.005687347678687314,95.1005859375,44.7001953125,69.44999694824219,1280.5999755859375,69.875,25126.41015625,7185.2998046875,11837.8095703125,2783.02001953125,27235.7109375,16.40999984741211,7547.31005859375,21003.369140625
2019-05-30,11865.2998046875,11968.5498046875,11859.400390625,11945.900390625,421200.0,62.804314305720254,107.88508703392108,51.07756523239276,56.807521801528324,86.14636406874789,85.44003705413571,11568.847509765626,11587.190058593751,11069.971015625,11747.501459525323,11639.616372491402,35.5026024792497,158.12619121838242,16782900.0,0.007149487319284775,0.007124050901094894,109.1494140625,-80.6005859375,66.87000274658203,1287.0999755859375,69.81500244140625,25169.880859375,7218.2001953125,11902.080078125,2788.860107421875,27114.880859375,15.609999656677246,7567.72021484375,20942.529296875
2019-05-31,11999.7998046875,12039.25,11829.4501953125,11922.7998046875,438900.0,61.6340306198163,113.8775126796736,45.655992702516215,68.22151997715739,85.93374712157551,85.82357108767776,11579.375,11598.7810546875,11072.802514648436,11774.47043570412,11660.592923024446,36.57217577548786,161.81716360903366,16344000.0,-0.0019337668306382838,-0.001935638971628022,209.7998046875,77.0,64.48999786376953,1305.800048828125,69.9800033569336,24815.0390625,7161.7001953125,11726.83984375,2752.06005859375,26901.08984375,16.06999969482422,7453.14990234375,20601.189453125
2019-06-03,11953.75,12103.0498046875,11920.099609375,12088.5498046875,315300.0,66.46287030788808,130.49690584737436,49.82030869617358,80.67659715120078,91.86716639364631,87.98242586132324,11603.889990234375,11612.01505859375,11076.514262695313,11822.790338624638,11692.293432777264,37.79406925515321,163.32666587356698,16659300.0,0.013901936014629301,0.013806190447529239,182.9501953125,-134.7998046875,61.279998779296875,1322.699951171875,69.5696029663086,24819.779296875,7184.7998046875,11792.8095703125,2744.449951171875,26893.859375,15.970000267028809,7333.02001953125,20410.880859375
2019-06-04,12052.650390625,12095.2001953125,12005.849609375,12021.650390625,289200.0,63.015428336721975,136.69394830885176,44.81388092612079,91.88006738273097,92.44346103717277,90.08145818413152,11630.077490234376,11623.2040625,11080.399013671875,11853.38419277854,11716.690244469688,38.928684629128185,158.0426601638479,16370100.0,-0.005534114111566901,-0.0055494840533033855,89.3505859375,31.0,61.970001220703125,1323.4000244140625,69.16190338134766,25332.1796875,7214.2998046875,11971.169921875,2803.27001953125,26761.51953125,15.630000114440918,7527.1201171875,20408.5390625
2019-06-06,12039.7998046875,12039.7998046875,11830.25,11843.75,415200.0,54.8654559820652,125.79993106147595,27.13589094299597,98.66404011847997,86.42183262201753,90.24415335094554,11654.292480468752,11629.4310546875,11082.813764648437,11851.902009274148,11726.102078212672,38.10428230010794,161.72174191553734,15954900.0,-0.014798333410505293,-0.014908921111632112,209.5498046875,196.0498046875,61.66999816894531,1337.5999755859375,69.625,25720.66015625,7259.89990234375,11953.1396484375,2843.489990234375,26965.279296875,15.529999732971191,7615.5498046875,20774.0390625
2019-06-07,11865.2001953125,11897.5,11769.5,11870.650390625,302500.0,55.79642033435081,117.97701502223208,15.450379923001691,102.52663509923039,71.77271170022453,83.5460017864716,11682.735009765625,11636.423066406249,11085.231518554687,11854.786375635818,11736.809360613586,36.793544138664956,159.31304606442754,16257400.0,0.0022712730870713127,0.0022686976453037896,128.0,-5.4501953125,63.290000915527344,1341.199951171875,69.36000061035156,25983.939453125,7331.89990234375,12045.3798828125,2873.340087890625,26965.279296875,14.859999656677246,7742.10009765625,20884.7109375
2019-06-10,11934.900390625,11975.0498046875,11871.75,11922.7001953125,303300.0,57.61800993719346,114.6556035133126,9.703174731265761,104.95242878204684,62.294864322652124,73.49646954829805,11714.925,11645.7390625,11087.897768554689,11865.234655586077,11750.579052072764,36.01265751043397,155.39064377857557,16560700.0,0.004384747505377318,0.004375162508348263,103.2998046875,12.2001953125,62.290000915527344,1324.699951171875,69.34500122070312,26062.6796875,7375.5,12045.3798828125,2886.72998046875,27578.640625,14.979999542236328,7823.169921875,21134.419921875
2019-06-11,11959.849609375,12000.349609375,11904.349609375,11965.599609375,332200.0,59.1135213990534,114.16891694563128,7.3731905308675465,106.79572641476373,63.1673780313838,65.74498468475349,11755.794970703126,11657.9660546875,11090.475766601563,11880.675417707449,11766.506500761818,35.42545872116383,151.14845493724874,16892900.0,0.0035981290613484873,0.003591671280959742,96.0,-5.75,62.290000915527344,1326.4000244140625,69.52349853515625,26048.509765625,7398.5,12155.8095703125,2885.719970703125,27789.33984375,14.489999771118164,7822.56982421875,21204.279296875
2019-06-12,11962.4501953125,11962.4501953125,11866.349609375,11906.2001953125,283700.0,56.158637335780575,107.74812473011843,0.7619186522837538,106.98620607783468,64.8859127479886,63.449385034008166,11790.002490234376,11666.42505859375,11092.653266601563,11884.602306569765,11776.854181839646,34.51123745920808,147.441422441731,16609200.0,-0.004964181988503125,-0.0049765444699523915,96.1005859375,56.25,59.970001220703125,1331.9000244140625,69.3864974975586,26004.830078125,7367.60009765625,12115.6796875,2879.840087890625,27308.4609375,14.119999885559082,7792.72021484375,21129.720703125
2019-06-13,11873.900390625,11931.349609375,11817.0498046875,11914.0498046875,447900.0,56.46831484251738,102.11587032645366,-3.896268601104822,106.01213892755848,63.03212356759716,63.69513811565652,11827.85498046875,11675.805058593749,11095.076015625,11889.13269089557,11787.016820569117,33.19409432847442,145.0741640307145,17057100.0,0.0006592875347493088,0.0006590703001973485,114.2998046875,-40.1494140625,61.310001373291016,1339.199951171875,69.69999694824219,26106.76953125,7368.60009765625,12169.0498046875,2891.639892578125,27294.7109375,13.65999984741211,7837.1298828125,21032.0
2019-06-14,11910.099609375,11911.849609375,11797.7001953125,11823.2998046875,390300.0,51.90367034870461,89.30010553353713,-13.369626715217095,102.66973224875423,44.45338784239236,57.4571413859927,11856.164990234376,11680.8710546875,11097.413764648438,11879.004554555868,11789.70444902233,31.787842767453295,143.0224101267349,16666800.0,-0.007617057296864349,-0.00764621523730026,114.1494140625,86.7998046875,62.0099983215332,1340.0999755859375,69.80000305175781,26089.609375,7345.7998046875,12096.400390625,2886.97998046875,27118.349609375,13.899999618530273,7796.66015625,21116.890625
2019-06-17,11844.0,11844.0498046875,11657.75,11672.150390625,295500.0,45.33099870218158,66.18409603514374,-29.188508970888392,95.37260500603213,25.628888899673235,44.37146676988758,11869.414990234376,11680.931054687499,11098.599018554687,11847.180837028043,11780.9967409929,29.742996550272814,146.113652595361,16371300.0,-0.012784029548381648,-0.012866448437943826,186.2998046875,171.849609375,60.939998626708984,1338.699951171875,69.77050018310547,26112.529296875,7357.2998046875,12085.8203125,2889.669921875,27227.16015625,14.649999618530273,7845.02001953125,21124.0
2019-06-18,11677.0498046875,11727.2001953125,11641.150390625,11691.5,365500.0,46.26903347297771,48.862586252525944,-37.208015002804956,86.0706012553309,10.087962642396906,26.723413128154167,11862.577490234376,11680.49705078125,11100.131269531252,11823.22993902373,11774.367352771204,27.971558420463186,141.82337774479953,16736800.0,0.0016577587443133979,0.0016563861789982873,86.0498046875,-14.4501953125,62.13999938964844,1346.5999755859375,70.11250305175781,26465.5390625,7443.0,12331.75,2917.75,27498.76953125,14.600000381469727,7953.8798828125,20972.7109375
2019-06-19,11744.4501953125,11802.5,11625.099609375,11691.4501953125,446900.0,46.2668329278989,34.730791191330354,-41.07184805120043,75.80263924253079,9.33891446532169,15.01858866913061,11861.695019531251,11681.44705078125,11101.234770507814,11802.956132298925,11768.225341107594,26.239068294023955,144.36459295052813,16289900.0,-4.259905700743083e-06,-4.259914774167141e-06,177.400390625,53.0,61.81999969482422,1344.5999755859375,69.76499938964844,26504.0,7403.5,12308.5302734375,2926.4599609375,28202.140625,14.729999542236328,7987.31982421875,21333.869140625
2019-06-20,11653.650390625,11843.5,11635.0498046875,11831.75,442000.0,53.04201301764135,34.45508670317031,-33.07804203148838,67.53312873465869,22.67322785938048,14.033368322366357,11866.3875,11686.12205078125,11102.634770507813,11807.38595809909,11772.93087139592,24.94773658913158,148.9421359763833,16731900.0,0.012000205478679637,0.011928773907426743,208.4501953125,-178.099609375,64.44999694824219,1392.9000244140625,69.87000274658203,26753.169921875,7424.39990234375,12355.3896484375,2954.179931640625,28550.4296875,14.0,8051.33984375,21462.859375
2019-06-21,11827.599609375,11827.9501953125,11705.099609375,11724.099609375,468400.0,48.03708039241829,25.25893280414857,-33.8193567444081,59.07828954855667,25.944193921661174,19.31877874878778,11869.739990234375,11687.285039062499,11103.400766601562,11794.57267368,11769.313740875852,23.74864286316009,147.3498684512845,16263500.0,-0.009098433505187353,-0.009140077037704798,122.8505859375,103.5,65.19999694824219,1396.199951171875,69.77999877929688,26719.130859375,7407.5,12339.919921875,2950.4599609375,28473.7109375,14.609999656677246,8031.7099609375,21258.640625
2019-06-24,11725.7998046875,11754.0,11670.2001953125,11699.650390625,277600.0,46.953453344635584,15.815752808572142,-34.610029391987624,50.425782200559766,26.602911343217233,25.07344437475296,11862.517529296874,11689.188046874999,11103.985268554687,11779.969245517694,11764.153492709122,22.29853926021669,142.81057818244273,15985900.0,-0.002085381356743965,-0.0020875587921609646,83.7998046875,26.1494140625,64.86000061035156,1414.300048828125,69.56990051269531,26727.5390625,7416.7001953125,12274.5703125,2945.35009765625,28513.0,15.220000267028809,8005.7001953125,21285.990234375
2019-06-25,11681.0,11814.400390625,11651.0,11796.4501953125,300500.0,51.607937374009055,15.958935205242597,-27.57347759625374,43.532412801496335,25.963692452545203,26.170265905807867,11856.1025390625,11691.678046875,11105.182021484376,11782.504776255357,11766.545841050114,21.47007441397131,144.28127907119682,16286400.0,0.008273734808782462,0.00823969509310694,163.400390625,-115.4501953125,65.05000305175781,1414.9000244140625,69.60250091552734,26548.220703125,7422.39990234375,12228.4404296875,2917.3798828125,28185.98046875,15.010000228881836,7884.72021484375,21193.810546875
2019-06-26,11768.150390625,11871.849609375,11757.5498046875,11847.5498046875,327900.0,53.90713304183604,19.965569053571016,-18.85347499834026,38.81904405191128,38.819384599840504,30.461996131867643,11852.042529296876,11696.943046875,11105.96001953125,11792.511703706456,11772.546134652885,21.15651028403846,142.13974518664705,16614300.0,0.004331778503613437,0.0043224233576614314,114.2998046875,-79.3994140625,66.48999786376953,1411.5999755859375,69.63749694824219,26536.8203125,7416.39990234375,12245.3203125,2913.780029296875,28221.98046875,14.75,7909.97021484375,21086.58984375
2019-06-27,11860.849609375,11911.150390625,11821.0498046875,11841.5498046875,480200.0,53.58520040131506,22.398509315895353,-13.136427788812739,35.53493710470809,52.76042568240125,39.18116757826232,11851.065039062501,11701.8400390625,11106.475268554688,11800.056026934308,11777.657517618412,21.16150823050796,138.42266238313655,16134100.0,-0.0005064338279993086,-0.0005065621089227406,90.1005859375,19.2998046875,66.55000305175781,1408.4000244140625,69.60250091552734,26526.580078125,7402.2998046875,12271.0302734375,2924.919921875,28621.419921875,14.649999618530273,7967.759765625,21338.169921875
2019-06-28,11861.150390625,11871.7001953125,11775.5,11788.849609375,303900.0,50.720070714409566,19.845401242178923,-12.551628690023335,32.39702993220226,53.53323478791916,48.37101502338697,11843.212500000001,11704.74802734375,11106.960014648437,11798.331962694414,11778.486561452235,20.657463977122084,135.4067718780911,15830200.0,-0.004450447465215945,-0.004460380187531091,96.2001953125,72.30078125,66.55000305175781,1409.699951171875,69.32499694824219,26599.9609375,7425.60009765625,12398.7998046875,2941.760009765625,28542.619140625,14.949999809265137,8006.240234375,21275.919921875
2019-07-01,11839.900390625,11884.650390625,11830.7998046875,11865.599609375,278400.0,54.53290131319332,23.741451597619744,-6.924462667666013,30.665914265285757,57.536664311468684,54.61010826059636,11840.352490234374,11708.253027343751,11107.904013671876,11808.680831414504,11784.939379816884,20.297828651046746,132.57777254751318,16108600.0,0.006510389269786421,0.006489288220080564,53.8505859375,-25.69921875,65.05999755859375,1385.5999755859375,68.94049835205078,26717.4296875,7497.5,12521.3798828125,2964.330078125,28542.619140625,14.600000381469727,8091.16015625,21729.970703125
2019-07-02,11890.2998046875,11917.4501953125,11814.7001953125,11910.2998046875,363200.0,56.63721426820296,30.08918239564082,-0.4613854957159518,30.55056789135677,69.35166321242814,60.14052077060533,11831.439990234376,11710.716015625,11109.053012695314,11824.314519610349,11794.225337214708,20.240989043237022,130.44721736554794,16471800.0,0.003767209141051886,0.003760130979735517,102.75,-20.0,62.400001525878906,1404.5999755859375,69.1675033569336,26786.6796875,7559.2001953125,12526.7197265625,2973.010009765625,28875.560546875,14.25,8109.08984375,21754.26953125
2019-07-03,11932.150390625,11945.2001953125,11887.0498046875,11916.75,340500.0,56.94686067109594,35.234124585451355,3.746845355275667,31.487279230175687,85.17650746421793,70.68827832937158,11826.194970703127,11713.99501953125,11110.72501464844,11838.535362747218,11803.301238161766,20.419394881247726,125.28315831265166,16812300.0,0.0005415644793391738,0.0005414178862205623,58.150390625,15.400390625,63.81999969482422,1417.699951171875,69.0824966430664,26966.0,7609.2998046875,12616.240234375,2995.820068359375,28855.140625,13.699999809265137,8170.22998046875,21638.16015625
2019-07-04,11928.7998046875,11969.25,11923.650390625,11946.75,333600.0,58.433565362712216,41.25669610640762,7.815533500985538,33.44116260542208,92.56695421492932,82.36504163052513,11831.344970703125,11721.041015625,11112.857265625002,11855.183768478415,11813.927072372007,20.784662765347438,120.0843612903194,17145900.0,0.0025174649128327786,0.0025143014062712723,45.599609375,-17.9501953125,63.81999969482422,1417.699951171875,69.00749969482422,26966.0,7603.60009765625,12629.900390625,2995.820068359375,28795.76953125,13.529999732971191,8170.22998046875,21702.44921875
2019-07-05,11964.75,11981.75,11797.900390625,11811.150390625,530700.0,50.02488484605305,34.68801041221559,0.9974782454348059,33.690532166780784,78.91347307955328,85.55231158623351,11828.369970703126,11725.74501953125,11114.528266601563,11848.409402654814,11813.721392242598,19.606638170388305,124.63902186779659,16615200.0,-0.011350334557515662,-0.011415241213692496,183.849609375,153.599609375,64.2300033569336,1396.699951171875,68.73999786376953,26922.119140625,7553.10009765625,12568.5302734375,2990.409912109375,28774.830078125,13.069999694824219,8161.7900390625,21746.380859375
2019-07-08,11770.400390625,11771.900390625,11523.2998046875,11558.599609375,464000.0,38.82022902591215,8.999798211210873,-19.75258716445593,28.752385375666805,51.10937462267944,74.19660063905401,11810.16494140625,11722.39400390625,11114.636762695314,11803.823280611765,11794.823482400554,20.020051095632397,136.29699072991826,16151200.0,-0.02138240331360608,-0.021614318798492883,248.6005859375,211.80078125,64.11000061035156,1397.0,68.44000244140625,26806.140625,7549.2998046875,12543.509765625,2975.949951171875,28331.689453125,13.850000381469727,8098.3798828125,21534.349609375
2019-07-09,11531.599609375,11582.5498046875,11461.0,11555.900390625,442500.0,38.72040699861548,-11.444178065485175,-32.157250752921584,20.71307268743641,26.029918040979055,52.01758858107059,11789.67998046875,11720.676015625,11114.470766601564,11765.68129753688,11777.125475602365,20.75045057908774,135.24362029831696,15708700.0,-0.00023352472109261502,-0.0002335519922360358,121.5498046875,-24.30078125,64.16000366210938,1397.5,68.8499984741211,26783.490234375,7536.5,12436.5498046875,2979.6298828125,28116.279296875,13.6899995803833,8141.72998046875,21565.150390625
2019-07-10,11536.150390625,11593.7001953125,11475.650390625,11498.900390625,337600.0,36.58122379550557,-31.87812895958632,-42.07296131761818,10.194832358031864,11.067214209209325,29.402168957622603,11769.314990234376,11715.561015625,11114.774770507815,11724.638081088899,11756.516210048485,21.31352070603012,134.01549061183005,15371100.0,-0.004932545113165099,-0.0049447502653284115,118.0498046875,37.25,67.01000213623047,1410.0999755859375,68.76499938964844,26860.19921875,7530.7001953125,12373.41015625,2993.070068359375,28204.689453125,13.640000343322754,8202.5302734375,21533.48046875
2019-07-11,11561.4501953125,11599.0,11519.5,11582.900390625,317300.0,41.69349829882591,-40.82349642408735,-40.814663025695374,-0.00883339839197994,16.303483557369177,17.800205269185852,11752.75751953125,11712.256015625,11116.251772460939,11702.832282555992,11743.655778980079,21.778522505510303,131.59292766634218,15688400.0,0.007305046321514741,0.007278493704286908,79.5,-21.4501953125,66.5199966430664,1404.300048828125,68.36759948730469,27088.080078125,7509.7998046875,12332.1201171875,2999.909912109375,28431.80078125,12.470000267028809,8196.0400390625,21643.529296875
2019-07-12,11601.150390625,11639.5498046875,11538.599609375,11552.5,359400.0,40.42346698753353,-49.79185256238088,-39.82641533119112,-9.965437231189762,16.08582373179709,14.485507166125196,11739.217529296875,11708.811015625,11117.164770507814,11679.70423908584,11729.496091648221,21.760010576283136,129.40416106963917,15329000.0,-0.0026245922523520093,-0.002628042532973005,100.9501953125,48.650390625,66.72000122070312,1409.9000244140625,68.66999816894531,27332.029296875,7506.0,12323.3203125,3013.77001953125,28471.619140625,12.0,8244.1396484375,21685.900390625
2019-07-15,11614.75,11618.400390625,11532.2998046875,11588.349609375,368800.0,42.64231548668447,-53.39111599623175,-34.740543012033584,-18.65057298419816,21.81148983837414,18.0669323758468,11735.027490234374,11706.3330078125,11117.530517578125,11665.649680668788,11719.04079666502,21.788699198546595,126.31104856020066,15697800.0,0.0031031905972733753,0.003098385639232596,86.1005859375,26.400390625,66.4800033569336,1411.4000244140625,68.55030059814453,27359.16015625,7531.7001953125,12387.33984375,3014.300048828125,28554.880859375,12.020000457763672,8258.1904296875,21685.900390625
2019-07-16,11596.650390625,11670.0498046875,11573.9501953125,11662.599609375,480200.0,47.04161817139706,-49.679529045588424,-24.82316484911221,-24.856364196476214,26.913056088974237,21.60345655304849,11733.582470703124,11707.619999999999,11118.954765625,11665.180438931282,11714.85996797687,21.22730464230003,124.15308861840062,16178000.0,0.006407297199588324,0.006386857732255645,96.099609375,-65.94921875,64.3499984741211,1409.199951171875,68.74749755859375,27335.630859375,7577.2001953125,12430.9697265625,3004.0400390625,28619.619140625,11.5600004196167,8222.7998046875,21535.25
2019-07-17,11670.75,11706.650390625,11651.150390625,11687.5,464800.0,48.46904805233703,-44.219086125049216,-15.490177542858401,-28.728908582190815,35.55443871019363,28.09299487918067,11733.3849609375,11711.4119921875,11120.997763671876,11668.614217557239,11712.833303682288,20.307966583074016,119.24929657422913,16642800.0,0.0021350634900458854,0.00213278748103271,55.5,-16.75,63.65999984741211,1421.300048828125,68.8949966430664,27219.849609375,7535.5,12341.0302734375,2984.419921875,28593.169921875,11.800000190734863,8185.2099609375,21469.1796875
2019-07-18,11675.599609375,11677.150390625,11582.400390625,11596.900390625,498300.0,43.83899936012845,-46.66435938673385,-14.348360643634429,-32.31599874309942,36.10177628420547,32.856423694457774,11721.642480468749,11716.160996093751,11122.810517578127,11657.581321106125,11704.245680492859,20.04366820234793,118.23860463142705,16144500.0,-0.007751838235294128,-0.007782039913567366,94.75,78.69921875,61.93000030517578,1426.0999755859375,68.78600311279297,27222.970703125,7493.10009765625,12227.849609375,2995.110107421875,28461.66015625,11.75,8207.240234375,21046.240234375
2019-07-19,11627.9501953125,11640.349609375,11399.2998046875,11419.25,446000.0,36.48025862929355,-62.219925332365165,-23.92314127141259,-38.296784060952575,24.33907627240213,31.998430422267074,11706.4,11718.510000000002,11124.191269531253,11620.914964012874,11683.13488934524,21.020761118048867,127.01083320686084,15698500.0,-0.01531878214359883,-0.015437326885714045,241.0498046875,208.7001953125,62.470001220703125,1425.0999755859375,68.8499984741211,27154.19921875,7508.7001953125,12260.0703125,2976.610107421875,28765.400390625,12.520000457763672,8146.490234375,21466.990234375
2019-07-22,11392.849609375,11398.150390625,11301.25,11346.2001953125,516000.0,33.956199517804954,-79.52561041774607,-32.98306108543479,-46.542549332311275,12.042578501201062,24.16114368593622,11688.727490234374,11719.85599609375,11126.085268554689,11578.651153443587,11658.176763861333,22.429077937424786,126.36720226351365,15182500.0,-0.006397075524881224,-0.00641762449493666,96.900390625,46.6494140625,63.2599983215332,1425.300048828125,68.83000183105469,27171.900390625,7514.89990234375,12289.400390625,2985.030029296875,28371.259765625,13.010000228881836,8204.1396484375,21416.7890625
2019-07-23,11372.25,11398.150390625,11302.7998046875,11331.0498046875,458900.0,33.439438149586195,-93.38649900552264,-37.47515973856909,-55.91133926695355,4.803263088214779,13.728305953939323,11665.457470703124,11723.51298828125,11127.403266601563,11540.558638250342,11633.945137255865,23.736800698273854,124.1517296687984,14723600.0,-0.0013352832106081625,-0.001336175495625011,95.3505859375,41.2001953125,63.83000183105469,1420.0999755859375,69.16000366210938,27349.189453125,7556.89990234375,12490.740234375,3005.469970703125,28466.48046875,13.430000305175781,8251.400390625,21620.880859375
2019-07-24,11322.4501953125,11359.75,11229.7998046875,11271.2998046875,413200.0,31.409289503786145,-107.94831771098143,-41.6295827552223,-66.31873495575913,5.501184236827936,7.449008608747925,11636.644970703124,11724.49798828125,11128.490766601564,11499.134202317597,11607.082520028578,25.305552082824406,124.56590578620565,14310400.0,-0.005273121293252303,-0.005287073265915101,129.9501953125,51.150390625,63.18000030517578,1422.800048828125,69.0199966430664,27269.970703125,7501.5,12522.8896484375,3019.56005859375,28524.0390625,12.760000228881836,8321.5,21709.5703125
2019-07-25,11290.400390625,11361.400390625,11239.349609375,11252.150390625,553700.0,30.764640996882513,-119.65455835743887,-42.66865872134379,-76.98589963609508,4.673682007520487,4.992709777521067,11607.175,11726.400996093751,11129.863769531252,11461.136692826429,11580.791251183868,26.741076963575154,124.38625403361954,13756700.0,-0.0016989534831232112,-0.001700398341321937,122.05078125,38.25,63.38999938964844,1413.9000244140625,69.18499755859375,27140.98046875,7489.10009765625,12362.099609375,3003.669921875,28594.30078125,12.640000343322754,8238.5400390625,21756.55078125
2019-07-26,11247.4501953125,11307.599609375,11210.0498046875,11284.2998046875,522700.0,33.24189822077429,-124.89790408563385,-38.32960355963101,-86.56830052600284,8.197865152429602,6.124243798926008,11581.947509765625,11726.945,11131.633017578126,11433.931017728133,11558.828921813767,28.220073930649363,122.46936479461101,14279400.0,0.0028571795564771296,0.0028531055771835417,97.5498046875,-36.849609375,63.459999084472656,1418.5,69.15049743652344,27192.44921875,7549.10009765625,12419.900390625,3025.860107421875,28397.740234375,12.130000114440918,8330.2099609375,21658.150390625
2019-07-29,11307.5,11310.9501953125,11152.400390625,11189.2001953125,482900.0,29.84062567055343,-135.1688941751272,-38.88047491929949,-96.28841925582772,8.571393581314842,7.147646913754976,11548.1275390625,11722.585996093749,11132.537519531252,11396.28012197188,11531.449016147008,29.86933883026634,125.0465390726745,13796500.0,-0.008427603929443195,-0.008463316975262767,158.5498046875,118.2998046875,63.709999084472656,1419.5999755859375,68.87000274658203,27221.349609375,7686.60009765625,12417.4697265625,3020.969970703125,28106.41015625,13.0600004196167,8293.330078125,21616.80078125
2019-07-30,11213.7001953125,11267.4501953125,11072.650390625,11085.400390625,479100.0,26.636989128349274,-149.95590622401141,-42.933989574546956,-107.02191664946446,7.867420853820952,8.212226529188463,11506.882568359375,11707.72900390625,11133.673271484377,11348.452470995438,11498.40837721945,31.744045072137876,130.0289151880192,13317400.0,-0.009276785013729971,-0.009320082365343962,194.7998046875,128.2998046875,64.72000122070312,1429.699951171875,68.94999694824219,27198.01953125,7646.7998046875,12147.240234375,3013.179931640625,28146.5,13.609999656677246,8273.6103515625,21709.310546875
2019-07-31,11034.0498046875,11145.2998046875,10999.400390625,11118.0,536700.0,29.207520913594678,-157.23173421844876,-40.16785405518743,-117.06388016326133,8.473243331165113,8.304019255433635,11466.945068359375,11695.90701171875,11136.267021484375,11312.998244688448,11470.229978906897,33.76363932660562,131.1625222504821,13854100.0,0.00294076968140633,0.002936454076975709,145.8994140625,-83.9501953125,65.16999816894531,1426.0999755859375,69.07749938964844,26864.26953125,7586.7998046875,12189.0400390625,2980.3798828125,27777.75,13.59000015258789,8175.419921875,21521.529296875
2019-08-01,11060.2001953125,11076.75,10881.0,10980.0,499900.0,25.184673739370712,-172.14890163040764,-44.06801717371704,-128.0808844566906,10.256903130064416,8.865855771683492,11418.607568359374,11680.74900390625,11139.584770507812,11261.76774550561,11433.916647136017,36.02184396664223,138.7223420897334,13354200.0,-0.012412304371289817,-0.012489980449893174,195.75,80.2001953125,60.5,1420.9000244140625,69.40499877929688,26583.419921875,7584.89990234375,12253.150390625,2953.56005859375,27565.69921875,14.5600004196167,8111.1201171875,21540.990234375
2019-08-02,10930.2998046875,11080.150390625,10848.9501953125,10997.349609375,547400.0,26.554295158049147,-180.49031578786344,-41.92754506493827,-138.56277072292517,15.353894367534087,11.361346942921204,11377.917529296874,11667.555,11142.83126953125,11221.088032254745,11401.578348042609,38.21176062516056,145.32790303421672,13901600.0,0.0015801101434427256,0.001578863082899198,231.2001953125,-67.0498046875,61.88999938964844,1445.5999755859375,69.29720306396484,26485.009765625,7407.10009765625,11872.4404296875,2932.050048828125,26918.580078125,15.1899995803833,8004.06982421875,21087.16015625
2019-08-05,10895.7998046875,10895.7998046875,10782.599609375,10862.599609375,506600.0,23.02820221598622,-195.7180298338717,-45.72420728875721,-149.99382254511448,12.650031601163755,12.753609699587418,11343.117529296873,11647.925,11145.639018554688,11165.935967196323,11361.653997030195,40.429384426703926,150.28662424605838,13395000.0,-0.012252952282714391,-0.012328638591802651,113.2001953125,33.2001953125,59.810001373291016,1464.5999755859375,69.65689849853516,25717.740234375,7223.89990234375,11658.509765625,2844.739990234375,26151.3203125,16.59000015258789,7726.0400390625,20720.2890625
2019-08-06,10815.400390625,11018.5498046875,10813.7998046875,10948.25,517900.0,29.441664725015077,-198.5856603347729,-38.87347023172674,-159.71219010304617,14.825755177467894,14.276560382055244,11312.735009765625,11628.395,11148.079770507815,11132.445818396889,11331.031478731662,40.87394697011247,154.17686537133994,13912900.0,0.007884888857643269,0.007853965566277007,204.75,-132.849609375,58.939998626708984,1472.4000244140625,71.5199966430664,26029.51953125,7171.7001953125,11567.9599609375,2881.77001953125,25976.240234375,16.1200008392334,7833.27001953125,20585.310546875
2019-08-07,10958.099609375,10975.650390625,10835.900390625,10855.5,548500.0,26.83419784232452,-205.96815533878726,-37.00477218859288,-168.96338315019437,11.891425413478252,13.122404064036633,11280.564990234376,11606.93,11151.18401855469,11089.838769412752,11295.80692475154,41.28675504613469,153.1463749876728,13364400.0,-0.00847167355513434,-0.00850776214660283,139.75,102.599609375,56.22999954223633,1507.300048828125,71.2300033569336,26007.0703125,7198.7001953125,11650.150390625,2883.97998046875,25997.029296875,16.739999771118164,7862.830078125,20516.560546875
2019-08-08,10899.2001953125,11058.0498046875,10842.9501953125,11032.4501953125,482500.0,38.097954293820194,-195.28926085445346,-21.060702163407257,-174.2285586910462,22.535501190161614,16.417560593702586,11253.04248046875,11590.35701171875,11153.98376953125,11081.009758012713,11276.299018867167,40.68349112687287,157.57160601533903,13846900.0,0.016300510829763803,0.016169083798241606,215.099609375,-133.25,57.380001068115234,1497.699951171875,71.16510009765625,26378.189453125,7285.89990234375,11845.41015625,2938.090087890625,26120.76953125,16.09000015258789,8039.16015625,20593.349609375
2019-08-09,11087.900390625,11181.4501953125,11062.7998046875,11109.650390625,538100.0,42.27340257632833,-178.53866685058165,-3.4480865276283623,-175.0905803229533,34.0733970175543,22.833441207064723,11230.9,11573.63201171875,11156.969521484376,11085.416009183833,11263.954676034415,38.87208214054889,156.95934844281481,14385000.0,0.006997556657477588,0.006973187375465333,118.650390625,-21.75,58.529998779296875,1496.5999755859375,70.47090148925781,26287.439453125,7253.89990234375,11693.7998046875,2918.64990234375,25939.30078125,15.850000381469727,7959.14013671875,20684.8203125
2019-08-13,11139.400390625,11145.900390625,10901.599609375,10925.849609375,624600.0,36.04035055961545,-178.04252399170036,-2.361554934997656,-175.6809690567027,39.49020463427003,32.03303428066198,11197.775,11553.6930078125,11158.675019531252,11060.867332290165,11238.909856281865,38.1365070120307,163.1980222147566,13760400.0,-0.01654424529912324,-0.016682629759426824,244.30078125,213.55078125,61.29999923706055,1502.199951171875,71.58000183105469,26279.91015625,7250.89990234375,11750.1298828125,2926.320068359375,25281.30078125,17.780000686645508,8016.35986328125,20455.439453125
2019-08-14,11003.25,11078.150390625,10935.599609375,11029.400390625,511500.0,41.29228652037264,-167.36437226189992,6.653277435842227,-174.01764969774214,40.173625284090726,37.91240897863835,11166.1150390625,11532.51001953125,11161.55677246094,11056.026264341679,11223.390636603579,37.45347296412095,162.41964786013114,14271900.0,0.009477595331455646,0.009432964697282421,142.55078125,-26.150390625,59.47999954223633,1515.9000244140625,71.08000183105469,25479.419921875,7147.89990234375,11492.66015625,2840.60009765625,25302.279296875,16.360000610351562,7773.93994140625,20655.130859375
2019-08-16,11043.650390625,11068.650390625,10924.2998046875,11047.7998046875,470900.0,42.200468667974526,-155.62325314938607,14.715517238684868,-170.33877038807094,39.1944839690773,39.619437962479346,11134.130029296875,11513.0330078125,11165.27802246094,11054.760655164113,11210.383908313499,36.88331493474919,161.1290005799432,14742800.0,0.0016682152620135504,0.00166682533651526,144.3505859375,-4.1494140625,58.63999938964844,1512.5,71.72000122070312,25886.009765625,7117.2001953125,11562.740234375,2888.679931640625,25734.220703125,16.649999618530273,7895.990234375,20418.810546875
2019-08-19,11094.7998046875,11146.900390625,11037.849609375,11053.900390625,369500.0,42.517982054630686,-144.1642298593888,20.93963242294572,-165.10386228233452,48.06087748293985,42.47632891203595,11106.980029296874,11497.236015625,11169.321274414064,11054.62830677348,11198.792536632869,35.561744207305686,157.40912777066154,15112300.0,0.0005521991749806165,0.0005520467691192048,109.05078125,40.8994140625,59.7400016784668,1500.4000244140625,71.13200378417969,26135.7890625,7189.7001953125,11715.3701171875,2923.64990234375,26291.83984375,16.75,8002.81005859375,20563.16015625
2019-08-20,11063.900390625,11076.2998046875,10985.2998046875,11017.0,444700.0,41.04910478191912,-136.48708630757756,22.89342077980558,-159.38050708738314,49.962493792209756,45.739285081408966,11086.867529296875,11480.1630078125,11173.672275390625,11048.839336500636,11185.326422808213,34.67465473478504,152.6656186441857,14667600.0,-0.0033382235519596737,-0.0033438078514244876,91.0,46.900390625,60.029998779296875,1504.5999755859375,71.99500274658203,25962.439453125,7125.0,11651.1796875,2900.510009765625,26231.5390625,16.6299991607666,7948.56005859375,20677.220703125
2019-08-21,11018.150390625,11034.2001953125,10906.650390625,10918.7001953125,557900.0,37.347571884839056,-136.75840171860546,18.097684295022162,-154.85608601362762,44.60556686232293,47.54297937915751,11065.492529296876,11460.0830078125,11177.142026367186,11028.817930164,11165.576331882605,34.322736297663376,150.87163193299386,14109700.0,-0.008922556475220111,-0.008962600859057328,127.5498046875,99.4501953125,60.29999923706055,1504.5999755859375,71.80999755859375,26202.73046875,7204.0,11802.849609375,2924.429931640625,26270.0390625,17.020000457763672,8020.2099609375,20618.5703125
2019-08-22,10905.2998046875,10908.25,10718.2998046875,10741.349609375,668200.0,31.779665758672973,-149.56009555737546,4.236792365001747,-153.7968879223772,29.148271591509157,41.23877741534728,11036.00751953125,11435.5980078125,11180.224272460937,10984.592034657999,11134.152130215374,34.90638951305269,154.4094004109943,13441500.0,-0.016242829527789215,-0.016376190359974212,189.9501953125,163.9501953125,59.91999816894531,1497.300048828125,71.43779754638672,26252.240234375,7128.2001953125,11747.0400390625,2922.949951171875,26048.720703125,17.850000381469727,7991.39013671875,20628.009765625
2019-08-23,10699.599609375,10862.5498046875,10637.150390625,10829.349609375,667100.0,36.813388885178284,-150.86558109421821,2.345045462527196,-153.2106265567454,24.803740665883833,32.85252637323864,11013.910009765626,11414.060996093749,11184.221020507812,10960.708584614462,11111.57416570868,35.767289342463336,159.48011567181612,14108600.0,0.008192639025843995,0.008159261534645986,225.3994140625,-129.75,59.34000015258789,1526.5999755859375,71.92040252685547,25628.900390625,7095.0,11611.509765625,2847.110107421875,26179.330078125,17.350000381469727,7751.77001953125,20710.91015625
2019-08-26,11000.2998046875,11070.2998046875,10756.5498046875,11057.849609375,684100.0,47.62081826639123,-131.94121128867846,17.01553221445357,-148.95674350313203,39.19328003104815,31.04843076281371,11004.194970703125,11396.9369921875,11188.256020507812,10975.653357654544,11107.594568943223,34.71580030554963,170.49939312382926,14792700.0,0.021100066785376237,0.020880542984676998,313.75,-57.5498046875,58.70000076293945,1526.300048828125,71.50250244140625,25898.830078125,7095.0,11658.0400390625,2878.3798828125,25680.330078125,16.65999984741211,7853.740234375,20261.0390625
2019-08-27,11106.5498046875,11141.75,11049.5,11105.349609375,685600.0,49.552472187292786,-111.82164849187575,29.708076009005026,-141.52972450088077,66.20724136095626,43.40142068596275,10995.247460937499,11382.577988281251,11192.790766601564,10995.606627149999,11107.428275641874,33.209375831745334,164.91015075784148,15478300.0,0.004295591066795668,0.004286391351556263,92.25,1.2001953125,59.5099983215332,1541.0,72.16000366210938,25777.900390625,7089.60009765625,11730.01953125,2869.159912109375,25664.0703125,16.010000228881836,7826.9501953125,20456.080078125
2019-08-28,11101.2998046875,11129.650390625,10987.650390625,11046.099609375,550000.0,47.21354527150055,-99.51063321242145,33.61527303076747,-133.12590624318892,79.48117594218968,61.627232444731355,10988.092431640624,11370.05697265625,11196.088266601564,11003.374778261537,11102.885411473959,32.144074799126855,163.27371141799566,14928300.0,-0.005335266523260329,-0.005349549884040612,142.0,55.2001953125,60.4900016784668,1537.800048828125,71.53500366210938,26036.099609375,7114.7001953125,11701.01953125,2887.93994140625,25615.48046875,16.84000015258789,7856.8798828125,20479.419921875
2019-08-29,10996.0498046875,11021.099609375,10922.400390625,10948.2998046875,649900.0,43.55876556376209,-96.53292038208019,29.274388688887,-125.8073090709672,72.77226272046524,72.82022667453705,10981.23740234375,11355.19296875,11198.927514648438,10994.901705403994,11091.434625786074,31.49256575662097,160.44696194171027,14278400.0,-0.0088537862364102,-0.008893213897011299,98.69921875,47.75,61.08000183105469,1526.5,72.08499908447266,26362.25,7184.2998046875,11838.8798828125,2924.580078125,25703.5,16.43000030517578,7973.39013671875,20460.9296875
2019-08-30,10987.7998046875,11042.599609375,10874.7998046875,11023.25,628200.0,46.94810421825998,-87.12093126919535,30.949102241417478,-118.07003351061283,67.74442030298627,73.33261965521373,10976.499902343749,11341.82896484375,11201.278764648438,10999.262981495687,11086.383912764883,31.126678177424854,160.97216499498097,14906600.0,0.006845829640179435,0.00682250334649108,167.7998046875,-35.4501953125,60.43000030517578,1519.0999755859375,71.6801986694336,26403.279296875,7207.2001953125,11939.2802734375,2926.4599609375,25724.73046875,16.280000686645508,7962.8798828125,20704.369140625
2019-09-03,10960.9501953125,10967.5,10772.7001953125,10797.900390625,483000.0,39.305512662275824,-96.7306416150077,17.071513516484103,-113.8021551314918,53.21174836232137,64.57614379525762,10967.394921874999,11321.151972656251,11202.648266601562,10968.284121361736,11065.014762976743,31.26696218105696,167.37056783016092,14423600.0,-0.02044311880570615,-0.020654971620241963,194.7998046875,163.0498046875,58.2599983215332,1545.9000244140625,71.96209716796875,26118.01953125,7268.2001953125,11910.8603515625,2906.27001953125,25527.849609375,18.059999465942383,7874.16015625,20625.16015625
2019-09-04,10790.400390625,10858.75,10746.349609375,10844.650390625,508800.0,41.43545029793641,-99.4279287336376,11.499381118283367,-110.92730985192097,47.72546483293812,56.22721116608192,10959.7599609375,11303.56298828125,11204.221518554688,10949.263547402237,11048.691476135875,31.515469620760562,163.44412660122086,14932400.0,0.004329545403159107,0.004320199886309888,112.400390625,-54.25,60.70000076293945,1550.300048828125,72.45999908447266,26355.470703125,7311.2998046875,12025.0400390625,2937.780029296875,26523.23046875,17.239999771118164,7976.8798828125,20649.140625
2019-09-05,10860.9501953125,10920.099609375,10816.0,10847.900390625,595700.0,41.58891177241694,-100.14884680397518,8.622770438356639,-108.77161724233181,37.861696910250124,46.2663033685032,10959.025000000001,11286.52798828125,11205.46901855469,10933.669215590355,11033.81806239433,31.18404646676302,159.20523251363366,15528100.0,0.000299686931614751,0.00029964203445609783,104.099609375,13.0498046875,60.95000076293945,1515.4000244140625,71.95570373535156,26728.150390625,7271.2001953125,12126.7802734375,2976.0,26515.529296875,17.270000457763672,8116.830078125,21085.939453125
2019-09-06,10883.7998046875,10957.0498046875,10867.4501953125,10946.2001953125,497200.0,46.182402478916686,-91.73079139336733,13.632660679171607,-105.36345207253893,47.55924830390715,44.38213668236513,10958.922509765625,11269.52298828125,11207.274018554686,10935.597058624531,11027.327850017899,30.54548741061508,155.62981690998126,16025300.0,0.009061643373168504,0.00902083303672415,89.599609375,-62.400390625,61.540000915527344,1506.199951171875,72.22000122070312,26797.4609375,7282.2998046875,12191.73046875,2978.7099609375,26690.759765625,16.270000457763672,8103.06982421875,21199.5703125
2019-09-09,10936.7001953125,11028.849609375,10889.7998046875,11003.0498046875,412500.0,48.69524171046526,-79.55507211704207,20.646703964397503,-100.20177608143958,58.1614459578703,47.860797057342516,10966.300000000001,11252.63298828125,11209.878266601561,10945.974404172679,11025.529476289721,29.33288390029813,154.44553032266117,16437800.0,0.005193547382711383,0.005180107429441778,139.0498046875,-66.349609375,62.59000015258789,1502.199951171875,71.66999816894531,26835.509765625,7235.7998046875,12226.099609375,2978.429931640625,26681.400390625,15.850000381469727,8087.43994140625,21318.419921875
2019-09-11,11028.5,11054.7998046875,11011.650390625,11035.7001953125,687100.0,50.135297152332996,-66.50449084365937,26.957828190224177,-93.46231903388355,70.70797249434801,58.80955558537515,10966.462500000001,11236.515996093749,11212.144267578125,10959.778372040342,11026.282862884002,27.98884754299953,147.11013529961397,17124900.0,0.0029673946046386845,0.0029630005796600876,43.1494140625,-7.2001953125,60.810001373291016,1494.4000244140625,71.85900115966797,27137.0390625,7338.0,12359.0703125,3000.929931640625,27159.060546875,15.369999885559082,8169.68017578125,21597.759765625
2019-09-12,11058.2998046875,11081.75,10964.9501953125,10982.7998046875,551400.0,47.794546809865984,-59.74176470105158,26.97644346626558,-86.71820816731716,73.33197860824576,67.40046568682135,10960.119970703126,11220.395,11214.176767578127,10963.320130909135,11023.061895610186,27.057291402089476,144.94511168446297,16573500.0,-0.00479356902496042,-0.004805095025496559,116.7998046875,75.5,60.380001068115234,1498.699951171875,71.56009674072266,27182.44921875,7344.7001953125,12410.25,3009.570068359375,27087.630859375,14.899999618530273,8194.4697265625,21759.609375
2019-09-13,10986.7998046875,11084.4501953125,10945.75,11075.900390625,624300.0,52.038606773305744,-46.33568733845459,32.30601666309005,-78.64170400154464,78.14441369433531,74.06145493230969,10967.622509765628,11204.601015625001,11216.47276855469,10980.640170865421,11026.975858203876,26.322604336951407,144.49904622932277,17197800.0,0.008476944640087414,0.008441217109748283,138.7001953125,-89.1005859375,60.220001220703125,1490.9000244140625,71.28500366210938,27219.51953125,7367.5,12468.5302734375,3007.389892578125,27352.689453125,14.119999885559082,8176.7099609375,21988.2890625
2019-09-16,10994.849609375,11052.7001953125,10968.2001953125,11003.5,434500.0,48.721499863634385,-41.0798380889737,30.049492730056755,-71.12933081903046,73.49510240668832,74.99049823642312,10966.327490234376,11186.46501953125,11218.079267578127,10984.157067655357,11025.23690574433,25.6403949193232,141.87055687812116,16763300.0,-0.006536749886833726,-0.006558207998363749,84.5,-8.650390625,69.0199966430664,1503.0999755859375,71.02069854736328,27076.8203125,7321.39990234375,12380.3095703125,2997.9599609375,27124.55078125,14.949999809265137,8153.5400390625,21988.2890625
2019-09-17,11000.099609375,11000.099609375,10796.5,10817.599609375,482000.0,41.42063032244595,-51.323521967995475,15.844647080827997,-67.16816904882347,56.66842584841852,69.43598064981404,10954.817480468751,11164.482011718748,11218.350263671877,10958.532843304532,11009.856365272528,26.088877648715535,146.52265995825536,16281300.0,-0.01689465993774708,-0.017039002763312223,203.599609375,182.5,64.55000305175781,1505.0999755859375,71.74909973144531,27110.80078125,7320.39990234375,12372.6103515625,3005.699951171875,26790.240234375,16.020000457763672,8186.02001953125,22001.3203125
2019-09-18,10872.7998046875,10885.150390625,10804.849609375,10840.650390625,519200.0,42.569800362799675,-56.92550801887592,8.194128823958039,-65.11963684283396,35.88581459177479,55.34978094896054,10944.154980468751,11142.36001953125,11219.272514648437,10940.397081353834,10997.32258937271,26.505325897436986,141.79252576480857,16800500.0,0.002130859163064436,0.002128592102631135,80.30078125,32.1494140625,63.599998474121094,1507.5,71.70999908447266,27147.080078125,7314.10009765625,12389.6201171875,3006.72998046875,26754.119140625,15.350000381469727,8177.39013671875,21960.7109375
2019-09-19,10845.2001953125,10845.2001953125,10670.25,10704.7998046875,642600.0,37.85635047195813,-71.50288846949115,-5.106601301325753,-66.3962871681654,16.987777312783212,36.51400591765884,10928.544970703126,11120.2330078125,11219.796264648438,10904.151346482091,10975.654234951582,27.582440137592943,144.16093073250082,16157900.0,-0.012531589991591652,-0.012610772583449698,174.9501953125,140.400390625,64.4000015258789,1498.4000244140625,71.5425033569336,27094.7890625,7356.39990234375,12457.7001953125,3006.7900390625,26468.94921875,15.550000190734863,8182.8798828125,22044.44921875
2019-09-20,10746.7998046875,11381.900390625,10691.0,11274.2001953125,1356800.0,58.56480205771537,-36.68681192402619,23.767580195311375,-60.45439211933756,39.26991995319968,30.714503952585893,10946.319970703125,11114.54501953125,11223.533515625,10961.081938609846,10997.768750533873,26.47228097043614,183.21374929625074,17514700.0,0.05319112930777714,0.051824725995144275,690.900390625,-527.400390625,64.27999877929688,1507.300048828125,71.71749877929688,26935.0703125,7344.89990234375,12468.009765625,2992.070068359375,26435.669921875,15.399999618530273,8117.669921875,22079.08984375
2019-09-23,11542.7001953125,11694.849609375,11471.349609375,11600.2001953125,882800.0,65.6271746555148,17.014522257451972,61.97513150143163,-44.96060924397966,61.3232564044979,39.193651223493596,10989.2625,11115.431015625,11228.391518554687,11059.407824256408,11042.393301998956,26.64859633650753,200.1734396366971,18397500.0,0.028915576657539077,0.028505409421526316,223.5,-57.5,64.7699966430664,1523.699951171875,71.19159698486328,26949.990234375,7326.10009765625,12342.330078125,2991.780029296875,26222.400390625,16.790000915527344,8112.4599609375,22079.08984375
2019-09-24,11590.7001953125,11655.0498046875,11539.2001953125,11588.2001953125,651700.0,65.1867326299871,57.93705448217224,82.31813098092152,-24.38107649874928,88.40651748999373,62.99989794923044,11027.205029296874,11117.21701171875,11232.904521484375,11140.760496726576,11082.823442244404,26.812317747859538,194.15030890371875,17745800.0,-0.0010344649056013289,-0.0010350003337080292,115.849609375,2.5,63.099998474121094,1532.0999755859375,70.78959655761719,26807.76953125,7291.39990234375,12307.150390625,2966.60009765625,26281.0,16.729999542236328,7993.6298828125,22098.83984375
2019-09-25,11564.849609375,11564.9501953125,11416.099609375,11440.2001953125,629100.0,59.85159164497309,77.53234833934766,81.53073987047756,-3.998391531129892,85.16662059938301,78.29879816462487,11046.32255859375,11114.363007812499,11236.461274414063,11186.828142662871,11109.295794323523,26.222108975422003,192.575328691846,17116700.0,-0.012771612287114875,-0.01285387045749521,148.8505859375,124.6494140625,62.38999938964844,1504.5999755859375,71.28500366210938,26970.7109375,7290.0,12234.1796875,2984.8701171875,25945.349609375,16.170000076293945,8077.3798828125,22020.150390625
2019-09-26,11469.849609375,11610.849609375,11466.349609375,11571.2001953125,844500.0,62.75711435483147,102.45136947144783,85.15980880206217,17.291560669385653,84.22316263021949,85.9321002398654,11069.615087890626,11114.73701171875,11240.023774414063,11245.96230460897,11143.510935137521,25.856425134062338,191.00919193260702,17961200.0,0.01145084856589107,0.011385783826013006,144.5,-101.3505859375,62.7400016784668,1507.5,71.30999755859375,26891.119140625,7351.10009765625,12288.5400390625,2977.6201171875,26041.9296875,16.34000015258789,8030.66015625,22048.240234375
2019-09-27,11556.349609375,11593.599609375,11499.75,11512.400390625,650000.0,60.63594491045336,116.11669939222156,79.06011097826872,37.05658841395284,81.75716505113468,83.71564942691239,11092.930126953126,11113.21802734375,11243.202026367188,11286.952779380666,11170.836079988445,25.516861567085506,184.0692217499208,17311200.0,-0.005081564893442914,-0.005094519950938459,93.849609375,43.94921875,61.90999984741211,1499.0999755859375,71.21499633789062,26820.25,7426.2001953125,12380.9404296875,2961.7900390625,25954.810546875,16.110000610351562,7939.6298828125,21878.900390625
2019-09-30,11491.150390625,11508.25,11390.7998046875,11474.4501953125,756800.0,59.244132964812266,122.47252122097598,68.33274624561851,54.13977497535747,82.87142144575022,82.95058304236812,11119.237646484376,11109.455039062499,11246.155527343748,11315.79853567787,11193.326014456894,24.514406242825007,179.60717633474792,16554400.0,-0.003296462425282254,-0.003301907727659163,117.4501953125,16.7001953125,60.779998779296875,1465.699951171875,70.49870300292969,26916.830078125,7408.2001953125,12428.080078125,2976.739990234375,26092.26953125,15.869999885559082,7999.33984375,21755.83984375
2019-10-01,11515.400390625,11554.2001953125,11247.900390625,11359.900390625,1305400.0,55.130660217276755,116.91857930295373,50.223043462077015,66.69553584087672,75.99719783833243,80.20859477840577,11136.070166015626,11102.903046874999,11248.607529296874,11322.583436438967,11205.664857136013,22.780204480350243,188.65664978851595,15249000.0,-0.009983032105041145,-0.01003319671254013,306.2998046875,155.5,58.88999938964844,1482.0,70.92250061035156,26573.0390625,7360.2998046875,12263.830078125,2940.25,26092.26953125,16.760000228881836,7908.68017578125,21885.240234375
2019-10-03,11322.25,11370.400390625,11257.349609375,11314.0,1017500.0,53.526890519973875,107.5732252227026,32.702151505460705,74.8710737172419,69.54263129970104,76.1370835279279,11161.875146484377,11097.245039062502,11251.26302734375,11321.262907756049,11213.689682533346,21.16987427233796,183.25623060719337,14231500.0,-0.004040562773145462,-0.004048747902700529,113.05078125,8.25,57.709999084472656,1507.0999755859375,71.1416015625,26201.0390625,7077.60009765625,12263.830078125,2910.6298828125,26110.310546875,17.700000762939453,7872.259765625,21341.740234375
2019-10-04,11388.4501953125,11400.2998046875,11158.349609375,11174.75,928500.0,48.88116190743354,87.91719880401433,10.436900069417945,77.48029873459639,59.792474829789334,68.4441013226076,11178.380126953125,11092.355039062502,11254.131025390623,11298.722460408964,11210.80526160495,20.177753361494627,187.44865665757243,13303000.0,-0.012307760296977222,-0.012384128036227408,241.9501953125,213.7001953125,58.369998931884766,1506.199951171875,71.0199966430664,26573.720703125,7155.39990234375,12012.8095703125,2952.010009765625,25821.029296875,17.579999923706055,7982.47021484375,21410.19921875
2019-10-07,11196.2001953125,11233.849609375,11112.650390625,11126.400390625,733200.0,47.34465256861635,67.65832381012297,-7.857579939578741,75.5159037497017,52.19601152635207,60.510372551947476,11192.305126953126,11087.95904296875,11256.294526367186,11272.211372749893,11204.55304893977,19.494489131115465,182.71655394988866,12569800.0,-0.0043266837625002275,-0.004336070945390455,121.19921875,69.7998046875,58.349998474121094,1497.699951171875,70.81500244140625,26478.01953125,7197.89990234375,12097.4296875,2938.7900390625,25821.029296875,17.829999923706055,7956.2900390625,21375.25
2019-10-09,11152.9501953125,11321.599609375,11090.150390625,11313.2998046875,741100.0,53.437615674230706,65.92430579072061,-7.673278367184878,73.59758415790549,52.17323204885038,54.72057280166393,11210.660107421876,11087.60404296875,11260.418774414062,11278.532669971062,11212.608364180342,18.3135369527604,186.19745857846803,13310900.0,0.01679783285706482,0.016658309554353663,231.44921875,-160.349609375,58.31999969482422,1506.0999755859375,71.20999908447266,26346.009765625,7166.5,12094.259765625,2919.39990234375,25682.810546875,17.15999984741211,7903.740234375,21456.380859375
2019-10-10,11280.5,11293.349609375,11208.5498046875,11234.5498046875,562000.0,50.771766085679786,57.532419242292235,-12.852131932490607,70.38455117478284,54.118701093224296,52.82931488947558,11222.235107421875,11086.86904296875,11263.845771484373,11271.766075312053,11214.23365606976,17.216938501430697,180.37978296572032,12748900.0,-0.006960833829169011,-0.006985173448092334,84.7998046875,45.9501953125,59.099998474121094,1494.800048828125,71.41000366210938,26496.669921875,7186.39990234375,12164.2001953125,2938.1298828125,25707.9296875,17.229999542236328,7950.77978515625,21551.98046875
2019-10-11,11257.7001953125,11362.900390625,11189.400390625,11305.0498046875,737800.0,53.030811018418596,55.92587087253014,-11.566944241802162,67.4928151143323,59.66857911781074,55.32017075329513,11235.702587890624,11087.92703125,11266.683022460937,11276.886649062122,11220.960778189592,16.21529726947451,179.8883698967403,13486700.0,0.006275284833450412,0.006255677219734019,173.5,-47.349609375,60.5099983215332,1482.699951171875,70.9800033569336,26816.58984375,7247.10009765625,12511.650390625,2970.27001953125,26308.439453125,17.139999389648438,8057.0400390625,21798.869140625
2019-10-14,11335.900390625,11420.4501953125,11290.0498046875,11341.150390625,587600.0,54.190068931782264,56.909666089266466,-8.466519220052675,65.37618530931914,52.58429816635419,55.45719279246307,11253.6201171875,11089.06404296875,11269.431025390624,11286.773378533333,11229.863712444067,15.634924657778864,176.35351423447312,14074300.0,0.003193315072573366,0.0031882272704231176,130.400390625,-5.25,59.349998474121094,1491.699951171875,70.91400146484375,26787.359375,7213.5,12486.5595703125,2966.14990234375,26521.849609375,17.43000030517578,8048.64990234375,21798.869140625
2019-10-15,11360.849609375,11462.349609375,11342.099609375,11428.2998046875,527400.0,56.9522513417843,63.983992624867824,-1.1137541475610533,65.09774677242888,54.17928396340747,55.47738708252413,11271.240087890625,11093.84603515625,11272.5452734375,11308.546674864743,11244.562682239875,15.346412478252912,172.4139216998679,14601700.0,0.007684353972992053,0.007654979710518189,120.25,-67.4501953125,58.7400016784668,1477.5999755859375,71.45249938964844,27024.80078125,7211.60009765625,12629.7900390625,2995.679931640625,26503.9296875,16.850000381469727,8148.7099609375,22207.2109375
2019-10-16,11464.9501953125,11481.0498046875,11411.099609375,11464.0,533500.0,58.06765651791728,71.64527266914592,5.238020717373644,66.40725195177228,57.7219876647705,54.82852326484405,11294.265087890624,11101.418027343749,11275.423525390623,11332.4625710394,11260.817298370253,15.192189144885871,165.09508410077018,15135200.0,0.003123841334461419,0.0031189722795879394,69.9501953125,0.9501953125,59.41999816894531,1488.0,71.76000213623047,27001.98046875,7168.0,12670.1103515625,2989.68994140625,26664.279296875,16.360000610351562,8124.18017578125,22472.919921875
2019-10-17,11466.2998046875,11599.099609375,11439.650390625,11586.349609375,797600.0,61.727678523197866,86.59131250959763,16.147248446260278,70.44406406333735,75.65083729930807,62.51736964249534,11332.702587890626,11110.78501953125,11278.811772460936,11371.522115398722,11284.930802889125,15.725154226854334,164.6918080042866,15932800.0,0.010672506051552677,0.010615956850818441,159.44921875,-120.0498046875,59.90999984741211,1492.300048828125,71.62000274658203,27025.880859375,7182.2998046875,12654.9501953125,2997.949951171875,26848.490234375,15.880000114440918,8156.85009765625,22451.859375
2019-10-18,11580.2998046875,11684.7001953125,11553.150390625,11661.849609375,853400.0,63.82594574090742,103.33716922209533,26.31448412700638,77.02268509508895,87.74968623022919,73.7075037314359,11373.762548828126,11124.42201171875,11282.284521484373,11416.187883702765,11312.85071448067,16.65358020613308,162.32452205308758,16786200.0,0.006516288783389612,0.006495149556810502,131.5498046875,-81.5498046875,59.41999816894531,1488.199951171875,71.42250061035156,26770.19921875,7150.60009765625,12633.599609375,2986.199951171875,26719.580078125,15.930000305175781,8089.5400390625,22492.6796875
2019-10-22,11657.150390625,11714.349609375,11573.650390625,11588.349609375,867600.0,60.35676433490927,109.41626300855751,25.914862330774838,83.50140067778267,90.42186088940838,84.60746147298187,11417.940039062501,11136.24201171875,11285.467768554687,11442.674303036956,11333.258040028399,17.660474732129412,160.7798575314385,15918600.0,-0.006302602285396697,-0.006322547531982618,140.69921875,68.80078125,59.70000076293945,1481.699951171875,71.1050033569336,26788.099609375,7212.5,12754.6904296875,2995.989990234375,26786.19921875,16.809999465942383,8104.2998046875,22492.6796875
2019-10-23,11596.2001953125,11651.599609375,11554.400390625,11604.099609375,664200.0,60.84785671452046,114.18858705198545,24.549749099362216,89.63883795262323,86.10272133840289,88.0914228193468,11434.435009765626,11151.07201171875,11289.718266601561,11467.508965550502,11353.320378498516,18.413367252174925,156.23838333276433,16582800.0,0.001359123648397631,0.0013582008758651655,97.19921875,-7.8994140625,61.16999816894531,1489.9000244140625,71.07499694824219,26833.94921875,7260.7001953125,12798.1904296875,3004.52001953125,26566.73046875,16.540000915527344,8119.7900390625,22625.380859375
2019-10-24,11661.650390625,11679.599609375,11534.650390625,11582.599609375,700500.0,59.759567975817795,114.91119321647238,20.21788421107931,94.69330900539308,80.34815440616623,85.62424554465916,11433.55498046875,11163.759003906249,11294.313764648437,11485.21521844658,11370.304025230107,19.26446242441621,155.43201443399545,15882300.0,-0.0018527934715960592,-0.001854512016487498,144.94921875,79.05078125,61.66999816894531,1498.9000244140625,70.71499633789062,26805.529296875,7328.2998046875,12872.099609375,3010.2900390625,26797.94921875,16.239999771118164,8185.7998046875,22750.599609375
2019-10-25,11646.150390625,11646.900390625,11490.75,11583.900390625,812000.0,59.80640682046457,114.27157440555311,15.66261232012802,98.60896208542509,80.11055831951354,82.18714468802756,11433.339990234377,11178.32701171875,11298.584018554686,11500.397552627875,11386.125978222322,19.611156183891243,155.4833270190672,16694300.0,0.00011230477560042473,0.00011229846989121649,156.150390625,62.25,62.02000045776367,1499.5,71.19000244140625,26958.060546875,7324.5,12894.509765625,3022.550048828125,26667.390625,15.319999694824219,8243.1201171875,22799.810546875
2019-10-29,11643.9501953125,11809.400390625,11627.349609375,11786.849609375,951700.0,66.38134498676332,128.65788966018408,24.03914205980719,104.61874760037689,84.95299543165223,81.80390271911067,11450.672460937501,11193.414999999999,11303.619267578124,11544.467099819742,11415.809210159558,20.798324809275407,160.4845179462767,17646000.0,0.017519938181983052,0.017368233407476515,182.05078125,-142.8994140625,61.59000015258789,1487.0,70.73500061035156,27071.4609375,7306.2998046875,12939.6201171875,3036.889892578125,26786.759765625,16.420000076293945,8276.849609375,22974.130859375
2019-10-30,11883.900390625,11883.9501953125,11784.4501953125,11844.099609375,725200.0,67.9729125398591,143.02998406583356,30.72898917236533,112.30099489346823,90.31526614473881,85.12627329863486,11464.317431640626,11208.103984375,11308.540263671874,11590.564408982089,11447.534424916255,22.233672141784083,156.1284809501141,18371200.0,0.004857107869982835,0.004845350178432992,99.5,39.80078125,60.61000061035156,1493.199951171875,70.88459777832031,27186.689453125,7330.7998046875,12910.23046875,3046.77001953125,26667.7109375,16.65999984741211,8303.98046875,22843.119140625
2019-10-31,11890.4501953125,11945.0,11855.099609375,11877.4501953125,1414800.0,68.89668308080444,155.32064626395186,34.4157210963869,120.90492516756495,94.30151858639869,89.85659338759658,11482.569921875001,11227.135996093748,11313.614765625,11634.700683802152,11479.3800375382,23.822196593085348,152.1836173554631,19786000.0,0.0028157974888274317,0.0028118405572833054,89.900390625,13.0,60.22999954223633,1511.4000244140625,70.98999786376953,27046.23046875,7248.39990234375,12866.7900390625,3037.56005859375,26906.720703125,16.280000686645508,8292.3603515625,22927.0390625
2019-11-01,11886.599609375,11918.2998046875,11843.349609375,11890.599609375,855300.0,69.27300059452908,164.22900271175058,34.65926203534849,129.5697406764021,92.94674758431242,92.5211774384833,11503.377392578126,11244.35998046875,11319.105263671874,11674.069749274899,11509.840746563148,25.16931584615935,146.6669443523943,20641300.0,0.0011070906504571099,0.0011064782775295006,74.9501953125,-4.0,61.689998626708984,1508.0,70.97000122070312,27347.359375,7302.39990234375,12961.0498046875,3066.909912109375,27100.759765625,15.729999542236328,8386.400390625,22850.76953125
2019-11-04,11928.900390625,11989.150390625,11905.349609375,11941.2998046875,823100.0,70.74283329798443,173.38138869764043,35.04931841699067,138.33207028064976,92.33862718698549,93.19563111923219,11532.447363281251,11262.22998046875,11325.450512695312,11715.182065492221,11541.80067679458,26.725262551881872,143.23007555936613,21464400.0,0.004263888868356602,0.004254824252091804,83.80078125,-12.3994140625,62.130001068115234,1508.0,70.51210021972656,27462.109375,7369.7001953125,13136.2802734375,3078.27001953125,27547.30078125,15.930000305175781,8433.2001953125,22850.76953125
2019-11-05,11974.599609375,11978.9501953125,11861.900390625,11917.2001953125,632000.0,69.05196854022404,176.65372923561335,30.657327163970876,145.99640207164248,91.61202059573475,92.29913178901089,11562.607373046876,11279.495976562499,11331.399765625,11746.261777772263,11569.60804853665,27.67778317857293,141.36005621137568,20832400.0,-0.002018173043904281,-0.002020212299297299,117.0498046875,57.3994140625,62.959999084472656,1480.800048828125,71.0,27492.630859375,7388.10009765625,13148.5,3074.6201171875,27683.400390625,15.920000076293945,8434.6796875,23251.990234375
2019-11-06,11911.5,12002.900390625,11850.25,11966.0498046875,603400.0,70.58661118420203,181.1012158267822,28.08385100411178,153.01736482267043,91.93627903788101,91.96230894020042,11602.17236328125,11298.476972656248,11337.371015624998,11780.075320374606,11598.974104547824,28.678235077234948,142.1665086694917,21435800.0,0.004099084396871566,0.004090706038353768,152.650390625,-54.5498046875,61.7400016784668,1490.199951171875,70.8949966430664,27492.560546875,7396.7001953125,13179.8896484375,3076.780029296875,27688.640625,15.779999732971191,8410.6298828125,23303.8203125
2019-11-07,12021.099609375,12021.400390625,11946.849609375,12012.0498046875,563000.0,71.994903240837,186.1913980184181,26.539226556598123,159.65217146182,93.68203641662069,92.41011201674547,11646.454833984375,11320.343964843749,11343.420512695313,11815.763702576589,11629.57230455817,29.699013815353695,137.3368138538137,21998800.0,0.003844209304726398,0.003836839214212366,74.55078125,9.0498046875,62.290000915527344,1464.199951171875,71.0,27674.80078125,7406.39990234375,13289.4599609375,3085.179931640625,27847.23046875,15.210000038146973,8434.51953125,23330.3203125
2019-11-08,11987.150390625,12034.150390625,11888.75,11908.150390625,789300.0,64.48481446997742,179.7693208585224,16.093719517361933,163.67560134116047,89.65950026240426,91.75927190563532,11676.197363281251,11343.67998046875,11348.685512695312,11829.97703919942,11650.207718340898,29.938593568177648,137.91278362318417,21209500.0,-0.008649599006986697,-0.008687223905779385,145.400390625,79.0,62.5099983215332,1461.300048828125,71.37650299072266,27681.240234375,7359.39990234375,13228.5595703125,3093.080078125,27651.140625,15.859999656677246,8475.3095703125,23391.869140625
2019-11-11,11879.2001953125,11932.650390625,11853.9501953125,11913.4501953125,549000.0,64.68716639304726,173.1119021372815,7.5490406368968195,165.56286150038468,84.33111295744732,89.22421654549075,11710.1423828125,11365.3619921875,11354.144765624998,11842.819063216817,11669.707161079536,29.754081285196733,133.68331302956386,21758500.0,0.0004450569159482054,0.0004449579074941643,78.7001953125,-34.25,62.18000030517578,1455.5,71.37650299072266,27691.490234375,7328.5,13198.3701171875,3087.010009765625,26926.55078125,16.25,8464.2802734375,23331.83984375
2019-11-13,11908.2998046875,11946.7998046875,11823.2001953125,11840.4501953125,659000.0,59.64609398623721,160.09982875582864,-4.370426195644853,164.4702549514735,72.98490528512706,82.32517283499288,11736.91240234375,11381.01400390625,11359.372265625,11842.454622000769,11682.35479324494,29.226567156803153,132.9630484828093,21099500.0,-0.006127528029514329,-0.006146378372844679,123.599609375,67.849609375,62.369998931884766,1461.699951171875,71.77999877929688,27783.58984375,7351.2001953125,13230.0703125,3094.0400390625,26571.4609375,16.459999084472656,8482.099609375,23319.869140625
2019-11-14,11858.75,11895.650390625,11802.650390625,11872.099609375,559500.0,61.06285440953158,150.60542447898297,-11.091864377992437,161.6972888569754,70.77347384513271,76.02983069590236,11763.459863281249,11396.349003906249,11365.044765625,11847.015389289112,11696.40996481013,28.497178785676432,130.10854501975152,21659000.0,0.002672990768123773,0.0026694246816312177,93.0,-13.349609375,62.279998779296875,1471.800048828125,72.1415023803711,27781.9609375,7292.7998046875,13180.23046875,3096.6298828125,26323.689453125,15.649999618530273,8479.01953125,23141.55078125
2019-11-15,11904.2001953125,11973.650390625,11879.25,11895.4501953125,580200.0,62.1195331102714,143.31321232001392,-14.707261229569212,158.02047354958313,69.66931563996486,71.1425649234082,11786.8173828125,11413.336015624998,11370.088017578124,11854.466897908096,11711.153685588082,28.402651744715513,128.06870475048356,22239200.0,0.001966845520657623,0.001964913812506188,94.400390625,8.75,63.29999923706055,1467.300048828125,71.95580291748047,28004.890625,7302.89990234375,13241.75,3120.4599609375,26326.66015625,15.029999732971191,8540.830078125,23303.3203125
2019-11-18,11915.150390625,11946.2001953125,11867.599609375,11884.5,514400.0,61.27967854552652,135.09322183070435,-18.341801375103017,153.43502320580737,69.28891530011478,69.91056826173745,11807.842382812501,11432.060019531249,11375.059018554686,11859.087375153003,11723.9941533223,28.170021334489856,124.53526769241331,21724800.0,-0.0009205364347466549,-0.0009209603886071214,78.6005859375,30.650390625,62.439998626708984,1470.9000244140625,71.70580291748047,28036.220703125,7307.7001953125,13207.009765625,3122.030029296875,26681.08984375,15.760000228881836,8549.9404296875,23416.759765625
2019-11-19,11919.4501953125,11958.849609375,11881.75,11940.099609375,613900.0,63.945150683328556,131.5488309207849,-17.50895382801798,149.05778474880287,66.67429362567574,68.54417485525178,11825.529882812501,11450.39701171875,11380.233515625,11871.550795802543,11740.001964881758,28.051876168269043,121.14700638402665,22338700.0,0.004678329704657314,0.004667420332106962,77.099609375,-20.6494140625,60.90999984741211,1473.300048828125,71.93509674072266,27934.01953125,7323.7998046875,13221.1201171875,3120.179931640625,27093.80078125,15.40999984741211,8570.66015625,23292.650390625
2019-11-20,12004.75,12038.599609375,11966.0498046875,11999.099609375,646700.0,66.5746671137477,131.9793072059383,-13.662782034291638,145.64208924022995,69.60216121422626,68.52179004667227,11842.3923828125,11474.420996093751,11385.694262695311,11891.173690198306,11759.194382992368,28.522388374530326,119.5293630708819,22985400.0,0.004941332311304558,0.004929163997457979,72.5498046875,5.650390625,62.400001525878906,1473.300048828125,71.85099792480469,27821.08984375,7262.5,13158.1396484375,3108.4599609375,26889.609375,15.15999984741211,8526.73046875,23148.5703125
2019-11-21,12025.650390625,12028.2001953125,11956.900390625,11968.400390625,557700.0,63.96078507259318,128.36359673469087,-13.822794004431273,142.18639073912215,71.94726482561481,69.40790655517227,11861.394921875,11496.89599609375,11390.727016601562,11903.05472103318,11774.69112429849,28.82971623004497,116.08439461492605,22427700.0,-0.002558460196964596,-0.0025617386493080496,71.2998046875,57.25,63.970001220703125,1463.0999755859375,71.76820373535156,27766.2890625,7238.60009765625,13137.7001953125,3103.5400390625,26466.880859375,14.979999542236328,8506.2099609375,23038.580078125
2019-11-22,11967.2998046875,11968.099609375,11883.5,11914.400390625,486800.0,59.53300628723546,119.76024982149647,-17.94091273410055,137.70116255559702,66.95638737590296,69.501937805248,11876.9099609375,11518.22599609375,11395.685268554687,11904.800208662691,11785.039958841195,28.125850585382818,113.85696575850277,21940900.0,-0.004511881140131235,-0.004522090396049399,84.599609375,52.8994140625,63.38999938964844,1463.0999755859375,71.7405014038086,27875.619140625,7326.7998046875,13163.8798828125,3110.2900390625,26595.080078125,14.869999885559082,8519.8798828125,23112.880859375
2019-11-25,11922.4501953125,12084.5,11919.75,12073.75,534300.0,66.8302142372669,124.36659643712483,-10.667652894777774,135.0342493319026,71.26532056276352,70.05632425476043,11901.467480468751,11540.7769921875,11401.896518554688,11930.792484253046,11806.425887815922,28.347059455346788,117.87429744539543,22475200.0,0.013374538722098483,0.013285889135891809,164.75,-151.2998046875,63.650001525878906,1456.5999755859375,71.78260040283203,28066.470703125,7396.2998046875,13246.4501953125,3133.639892578125,26993.0390625,15.0,8632.490234375,23292.810546875
2019-11-26,12110.2001953125,12132.4501953125,12006.349609375,12037.7001953125,1201300.0,64.01771417894795,123.68250641518534,-9.081394333373794,132.76390074855914,71.60608171402997,69.94259655089881,11924.157470703127,11561.470000000001,11407.836020507813,11947.23982441604,11823.557318000854,28.861191416945626,118.46188948054576,21273900.0,-0.0029858001604721185,-0.0029902665544935493,126.1005859375,72.5,64.2699966430664,1459.800048828125,71.67949676513672,28121.6796875,7403.10009765625,13236.419921875,3140.52001953125,26913.919921875,14.84000015258789,8647.9296875,23373.3203125
2019-11-27,12068.5,12114.900390625,12055.150390625,12100.7001953125,584200.0,66.65846595947694,126.7626922223244,-4.80096682098781,131.5636590433122,85.94310224893295,76.27150150857548,11939.850000000002,11582.77,11414.436772460936,11970.849112246264,11844.08642002394,29.338599667001688,115.51462561139964,21858100.0,0.005233557820665036,0.005219910352766259,59.75,-32.2001953125,64.05999755859375,1453.4000244140625,71.42839813232422,28164.0,7429.7998046875,13287.0703125,3153.6298828125,26954.0,14.619999885559082,8705.1796875,23437.76953125
2019-11-28,12132.099609375,12158.7998046875,12099.9501953125,12151.150390625,620500.0,68.64309356613843,131.75587113065376,0.1537696698732134,131.60210146078055,86.49852905508465,81.34923767268252,11955.202539062502,11606.13701171875,11421.884775390625,11998.587770458376,11866.831899327723,30.069890873309756,111.4671244516568,22478600.0,0.004169196368656758,0.004160529350791835,58.849609375,-19.05078125,64.05999755859375,1453.4000244140625,71.22810363769531,28164.0,7416.39990234375,13245.580078125,3153.6298828125,26893.73046875,13.989999771118164,8705.1796875,23409.140625
2019-11-29,12146.2001953125,12147.400390625,12017.400390625,12056.0498046875,804400.0,61.24273060565508,126.58004295121827,-4.0176468076498395,130.5976897588681,86.45829539978334,86.29997556793364,11964.13251953125,11625.74,11428.904023437499,12007.428083416702,11880.848040465484,29.628044558598695,113.0587584193956,21674200.0,-0.007826467690735917,-0.00785725523266999,130.0,90.150390625,62.43000030517578,1465.5999755859375,71.54740142822266,28051.41015625,7346.5,13236.3798828125,3140.97998046875,26346.490234375,13.899999618530273,8665.4697265625,23293.91015625
2019-12-02,12137.0498046875,12137.150390625,12023.7001953125,12048.2001953125,720900.0,60.661406695724274,120.45621963597841,-8.113176098311754,128.56939573429017,79.31588871492407,84.09090438993067,11972.012548828126,11646.634003906249,11435.886025390624,12013.700716016056,11893.244496380077,29.217758694938425,113.08671819747448,20953300.0,-0.0006510929783939412,-0.000651305031476376,113.4501953125,88.849609375,60.91999816894531,1462.300048828125,71.7229995727539,27783.0390625,7285.89990234375,12964.6796875,3113.8701171875,26444.720703125,14.199999809265137,8567.990234375,23529.5
2019-12-03,12067.650390625,12068.599609375,11956.400390625,11994.2001953125,605800.0,56.67582351915163,109.97793960681884,-14.873164901977063,124.8511045087959,64.62634278135914,76.80017563202219,11974.657568359376,11670.166015625,11441.702275390624,12010.700635907817,11900.722696300998,27.986497098823666,113.02332537979774,20347500.0,-0.004481997238144242,-0.004492071500914214,112.19921875,73.4501953125,60.81999969482422,1478.199951171875,71.625,27502.810546875,7158.7998046875,12989.2900390625,3093.199951171875,26391.30078125,14.5600004196167,8520.6396484375,23379.810546875
2019-12-04,11969.9501953125,12054.7001953125,11935.2998046875,12043.2001953125,747200.0,59.28961881692804,104.42398300725472,-16.341697201232947,120.76568020848767,61.010545981875495,68.31759249271957,11980.957568359376,11694.21701171875,11447.450024414062,12015.70056812392,11911.276585116666,26.591828026057886,113.47883004016933,21094700.0,0.004085307832292884,0.0040769856204158446,119.400390625,-73.25,63.0,1474.0,71.95999908447266,27649.779296875,7188.5,13140.5703125,3112.760009765625,26062.560546875,13.319999694824219,8566.669921875,23135.23046875
2019-12-05,12071.25,12081.2001953125,11998.75,12018.400390625,562200.0,57.40203851870753,96.90424361079204,-19.089149278156512,115.99339288894855,55.29061941163565,60.30916939162343,11983.575097656249,11720.4890234375,11452.980776367189,12016.115925431779,11919.211681820987,25.56334793514354,111.26249898819295,20532500.0,-0.00205923710353606,-0.002061360247465576,82.4501953125,52.849609375,63.38999938964844,1476.9000244140625,71.4801025390625,27677.7890625,7137.89990234375,13054.7998046875,3117.429931640625,26217.0390625,14.3100004196167,8570.7001953125,23300.08984375
2019-12-06,12047.349609375,12057.0498046875,11888.849609375,11921.5,609200.0,50.620680033038305,82.1784423402205,-27.051960438982448,109.23040277920295,42.14530240398396,52.8154892658317,11979.047607421875,11733.43501953125,11457.916528320313,12001.559629211506,11919.381186871286,24.100873556005844,115.32947729707202,19923300.0,-0.008062669529681155,-0.00809534862199821,168.2001953125,125.849609375,64.38999938964844,1459.0999755859375,71.38500213623047,28015.060546875,7239.7001953125,13166.580078125,3145.909912109375,26498.369140625,13.640000343322754,8656.5302734375,23354.400390625
2019-12-09,11939.099609375,11981.9501953125,11888.0498046875,11937.5,599100.0,51.63665923690519,70.98098046338782,-30.599537852652105,101.58051831603993,28.582842682937617,42.006254832852406,11980.515087890626,11740.181015625,11462.291777343751,11991.704301640504,11920.723321177116,22.75103607994698,113.79882824906687,20522400.0,0.001342112989137334,0.0013412131605239934,93.900390625,1.599609375,64.25,1459.300048828125,71.28679656982422,27909.599609375,7233.89990234375,13105.6103515625,3135.9599609375,26494.73046875,14.600000381469727,8621.830078125,23430.69921875
2019-12-10,11950.5,11953.2001953125,11844.7001953125,11856.7998046875,650200.0,46.44594840363889,54.961517766145334,-37.295200439915675,92.25671820606101,12.604912327627355,27.777685804849646,11977.682568359376,11745.553007812501,11466.228774414063,11970.949763647734,11915.988245881588,21.94284310932193,113.42034051699068,19872200.0,-0.006760225785340301,-0.006783179618895446,108.5,93.7001953125,64.33999633789062,1462.5999755859375,70.96019744873047,27881.720703125,7213.7998046875,13070.7197265625,3132.52001953125,26436.619140625,14.289999961853027,8616.1796875,23410.189453125
2019-12-11,11867.349609375,11923.2001953125,11832.2998046875,11910.150390625,997700.0,50.022715373325,46.04020179305007,-36.97321313040875,83.01341492345883,15.7703711656187,18.98604205872789,11981.167578125,11754.95201171875,11471.061528320313,11961.596013951928,11915.555812158878,21.317972369671224,111.81177266756278,20869900.0,0.0044995771891509495,0.004489484356039674,90.900390625,-42.80078125,63.720001220703125,1469.4000244140625,71.01000213623047,27911.30078125,7216.2998046875,13146.740234375,3141.6298828125,26645.4296875,13.380000114440918,8654.0498046875,23391.859375
2019-12-12,11944.2998046875,12005.5,11934.0,11971.7998046875,752600.0,53.857768222043404,43.44379408358327,-31.655696671900444,75.09949075548371,23.47400488001837,17.283096124421476,11986.152587890625,11762.96400390625,11476.476528320312,11963.165827911247,11919.722033827664,19.857536863505445,110.63590386095115,21622500.0,0.005176207859728388,0.005162857346029799,71.5,-27.5,64.19999694824219,1466.699951171875,70.72930145263672,28132.05078125,7273.5,13221.6396484375,3168.570068359375,26994.140625,13.350000381469727,8717.3203125,23424.810546875
2019-12-13,12026.400390625,12098.849609375,12023.599609375,12086.7001953125,597700.0,60.016075449863905,50.08032867350266,-20.015329665584844,70.0956583390875,48.16242741832568,29.13560115465425,11995.715087890625,11774.45,11482.753027343751,11982.171115203748,11932.090786530245,19.434571059564036,111.80832534856178,22220200.0,0.009597587037832866,0.009551822783961173,75.25,-60.2998046875,65.22000122070312,1475.5999755859375,70.55989837646484,28135.380859375,7353.39990234375,13282.7197265625,3168.800048828125,27687.759765625,13.300000190734863,8734.8798828125,24023.099609375
2019-12-16,12131.349609375,12134.650390625,12046.2998046875,12053.9501953125,437700.0,57.65414150772068,52.09664120208981,-14.399213709598158,66.49585491168797,62.843367151607964,44.82659981665067,12004.187597656251,11786.04,11489.292529296876,11993.214050605095,11941.117409403005,19.359156323206502,110.13277253348595,21782500.0,-0.0027095898360001147,-0.002713267419203363,88.3505859375,77.3994140625,65.33999633789062,1475.0,70.68900299072266,28235.890625,7519.10009765625,13407.66015625,3191.449951171875,27508.08984375,13.420000076293945,8814.23046875,23952.349609375
2019-12-17,12082.4501953125,12182.75,12070.349609375,12165.0,499600.0,62.975050248025966,61.94135320152782,-3.6436013681281167,65.58495456965593,80.24643573013773,63.75074343335712,12015.4326171875,11802.1419921875,11496.49552734375,12019.64265820431,11957.701305002782,19.694315705277603,111.46613197305838,22282100.0,0.009212731336046609,0.009170552980705609,112.400390625,-82.5498046875,66.0999984741211,1474.5999755859375,70.92050170898438,28267.16015625,7525.2998046875,13287.830078125,3192.52001953125,27843.7109375,12.520000457763672,8823.3603515625,24066.119140625
2019-12-18,12197.0,12237.7001953125,12163.4501953125,12221.650390625,518900.0,65.36588086152362,73.46768176146907,6.3061817534505025,67.16150000801856,86.28762733601297,76.45914340591955,12026.560156250001,11820.295,11504.399028320313,12050.720770884416,11977.253089122947,20.43285489447462,108.80783683212564,22801000.0,0.004656834412248179,0.004646024904610523,74.25,-24.650390625,66.16999816894531,1472.5999755859375,71.21499633789062,28239.279296875,7540.7998046875,13222.16015625,3191.139892578125,27884.2109375,12.34000015258789,8827.740234375,23934.4296875
2019-12-19,12223.400390625,12268.349609375,12191.150390625,12259.7001953125,623100.0,66.91137464254051,84.69635457681943,14.027883655040682,70.66847092177875,96.33083383793914,87.62163230136328,12041.125146484375,11841.994003906251,11512.67578125,12082.87145156566,11998.17509698884,21.344419128377353,106.55007839768811,23424100.0,0.003113311498149862,0.003108475179285728,77.19921875,-36.2998046875,66.54000091552734,1478.199951171875,70.98989868164062,28376.9609375,7573.7998046875,13211.9599609375,3205.3701171875,27800.490234375,12.119999885559082,8887.2197265625,23864.849609375
2019-12-20,12266.4501953125,12293.900390625,12252.75,12271.7998046875,810700.0,67.40940860299212,93.49375819053603,18.260229815005815,75.23352837553021,96.42319979806476,93.01388699067229,12058.9951171875,11864.9019921875,11520.357529296874,12111.937352045943,12018.443593855407,22.376867777229673,101.8786721282104,24234800.0,0.000986941701855537,0.0009864549951019103,41.150390625,-5.349609375,66.13999938964844,1474.699951171875,71.22270202636719,28455.08984375,7582.5,13318.900390625,3221.219970703125,27871.349609375,12.329999923706055,8924.9599609375,23816.630859375
2019-12-23,12235.4501953125,12287.150390625,12213.25,12262.75,604800.0,66.60195100742854,98.59893320409537,18.69232386285212,79.90660934124325,95.49341907777855,96.08248423792747,12068.445117187499,11883.890996093749,11527.72203125,12135.139297885029,12036.540364680934,22.744470658917866,99.88022344940966,23630000.0,-0.0007374472230261553,-0.0007377192709850936,73.900390625,-27.2998046875,66.38999938964844,1482.5,71.02400207519531,28551.529296875,7623.60009765625,13300.98046875,3224.010009765625,27906.41015625,11.960000038146973,8945.650390625,23821.109375
2019-12-24,12269.25,12283.7001953125,12202.099609375,12214.5498046875,470300.0,62.32019158583178,97.63004980569713,14.178752371563093,83.45129743413403,90.42450937457907,94.11370941680745,12077.28759765625,11903.490996093751,11534.836528320313,12147.356298931561,12049.726249125864,22.92013994340516,98.57453505570183,23159700.0,-0.003930618769240168,-0.003938363953434116,81.6005859375,54.7001953125,67.19999694824219,1499.0999755859375,71.21070098876953,28515.44921875,7632.2001953125,13300.98046875,3223.3798828125,27864.2109375,11.630000114440918,8952.8798828125,23830.580078125
2019-12-26,12211.849609375,12221.5498046875,12118.849609375,12126.5498046875,520300.0,55.32677750421193,88.73841694592011,4.229695609428859,84.50872133649125,79.93564342820392,88.6178572935205,12078.580078125,11919.92099609375,11541.068779296875,12144.15529981709,12055.41688287117,21.94224954704741,98.86922507404455,22639400.0,-0.007204522590446127,-0.007230600491364134,102.7001953125,85.2998046875,67.91999816894531,1509.300048828125,71.54000091552734,28621.390625,7632.2001953125,13300.98046875,3239.909912109375,27864.2109375,11.119999885559082,9022.3896484375,23924.919921875
2019-12-27,12172.900390625,12258.4501953125,12157.900390625,12245.7998046875,383800.0,61.61319013933052,90.27359442676789,4.611898472221299,85.66169595454659,78.71162741169658,83.02392673815984,12083.312548828126,11938.013984375,11548.121279296876,12159.792915951,12069.519321524233,21.40640516642808,101.22859404196996,23023200.0,0.009833794601157297,0.009785757510884093,100.5498046875,-72.8994140625,68.16000366210938,1513.800048828125,71.30030059814453,28645.259765625,7644.89990234375,13337.1103515625,3240.02001953125,28225.419921875,10.529999732971191,9006.6201171875,23837.720703125
2019-12-30,12274.900390625,12286.4501953125,12213.7998046875,12255.849609375,411100.0,62.09726229280325,91.24930371672963,4.470086209746427,86.7792175069832,81.69398964907121,80.11375349632391,12093.3025390625,11954.56498046875,11555.367275390625,12174.570868785462,12083.321565068733,21.182677031693455,99.18729379790068,23434300.0,0.0008206736062803532,0.0008203370378256411,72.650390625,19.05078125,68.44000244140625,1514.5,71.31300354003906,28462.140625,7587.10009765625,13249.009765625,3221.2900390625,28319.390625,11.010000228881836,8945.990234375,23656.619140625
2019-12-31,12247.099609375,12247.099609375,12151.7998046875,12168.4501953125,426900.0,55.53801485950855,84.00183718146582,-2.2219042604139077,86.22374144187972,84.71972169978639,81.70844625351806,12099.315039062501,11968.653984375,11562.247026367188,12173.6292267127,12089.627389531233,20.159380094345845,99.53461600430063,23007400.0,-0.007131240742024536,-0.007156789574995062,95.2998046875,78.6494140625,66.0,1519.5,71.31099700927734,28538.439453125,7542.39990234375,13249.009765625,3230.780029296875,28189.75,11.670000076293945,8972.599609375,23656.619140625
2020-01-01,12202.150390625,12222.2001953125,12165.2998046875,12182.5,304100.0,56.33646337729996,78.48711890604318,-6.189298028669242,84.67641693471242,77.87547955046102,81.42973029977287,12108.730029296876,11980.5769921875,11568.842026367187,12174.993961064592,12096.50684215855,19.209175795380208,96.48931419149345,23311500.0,0.001154609211690083,0.0011539431631088094,56.900390625,19.650390625,66.0,1519.5,71.27580261230469,28538.439453125,7542.39990234375,13249.009765625,3230.780029296875,28189.75,11.670000076293945,8972.599609375,23656.619140625
2020-01-02,12198.5498046875,12289.900390625,12195.25,12282.2001953125,407700.0,61.60556693821752,81.22532251682605,-2.7608755343090934,83.98619805113515,79.18036047262783,80.59185390762508,12120.680029296876,11992.98400390625,11575.315776367188,12191.487227871963,12110.261905355137,19.051596010677322,97.26867679388678,23719200.0,0.008183886337984836,0.008150579934013252,94.650390625,-83.650390625,66.25,1524.5,71.0250015258789,28868.80078125,7604.2998046875,13385.9296875,3257.85009765625,28543.51953125,11.489999771118164,9092.1904296875,23656.619140625
2020-01-03,12261.099609375,12265.599609375,12191.349609375,12226.650390625,428800.0,57.44599364216919,78.013670584196,-4.7780219735513185,82.79169255774733,79.18587335946276,78.74723779418386,12131.092529296875,12005.75001953125,11581.184028320313,12196.896945218583,12118.883274634387,18.84916556615593,96.8102417327163,23290400.0,-0.004522789386603554,-0.004533048142335533,74.25,34.44921875,68.5999984741211,1549.199951171875,71.41500091552734,28634.880859375,7622.39990234375,13219.1396484375,3234.85009765625,28451.5,12.699999809265137,9020.76953125,23656.619140625
2020-01-06,12170.599609375,12179.099609375,11974.2001953125,11993.0498046875,396500.0,43.9937225849767,55.973569814796065,-21.45449819436101,77.42806800915707,58.13558812929757,72.16727398712939,12134.670019531251,12013.529023437499,11585.858276367188,12165.53584667534,12109.562276860544,18.726803310755475,107.92738127412943,22893900.0,-0.019105853072941215,-0.01929072847314149,204.8994140625,177.5498046875,68.91000366210938,1566.199951171875,71.73100280761719,28703.380859375,7575.2998046875,13126.990234375,3246.280029296875,28226.189453125,14.779999732971191,9071.4697265625,23204.859375
2020-01-07,12079.099609375,12152.150390625,12005.349609375,12052.9501953125,447800.0,47.39545054173048,42.84618789643537,-27.665504090177365,70.51169198661273,34.455933629045695,57.25913170593533,12140.442529296875,12022.93603515625,11590.946025390625,12148.214977234904,12105.368789338469,18.613181216455054,111.5826101786559,23341700.0,0.004994592001242859,0.004982160403270252,146.80078125,26.1494140625,68.2699966430664,1571.800048828125,71.78700256347656,28583.6796875,7573.89990234375,13226.830078125,3237.179931640625,28322.060546875,14.609999656677246,9068.580078125,23575.720703125
2020-01-08,11939.099609375,12044.9501953125,11929.599609375,12025.349609375,446000.0,46.00876874715952,29.871170274256656,-32.512417369884865,62.38358764414152,18.937235463283415,37.17625240720889,12148.870019531249,12031.765019531249,11595.232524414063,12129.312612948765,12099.441442674508,19.123412956452828,112.4231798757162,22895700.0,-0.0022899444111396106,-0.0022925703434345888,115.3505859375,-86.25,65.44000244140625,1557.4000244140625,72.16000366210938,28745.08984375,7574.89990234375,13320.1796875,3253.050048828125,28087.919921875,15.640000343322754,9129.240234375,23204.759765625
2020-01-09,12153.150390625,12224.0498046875,12132.5498046875,12215.900390625,477500.0,55.65507777018863,34.565778102758486,-22.25424763310643,56.82002573586492,43.168266796003564,32.18714529611089,12164.157519531249,12040.34603515625,11599.806025390626,12142.63380951434,12108.068031411582,17.7987882027859,118.58582383548648,23373200.0,0.015845758122611686,0.015721524760104574,91.5,-62.75,65.37000274658203,1551.699951171875,71.41190338134766,28956.900390625,7598.10009765625,13495.0595703125,3274.699951171875,28561.0,14.0,9203.4296875,23739.869140625
2020-01-10,12271.0,12311.2001953125,12213.2001953125,12256.7998046875,660600.0,57.41380237741147,41.11260896935892,-12.565933413204803,53.67854238256372,63.538833941060844,41.881445400115936,12178.40751953125,12048.6000390625,11604.3815234375,12160.197808771749,12119.08519980239,17.271033850893573,117.11540784723745,24033800.0,0.0033480474426501594,0.003342455210374022,98.0,14.2001953125,64.9800033569336,1557.5,71.19429779052734,28823.76953125,7587.89990234375,13483.3095703125,3265.35009765625,28638.19921875,14.079999923706055,9178.8603515625,23850.5703125
2020-01-13,12296.7001953125,12337.75,12285.7998046875,12329.5498046875,501000.0,60.42072576876112,51.57679145493785,-1.6814007421006991,53.25819219703855,87.44138798492719,64.71616290733053,12190.550000000001,12057.64203125,11609.313022460938,12186.251961989557,12134.67517053462,16.98206320578612,114.53217838047048,24534800.0,0.0059354808073293075,0.005917935234497193,51.9501953125,-32.849609375,64.19999694824219,1548.4000244140625,70.9530029296875,28907.05078125,7617.60009765625,13451.51953125,3288.1298828125,28954.939453125,14.279999732971191,9273.9296875,23850.5703125
2020-01-14,12333.099609375,12374.25,12308.7001953125,12362.2998046875,616300.0,61.73071240753537,61.799990935604,6.833438990852358,54.96655194475164,93.68249816947323,81.55424003182043,12205.96748046875,12067.07603515625,11613.990273437501,12213.336245481549,12151.536254545945,16.989273689752586,111.03343740240116,25151100.0,0.0026562202609821117,0.0026526987425187607,65.5498046875,-29.2001953125,64.48999786376953,1542.4000244140625,70.71890258789062,28939.669921875,7622.39990234375,13456.490234375,3283.14990234375,28885.140625,13.90999984741211,9251.330078125,24025.169921875
2020-01-15,12349.400390625,12355.150390625,12278.75,12343.2998046875,684400.0,60.48005545837941,67.58967724170543,10.09850023756303,57.4911770041424,96.11425720615176,92.4127144535174,12214.882470703124,12075.11603515625,11618.395771484375,12233.330639205542,12165.740961963837,16.679854883796445,109.07032077990823,24466700.0,-0.0015369308543056182,-0.0015381131440847836,76.400390625,6.1005859375,64.0,1552.0999755859375,70.84510040283203,29030.220703125,7642.7998046875,13432.2998046875,3289.2900390625,28773.58984375,14.119999885559082,9258.7001953125,23916.580078125
2020-01-16,12347.099609375,12389.0498046875,12315.7998046875,12355.5,395700.0,61.02607591298798,72.32873847805968,11.870049179133815,60.45868929892586,94.3499064314805,94.71555393570182,12221.574951171875,12083.88203125,11622.51126953125,12252.125925481612,12179.797187003553,16.667321202048992,106.51172643848622,24862400.0,0.000988406301843714,0.0009879181499700635,73.25,-8.400390625,64.62000274658203,1549.0,70.71800231933594,29297.640625,7609.7998046875,13429.4296875,3316.81005859375,28883.0390625,14.180000305175781,9357.1298828125,23933.130859375
2020-01-17,12328.400390625,12385.4501953125,12321.400390625,12352.349609375,502100.0,60.792501692709365,74.96610585294547,11.605933243215688,63.36017260972979,92.58313908607825,94.3491009079035,12226.207421875,12091.608027343751,11626.66776855469,12267.544953772902,12192.578847919956,16.655682783283503,103.4787320277015,24360300.0,-0.000254978804985595,-0.00025501131760789477,64.0498046875,-23.94921875,64.8499984741211,1558.800048828125,70.94560241699219,29348.099609375,7674.60009765625,13526.1298828125,3329.6201171875,29056.419921875,14.130000114440918,9388.9404296875,24041.259765625
2020-01-20,12430.5,12430.5,12216.900390625,12224.5498046875,491600.0,52.08364232253518,65.983248512297,2.0984607220537583,63.88478779024324,81.19799589297719,89.37701380351197,12223.844921875001,12095.85802734375,11630.506015625,12260.930315452071,12194.947066939774,15.512755439295045,111.34450898107995,23868700.0,-0.010346193941151438,-0.01040008785925209,213.599609375,205.9501953125,64.8499984741211,1558.800048828125,71.03469848632812,29348.099609375,7651.39990234375,13548.9404296875,3329.6201171875,28795.91015625,15.40999984741211,9388.9404296875,24083.509765625
2020-01-21,12195.2998046875,12230.0498046875,12162.2998046875,12169.849609375,400.0,48.85748362048675,53.82990312347101,-8.043907733417782,61.873810856888795,66.28659307528655,80.022576018114,12219.199902343753,12101.092011718749,11634.584013671876,12246.91789913252,12193.08799600905,14.869166715022711,108.23061548243139,23868300.0,-0.004474618385662321,-0.004484659455009181,67.75,25.4501953125,64.58999633789062,1556.4000244140625,71.03099822998047,29196.0390625,7610.7001953125,13555.8701171875,3320.7900390625,27985.330078125,15.859999656677246,9370.8095703125,23864.560546875
2020-01-22,12218.349609375,12225.0498046875,12087.900390625,12106.900390625,500.0,45.374269466192,38.67301503395356,-18.560636658348194,57.233651692301756,47.414681634504525,64.96642353425608,12213.817431640626,12104.961015625002,11637.702265625001,12225.376743977518,12186.703728943565,14.902555916001914,110.2962439524363,23867800.0,-0.005172555189302153,-0.005185979163736476,137.1494140625,111.44921875,63.209999084472656,1555.300048828125,71.16999816894531,29186.26953125,7571.89990234375,13515.75,3321.75,28341.0390625,16.360000610351562,9383.76953125,24031.349609375
2020-01-23,12123.75,12189.0,12094.099609375,12180.349609375,867700.0,49.86551842331369,32.21643908023907,-20.01377008965015,52.23020916988922,44.4732987341805,52.724857814657184,12216.507421875001,12111.75900390625,11641.378764648438,12218.449492500207,12186.233053419968,14.93356017405403,109.1965401433337,24735500.0,0.0060667236352978104,0.0060483951593072694,94.900390625,-56.599609375,62.040000915527344,1564.5999755859375,71.0781021118164,29160.08984375,7507.7001953125,13388.419921875,3325.5400390625,27909.119140625,15.859999656677246,9402.48046875,23795.439453125
2020-01-24,12174.5498046875,12272.150390625,12149.650390625,12248.25,593200.0,53.658734125584076,32.20728464692911,-16.01833961836809,48.2256242652972,49.690596231005884,47.19285886656363,12216.629931640626,12119.28201171875,11644.770014648439,12223.034185961715,12190.826901314786,14.063491215000894,110.14678727595273,25328700.0,0.005574584704263197,0.005559104211847819,122.5,-73.7001953125,60.689998626708984,1571.0999755859375,71.32099914550781,28989.73046875,7586.0,13576.6796875,3295.469970703125,27949.640625,15.5600004196167,9314.91015625,23827.1796875
2020-01-27,12197.099609375,12216.599609375,12107.0,12119.0,441200.0,46.453725242866504,21.52253647670659,-21.36247023087249,42.88500670757908,50.4957868837757,48.21989394965402,12209.787451171876,12123.753007812498,11647.019262695314,12207.02892658299,12185.506390106284,13.650417596352458,112.36844532767039,24887500.0,-0.010552527912150667,-0.010608600656474901,109.599609375,78.099609375,59.31999969482422,1576.800048828125,71.32499694824219,28535.80078125,7412.10009765625,13204.76953125,3243.6298828125,27949.640625,17.18000030517578,9139.3095703125,23343.509765625
2020-01-28,12148.099609375,12163.5498046875,12024.5,12055.7998046875,478500.0,43.386001308663126,7.864412939759859,-28.016475014255377,35.880887954015236,36.37893966521691,45.52177425999949,12204.154931640627,12127.179003906249,11648.732260742188,12183.762907829838,12175.898494890078,13.960478114455656,114.27425671051536,24409000.0,-0.005214967844912932,-0.005228613250633523,139.0498046875,92.2998046875,59.5099983215332,1569.199951171875,71.44000244140625,28722.849609375,7480.7001953125,13323.6904296875,3276.239990234375,27949.640625,17.299999237060547,9269.6796875,23215.7109375
2020-01-29,12114.900390625,12169.599609375,12103.7998046875,12129.5,514400.0,47.721635402661185,2.9531988210437703,-26.342151306377172,29.295350127420942,23.79445582422421,36.889727457738935,12201.504931640626,12130.967011718749,11651.160009765626,12175.41476816371,12172.461569342666,14.178508516110407,114.24036728029998,24923400.0,0.006113256399948197,0.006094646255253335,65.7998046875,-14.599609375,59.810001373291016,1569.800048828125,71.23040008544922,28734.44921875,7483.60009765625,13345.0,3273.39990234375,27160.630859375,16.5,9275.16015625,23379.400390625
2020-01-30,12147.75,12150.2998046875,12010.599609375,12035.7998046875,538100.0,43.19270415675145,-8.40293265098262,-30.15862622272285,21.75569357174023,13.190950102514861,24.454781863985325,12189.184912109376,12131.701015625,11653.349008789064,12153.935543013522,12162.338475664505,15.097794379699437,116.05892642545712,24385300.0,-0.0077249841553650445,-0.007754976405079576,139.7001953125,111.9501953125,58.290000915527344,1583.5,71.30000305175781,28859.439453125,7382.0,13157.1201171875,3283.659912109375,26449.130859375,16.799999237060547,9298.9296875,22977.75
2020-01-31,12100.400390625,12103.5498046875,11945.849609375,11962.099609375,771300.0,39.978868028542436,-23.08364459671793,-35.87147053476653,12.787825938048599,11.738823737842218,16.241409888193765,12175.957373046876,12131.575,11654.829755859377,12124.422322453749,12147.505967050467,16.38376164171859,119.0333027745316,23614000.0,-0.006123414854723341,-0.006142239847635705,157.7001953125,138.30078125,58.15999984741211,1582.9000244140625,71.63999938964844,28256.029296875,7286.0,12981.9697265625,3225.52001953125,26312.630859375,17.3700008392334,9150.9404296875,23205.1796875
2020-02-03,11627.4501953125,11749.849609375,11614.5,11707.900390625,669800.0,31.32212058898112,-54.600565769624154,-53.910713366138204,-0.6898524034859506,6.933509516697582,10.621094452351553,12161.699902343751,12127.445,11655.346757812502,12060.342025249327,12114.942591018951,19.07724883363797,135.35946753170793,22944200.0,-0.021250384719316173,-0.02147942474929971,135.349609375,-80.4501953125,54.45000076293945,1577.199951171875,71.49649810791016,28399.810546875,7326.2998046875,13045.1904296875,3248.919921875,26356.98046875,15.779999732971191,9273.400390625,22971.939453125
2020-02-04,11786.25,11986.150390625,11783.400390625,11979.650390625,560400.0,45.02645688211944,-56.9930189305087,-45.0425332216182,-11.9504857088905,19.849293695988113,12.840542316842637,12158.034912109375,12125.5630078125,11656.885258789063,12047.927927614815,12104.920946545324,19.441009762515858,145.56593413658595,23504600.0,0.02321082268667074,0.02294554852001912,202.75,-193.400390625,53.959999084472656,1550.4000244140625,71.31410217285156,28807.630859375,7439.7998046875,13281.740234375,3297.590087890625,26675.98046875,14.380000114440918,9467.9697265625,23084.58984375
2020-02-05,12005.849609375,12098.150390625,11953.349609375,12089.150390625,758000.0,49.40730498042388,-49.482912216893965,-30.02594120640277,-19.456971010491195,38.12096290339052,21.634588705358738,12161.224951171876,12126.592011718749,11659.40951171875,12054.269845000998,12103.752757217891,18.978953602184053,145.5112803589727,24262600.0,0.009140500467834434,0.009098978920125088,144.80078125,-83.30078125,55.279998779296875,1557.800048828125,71.0999984741211,29290.849609375,7482.5,13478.330078125,3334.68994140625,26786.740234375,14.170000076293945,9508.6796875,23319.560546875
2020-02-06,12120.0,12160.599609375,12084.650390625,12137.9501953125,565100.0,51.27102384224,-39.14215573153342,-15.748147776833783,-23.39400795469964,55.68835688572304,37.886204495033894,12157.32744140625,12127.337011718751,11662.11576171875,12067.143745048921,12106.285900780455,18.135380779649257,140.54256167261752,24827700.0,0.004036661230167438,0.00402853577236436,75.94921875,-17.9501953125,54.93000030517578,1565.0999755859375,71.18000030517578,29379.76953125,7504.7998046875,13574.8203125,3345.780029296875,27493.69921875,13.779999732971191,9572.150390625,23873.58984375
2020-02-07,12151.150390625,12154.7001953125,12073.9501953125,12098.349609375,473500.0,49.6719375574164,-33.7533800900801,-8.287497708304368,-25.46588238177573,65.29623805843903,53.035185949184196,12149.404931640625,12126.28099609375,11664.390258789062,12071.944647252933,12105.698027343013,17.41432472548953,136.2716644102877,24354200.0,-0.0032625431230384194,-0.003267876820959125,80.75,52.80078125,54.470001220703125,1568.5999755859375,71.47000122070312,29102.509765625,7466.7001953125,13513.8095703125,3327.7099609375,27404.26953125,13.75,9520.509765625,23827.98046875
2020-02-10,12102.349609375,12103.5498046875,11990.75,12031.5,524700.0,47.006666938162404,-34.47948334005196,-7.210880766620978,-27.26860257343098,67.04277470269867,62.67578988228691,12134.50244140625,12125.79,11666.096010742189,12065.722393829405,12100.201877169457,17.223588908947335,134.59510300151715,23829500.0,-0.005525514763038308,-0.005540836887552729,112.7998046875,70.849609375,53.27000045776367,1574.699951171875,71.5155029296875,29276.8203125,7446.89990234375,13494.0302734375,3352.090087890625,27241.33984375,14.210000038146973,9628.3896484375,23685.98046875
2020-02-11,12108.400390625,12172.2998046875,12099.0,12107.900390625,480000.0,50.28957751909066,-28.560821012079032,-1.0337747509184396,-27.527046261160592,70.66824662847435,67.66908646320401,12121.782470703125,12126.984003906251,11667.699760742187,12072.211316413343,12100.772137425422,16.54720203882214,135.03829597908737,24309500.0,0.006350030388978967,0.0063299538920958175,73.2998046875,0.5,54.0099983215332,1565.5999755859375,71.27999877929688,29276.33984375,7499.39990234375,13627.83984375,3357.75,27583.880859375,13.880000114440918,9638.9404296875,23685.98046875
2020-02-12,12151.0,12231.75,12144.2998046875,12201.2001953125,411700.0,54.034474590283544,-16.15549350355832,9.097242206081823,-25.25273570964014,75.88127913549557,71.19743348888953,12114.677490234375,12131.12400390625,11669.941762695315,12092.055759320905,12108.211252824463,15.505942486660013,134.2391040787954,24721200.0,0.0077056964194832656,0.0076761591804553895,87.4501953125,-50.2001953125,55.790000915527344,1567.4000244140625,71.27529907226562,29551.419921875,7534.39990234375,13749.7802734375,3379.449951171875,27823.66015625,13.619999885559082,9725.9599609375,23861.2109375
2020-02-13,12219.5498046875,12225.650390625,12139.7998046875,12174.650390625,501200.0,52.81515851822284,-8.370044763936676,13.506152756562773,-21.87619752049945,84.99521398062718,77.1815799148657,12105.635009765625,12133.7530078125,11672.842763671877,12104.762625675381,12113.132670439318,14.569567057089692,130.78278135441715,24220000.0,-0.0021759994314084485,-0.002178370358219195,85.8505859375,44.8994140625,56.34000015258789,1575.0999755859375,71.29620361328125,29423.310546875,7452.0,13745.4296875,3373.93994140625,27730.0,13.369999885559082,9711.9697265625,23827.73046875
2020-02-14,12190.150390625,12246.7001953125,12091.2001953125,12113.4501953125,622800.0,50.013539252286,-7.0570159499711735,11.855345256422623,-18.912361206393797,86.294577888221,82.39035700144791,12093.6900390625,12135.65400390625,11675.530263671875,12106.099174850322,12113.156190800293,14.03632403035312,132.5482969719588,23597200.0,-0.005026854435148831,-0.005039531569823334,155.5,76.7001953125,57.31999969482422,1582.699951171875,71.26850128173828,29398.080078125,7409.10009765625,13744.2099609375,3380.159912109375,27815.599609375,13.619999885559082,9731.1796875,23687.58984375
2020-02-17,12131.7998046875,12159.599609375,12037.0,12045.7998046875,0.0,47.04292005684501,-11.344480194584321,6.054304809447579,-17.3987850040319,79.29806663133175,83.52928616672665,12084.752539062501,12138.140000000001,11677.128510742188,12096.822348671427,12108.166828866011,13.904489759977045,131.8376764293189,23597200.0,-0.00558473346026378,-0.005600386389670753,122.599609375,86.0,57.31999969482422,1582.699951171875,71.51480102539062,29398.080078125,7433.2998046875,13783.8896484375,3380.159912109375,27959.599609375,14.420000076293945,9731.1796875,23523.240234375
2020-02-18,12028.25,12030.75,11908.0498046875,11992.5,676900.0,44.78587390536177,-18.826159048547197,-1.141899235612236,-17.68425981293496,68.97867741369092,78.19044064441455,12075.88505859375,12139.240000000002,11678.882011718752,12080.77275656813,12099.598915616678,14.553729245773727,132.25998525579612,22920300.0,-0.004424762618648104,-0.004434580853707973,122.7001953125,35.75,57.75,1600.0,71.34919738769531,29232.189453125,7382.0,13681.1904296875,3370.2900390625,27530.19921875,14.510000228881836,9732.740234375,23193.80078125
2020-02-19,12090.599609375,12134.7001953125,12042.099609375,12125.900390625,513600.0,51.10847676158606,-13.831703524745535,3.0820450305515408,-16.913748555297076,69.63512534504838,72.63728979669034,12076.835058593751,12144.622011718751,11680.73826171875,12087.715469499957,12101.547173024703,14.308814808356193,132.97000025984642,23433900.0,0.011123651500938081,0.011062238693018929,92.6005859375,-35.30078125,59.119998931884766,1607.5,71.57499694824219,29348.029296875,7457.0,13789.0,3386.14990234375,27655.810546875,14.020000457763672,9817.1796875,23400.69921875
2020-02-20,12119.0,12152.0,12071.4501953125,12080.849609375,502600.0,49.06510068866543,-13.354836834874732,2.8471293763378753,-16.201966211212607,71.48315834405615,70.03232036759847,12071.860058593751,12148.03599609375,11682.401757812499,12086.659183326887,12100.014020161761,13.94644681859488,129.22570057610739,22931300.0,-0.003715252459506435,-0.003722171151700223,80.5498046875,38.150390625,59.310001373291016,1616.5999755859375,71.82749938964844,29219.98046875,7436.60009765625,13664.0,3373.22998046875,27609.16015625,13.699999809265137,9750.9697265625,23479.150390625
2020-02-24,12012.5498046875,12012.5498046875,11813.400390625,11829.400390625,490800.0,39.55845452721791,-32.88765859540581,-13.34855390735456,-19.53910468805125,54.86235474302972,65.32687947737807,12050.917578125001,12145.1880078125,11682.925009765626,12047.080907526595,12079.968566122001,15.00072005943318,139.0988090170997,22440500.0,-0.02081386879900149,-0.02103353072205037,199.1494140625,183.1494140625,56.29999923706055,1672.4000244140625,71.88680267333984,27960.80078125,7156.7998046875,13035.240234375,3225.889892578125,26820.880859375,17.0,9221.2802734375,23479.150390625
2020-02-25,11877.5,11883.0498046875,11779.900390625,11797.900390625,461000.0,38.550751800415036,-50.32918380840965,-24.632063296286724,-25.69712051212293,29.183649143443,51.843054076842954,12034.86259765625,12139.41201171875,11683.353261718752,12008.745443387888,12059.074627196298,16.12796723488774,136.5309950917712,21979500.0,-0.002662856861702312,-0.002666408571566386,103.1494140625,79.599609375,54.95000076293945,1646.9000244140625,72.04669952392578,27081.359375,7017.89990234375,12790.490234375,3128.2099609375,26893.23046875,16.899999618530273,8965.6103515625,22605.41015625
2020-02-26,11738.5498046875,11783.25,11639.599609375,11678.5,567600.0,34.91961628285024,-72.94546197320233,-37.798673168863516,-35.14678880433881,6.730796020414686,30.258933302295794,12015.997607421876,12131.9030078125,11683.754511718751,11957.938452097445,12030.883914070648,17.74862581488884,138.08597981735898,21411900.0,-0.010120477938589723,-0.010172038146389433,143.650390625,60.0498046875,53.43000030517578,1640.0,71.87000274658203,26957.58984375,7042.5,12774.8798828125,3116.389892578125,26696.490234375,18.260000228881836,8980.7802734375,22426.189453125
2020-02-27,11661.25,11663.849609375,11536.7001953125,11633.2998046875,608600.0,33.628296739620815,-93.43919449791974,-46.63392455486475,-46.805269943054995,7.9563969355699555,14.623614033142546,11991.18759765625,12121.26900390625,11684.431508789065,11907.994044803607,12001.433239301527,19.62055957080709,138.35125302236906,20803300.0,-0.003870376787472707,-0.0038778860778288546,127.1494140625,27.9501953125,52.18000030517578,1640.0,71.66339874267578,25766.640625,6796.39990234375,12367.4599609375,2978.760009765625,26778.619140625,17.770000457763672,8566.48046875,21948.23046875
2020-02-28,11382.0,11384.7998046875,11175.0498046875,11201.75,809900.0,24.364375694020357,-142.8563289638878,-76.84084721666623,-66.01548174722156,7.501550157505515,7.3962477044967185,11949.485107421875,12100.87099609375,11683.643007812501,11799.341114833822,11942.19744379771,22.324378396642132,161.20116352077127,19993400.0,-0.03709607866493836,-0.0378016423222764,209.75,180.25,50.52000045776367,1564.0999755859375,71.93000030517578,25409.359375,6580.60009765625,11890.349609375,2954.219970703125,26129.9296875,23.239999771118164,8567.3701171875,21142.9609375
2020-03-02,11387.349609375,11433.0,11036.25,11132.75,680800.0,23.261005355083903,-185.44973825815032,-95.54740520874302,-89.9023330494073,8.023107212479774,7.827018101851747,11908.017626953126,12078.3319921875,11682.797758789064,11696.788635628618,11882.238373886768,25.110445652046707,178.02608041214478,19312600.0,-0.006159751824491688,-0.0061788013630017435,396.75,254.599609375,51.900001525878906,1592.300048828125,72.1500015258789,26703.3203125,6654.89990234375,11857.8701171875,3090.22998046875,26291.6796875,25.200000762939453,8952.169921875,21344.080078125
2020-03-03,11217.5498046875,11342.25,11152.5498046875,11303.2998046875,696500.0,31.51642678642213,-203.1021430206547,-90.5598479769979,-112.5422950436568,10.84192206623997,8.788859812075087,11887.78759765625,12058.9619921875,11682.919755859377,11636.251892406908,11839.354035427563,27.69750810349381,180.27421752556302,20009100.0,0.015319647408546855,0.015203486470954998,189.7001953125,-85.75,51.86000061035156,1642.0999755859375,72.82499694824219,25917.41015625,6718.2001953125,11985.3896484375,3003.3701171875,26284.8203125,24.540000915527344,8684.08984375,21082.73046875
2020-03-04,11351.349609375,11356.599609375,11082.150390625,11251.0,797700.0,30.435161457934502,-218.78988452736849,-84.99807158696933,-133.79181294039915,15.92519893086008,11.596742736526608,11851.355078125001,12038.7269921875,11683.433754882812,11576.982370498152,11795.77225502552,30.239624218539177,187.00100332730852,19211400.0,-0.004626950146523701,-0.0046376876143074345,274.44921875,100.349609375,51.130001068115234,1641.0999755859375,73.34200286865234,27090.859375,6815.60009765625,12127.6904296875,3130.1201171875,26222.0703125,24.229999542236328,9018.08984375,21100.060546875
2020-03-05,11306.0498046875,11389.5,11244.599609375,11269.0,1352500.0,31.30864456818354,-227.15162064200194,-74.68784616128221,-152.46377448071974,19.677246461815415,15.481455819638487,11810.34755859375,12019.815996093752,11683.668505859376,11529.600467344591,11756.752087986593,32.31035764778048,183.99381670571506,20563900.0,0.0015998577904186018,0.0015985793812774052,144.900390625,37.0498046875,49.9900016784668,1666.4000244140625,74.0425033569336,26121.279296875,6705.39990234375,11944.7197265625,3023.93994140625,26767.869140625,23.25,8738.58984375,21329.119140625
2020-03-06,10942.650390625,11035.099609375,10827.400390625,10989.4501953125,1811000.0,25.874739075878498,-253.41448525797387,-80.76056862180329,-172.65391663617058,16.377932662521655,17.326792685065715,11752.92255859375,11997.074003906251,11682.830756835938,11446.500425493501,11699.914910751475,34.970977639824405,202.39423046780684,18752900.0,-0.024806975302821943,-0.02511985353017798,207.69921875,-46.7998046875,45.27000045776367,1670.800048828125,73.8551025390625,25864.779296875,6462.60009765625,11541.8701171875,2972.3701171875,26146.669921875,25.639999389648438,8575.6201171875,20749.75
2020-03-09,10742.0498046875,10751.5498046875,10294.4501953125,10451.4501953125,1565500.0,19.029565646262665,-314.020268244758,-113.0930812868699,-200.92718695788807,13.281486362984934,16.445555162440666,11670.577587890624,11961.18701171875,11678.802509765626,11293.415774696423,11607.43604294118,38.003528933663816,237.5803568629635,17187400.0,-0.048956043335951605,-0.05019499598647564,457.099609375,290.599609375,34.36000061035156,1674.5,73.99530029296875,23851.01953125,5965.7998046875,10625.01953125,2746.56005859375,25040.4609375,30.799999237060547,7950.68017578125,19698.759765625
2020-03-11,10334.2998046875,10545.099609375,10334.0,10458.400390625,1218500.0,19.326485250023016,-357.3704214630943,-125.15458760416499,-232.21583385892933,9.814076485968036,13.15783183715821,11591.922607421875,11925.23802734375,11674.058759765627,11164.951869454666,11522.32229091776,40.81946942080041,235.68887489953755,18405900.0,0.0006649981756232659,0.0006647771623133455,211.099609375,-124.1005859375,35.790000915527344,1641.4000244140625,74.20500183105469,23553.220703125,5876.5,10438.6796875,2741.3798828125,25231.609375,31.559999465942383,7952.0498046875,19416.060546875
2020-03-12,10039.9501953125,10040.75,9508.0,9590.150390625,1343500.0,12.941799398503925,-456.52372758614365,-179.44631498177142,-277.0774126043722,6.7950656930247195,9.963542847325897,11466.035107421874,11873.67203125,11662.868261718751,10922.674718865486,11379.19844645163,43.94572610501474,286.7396974513563,17062400.0,-0.08301938801064712,-0.08666894981793948,532.75,449.7998046875,33.220001220703125,1589.300048828125,74.76000213623047,21200.619140625,5237.5,9161.1298828125,2480.639892578125,24309.0703125,41.15999984741211,7201.7998046875,18559.630859375
2020-03-13,9107.599609375,10159.400390625,8555.150390625,9955.2001953125,1388000.0,24.26967534124142,-499.8846100426799,-178.24575795064612,-321.6388520920338,17.475835421271672,11.361659200088141,11353.735107421875,11829.126035156249,11654.098764648437,10773.83248447272,11273.7170945154,47.15988128269832,380.84757620483083,18450400.0,0.03806507612689369,0.03735847654239177,1604.25,-847.6005859375,33.849998474121094,1515.699951171875,75.30000305175781,23185.619140625,5366.10009765625,9232.080078125,2711.02001953125,24032.91015625,51.470001220703125,7874.8798828125,17431.05078125
2020-03-16,9587.7998046875,9602.2001953125,9165.099609375,9197.400390625,897700.0,18.80075946758412,-588.6113871555772,-213.5780280508347,-375.0333591047425,20.966771186137887,15.07922410014476,11204.872607421876,11767.4300390625,11641.396264648438,10531.304470034609,11119.915857190186,50.14445394769021,410.0799340428786,17552700.0,-0.07612100106679087,-0.07917416945110371,437.1005859375,390.3994140625,30.049999237060547,1485.9000244140625,73.90399932861328,20188.51953125,5151.10009765625,8742.25,2386.1298828125,23063.5703125,58.880001068115234,6904.58984375,17002.0390625
2020-03-17,9285.400390625,9403.7998046875,8915.599609375,8967.0498046875,935600.0,17.509175937427283,-669.7943916104905,-235.80882600459836,-433.98556560589213,24.184358381324152,20.875654996244567,11047.552587890626,11702.23802734375,11627.946264648439,10290.649906135053,10960.444297745544,52.9782750378882,415.65995270499445,16617100.0,-0.02504518409052825,-0.02536415171509603,488.2001953125,318.3505859375,28.729999542236328,1524.9000244140625,75.15499877929688,21237.380859375,5294.89990234375,8939.099609375,2529.18994140625,23263.73046875,62.93000030517578,7334.77978515625,17011.529296875
2020-03-18,9088.4501953125,9127.5498046875,8407.0498046875,8468.7998046875,1516600.0,15.093782594855517,-765.5127638573813,-265.2217586011913,-500.29100525619,11.318268294375018,18.823132620612352,10868.702587890626,11631.753027343751,11611.069765625,10010.365275143122,10775.878039000503,55.71722629450608,437.43424179749485,15100500.0,-0.05556454027271507,-0.05716792711513327,720.5,619.650390625,24.8799991607666,1477.300048828125,74.01239776611328,19898.919921875,5080.60009765625,8441.7099609375,2398.10009765625,22291.8203125,63.959999084472656,6989.83984375,16726.55078125
2020-03-19,8063.2998046875,8575.4501953125,7832.5498046875,8263.4501953125,925700.0,14.222934085683406,-848.1631637860592,-278.29772682389535,-569.8654369621638,8.874600945265179,14.792409206988115,10682.250097656251,11555.96302734375,11592.763266601563,9741.609109015333,10589.772272801392,58.35503022355909,459.253252428031,14174800.0,-0.024247781753128472,-0.02454659954775134,742.900390625,-200.150390625,28.469999313354492,1478.5999755859375,74.98200225830078,20087.189453125,5151.60009765625,8610.4296875,2409.389892578125,21709.130859375,72.19999694824219,7150.580078125,16552.830078125
2020-03-20,8284.4501953125,8883.0,8178.2001953125,8745.4501953125,1071500.0,25.140575961596248,-864.8019310944401,-235.94919530582092,-628.8527357886192,13.073055030733737,11.088641423457977,10513.227587890626,11490.3650390625,11576.846767578125,9588.35389152259,10453.155822617031,59.692592715426805,476.7922918751359,15246300.0,0.058329146858465686,0.05669138794443699,704.7998046875,-461.0,26.979999542236328,1484.0,75.15969848632812,19173.98046875,5190.7998046875,8928.9501953125,2304.919921875,22805.0703125,67.0999984741211,6879.52001953125,16552.830078125
2020-03-23,7945.7001953125,8159.25,7583.60009765625,7610.25,653500.0,19.00521042615337,-958.5399902231493,-263.7498035476241,-694.7901866755252,12.674452702415902,11.540702892804939,10289.697607421876,11398.252031250002,11555.59251953125,9284.030215903731,10242.57020612688,61.17035875035827,525.7249922880726,14592800.0,-0.12980466070471242,-0.13903756461051203,575.64990234375,335.4501953125,27.030000686645508,1567.0,75.62210083007812,18591.9296875,4993.89990234375,8741.150390625,2237.39990234375,21696.130859375,71.98999786376953,6860.669921875,16887.779296875
2020-03-24,7848.2998046875,8036.9501953125,7511.10009765625,7801.0498046875,738400.0,22.431626180258675,-1005.83745964837,-248.83781837827576,-756.9996412700942,11.177137710077977,12.308215147742537,10088.280078125,11309.13703125,11534.868266601563,9055.879383408927,10061.716843057297,62.568576144961305,525.7339283857996,15331200.0,0.02507142402516349,0.024762292138464665,525.85009765625,47.25,27.149999618530273,1660.199951171875,76.50599670410156,20704.91015625,5446.0,9700.5703125,2447.330078125,22663.490234375,83.61000061035156,7417.85986328125,18092.349609375
2020-03-25,7735.14990234375,8376.75,7714.75,8317.849609375,736900.0,30.95207910348734,-990.205151164304,-186.56440791536784,-803.6407432489361,9.659110400115049,11.170233604202975,9914.2775390625,11228.903027343751,11516.843515625002,8942.33634124986,9932.541492414164,62.76117442012878,535.4672192153854,16068100.0,0.06624746894667499,0.06414544603118057,662.0,-582.69970703125,27.389999389648438,1632.300048828125,77.26000213623047,21200.55078125,5688.2001953125,9874.259765625,2475.56005859375,23527.189453125,77.62999725341797,7384.2998046875,19546.630859375
2020-03-26,8451.0,8749.0498046875,8304.900390625,8641.4501953125,865600.0,35.71383527227813,-940.8589350844577,-109.77455346841714,-831.0843816160406,20.11762618206845,13.651291430753826,9762.425048828125,11154.486035156251,11499.608017578124,8896.046164951806,9836.905100036263,61.856554816990425,528.9445188473221,16933700.0,0.038904356430389475,0.03816665439616388,444.1494140625,-190.4501953125,26.34000015258789,1650.0999755859375,75.84549713134766,22552.169921875,5815.7001953125,10000.9599609375,2630.070068359375,23352.33984375,71.52999877929688,7797.5400390625,18664.599609375
2020-03-27,8949.099609375,9038.900390625,8522.900390625,8660.25,801500.0,35.99001575778784,-889.9756311142428,-47.11299959856183,-842.862631515681,29.44651076229096,19.74108244815815,9613.772558593751,11080.825039062502,11482.801015624998,8859.769831882297,9749.74546299654,60.2504741786585,528.0199103582277,17735200.0,0.0021755381634551707,0.002173175106963937,516.0,288.849609375,24.93000030517578,1623.9000244140625,74.72560119628906,21636.779296875,5510.2998046875,9632.51953125,2541.469970703125,23484.279296875,70.38999938964844,7502.3798828125,19389.4296875
2020-03-30,8385.9501953125,8576.0,8244.0,8281.099609375,593300.0,32.91846367439098,-870.2132374425437,-21.880484741490136,-848.3327527010536,30.972488789979955,26.845541911446453,9467.7400390625,10999.337031250001,11464.987763671874,8770.743643804251,9640.956881246795,59.05766328660085,520.0363453326399,17141900.0,-0.04378053643081892,-0.04476782787370225,332.0,104.8505859375,22.760000228881836,1622.0,75.46499633789062,22327.48046875,5563.7001953125,9815.9697265625,2626.64990234375,23175.109375,71.88999938964844,7774.14990234375,19084.970703125
2020-03-31,8529.349609375,8678.2998046875,8358.0,8597.75,712700.0,37.70050757930671,-819.5530603856005,23.02375385236246,-842.5768142379629,33.95788917810341,31.45896291012477,9340.9900390625,10924.2450390625,11448.62326171875,8744.129237065135,9563.682297450736,57.67822920289473,511.26233461691567,17854600.0,0.03823772271336057,0.03752477847769833,320.2998046875,-68.400390625,22.739999771118164,1583.4000244140625,75.4000015258789,21917.16015625,5672.0,9935.83984375,2584.590087890625,23603.48046875,64.41000366210938,7700.10009765625,18917.009765625
2020-04-01,8584.099609375,8588.099609375,8198.349609375,8253.7998046875,506300.0,34.798668030243846,-797.9600248771894,35.6934314886189,-833.6534563658083,31.485130599991155,32.138502856024836,9188.5150390625,10844.8300390625,11430.278759765626,8668.693939776269,9466.653964653458,56.58090338945231,503.2721957603503,17348300.0,-0.04000467509668226,-0.040826864424490454,389.75,330.2998046875,24.739999771118164,1578.199951171875,75.32499694824219,20943.509765625,5454.60009765625,9544.75,2470.5,23085.7890625,60.04999923706055,7360.580078125,18065.41015625
2020-04-03,8356.5498046875,8356.5498046875,8055.7998046875,8083.7998046875,697000.0,33.42908389228283,-785.5100964888097,38.51468790159902,-824.0247843904087,32.154616782662934,32.5325455202525,9030.155029296875,10763.10904296875,11410.86976074219,8578.71022668569,9364.220323174499,55.724293065800374,488.806324634611,16651300.0,-0.020596574186770744,-0.02081164185069997,300.75,272.75,34.11000061035156,1633.699951171875,77.13999938964844,21052.529296875,5415.5,9525.76953125,2488.64990234375,23236.109375,55.29999923706055,7373.080078125,17820.189453125
2020-04-07,8446.2998046875,8819.400390625,8360.9501953125,8792.2001953125,814200.0,43.42192178528463,-710.2936246077261,90.98492782614619,-801.2785524338723,41.03942179770079,34.89305639345162,8906.315039062501,10696.8150390625,11395.29976074219,8611.55483724366,9321.848461851387,53.67834002876491,506.43448615624595,17465500.0,0.08763210467115035,0.08400295216282225,458.4501953125,-345.900390625,31.8700008392334,1664.800048828125,75.96489715576172,22653.859375,5704.5,10356.7001953125,2659.409912109375,24253.2890625,51.79999923706055,7887.259765625,18950.1796875
2020-04-08,8688.900390625,9131.7001953125,8653.900390625,8748.75,896500.0,42.99561125465259,-646.7349385764483,123.63489108593922,-770.3698296623875,57.147908699517615,43.447315759960446,8794.280029296875,10628.183046875001,11379.473261718751,8632.66178536002,9279.396723936468,51.044462389920675,504.38915176562125,16569000.0,-0.004941902407507137,-0.004954153987953298,477.7998046875,-59.849609375,32.84000015258789,1665.4000244140625,76.66000366210938,23433.5703125,5677.7001953125,10332.8896484375,2749.97998046875,23970.369140625,52.2400016784668,8090.89990234375,19353.240234375
2020-04-09,8973.0498046875,9128.349609375,8904.5498046875,9111.900390625,742100.0,47.6239900611244,-560.5987865809857,167.81683446512147,-728.4156210461072,80.94482813205987,59.71071954309275,8727.3025390625,10565.4560546875,11365.916264648438,8706.390801554633,9266.989588135619,48.59871886813674,495.47561302343405,17311100.0,0.04150883161880259,0.0406704613937413,223.7998046875,-138.8505859375,31.479999542236328,1736.199951171875,75.95899963378906,23719.369140625,5842.7001953125,10564.740234375,2789.820068359375,24300.330078125,49.75,8153.580078125,19345.76953125
2020-04-13,9103.9501953125,9112.0498046875,8912.400390625,8993.849609375,644000.0,46.30773169445126,-496.14176358931763,185.81908596543167,-681.9608495547493,88.88065010158213,75.65779564438654,8654.075,10502.953046875,11352.524760742188,8750.615233526996,9246.756997116314,46.32767131219452,474.3451702405102,16667100.0,-0.01295567073707915,-0.013040327423561648,199.6494140625,110.1005859375,31.739999771118164,1744.800048828125,76.16649627685547,23390.76953125,5842.7001953125,10564.740234375,2761.6298828125,24300.330078125,51.459999084472656,8192.419921875,19043.400390625
2020-04-15,9196.400390625,9261.2001953125,8874.099609375,8925.2998046875,879100.0,45.52095983827981,-445.4555702963953,189.20422340668324,-634.6597937030785,90.35962923639308,86.72836915667835,8620.832470703126,10440.343046875,11338.693759765625,8777.489782936304,9222.945353232699,43.83490589056072,468.1134142188666,15788000.0,-0.007621853562688519,-0.007651048328648555,387.1005859375,271.1005859375,27.690000534057617,1727.199951171875,75.93099975585938,23504.349609375,5597.7001953125,10279.759765625,2783.360107421875,24145.33984375,49.7400016784668,8393.1796875,19550.08984375
2020-04-16,8851.25,9053.75,8821.900390625,8992.7998046875,719400.0,46.48512635799101,-395.28313315468586,191.50132843871415,-586.7844615934,85.65478577839141,88.29835503878887,8572.712451171876,10377.60904296875,11325.2005078125,8810.614401667257,9205.897534821943,41.628052203062964,451.2374281585904,16507400.0,0.007562771164790316,0.007534316783542481,231.849609375,-141.5498046875,27.81999969482422,1720.4000244140625,77.2125015258789,23537.6796875,5628.39990234375,10301.5400390625,2799.550048828125,24006.44921875,46.099998474121094,8532.3603515625,19290.19921875
2020-04-17,9323.4501953125,9324.0,9091.349609375,9266.75,684200.0,50.32743059371846,-329.61601573206826,205.73475668906542,-535.3507724211337,87.30431465273087,87.77290988917179,8576.179931640625,10322.228046875,11312.3755078125,8880.789109103063,9210.405124835132,38.87858376775649,442.66334009815535,17191600.0,0.03046328187687486,0.03000848934711599,232.650390625,56.7001953125,28.079999923706055,1689.199951171875,77.56999969482422,24242.490234375,5787.0,10625.7802734375,2874.56005859375,24380.0,42.59000015258789,8650.1396484375,19897.259765625
2020-04-20,9390.2001953125,9390.849609375,9230.7998046875,9261.849609375,726400.0,50.257917678030196,-274.80202594104776,208.4389971840688,-483.24102312511656,90.48119776656394,87.81343273256206,8590.919921875,10268.223046875,11300.0642578125,8939.413801452592,9214.21582739364,36.15900926934486,422.4766589973943,16465200.0,-0.0005288143766692954,-0.0005289542483047096,160.0498046875,128.3505859375,25.56999969482422,1701.5999755859375,76.55999755859375,23650.439453125,5812.7998046875,10675.900390625,2823.159912109375,24330.01953125,43.459999084472656,8560.73046875,19669.119140625
2020-04-21,9016.9501953125,9044.400390625,8909.400390625,8981.4501953125,655100.0,46.315871798248,-251.09298975146157,185.71842669892396,-436.81141645038554,85.3714675067706,87.71899330868847,8616.552441406251,10213.69404296875,11286.473256835936,8945.880938969502,9196.973928720963,34.37595600411734,417.47469897972326,15810100.0,-0.030274667144095657,-0.030742409586860843,135.0,35.5,19.329999923706055,1678.199951171875,77.20999908447266,23018.880859375,5641.0,10249.849609375,2736.56005859375,23793.55078125,45.20000076293945,8263.23046875,19280.779296875
2020-04-22,9026.75,9209.75,8946.25,9187.2998046875,734400.0,49.450538333934375,-213.2350240145879,178.86111394863815,-392.09613796322606,81.47511760372939,85.77592762568797,8662.744921875,10157.84703125,11273.427504882813,8983.022302926118,9196.257326940706,32.284553215728344,406.4765061954573,16544500.0,0.02291941778872575,0.022660713376927297,263.5,-160.5498046875,20.3700008392334,1728.699951171875,76.96939849853516,23475.8203125,5770.60009765625,10415.0302734375,2799.31005859375,23893.359375,42.81999969482422,8495.3798828125,19137.94921875
2020-04-23,9232.349609375,9343.599609375,9170.150390625,9313.900390625,666700.0,51.33268382562022,-171.0450038437957,176.8409072955443,-347.88591113934,82.77471409486762,83.20709973512253,8691.167431640626,10102.342031249998,11260.7592578125,9033.926624110562,9204.971627954357,29.99992155761496,389.8316999493532,17211200.0,0.01377995587701486,0.013685875581327233,173.44921875,-81.55078125,21.329999923706055,1733.300048828125,76.4000015258789,23515.259765625,5826.60009765625,10513.7900390625,2797.800048828125,23977.3203125,39.22999954223633,8494.75,19429.439453125
2020-04-24,9163.900390625,9296.900390625,9141.2998046875,9154.400390625,659400.0,48.86416310512284,-148.76456064623562,159.29708039448354,-308.06164104071917,87.09290993308662,83.78091387722787,8768.374951171874,10042.67103515625,11247.323510742186,9052.461049728168,9201.225610374404,27.95313313767479,374.3151918056494,16551800.0,-0.017124941572334906,-0.017273269224786485,155.6005859375,9.5,21.440000534057617,1723.5,76.42250061035156,23775.26953125,5752.2001953125,10336.08984375,2836.739990234375,23831.330078125,39.119998931884766,8634.51953125,19262.0
2020-04-27,9259.7001953125,9377.099609375,9250.349609375,9282.2998046875,512800.0,50.903035287929825,-119.41024806599671,150.92111437977798,-270.3313624457747,89.46485639946425,86.44416014247282,8842.437451171876,9986.350039062501,11234.790761718748,9087.82085818345,9207.231106249446,26.080682966938635,363.4854794445316,17064600.0,0.013971358975458648,0.01387465918374464,126.75,-22.599609375,19.989999771118164,1711.9000244140625,76.27149963378906,24133.779296875,5846.7998046875,10659.990234375,2878.47998046875,24280.140625,38.040000915527344,8730.16015625,19783.220703125
2020-04-28,9389.7998046875,9404.400390625,9260.0,9380.900390625,614500.0,52.476190253464765,-87.18548066406038,146.51670542537147,-233.70218608943185,90.6353988953069,89.06438840928593,8895.589990234377,9933.338046875,11222.367265625,9132.910017020611,9220.095497684671,24.419407262967777,347.8365445288508,17679100.0,0.010622430648890235,0.010566409007242056,144.400390625,8.8994140625,20.459999084472656,1710.5,76.1863021850586,24101.55078125,5958.5,10795.6298828125,2863.389892578125,24575.9609375,35.349998474121094,8607.73046875,19771.189453125
2020-04-29,9408.599609375,9599.849609375,9392.349609375,9553.349609375,653000.0,55.18105121836375,-47.18795621053323,149.2113839031189,-196.39934011365213,94.90046354526791,91.66690628001302,8941.1849609375,9882.24703125,11210.582514648439,9197.593031228978,9244.780987439512,23.420887278095755,338.63030697321864,18332100.0,0.018383013524196468,0.01821608855026957,207.5,-144.75,22.540000915527344,1703.4000244140625,76.46499633789062,24633.859375,6115.2998046875,11107.740234375,2939.510009765625,24643.58984375,33.84000015258789,8914.7099609375,19771.189453125
2020-04-30,9753.5,9889.0498046875,9731.5,9859.900390625,931200.0,59.58463334583552,9.141083460584923,164.43233885938963,-155.2912553988047,96.70021248871629,94.07869164309703,9001.16748046875,9835.42103515625,11200.298266601563,9299.486471136059,9290.345387675474,23.204012067491846,338.4210132831673,19263300.0,0.03208830345213909,0.03158422875946422,157.5498046875,-106.400390625,25.270000457763672,1684.199951171875,75.25849914550781,24345.720703125,5901.2001953125,10861.6396484375,2912.429931640625,24643.58984375,33.9900016784668,8889.5498046875,20193.689453125
2020-05-04,9533.5,9533.5,9266.9501953125,9293.5,687500.0,49.84069880924161,7.986412914189714,130.62213465039554,-122.63572173620582,78.8484147727606,90.1496969355816,9051.7875,9777.79802734375,11187.032016601563,9298.565475576665,9290.579062662475,21.617069598435226,356.6016691424054,18575800.0,-0.05744483901313502,-0.059160835126554547,266.5498046875,240.0,27.200000762939453,1706.9000244140625,75.60050201416016,23749.759765625,5753.7998046875,10466.7998046875,2842.739990234375,23613.80078125,43.66999816894531,8710.7099609375,20193.689453125
2020-05-05,9429.400390625,9450.900390625,9190.75,9205.599609375,725200.0,48.51475276188723,-0.021253722321489477,98.09157441110747,-98.11282813342896,59.13882358539515,78.22915028229068,9082.17998046875,9719.641015625,11174.00426269531,9284.263034622563,9284.284288344885,20.202141836549522,349.7122921054479,17850600.0,-0.009458265521601117,-0.009503278972569803,260.150390625,223.80078125,30.969999313354492,1704.4000244140625,75.8499984741211,23883.08984375,5849.39990234375,10729.4599609375,2868.43994140625,23868.66015625,43.61000061035156,8809.1201171875,20193.689453125
2020-05-06,9226.7998046875,9346.900390625,9116.5,9270.900390625,722200.0,49.58772934722987,-1.085645275459683,77.62174628637543,-78.70739156183511,40.74090003822123,59.576046132125654,9133.035009765626,9664.14302734375,11162.565766601561,9282.207243238323,9283.292888513783,19.086223738917226,341.190013428273,18572800.0,0.007093593467121684,0.0070685522845568985,230.400390625,-44.1005859375,29.719999313354492,1684.199951171875,76.16999816894531,23664.640625,5853.7998046875,10606.2001953125,2848.419921875,24137.48046875,41.25,8854.3896484375,20193.689453125
2020-05-07,9234.0498046875,9277.849609375,9175.900390625,9199.0498046875,708700.0,48.392685645490914,-7.6388689286268345,56.854818106566626,-64.49368703519346,35.86562567377133,45.248449765795904,9188.797509765625,9608.274023437501,11150.781513671875,9269.41379115358,9277.052660082207,18.050014076830095,324.1013852369678,17864100.0,-0.007750119504051356,-0.0077803077564110755,101.94921875,35.0,29.459999084472656,1721.800048828125,76.15129852294922,23875.890625,5936.0,10759.26953125,2881.18994140625,23980.630859375,39.93000030517578,8979.66015625,19674.76953125
2020-05-08,9376.9501953125,9382.650390625,9238.2001953125,9251.5,609100.0,49.352243699568234,-8.502047162688541,44.79331189800394,-53.29535906069248,35.520654598241855,37.37572677007814,9211.7625,9550.786015625,11139.544511718748,9266.657823283798,9275.159870446487,16.763498745738502,314.0656138584344,18473200.0,0.0057016970693835045,0.005685503917787226,144.4501953125,125.4501953125,30.969999313354492,1709.9000244140625,76.08000183105469,24331.3203125,5936.0,10904.48046875,2929.800048828125,24230.169921875,38.40999984741211,9121.3203125,20179.08984375
2020-05-11,9348.150390625,9439.900390625,9219.9501953125,9239.2001953125,704600.0,49.12158588946843,-10.062617980256618,34.586192864348696,-44.648810844605315,32.71744681727725,34.70124236309681,9236.285009765626,9493.95302734375,11127.826010742187,9262.433572826676,9272.496190806933,15.749668606909795,307.34308396229625,17768600.0,-0.0013294930214019507,-0.001330377581346701,219.9501953125,108.9501953125,29.6299991607666,1695.300048828125,75.5250015258789,24221.990234375,5939.7001953125,10824.990234375,2930.18994140625,24602.060546875,38.040000915527344,9192.33984375,20390.66015625
2020-05-12,9168.849609375,9240.849609375,9043.9501953125,9196.5498046875,805500.0,48.278971724557714,-14.57292407829118,24.060709413051313,-38.63363349134249,31.71142136192739,33.31650759248216,9240.517480468752,9441.296015625001,11116.046259765624,9252.297608497573,9266.870532575864,15.007795091747187,299.4542503980251,16963100.0,-0.004616242718351149,-0.004626930470959459,196.8994140625,-27.7001953125,29.979999542236328,1704.4000244140625,76.30999755859375,23764.779296875,5994.7998046875,10819.5,2870.1201171875,24245.6796875,38.209999084472656,9002.5498046875,20366.48046875
2020-05-13,9584.2001953125,9584.5,9351.099609375,9383.5498046875,846400.0,52.15425103883805,-3.023187555914774,28.488356748342177,-31.51154430425695,33.466071347959655,32.63164650905476,9260.002490234376,9393.009003906249,11105.022260742186,9272.490254065255,9275.51344162117,14.605494926102438,305.77538932048765,17809500.0,0.02033371253039773,0.02012974293547344,233.400390625,200.650390625,29.190000534057617,1713.9000244140625,75.68000030517578,23247.970703125,5904.10009765625,10542.66015625,2820.0,24180.30078125,38.84000015258789,8863.169921875,20267.05078125
2020-05-14,9213.9501953125,9281.099609375,9119.75,9142.75,602600.0,47.24524903612645,-13.14889763390056,14.690117336285113,-27.839014970185673,26.141345273380292,30.43961266108911,9270.875,9342.294003906249,11092.423012695312,9252.530214978293,9265.679112612193,13.611935849307152,302.77713327527425,17206900.0,-0.025661909373274727,-0.025996919937107583,161.349609375,71.2001953125,31.1299991607666,1738.0999755859375,75.42620086669922,23625.33984375,5741.5,10337.01953125,2852.5,23829.740234375,38.18000030517578,8943.7197265625,19914.779296875
2020-05-15,9182.400390625,9182.400390625,9050.0,9136.849609375,575900.0,47.12819305692256,-21.40298771484231,5.148821804274689,-26.551809519117,20.956063333880298,26.854493318406746,9278.077490234376,9292.365,11079.669760742187,9234.733198731632,9256.136186446474,12.895251762683195,290.6073659431118,16631000.0,-0.0006453627874545287,-0.0006455711236580218,132.400390625,45.55078125,32.5,1753.4000244140625,75.48500061035156,23685.419921875,5799.7998046875,10465.169921875,2863.699951171875,23797.470703125,38.02000045776367,9014.5595703125,20037.470703125
2020-05-18,9158.2998046875,9158.2998046875,8806.75,8823.25,773000.0,41.274892290738244,-52.6424517715368,-20.87251380193584,-31.76993796960096,8.06938515894031,18.388931255400298,9255.902490234375,9244.795,11065.801508789062,9171.428091234458,9224.070543005995,12.906821676750441,294.9603972819967,15858000.0,-0.034322509703259896,-0.03492536149006188,351.5498046875,335.0498046875,34.810001373291016,1731.800048828125,75.81999969482422,24597.369140625,6048.60009765625,11058.8701171875,2953.909912109375,23934.76953125,40.91999816894531,9234.830078125,20133.73046875
2020-05-19,8961.7001953125,9030.349609375,8855.2998046875,8879.099609375,762200.0,42.64120276566172,-72.06266187411529,-32.23417912361147,-39.828482750503824,6.400683997582278,11.808710830134295,9236.764990234376,9199.7219921875,11053.100756835936,9126.454478640695,9198.51714051481,12.91756516838431,288.68462671721124,16620200.0,0.00632982284022332,0.006309873650596998,175.0498046875,82.6005859375,34.650001525878906,1744.199951171875,75.60009765625,24206.859375,6002.2001953125,11075.2900390625,2922.93994140625,24388.130859375,39.45000076293945,9185.099609375,20433.44921875
2020-05-20,8889.150390625,9093.7998046875,8875.349609375,9066.5498046875,622300.0,47.09067251059837,-71.50340734979181,-25.339939679430387,-46.16346767036143,10.737918537065859,8.402662564529482,9241.019970703128,9154.9869921875,11041.702504882813,9117.238374955588,9188.74178230538,12.694316531757417,283.66788161687475,17242500.0,0.021111396826158035,0.020891638839326522,218.4501953125,-177.3994140625,35.75,1750.5999755859375,76.0,24575.900390625,6067.2001953125,11223.7099609375,2971.610107421875,24399.94921875,35.810001373291016,9375.7802734375,20595.150390625
2020-05-21,9079.4501953125,9178.5498046875,9056.099609375,9106.25,631500.0,48.01051853864299,-67.08342418073698,-16.735965208300442,-50.34745897243654,23.06591413541599,13.401505556688043,9236.967480468751,9112.0919921875,11030.578505859376,9115.547855731651,9182.631279912388,12.17421792844798,272.1523325951337,17874000.0,0.004378754451001221,0.004369195599480915,122.4501953125,-26.7998046875,36.060001373291016,1720.5,75.77999877929688,24474.119140625,6015.2998046875,11065.9296875,2948.510009765625,24280.029296875,32.9900016784668,9284.8798828125,20552.310546875
2020-05-22,9067.900390625,9149.599609375,8968.5498046875,9039.25,675800.0,46.53998157427126,-68.20072028269533,-14.282609048207028,-53.9181112344883,30.802288076573895,21.53537358301858,9223.234960937501,9067.4969921875,11019.418256835936,9103.809724080627,9172.010444363323,11.978325366808326,265.6450091731599,17198200.0,-0.0073575840768702605,-0.00738478460081561,181.0498046875,28.650390625,35.130001068115234,1734.5999755859375,75.625,24465.16015625,5993.2998046875,11073.8701171875,2955.449951171875,22930.140625,32.380001068115234,9324.58984375,20388.16015625
2020-05-26,9099.75,9161.650390625,8996.650390625,9029.0498046875,655000.0,46.30743569416868,-69.11256933015284,-12.155566476531625,-56.95700285362121,32.32828906835958,28.73216376011649,9216.967431640627,9028.288984375,11008.30275390625,9092.308198020146,9161.420767350299,11.747504010624944,258.45607994650567,16543200.0,-0.0011284338094974533,-0.00112907097030296,165.0,70.7001953125,36.16999816894531,1704.800048828125,76.11000061035156,24995.109375,6067.7998046875,11504.650390625,2991.77001953125,23384.66015625,31.469999313354492,9340.2197265625,21271.169921875
2020-05-27,9082.2001953125,9334.0,9004.25,9314.9501953125,763500.0,53.34428480066009,-46.232504581521425,8.579598617679835,-54.81210319920126,41.27290260366441,34.801159916199296,9218.599951171876,9005.558984374999,10998.456005859374,9126.5608129882,9172.793317569722,10.966562278815038,263.54850280746956,17306700.0,0.03166450477176164,0.0311735219299972,329.75,-232.75,34.7400016784668,1710.300048828125,75.81999969482422,25548.26953125,6144.2998046875,11657.6904296875,3036.1298828125,23301.359375,31.270000457763672,9412.3603515625,21419.23046875
2020-05-28,9364.9501953125,9511.25,9336.5,9490.099609375,837900.0,57.05734198873355,-13.807628746904811,32.80357956183717,-46.61120830874198,60.59571882031501,44.73230349744633,9224.059912109376,8986.19296875,10989.960502929687,9182.48985858617,9196.297487333075,10.870067108780285,258.7450243703289,18144600.0,0.018803043536468778,0.018628451492543274,174.75,-125.1494140625,35.290000915527344,1713.300048828125,76.12999725341797,25400.640625,6218.7998046875,11781.1298828125,3029.72998046875,23132.759765625,30.020000457763672,9368.990234375,21916.310546875
2020-05-29,9422.2001953125,9598.849609375,9376.900390625,9580.2998046875,967000.0,58.87261261966726,18.94928532220365,52.448394904756505,-33.499109582552855,83.6209598923905,61.82986043878997,9225.407421875,8985.99595703125,10982.435000000001,9243.691388755606,9224.742103433402,11.071618637206504,256.1167525403054,19111600.0,0.009504662651105722,0.009459777532853096,221.94921875,-158.099609375,35.33000183105469,1736.9000244140625,75.95999908447266,25383.109375,6076.60009765625,11586.849609375,3044.31005859375,22961.470703125,30.219999313354492,9489.8701171875,21877.890625
2020-06-01,9726.849609375,9931.599609375,9706.9501953125,9826.150390625,794200.0,63.41239368803375,64.00960051868788,78.00696808099258,-13.99736756230471,92.04866794345132,78.75511555205227,9223.719921875001,8983.4149609375,10975.975751953125,9333.300465966282,9269.290865447594,12.218954964774053,262.91554197939075,19905800.0,0.025662097319460564,0.025338352659720637,224.6494140625,-99.30078125,38.31999969482422,1737.800048828125,75.51319885253906,25475.01953125,6166.39990234375,11586.849609375,3055.72998046875,23732.51953125,30.739999771118164,9552.0498046875,22062.390625
2020-06-02,9880.849609375,9995.599609375,9824.0498046875,9979.099609375,770200.0,65.93188351876714,110.78488941315481,99.82580558036761,10.959083832787197,95.63191135853171,90.4338463981245,9257.999902343752,8999.048945312501,10970.971249999999,9432.654180336853,9321.869290923698,13.44699888187661,256.38941788711287,20676000.0,0.015565527970742954,0.015445627746472025,171.5498046875,-98.25,39.56999969482422,1725.199951171875,75.7300033569336,25742.650390625,6220.10009765625,12021.2802734375,3080.820068359375,23995.939453125,30.1200008392334,9608.3798828125,22325.609375
2020-06-03,10108.2998046875,10176.2001953125,10035.5498046875,10061.5498046875,794700.0,67.24146403684995,152.74691322249055,113.43026351176269,39.316649710727866,93.62186170609125,93.76748033602476,9300.797412109376,9020.9389453125,10966.292250976561,9529.407353313876,9376.660440091386,15.024657510354514,252.15450131928338,21470700.0,0.008262288035990828,0.008228342186278518,140.650390625,46.75,39.790000915527344,1697.800048828125,75.06580352783203,26269.890625,6382.39990234375,12487.3603515625,3122.8701171875,24325.619140625,30.040000915527344,9682.91015625,22613.759765625
2020-06-04,10054.25,10123.849609375,9944.25,10029.099609375,775100.0,66.16347901831529,181.29381756986004,113.58173428730574,67.7120832825543,93.16617412319084,94.13998239593793,9338.707373046876,9052.14494140625,10962.12475097656,9606.283085015588,9424.989267445728,16.05308669871214,246.97200903754887,20695600.0,-0.003225168681009971,-0.003230380747065696,179.599609375,25.150390625,39.9900016784668,1718.9000244140625,75.54499816894531,26281.8203125,6341.39990234375,12430.5595703125,3112.35009765625,24366.30078125,29.690000534057617,9615.8095703125,22695.740234375
2020-06-05,10093.7998046875,10177.7998046875,10040.75,10142.150390625,987100.0,68.08319054094798,210.61189534834375,114.31984965263155,96.2920456957122,92.76208804266435,93.18337462398215,9385.862402343751,9089.718945312501,10958.094252929684,9688.724208955498,9478.112313607155,17.148681155926806,239.95259377147394,21682700.0,0.011272276241460544,0.01120921756965851,137.0498046875,-48.3505859375,42.29999923706055,1676.199951171875,75.49089813232422,27110.98046875,6484.2998046875,12847.6796875,3193.929931640625,24770.41015625,28.68000030517578,9814.080078125,22863.73046875
2020-06-08,10326.75,10328.5,10120.25,10167.4501953125,936500.0,68.51371709753256,233.19998178406786,109.5263488706845,123.67363291338336,91.9087651734762,92.61234244644379,9431.659912109375,9118.158945312502,10954.65400390625,9762.37436070273,9529.174378918662,18.545408346528284,237.68812278779723,22619200.0,0.002494520758722585,0.0024914146063167966,208.25,159.2998046875,40.79999923706055,1698.300048828125,75.5177001953125,27572.439453125,6472.60009765625,12819.58984375,3232.389892578125,24776.76953125,29.649999618530273,9924.75,23178.099609375
2020-06-09,10181.150390625,10291.150390625,10021.4501953125,10046.650390625,754200.0,64.0697842922632,238.6031991955715,91.9436530257505,146.659546169821,89.02403736753257,91.2316301945577,9472.032421875,9166.886953124998,10949.725004882812,9806.109134536926,9567.505935341354,19.33631249438811,239.97469939670458,21865000.0,-0.011881032349997822,-0.011952175882067815,269.7001953125,134.5,41.18000030517578,1714.699951171875,75.625,27272.30078125,6335.7001953125,12617.990234375,3207.179931640625,25057.220703125,30.209999084472656,9953.75,23091.029296875
2020-06-10,10072.599609375,10148.75,10036.849609375,10116.150390625,632400.0,65.4579500187699,245.66152395734207,79.20158223001687,166.4599417273252,84.68591765985927,88.53957340028934,9518.012451171875,9213.18896484375,10944.757504882811,9853.807789319708,9608.146265362366,20.070723488829376,230.82653448443997,22497400.0,0.006917728526201428,0.006893910822071789,111.900390625,-43.55078125,41.72999954223633,1713.300048828125,75.50980377197266,26989.990234375,6329.10009765625,12530.16015625,3190.139892578125,25049.73046875,29.440000534057617,10020.349609375,23124.94921875
2020-06-11,10094.099609375,10112.0498046875,9885.0498046875,9902.0,715500.0,58.01962485969805,231.30876690935656,51.87906014562509,179.42970676373147,77.87609348652411,83.86201617130531,9543.934960937499,9244.87197265625,10939.638256835937,9861.221975578213,9629.913208668857,19.969949909293714,230.84610958822998,21781900.0,-0.021169158460066062,-0.021396438367806456,227.0,192.099609375,38.54999923706055,1732.0,75.875,25128.169921875,6076.7001953125,11970.2900390625,3002.10009765625,24480.150390625,29.65999984741211,9492.73046875,22472.91015625
2020-06-12,9544.9501953125,9996.0498046875,9544.349609375,9972.900390625,796300.0,59.65427466485637,223.08360360926054,34.92311747642324,188.1604861328373,75.44145392806988,79.33448835815108,9585.44248046875,9271.5009765625,10934.355756835936,9878.403270200795,9655.319666591535,18.648759917498655,246.62140142567785,22578200.0,0.00716020911179549,0.007134696525776951,451.7001953125,-427.9501953125,38.72999954223633,1729.300048828125,76.38999938964844,25605.5390625,6105.2001953125,11949.2802734375,3041.31005859375,24301.380859375,30.81999969482422,9588.8095703125,22305.48046875
2020-06-15,9919.349609375,9943.349609375,9726.349609375,9813.7001953125,716100.0,54.52070428085516,201.3973933793077,10.589525797176293,190.8078675821314,67.6880184691149,73.66852196123628,9619.285009765626,9294.56998046875,10928.18525878906,9868.448950987211,9667.051557607903,17.421940639403243,246.61635712741517,21862100.0,-0.015963279394844432,-0.016092064938005003,217.0,105.6494140625,39.720001220703125,1720.300048828125,75.95680236816406,25763.16015625,6064.7001953125,11911.349609375,3066.590087890625,23776.94921875,32.58000183105469,9726.01953125,21530.94921875
2020-06-16,10014.7998046875,10046.150390625,9728.5,9914.0,899900.0,57.02963226806177,190.11276985935365,-0.556078178222208,190.66884803757586,64.21374127392441,69.1144045570364,9673.822509765625,9327.22798828125,10922.485756835937,9875.456804681486,9685.344034822132,16.478515034050474,251.69021666295694,22762000.0,0.010220386061458031,0.010168511071378764,317.650390625,100.7998046875,40.959999084472656,1729.5999755859375,75.97799682617188,26289.98046875,6242.7998046875,12315.66015625,3124.739990234375,24344.08984375,32.970001220703125,9895.8701171875,22582.2109375
2020-06-17,9876.7001953125,10003.599609375,9833.7998046875,9881.150390625,685400.0,55.941151714652165,176.4845316544397,-11.347453106508908,187.83198476094861,57.44354301679545,63.11510091994492,9723.925048828125,9352.89599609375,10916.80650878906,9876.332740980488,9699.848209326048,15.602476971937191,245.84090152185289,22076600.0,-0.0033134566648174157,-0.0033189583187083734,169.7998046875,-4.4501953125,40.709999084472656,1729.199951171875,76.65499877929688,26119.609375,6253.2998046875,12382.1396484375,3113.489990234375,24481.41015625,33.349998474121094,9910.5302734375,22455.759765625
2020-06-18,9863.25,10111.2001953125,9845.0498046875,10091.650390625,622900.0,61.068865091308425,180.58794010751808,-5.795235722744451,186.38317583026253,60.33361124939132,60.66363184670373,9775.180078125002,9389.6530078125,10912.671259765624,9909.45853323349,9728.870593125972,15.224853956420938,247.29157931493484,22699500.0,0.021303187551898528,0.021079446670088396,266.150390625,-228.400390625,41.5099983215332,1724.800048828125,76.55000305175781,26080.099609375,6224.10009765625,12281.5302734375,3115.340087890625,24464.939453125,31.459999084472656,9943.0498046875,22355.4609375
2020-06-19,10119.0,10272.400390625,10072.650390625,10244.400390625,892100.0,64.31447618560539,193.93006422195504,6.037510713353981,187.89255350860105,70.68672475267437,62.82129300628704,9832.08759765625,9432.86501953125,10910.186513671873,9960.988049755262,9767.057985533307,15.471226283128123,243.89575222101092,23591600.0,0.015136275444292302,0.015022865002949488,199.75,-125.400390625,42.189998626708984,1745.9000244140625,76.40039825439453,25871.4609375,6292.60009765625,12330.759765625,3097.739990234375,24643.890625,29.969999313354492,9946.1201171875,22478.7890625
2020-06-22,10318.75,10393.650390625,10277.599609375,10311.2001953125,685400.0,65.66264689261882,207.50202549213282,15.687577586825398,191.81444790530742,83.1208140216196,71.38038334122842,9895.685107421876,9463.245019531249,10907.595766601562,10014.866841379453,9807.36481588732,16.10775338328135,237.13534134808157,24277000.0,0.006520616350433883,0.006499449097502718,116.05078125,7.5498046875,43.08000183105469,1756.699951171875,76.2520980834961,26024.9609375,6244.60009765625,12262.9697265625,3117.860107421875,24511.33984375,30.459999084472656,10056.48046875,22437.26953125
2020-06-23,10347.9501953125,10484.7001953125,10301.75,10471.0,669200.0,68.70821862425097,228.5181958014764,29.362998316935148,199.15519748454125,92.70337774127108,82.17030550518834,9967.7826171875,9497.690019531248,10904.661518554687,10085.041173474921,9856.522977673445,16.988944691909374,233.26497377411147,24946200.0,0.015497691991291696,0.015378829255110686,182.9501953125,-123.0498046875,42.630001068115234,1772.0999755859375,75.78980255126953,26156.099609375,6320.10009765625,12523.759765625,3131.2900390625,24907.33984375,29.34000015258789,10131.3701171875,22549.05078125
2020-06-24,10529.25,10553.150390625,10281.9501953125,10305.2998046875,854800.0,62.51628048611825,229.16141113798403,24.00497092275421,205.15644021522982,88.08874441479975,87.9709787258968,10017.30009765625,9521.558007812499,10900.66126953125,10118.927116738396,9889.765705600412,18.02020743050752,235.97463245542494,24091400.0,-0.015824677233549855,-0.015951224257763807,271.2001953125,223.9501953125,40.310001373291016,1765.800048828125,75.60780334472656,25445.939453125,6123.7001953125,12093.9404296875,3050.330078125,24781.580078125,29.579999923706055,9909.169921875,22534.3203125
2020-06-25,10235.5498046875,10361.7998046875,10194.5,10288.900390625,994200.0,61.92150994168561,225.74561335803264,16.471338514242234,209.2742748437904,82.59325797170271,87.79512670925784,10057.24013671875,9547.4590234375,10896.8752734375,10145.076851182488,9919.331237824455,18.468708406896873,231.06928761485887,23097200.0,-0.001591357298992957,-0.0015926248529521327,167.2998046875,-53.3505859375,41.04999923706055,1762.0999755859375,75.97000122070312,25745.599609375,6147.10009765625,12177.8701171875,3083.760009765625,24781.580078125,29.729999542236328,10017.0,22259.7890625
2020-06-26,10378.900390625,10409.849609375,10311.25,10383.0,671900.0,64.03582910723532,228.00334047934666,14.983252508444991,213.02008797090167,77.45669943814787,82.71290060821677,10097.375146484374,9576.613027343748,10894.048774414063,10181.680412539028,9953.677072059681,19.053293206036557,223.2035684102261,23769100.0,0.00914574014738645,0.00910417112670767,98.599609375,-4.099609375,41.02000045776367,1772.5,75.53980255126953,25015.55078125,6159.2998046875,12089.3896484375,3009.050048828125,24549.990234375,28.739999771118164,9757.2197265625,22512.080078125
2020-06-29,10311.9501953125,10337.9501953125,10223.599609375,10312.400390625,574500.0,61.28632987291297,221.54200866722204,6.817536557056286,214.72447211016575,77.69132078491504,79.24709273158854,10121.687646484375,9603.0050390625,10890.494526367187,10201.791178398407,9980.249169731185,19.075368356854227,218.64619856842424,23194600.0,-0.006799538608783573,-0.006822760798075913,114.3505859375,-0.4501953125,41.709999084472656,1774.800048828125,75.61979675292969,25595.80078125,6225.7998046875,12232.1201171875,3053.239990234375,24301.279296875,28.90999984741211,9874.150390625,21995.0390625
2020-06-30,10382.599609375,10401.0498046875,10267.349609375,10302.099609375,556200.0,60.875628106166765,213.1333016643639,-1.2729363566414804,214.40623802100538,78.12745640902526,77.75849221069605,10137.837646484375,9623.712031250001,10888.015522460937,10217.2232447025,10004.089943038136,19.341932409247335,212.5786269072868,22638400.0,-0.0009988732845714887,-0.0009993724909477652,133.7001953125,80.5,41.150001525878906,1793.0,75.69999694824219,25812.880859375,6169.7001953125,12310.9296875,3100.2900390625,24427.189453125,29.1200008392334,10058.76953125,22288.140625
2020-07-01,10323.7998046875,10447.0498046875,10299.599609375,10430.0498046875,573600.0,64.0943348171824,214.323267009966,-0.06637680883150665,214.3896438187975,79.6821011437105,78.50029277921692,10156.262646484374,9647.07603515625,10885.942519531249,10249.9657923925,10035.642525382535,19.768384196305842,207.92659607908777,23212000.0,0.012419817334717198,0.012343324106810436,147.4501953125,-106.25,42.029998779296875,1773.199951171875,75.75,25734.970703125,6158.0,12260.5703125,3115.860107421875,24427.189453125,28.1200008392334,10154.6298828125,22121.73046875
2020-07-02,10493.0498046875,10598.2001953125,10485.5498046875,10551.7001953125,597400.0,66.8838640795486,222.5174503133876,6.50224519567206,216.01520511771554,85.85926345784553,81.22294033686042,10182.392675781251,9678.481035156248,10884.461518554686,10296.386469764808,10073.86901945142,20.713887727531212,205.08543854665294,23809400.0,0.011663452514898642,0.011595958752537541,112.650390625,-58.650390625,43.13999938964844,1784.0,75.45490264892578,25827.359375,6240.39990234375,12608.4599609375,3130.010009765625,25124.189453125,26.510000228881836,10207.6298828125,22145.9609375
2020-07-03,10614.9501953125,10631.2998046875,10562.650390625,10607.349609375,525200.0,68.1046163661405,230.84085259526,11.86051798203556,218.98033461322444,93.27032391088851,86.2705628374815,10205.65263671875,9706.88203125,10882.767265625,10344.22695278176,10113.3861001865,21.705341371865714,196.12216503439203,24334600.0,0.005273976044848361,0.005260117338821228,68.6494140625,7.6005859375,43.13999938964844,1784.0,74.72100067138672,25827.359375,6157.2998046875,12528.1796875,3130.010009765625,25373.119140625,25.770000457763672,10207.6298828125,22306.48046875
2020-07-06,10723.849609375,10811.400390625,10695.099609375,10763.650390625,571200.0,71.30418671915004,247.19981012270728,22.575580407586244,224.62422971512103,95.70974315378206,91.61311017417202,10235.462646484375,9735.87703125,10881.570268554686,10408.753635526875,10161.553825404168,23.19599056469119,196.6884947640783,24905800.0,0.014735139974255018,0.014627632603289031,116.30078125,-39.80078125,43.099998474121094,1788.5,74.6792984008789,26287.029296875,6285.89990234375,12733.4501953125,3179.719970703125,26339.16015625,25.200000762939453,10433.650390625,22714.439453125
2020-07-07,10802.849609375,10813.7998046875,10689.7001953125,10799.650390625,636800.0,72.00086846262525,260.07136020691723,28.35770439343696,231.71365581348027,97.00070915477781,95.32692540648279,10273.112646484376,9768.78203125,10880.390019531249,10468.891597849664,10208.820237642747,24.540205350194732,191.50357437914417,25542600.0,0.003344590235981215,0.003339009534036716,124.099609375,3.19921875,43.08000183105469,1804.199951171875,74.60759735107422,25890.1796875,6189.89990234375,12616.7998046875,3145.320068359375,25975.66015625,25.100000381469727,10343.8896484375,22614.689453125
2020-07-08,10818.650390625,10847.849609375,10676.5498046875,10705.75,767900.0,67.40410833390608,259.70150235742767,22.390277235157924,237.31122512226975,91.77476200353915,94.82840477069968,10302.592626953126,9797.251035156249,10879.004770507812,10505.331352026638,10245.62984966921,25.89590887782696,190.06044797259815,24774700.0,-0.00869476207364206,-0.008732782060989626,171.2998046875,112.900390625,43.290000915527344,1815.5,75.125,26067.279296875,6156.2001953125,12494.8095703125,3169.93994140625,26129.1796875,26.100000381469727,10492.5,22438.650390625
2020-07-09,10755.5498046875,10836.849609375,10733.0,10813.4501953125,618700.0,69.78668182991093,265.043634980535,22.185927886612205,242.85770709392278,91.64786953744621,93.47444689858773,10348.165136718751,9825.90203125,10877.69251953125,10552.734250993693,10287.690616013158,27.154776439199747,185.84895950134114,25393400.0,0.010060032721901813,0.01000976742529668,103.849609375,-57.900390625,42.349998474121094,1799.199951171875,74.93990325927734,25706.08984375,6049.60009765625,12489.4599609375,3152.050048828125,26210.16015625,24.90999984741211,10547.75,22529.2890625
2020-07-10,10764.099609375,10819.400390625,10713.0,10768.0498046875,590700.0,67.54534740101998,262.5869426555564,15.78338844930687,246.80355420624954,88.06341391599122,90.49534848565887,10387.922607421875,9850.19603515625,10876.515268554687,10585.85972079274,10323.272778137183,28.145612273685693,180.17406172445965,24802700.0,-0.004198511095439339,-0.00420734959083762,106.400390625,-3.9501953125,43.2400016784668,1798.199951171875,75.33999633789062,26075.30078125,6095.39990234375,12633.7099609375,3185.0400390625,25727.41015625,24.940000534057617,10617.4404296875,22290.810546875
2020-07-13,10851.849609375,10894.0498046875,10756.0498046875,10802.7001953125,554100.0,68.38004392344493,260.4338736456102,10.904255551488518,249.5296180941217,89.82087356560845,89.84405233968195,10437.372607421876,9869.052031250001,10876.440771484375,10619.21979379578,10358.78592015017,29.340654851416613,177.1616287441411,25356800.0,0.003217889149241815,0.003212722824094239,138.0,49.1494140625,42.720001220703125,1811.0,75.15850067138672,26085.80078125,6176.2001953125,12799.9697265625,3155.219970703125,25772.119140625,25.25,10390.83984375,22784.740234375
2020-07-14,10750.849609375,10755.650390625,10562.900390625,10607.349609375,532400.0,59.14459578163409,240.19556629926228,-7.4672414358875585,247.66280773514984,77.91472574042444,85.2663377406747,10472.040087890626,9895.3290234375,10875.274267578125,10617.3936115772,10377.198045277937,28.857709009420567,181.63578416866676,24824400.0,-0.01808349601540049,-0.018249000734889463,192.75,143.5,42.900001525878906,1810.5999755859375,75.44999694824219,26642.58984375,6179.7998046875,12697.3603515625,3197.52001953125,25477.890625,26.639999389648438,10488.580078125,22587.009765625
2020-07-15,10701.0,10827.4501953125,10577.75,10618.2001953125,715900.0,59.47201694375834,222.4676449910221,-20.15613019530221,242.6237751863243,68.2713970853493,78.6689987971274,10508.892578125,9923.58103515625,10874.841269531249,10617.51770138263,10395.050056391608,28.730198556619403,186.49752782179772,25540300.0,0.0010229309240368245,0.001022408086719745,249.7001953125,82.7998046875,43.790000915527344,1811.4000244140625,75.57499694824219,26870.099609375,6292.7001953125,12930.98046875,3226.56005859375,25481.580078125,26.290000915527344,10550.490234375,22945.5
2020-07-16,10706.2001953125,10755.2998046875,10595.2001953125,10739.9501953125,694400.0,63.05025433480586,215.7552548493386,-21.494816269588597,237.2500711189272,64.96267869879131,70.38293384152169,10541.307568359374,9952.96203125,10872.17001953125,10636.353469679532,10420.598214830194,28.611795993304035,184.61196221845503,26234700.0,0.011466161662100571,0.011400923444823241,160.099609375,-33.75,43.369998931884766,1798.699951171875,75.1249008178711,26734.7109375,6250.7001953125,12874.9697265625,3215.570068359375,24970.689453125,25.360000610351562,10473.830078125,22770.359375
2020-07-17,10752.0,10933.4501953125,10749.650390625,10901.7001953125,676900.0,67.19429100409748,220.9406442842137,-13.047541467770827,233.98818575198453,77.03500582290431,70.08969386901498,10574.17255859375,9987.015039062499,10868.67751953125,10677.176042853836,10456.235398569623,29.247299545222702,185.24682205999397,26911600.0,0.01506059125586967,0.014948306530616993,183.7998046875,-149.7001953125,43.13999938964844,1808.300048828125,75.17449951171875,26671.94921875,6290.2998046875,12919.6103515625,3224.72998046875,25089.169921875,24.15999984741211,10503.1904296875,22696.419921875
2020-07-20,10999.4501953125,11037.900390625,10953.0,11022.2001953125,554300.0,69.90243034092997,232.09796484675644,-1.5121767241824955,233.61014157093894,90.04080797719014,77.34616416629525,10609.722558593749,10022.42904296875,10865.84751953125,10730.25668169363,10498.158716846874,30.207309560442535,181.7434915780301,27465900.0,0.011053321760931656,0.010992680250840313,84.900390625,-22.75,43.279998779296875,1815.9000244140625,74.89730072021484,26680.869140625,6261.5,13046.919921875,3251.840087890625,25057.990234375,24.709999084472656,10767.08984375,22717.48046875
2020-07-21,11126.099609375,11179.5498046875,11113.25,11162.25,772000.0,72.72100820308528,249.3665284551971,12.605109507406524,236.7614189477906,96.87138477796299,87.98239952601914,10644.28505859375,10060.890039062499,10864.457768554686,10796.717192202303,10547.350663747106,31.540713669680088,180.00107142067083,28237900.0,0.012706156865764484,0.012626110991777935,66.2998046875,-36.150390625,44.31999969482422,1842.4000244140625,74.98999786376953,26840.400390625,6269.7001953125,13171.830078125,3257.300048828125,25635.66015625,24.43000030517578,10680.3603515625,22884.220703125
2020-07-22,11231.2001953125,11238.099609375,11056.5498046875,11132.599609375,765100.0,71.20075542787718,257.688972731552,16.74204302700909,240.9469297045429,93.2538222752062,93.38867167678643,10685.650048828125,10099.61103515625,10862.264765625,10848.391410228873,10590.70243749732,32.94632382112401,180.11169522544432,27472800.0,-0.0026563094918139463,-0.002659843741967638,181.5498046875,98.6005859375,44.290000915527344,1864.0999755859375,74.7699966430664,27005.83984375,6207.10009765625,13104.25,3276.02001953125,25057.939453125,24.889999389648438,10706.1298828125,22751.609375
2020-07-23,11135.0,11239.7998046875,11103.150390625,11215.4501953125,621600.0,72.90523259921967,267.88194336209745,21.548010926043645,246.3339324360538,92.76359024612086,94.29626576643,10731.9775390625,10136.24904296875,10860.780014648437,10904.861992549431,10636.980049187334,34.25652247848793,177.00724657094833,28094400.0,0.007442159858846331,0.007414603621325298,136.6494140625,-80.4501953125,43.310001373291016,1889.0999755859375,74.81999969482422,26652.330078125,6211.39990234375,13103.3896484375,3235.659912109375,25263.0,24.639999389648438,10461.419921875,22751.609375
2020-07-24,11149.9501953125,11225.400390625,11090.2998046875,11194.150390625,678900.0,71.7298620386477,271.1159736148056,19.825632943001438,251.2903406718042,91.34654626674887,92.45465292935864,10772.53505859375,10177.27705078125,10859.378515625,10949.367899945672,10678.251926330866,35.34863558935065,174.01391366855918,27415500.0,-0.0018991484351116306,-0.0019009541040186228,135.1005859375,-44.2001953125,43.34000015258789,1897.300048828125,74.80729675292969,26469.890625,6123.7998046875,12838.0595703125,3215.6298828125,24705.330078125,24.540000915527344,10363.1796875,22751.609375
2020-07-27,11225.0,11225.0,11087.849609375,11131.7998046875,588100.0,68.2606098248768,265.58628136063635,11.436752551065723,254.14952880957063,91.23459016511696,91.7815755593289,10813.505029296875,10217.176054687501,10858.238012695314,10977.43434682903,10711.848065468394,36.33753062148882,171.38080487973352,26827400.0,-0.005569925698846956,-0.0055854955772852745,137.150390625,93.2001953125,43.40999984741211,1931.0,74.75980377197266,26584.76953125,6104.89990234375,12838.66015625,3239.409912109375,24603.259765625,25.020000457763672,10536.26953125,22715.849609375
2020-07-28,11154.099609375,11317.75,11151.400390625,11300.5498046875,683900.0,72.18207637413265,271.68881556195083,14.031429401904177,257.65738616004666,91.67412405874063,91.41842016353549,10863.4275390625,10266.722050781249,10858.17076171875,11027.144417268795,10755.455601706844,37.57430075003788,172.42147562493113,27511300.0,0.0151592736988444,0.015045520083450243,166.349609375,-146.4501953125,43.220001220703125,1944.699951171875,75.0,26379.279296875,6129.2998046875,12835.2802734375,3218.43994140625,24772.759765625,23.639999389648438,10402.08984375,22657.380859375
2020-07-29,11276.900390625,11341.400390625,11149.75,11202.849609375,600700.0,67.01926861135269,265.5800867139824,6.338160443148581,259.2419262708338,87.98970846887269,90.29947423091008,10902.067529296874,10313.197050781251,10858.311259765624,11054.175985285134,10788.595898571151,38.8006406279066,173.79496955350749,26910600.0,-0.008645614328603224,-0.008683204468886633,191.650390625,74.05078125,43.75,1953.5,75.08999633789062,26539.5703125,6131.5,12822.259765625,3258.43994140625,24883.140625,24.110000610351562,10542.9404296875,22397.109375
2020-07-30,11254.2998046875,11299.9501953125,11084.9501953125,11102.150390625,677800.0,62.08988316058921,249.7345057879229,-7.605936386328722,257.3404421742516,83.06401711057876,87.57594987939736,10929.5900390625,10353.9090625,10858.190009765625,11061.556663029729,10811.822157241806,39.221686057397676,176.73818601397124,26232800.0,-0.008988714680747911,-0.009029356907451743,215.0,152.1494140625,42.939998626708984,1942.300048828125,74.8311996459961,26313.650390625,5990.0,12379.650390625,3246.219970703125,24710.58984375,24.729999542236328,10587.8095703125,22339.23046875
2020-07-31,11139.5,11150.400390625,11026.650390625,11073.4501953125,642600.0,60.71912131546558,232.1844253133695,-20.124813488705712,252.3092388020752,72.35063255994433,81.13478604646525,10952.895068359376,10393.25306640625,10856.99076171875,11063.386437227078,10831.202011913709,39.000918159836395,172.95331558440188,25590200.0,-0.002585102372305803,-0.002588449519166038,123.75,66.0498046875,43.29999923706055,1962.800048828125,74.98999786376953,26428.3203125,5897.7998046875,12313.3603515625,3271.1201171875,24595.349609375,24.190000534057617,10745.26953125,21710.0
2020-08-03,11057.5498046875,11058.0498046875,10882.25,10891.599609375,680900.0,52.76962346905627,201.28178645865228,-40.82196187473838,242.10374833339066,58.64921410513152,71.35462125855153,10959.292529296874,10430.30005859375,10855.276010742187,11036.957694480605,10835.675908021953,37.47007972694796,174.2566641364089,24909300.0,-0.016422215545293994,-0.016558554850121334,175.7998046875,165.9501953125,44.150001525878906,1966.0,74.91780090332031,26664.400390625,6032.89990234375,12646.98046875,3294.610107421875,24458.130859375,25.190000534057617,10902.7998046875,22195.380859375
2020-08-04,10946.650390625,11112.25,10908.099609375,11095.25,625700.0,59.210152288112056,191.0221229447434,-40.86530031091783,231.88742325566122,57.897547016184014,62.96579789375328,10974.072509765625,10471.6240625,10854.22701171875,11045.925741483588,10854.903618538845,36.35615455731298,177.57050174273684,25535000.0,0.018697932161379383,0.01852527473195631,204.150390625,-148.599609375,44.43000030517578,2001.199951171875,75.33000183105469,26828.470703125,6036.0,12600.8701171875,3306.510009765625,24946.630859375,23.81999969482422,10941.169921875,22573.66015625
2020-08-05,11155.75,11225.650390625,11064.0498046875,11101.650390625,667600.0,59.397547419764656,181.3176072165279,-40.455852831306686,221.7734600478346,55.86533326255451,57.47069812795667,10993.867529296876,10507.35806640625,10853.029511718749,11054.498764428421,10873.181157211893,35.90943824251817,176.42979347093421,26202600.0,0.0005768586219327965,0.0005766923029565639,161.6005859375,54.099609375,45.16999816894531,2031.0999755859375,75.25,27201.51953125,6104.7001953125,12660.25,3327.77001953125,25102.5390625,23.56999969482422,10998.400390625,22514.849609375
2020-08-06,11185.7001953125,11256.7998046875,11127.2998046875,11200.150390625,600400.0,62.27033554269718,179.50560649252475,-33.814282844247884,213.31988933677263,65.24468672887241,59.66918900253697,11013.2025390625,10541.55908203125,10851.888764648436,11076.906706920203,10897.401100427678,35.64545955993849,174.90976637033177,26803000.0,0.008872554668374333,0.00883342483924069,129.5,-14.4501953125,45.09000015258789,2051.5,74.8822021484375,27386.98046875,6026.89990234375,12591.6796875,3349.159912109375,24930.580078125,23.149999618530273,11108.0703125,22418.150390625
2020-08-07,11186.650390625,11231.900390625,11142.0498046875,11214.0498046875,452600.0,62.671695954166694,177.14908503576953,-28.9366434408025,206.08572847657203,66.99503357492931,62.70168452211874,11035.5025390625,10574.23408203125,10850.639013671875,11098.005645038249,10920.85656000248,35.40033649754306,168.8341106251295,27255600.0,0.0012410024488720417,0.0012402330418245548,89.8505859375,-27.3994140625,44.400001525878906,2010.0999755859375,74.8998031616211,27433.48046875,6032.2001953125,12674.8798828125,3351.280029296875,24531.619140625,22.579999923706055,11010.98046875,22329.939453125
2020-08-10,11270.25,11337.2998046875,11238.0,11270.150390625,492000.0,64.32143247125646,177.75927496596523,-22.661162808485443,200.42043777445068,75.32757655032576,69.18909895137583,11058.875048828126,10603.11408203125,10849.058017578125,11124.489452051595,10946.73017708563,35.685896833196345,165.57810272333455,27747600.0,0.005002705259437024,0.004990233307851035,99.2998046875,0.099609375,44.9900016784668,2024.4000244140625,75.0248031616211,27791.439453125,6050.60009765625,12687.5302734375,3360.469970703125,24377.4296875,22.510000228881836,10968.3603515625,22329.939453125
2020-08-11,11322.25,11373.599609375,11299.150390625,11322.5,586100.0,65.83863071211414,180.38763449143698,-16.026242626410976,196.41387711784796,82.11540773700814,74.8126726207544,11094.632568359375,10629.98208984375,10847.361269531248,11154.952613274429,10974.564978782992,36.114784935103785,161.14032529666778,28333700.0,0.004644978776729314,0.004634224153283686,74.44921875,-0.25,44.5,1932.5999755859375,75.0999984741211,27686.91015625,6154.2998046875,12946.8896484375,3333.68994140625,24890.6796875,21.360000610351562,10782.8203125,22750.240234375
2020-08-12,11289.0,11322.0,11242.650390625,11308.400390625,609900.0,65.03645391956522,179.26643582773067,-13.717953032093845,192.98438885982452,86.93764873583376,81.46021100772255,11129.142578125,10654.9191015625,10845.961523437498,11178.559963636055,10999.293527808324,35.909643107029204,155.33384558797724,27723800.0,-0.0012452735151247118,-0.0012460495124746427,79.349609375,-19.400390625,45.43000030517578,1934.9000244140625,74.9000015258789,27976.83984375,6280.10009765625,13058.6298828125,3380.35009765625,25244.01953125,20.850000381469727,11012.240234375,22843.9609375
2020-08-13,11334.849609375,11359.2998046875,11269.9501953125,11300.4501953125,562400.0,64.55881440288867,175.71087786596217,-13.818808795089893,189.52968666105207,87.14776345445222,85.40027330909803,11157.167578125001,10680.346113281252,10844.443276367187,11197.312306970893,11021.60142910493,35.9130523330287,150.62068585847885,27161400.0,-0.0007030344733010008,-0.0007032817179241128,89.349609375,34.3994140625,44.959999084472656,1956.699951171875,74.77210235595703,27896.720703125,6185.60009765625,12993.7099609375,3373.429931640625,25230.669921875,20.56999969482422,11042.5,23249.609375
2020-08-14,11353.2998046875,11366.25,11111.4501953125,11178.400390625,645100.0,57.568850564328464,161.18661438391064,-22.674457821713133,183.86107220562377,77.37199438727039,83.81913552585212,11171.002587890624,10701.07111328125,10842.422280273437,11194.402781379216,11033.216166995306,34.39262215279114,158.0620514891232,26516300.0,-0.010800437378868932,-0.010859185489107238,254.7998046875,174.8994140625,44.79999923706055,1937.0,75.02999877929688,27931.01953125,6090.0,12901.33984375,3372.85009765625,25183.009765625,21.670000076293945,11019.2998046875,23289.359375
2020-08-17,11248.900390625,11267.099609375,11144.5,11247.099609375,634000.0,60.18219182727295,153.45060073690183,-24.32837717497756,177.7789779118794,73.2133274503023,79.2443617640083,11182.24755859375,10722.664101562501,10840.738276367189,11202.50998568626,11049.059384949358,32.980794128284835,155.52901990954297,27150300.0,0.0061457110453491115,0.006126903182347498,122.599609375,1.80078125,45.369998931884766,1985.0,74.90280151367188,27844.91015625,6127.39990234375,12920.66015625,3381.989990234375,25347.33984375,21.309999465942383,11129.73046875,23096.75
2020-08-18,11259.7998046875,11401.7001953125,11253.150390625,11385.349609375,579200.0,64.87112073929632,156.66938661760105,-16.887673035422665,173.5570596530237,77.12658603232353,75.9039692899654,11193.402539062501,10749.438085937501,10838.730776367189,11230.639158561451,11073.96977194385,32.48596729978646,155.4627031972542,27729500.0,0.012292057935075373,0.012217124027310865,148.5498046875,-125.5498046875,45.459999084472656,1999.4000244140625,75.0,27778.0703125,6076.60009765625,12881.759765625,3389.780029296875,25367.380859375,20.43000030517578,11210.83984375,23051.080078125
2020-08-19,11452.150390625,11460.349609375,11394.099609375,11408.400390625,626200.0,65.59852945241121,159.24463005270445,-11.449943680255444,170.6945737329599,87.37356906082347,79.2378275144831,11207.192578125001,10775.2830859375,10836.552280273438,11257.987040417382,11098.742410364677,32.33860464340609,149.7153672545932,28355700.0,0.002024600213507588,0.002022553472584474,66.25,43.75,45.369998931884766,1958.699951171875,74.79499816894531,27692.880859375,6112.0,12977.330078125,3374.85009765625,25178.91015625,19.959999084472656,11146.4599609375,23110.609375
2020-08-20,11317.4501953125,11361.4501953125,11289.7998046875,11312.2001953125,791600.0,60.01335081425236,151.7734276472711,-15.136916868551054,166.91034451582215,87.4130509620407,83.97106868506256,11212.030078125,10803.487089843751,10833.726030273436,11266.327525785862,11114.554098138591,31.254663091689864,147.4928828748008,27564100.0,-0.008432399987605033,-0.0084681538079335,71.650390625,5.25,44.900001525878906,1933.800048828125,74.966796875,27739.73046875,6013.2998046875,12830.0,3385.510009765625,24791.390625,20.6200008392334,11264.9501953125,22880.619140625
2020-08-21,11409.650390625,11418.5,11362.2001953125,11371.599609375,668700.0,62.155905770301025,148.92872457509839,-14.385295952579014,163.3140205276774,83.10540141040384,85.96400714442267,11220.902539062501,10831.46107421875,10831.131030273436,11282.523230953422,11133.594506378324,30.582465989762365,144.55052014713647,28232800.0,0.005250916093857194,0.005237178104313519,56.2998046875,38.05078125,44.349998474121094,1934.5999755859375,74.9999008178711,27930.330078125,6001.89990234375,12764.7998046875,3397.159912109375,25113.83984375,19.940000534057617,11311.7998046875,22920.30078125
2020-08-24,11412.0,11497.25,11410.650390625,11466.4501953125,532900.0,65.34875453121458,152.56920367225393,-8.595853484338761,161.1650571565927,83.73085934497077,84.74977057247176,11237.63505859375,10864.51607421875,10828.756782226563,11310.819687008665,11158.250483336411,30.39085382581199,143.2005108955553,28765700.0,0.008341006471886514,0.008306412509926262,86.599609375,-54.4501953125,45.130001068115234,1927.699951171875,74.92179870605469,28308.4609375,6104.7001953125,13066.5400390625,3431.280029296875,25551.580078125,19.229999542236328,11379.7197265625,22985.509765625
2020-08-25,11513.099609375,11525.900390625,11423.349609375,11472.25,638200.0,65.5402025982678,154.1454129835911,-5.615715338401287,159.76112832199237,87.95819776550604,84.93148617362688,11246.220068359376,10895.68107421875,10826.53203125,11335.655119776564,11181.509706792973,30.36467045427762,140.29695877801564,29403900.0,0.0005058064691958464,0.000505678592222556,102.55078125,40.849609375,45.86000061035156,1911.800048828125,74.4000015258789,28248.439453125,6037.0,13061.6201171875,3443.6201171875,25486.220703125,19.31999969482422,11466.4697265625,23296.76953125
2020-08-26,11512.849609375,11561.75,11461.849609375,11549.599609375,743400.0,68.07364435020556,159.79403113510853,0.02632225049291037,159.76770888461562,92.41564145645765,88.03489952231148,11263.557568359374,10929.050058593752,10824.449780273437,11368.569656637861,11208.775625502753,30.531231239970957,137.4114896242288,30147300.0,0.0067423225064831005,0.006719694702452173,99.900390625,-36.75,45.63999938964844,1940.699951171875,74.45249938964844,28331.919921875,6045.60009765625,13190.150390625,3478.72998046875,25491.7890625,19.299999237060547,11665.0595703125,23290.859375
2020-08-27,11609.2998046875,11617.349609375,11540.599609375,11559.25,719800.0,68.38592860295921,163.1684037978648,2.720555930599346,160.44784786726547,90.95744561800478,90.44376161332282,11286.412548828124,10958.402050781251,10822.18578125,11397.90509407819,11234.736690280326,30.974136022342336,133.07852607964102,30867100.0,0.0008355606212675504,0.0008352117348219679,76.75,50.0498046875,45.09000015258789,1921.5999755859375,74.24009704589844,28492.26953125,6000.0,13096.3603515625,3484.550048828125,25281.150390625,18.899999618530273,11625.33984375,23208.859375
2020-08-28,11602.9501953125,11686.0498046875,11589.400390625,11647.599609375,807000.0,71.16654948368809,171.00050616130102,8.44212663522842,162.5583795260726,93.0418805332668,92.13832253590974,11315.12001953125,10986.46603515625,10820.88302734375,11436.319634893085,11265.319128731784,31.71932076222099,132.6300459802024,31674100.0,0.007643195654994939,0.007614134421611744,96.6494140625,-44.6494140625,45.04999923706055,1964.5999755859375,73.77449798583984,28653.869140625,5963.60009765625,13033.2001953125,3508.010009765625,25422.060546875,18.350000381469727,11695.6298828125,22882.650390625
2020-08-31,11777.5498046875,11794.25,11325.849609375,11387.5,1371800.0,55.64857181566874,154.43935819206854,-6.495217067203271,160.9345752592718,74.08434302806015,86.0278897264439,11339.9150390625,11007.99203125,10818.253276367188,11428.80892183261,11274.369563640541,30.049081014214956,156.61364202625936,30302300.0,-0.022330747801946216,-0.0225838540823065,468.400390625,390.0498046875,45.279998779296875,1967.5999755859375,73.12830352783203,28430.05078125,5963.60009765625,12945.3798828125,3500.31005859375,25177.05078125,22.84000015258789,11775.4599609375,23139.759765625
2020-09-01,11464.2998046875,11553.5498046875,11366.900390625,11470.25,783800.0,58.731681481041235,146.30524672680622,-11.70346282597248,158.0087095527787,62.09525503397076,76.4071595317659,11358.6650390625,11027.97703125,10816.402275390625,11435.1844723199,11288.879225593093,28.49814410535221,158.75905431456226,31086100.0,0.007266739846322645,0.007240464307211334,186.6494140625,-5.9501953125,45.58000183105469,1968.199951171875,73.66999816894531,28645.66015625,5862.10009765625,12974.25,3526.64990234375,25184.849609375,21.799999237060547,11939.669921875,23138.0703125
2020-09-02,11478.5498046875,11554.75,11430.400390625,11535.0,593500.0,61.01534201020166,143.43031327992685,-11.662717018281484,155.09303029820833,51.66958195733044,62.61639333978711,11380.33251953125,11052.57103515625,10814.71677734375,11450.540707347607,11307.11039406768,27.066065698736093,156.30123681887923,31679600.0,0.005645038251127943,0.005629164732428894,124.349609375,-56.4501953125,44.43000030517578,1934.4000244140625,73.2699966430664,29100.5,5941.0,13243.4296875,3580.840087890625,25120.08984375,21.110000610351562,12056.4404296875,23247.150390625
2020-09-03,11566.2001953125,11584.9501953125,11507.650390625,11527.4501953125,607100.0,60.59429832352545,138.94107543872815,-12.92156388758417,151.86263932631232,57.83924355395709,57.20136018175276,11396.697509765625,11077.34203125,10812.87677734375,11462.372936265283,11323.431860826555,25.947817984534275,150.65827738092358,31072500.0,-0.0006545127600779965,-0.0006547270470620276,77.2998046875,38.75,44.06999969482422,1927.5999755859375,73.24849700927734,28292.73046875,5850.89990234375,13057.76953125,3455.06005859375,25007.599609375,20.5,11458.099609375,23465.529296875
2020-09-04,11354.400390625,11452.0498046875,11303.650390625,11333.849609375,681300.0,50.89540245156962,118.39657083948441,-26.772854789462343,145.16942562894675,45.2944480531809,51.60109118815615,11402.6875,11096.3590234375,10810.123525390625,11442.600116743703,11324.203545904218,24.795292615297225,155.88267218853616,30391200.0,-0.016794744948559814,-0.01693737589976223,148.3994140625,20.55078125,42.65999984741211,1923.9000244140625,73.4478988647461,28133.310546875,5799.10009765625,12842.66015625,3426.9599609375,24695.44921875,22.149999618530273,11313.1298828125,23205.4296875
2020-09-07,11359.599609375,11381.150390625,11251.7001953125,11355.0498046875,560300.0,51.80512564329858,102.6423840035859,-34.0216333002887,136.6640173038746,30.966961308963377,44.70021763870045,11406.932470703126,11117.212011718751,10807.198276367188,11429.130837965826,11326.48845396224,24.044925421284425,153.99463812596215,30951500.0,0.0018705202595032944,0.001868773014980915,129.4501953125,4.5498046875,42.65999984741211,1923.9000244140625,73.29029846191406,28133.310546875,5937.39990234375,13100.2802734375,3426.9599609375,24589.650390625,22.010000228881836,11313.1298828125,23089.94921875
2020-09-08,11378.5498046875,11437.25,11290.4501953125,11317.349609375,572200.0,50.030091034922734,86.12222336359628,-40.43343515222267,126.55565851581895,15.354321461786059,30.53857694131011,11406.674951171877,11137.517011718752,10803.789526367185,11411.93372587493,11325.811502511333,22.902533245320935,153.48072145178628,30379300.0,-0.0033201259317187093,-0.003325649779789579,146.7998046875,61.2001953125,39.779998779296875,1933.0,73.6500015258789,27500.890625,5930.2998046875,12968.330078125,3331.840087890625,24624.33984375,22.719999313354492,10847.6904296875,23274.130859375
2020-09-09,11218.599609375,11298.150390625,11185.150390625,11278.0,728900.0,48.17470342500021,69.05862754607188,-45.997624775797675,115.05625232186955,15.464260677567092,20.59518114943884,11405.154931640625,11154.476015625001,10800.337524414062,11391.328537278787,11322.269909732715,22.49441889736783,151.96061411594442,29650400.0,-0.003476927967516641,-0.003482986529093653,113.0,-59.400390625,40.790000915527344,1944.699951171875,73.78679656982422,27940.470703125,6012.7998046875,13237.2099609375,3398.9599609375,24468.9296875,22.229999542236328,11141.5595703125,23032.5390625
2020-09-10,11363.2998046875,11464.0498046875,11327.400390625,11449.25,679400.0,55.84870137853311,68.56368919848319,-37.1940504987091,105.75773969719229,23.567643203019188,18.128741780790776,11412.594921875,11172.42701171875,10798.011772460937,11400.23953154359,11331.675842345107,20.90771652792914,154.39555629962697,30329800.0,0.015184429863450921,0.01507030028649042,136.6494140625,-85.9501953125,40.060001373291016,1954.199951171875,73.55000305175781,27534.580078125,6003.2998046875,13208.8896484375,3339.18994140625,24313.5390625,21.260000228881836,10919.58984375,23235.470703125
2020-09-11,11447.7998046875,11493.5,11419.900390625,11464.4501953125,554800.0,56.46490276808074,68.60711559839365,-29.72049927903892,98.32761487743257,34.819100939847814,24.617001606811364,11426.897412109374,11189.5690234375,10794.9652734375,11410.118095200345,11341.510979601951,19.586537658239354,148.6244172335822,30884600.0,0.0013276149365679668,0.0013267344350831917,73.599609375,-16.650390625,39.83000183105469,1937.800048828125,73.52729797363281,27665.640625,6032.10009765625,13202.83984375,3340.969970703125,24503.310546875,20.709999084472656,10853.5498046875,23406.490234375
2020-09-14,11540.150390625,11568.900390625,11383.5498046875,11440.0498046875,642300.0,55.13464420971933,65.91282175247397,-25.931834499966882,91.84465625244086,43.68737153649566,34.024705226454216,11436.544921875,11203.09701171875,10791.977021484374,11414.722973582984,11348.81015183051,18.84007994373074,151.24771499814776,30242300.0,-0.0021283524468515003,-0.002130620607789219,185.3505859375,100.1005859375,39.61000061035156,1953.0999755859375,73.47859954833984,27993.330078125,6026.2998046875,13193.66015625,3383.5400390625,24640.279296875,21.190000534057617,11056.650390625,23559.30078125
2020-09-15,11487.2001953125,11535.9501953125,11442.25,11521.7998046875,506700.0,58.649547715753656,69.57213202416096,-17.818019382623916,87.39015140678488,47.65770214530712,42.05472487388353,11443.367431640625,11217.539999999999,10789.08251953125,11431.19633221445,11361.624200190288,18.14694063740131,147.2943346857801,30749000.0,0.007145947910690342,0.007120536611649034,93.7001953125,-34.599609375,40.529998779296875,1956.300048828125,73.61499786376953,27995.599609375,6105.5,13217.669921875,3401.199951171875,24732.759765625,20.600000381469727,11190.3203125,23454.890625
2020-09-16,11538.4501953125,11618.099609375,11516.75,11604.5498046875,527800.0,61.90309353284575,78.2474077980005,-7.3141948870275115,85.561602685028,55.32473543064867,48.889936370817146,11453.17490234375,11235.515996093749,10786.349516601564,11457.866097210304,11379.618689412304,18.023177326190776,144.01256859215295,31276800.0,0.0071820376506051,0.007156369643982706,101.349609375,-66.099609375,42.220001220703125,1960.199951171875,73.80000305175781,28032.380859375,6078.5,13255.3701171875,3385.489990234375,24725.630859375,19.65999984741211,11050.4697265625,23475.529296875
2020-09-17,11539.400390625,11587.2001953125,11498.5,11516.099609375,0.0,56.76206160901899,77.09671189447727,-6.771912632440589,83.86862452691786,59.48660559205709,54.15634772267096,11463.369873046875,11249.568984375,10783.649765625,11466.825099081796,11389.728387187319,17.751901450022753,141.30094259896345,31276800.0,-0.007622027291120936,-0.007651223391398827,88.7001953125,23.30078125,43.29999923706055,1940.0,73.55069732666016,27901.98046875,6049.89990234375,13208.1201171875,3357.010009765625,24340.849609375,20.100000381469727,10910.2802734375,23319.369140625
2020-09-18,11584.099609375,11584.099609375,11446.099609375,11504.9501953125,764200.0,56.12926342755275,74.42716256457243,-7.553169569876346,81.98033213444877,65.68507917566917,60.16547339945831,11470.03740234375,11264.3069921875,10780.933515625002,11472.690498501905,11398.263335937332,17.051696380345867,141.06516098475177,30512600.0,-0.0009681588767627147,-0.0009686278452831663,138.0,79.1494140625,43.150001525878906,1952.0999755859375,73.58360290527344,27657.419921875,6007.10009765625,13116.25,3319.469970703125,24455.41015625,20.049999237060547,10793.2802734375,23360.30078125
2020-09-21,11503.7998046875,11535.25,11218.5,11250.5498046875,602900.0,44.05953750111125,51.19341426405299,-24.629534296316635,75.82294856036962,47.768387722472184,57.64669083006614,11459.2423828125,11273.263984375,10777.215263671875,11438.515007145843,11387.32159288179,16.842493707477676,153.6140780572695,29909700.0,-0.02211225483867385,-0.022360395533691877,316.75,253.25,41.439998626708984,1901.199951171875,73.53479766845703,27147.69921875,5804.2998046875,12542.4404296875,3281.06005859375,23950.689453125,22.190000534057617,10778.7998046875,23360.30078125
2020-09-22,11301.75,11302.2001953125,11084.650390625,11153.650390625,672200.0,40.48824759745876,24.677066590409595,-40.916705575968024,65.59377216637762,33.96856080045805,49.140675899533136,11443.312402343749,11284.189999999999,10772.767514648438,11394.689681527252,11370.012614936843,17.351495025258526,158.18091567371454,29237500.0,-0.00861286032635733,-0.008650165364363744,217.5498046875,148.099609375,41.720001220703125,1898.5999755859375,73.57980346679688,27288.1796875,5829.5,12594.3896484375,3315.570068359375,23716.849609375,21.40999984741211,10963.6396484375,23360.30078125
2020-09-23,11258.75,11259.5498046875,11024.400390625,11131.849609375,714900.0,39.7084116033535,1.8818365288334462,-50.969548510035345,52.85138503886879,15.379503403341594,32.37215064209061,11422.424902343751,11294.46298828125,10768.334760742187,11354.252747349983,11352.37091082115,18.110074095604354,163.67866555862778,28522600.0,-0.0019545871070447696,-0.0019564998051874198,235.1494140625,126.900390625,41.77000045776367,1859.9000244140625,73.50299835205078,26763.130859375,5899.2998046875,12642.9697265625,3236.919921875,23742.509765625,20.989999771118164,10632.990234375,23346.490234375
2020-09-24,11011.0,11015.2998046875,10790.2001953125,10805.5498046875,706100.0,30.301156174801704,-42.028733682845996,-75.90409497737184,33.87536129452584,10.962330225084223,20.103464809627955,11384.739892578125,11295.77498046875,10762.755009765624,11269.836910017293,11311.86564370014,19.74362642397983,176.39086188033295,27816500.0,-0.029312272096516434,-0.02975046086629724,225.099609375,205.4501953125,41.939998626708984,1868.300048828125,73.77839660644531,26815.439453125,5822.7998046875,12606.5703125,3246.590087890625,23311.0703125,23.510000228881836,10672.26953125,23087.8203125
2020-09-25,10910.400390625,11072.599609375,10854.849609375,11050.25,559600.0,41.494920969024285,-56.43239865358737,-72.24620795849057,15.813809304903199,17.12103274540933,14.487622124611715,11354.872412109376,11298.745976562499,10758.318759765625,11236.05430847617,11292.486707129758,20.80308813368932,182.86650065227346,28376100.0,0.022645788482354545,0.02239317919403798,217.75,-139.849609375,41.91999816894531,1857.699951171875,73.68240356445312,27173.9609375,5842.7001953125,12469.2001953125,3298.4599609375,23235.419921875,20.68000030517578,10913.5595703125,23204.619140625
2020-09-28,11140.849609375,11239.349609375,11099.849609375,11227.5498046875,472800.0,48.010124737315444,-52.93064293019415,-54.99556178807788,2.064918857883727,28.697086116619033,18.92681636237086,11346.87490234375,11302.85296875,10755.172509765624,11234.745923277915,11287.676566208109,20.588999383636313,183.31172270389678,28848900.0,0.016044868187371275,0.015917509782938703,139.5,-86.7001953125,42.43000030517578,1872.800048828125,73.69930267333984,27584.060546875,5927.89990234375,12870.8701171875,3351.60009765625,23476.05078125,19.56999969482422,11117.5302734375,23511.619140625
2020-09-29,11288.599609375,11305.400390625,11181.0,11222.400390625,498300.0,47.84348006419633,-49.994683380613424,-41.64768179079772,-8.347001589815704,45.480549536489306,30.432889466172554,11334.482421875,11304.0559765625,10751.733759765626,11232.846610562081,11282.841293942694,19.96547205491301,179.10377041254702,28350600.0,-0.0004586409458945395,-0.00045874615382283734,124.400390625,66.19921875,41.029998779296875,1894.300048828125,73.9749984741211,27452.66015625,5897.5,12825.8203125,3335.469970703125,23275.529296875,19.770000457763672,11085.25,23539.099609375
2020-09-30,11244.4501953125,11295.400390625,11184.5498046875,11247.5498046875,499300.0,48.77859465030309,-45.11846912589135,-29.41717402886052,-15.701295097030833,53.42434082869272,42.53399216060035,11320.109912109376,11306.35498046875,10748.112509765626,11235.10864042753,11280.227109553422,19.38648239252709,174.22854295004367,28849900.0,0.002241001317642377,0.0022384940193966077,110.8505859375,-3.099609375,40.95000076293945,1887.5,73.84500122070312,27781.69921875,5866.10009765625,12760.73046875,3363.0,23459.05078125,19.530000686645508,11167.509765625,23185.119140625
2020-10-01,11364.4501953125,11428.599609375,11347.0498046875,11416.9501953125,447700.0,54.67353355632544,-27.27048127958915,-9.255348946046652,-18.015132333542496,61.05008164566841,53.31832400361681,11314.584912109376,11310.38498046875,10744.763759765625,11263.084264255987,11290.354745535577,18.00521968453138,174.71577593129055,29297600.0,0.015061092732783665,0.014948800566928164,81.5498046875,-52.5,40.93000030517578,1908.4000244140625,73.70500183105469,27816.900390625,5879.5,12730.76953125,3380.800048828125,23459.05078125,18.350000381469727,11326.509765625,23185.119140625
2020-10-05,11487.7998046875,11578.0498046875,11452.2998046875,11503.349609375,530600.0,57.36841912828583,-6.083979351949893,9.544922385274083,-15.628901737223975,72.36181082346724,62.27874443260945,11323.059912109376,11316.568964843751,10742.010756835938,11300.048163505066,11306.132142857015,17.5242247882297,173.74319260584122,29828200.0,0.0075676439490797165,0.007539152980994381,125.75,-15.5498046875,41.290000915527344,1912.5,73.32240295410156,28148.640625,5942.89990234375,12828.3095703125,3408.60009765625,23767.779296875,19.700000762939453,11332.490234375,23312.140625
2020-10-06,11603.4501953125,11680.2998046875,11564.2998046875,11662.400390625,561400.0,61.86351371904305,23.272276552635958,31.12094263188795,-7.84866607925199,86.61077216524308,73.34088821145957,11338.42744140625,11327.1809765625,10739.497758789063,11355.794659985057,11332.52238343242,17.56528421855683,173.97226422774543,30389600.0,0.013826475474619793,0.013731761801546099,116.0,-58.9501953125,42.650001525878906,1901.0999755859375,73.1082992553711,27772.759765625,5949.89990234375,12906.01953125,3360.969970703125,23980.650390625,19.639999389648438,11154.599609375,23433.73046875
2020-10-07,11679.25,11763.0498046875,11629.349609375,11738.849609375,513400.0,63.83725711304311,52.10549419522795,47.96332821958395,4.142165975643999,93.88037261104662,84.2843185332523,11359.50244140625,11335.946972656251,10737.083754882813,11414.726190660433,11362.620696465205,17.971093630470303,171.09568787665648,30903000.0,0.006555187284725372,0.006533795478530655,133.7001953125,-59.599609375,41.9900016784668,1883.5999755859375,73.81500244140625,28303.4609375,5946.2998046875,12928.5703125,3419.43994140625,24242.859375,20.059999465942383,11364.599609375,23422.8203125
2020-10-08,11835.400390625,11905.7001953125,11791.150390625,11834.599609375,608800.0,66.19695422344721,81.74000381041878,62.07827026781983,19.661733542598956,96.37587377602009,92.28900618410326,11387.332421875002,11348.58197265625,10734.958251953125,11479.322101231905,11397.582097421486,18.92076842268511,170.79246630957388,31511800.0,0.008156676606839941,0.008123590712403974,114.5498046875,0.80078125,43.34000015258789,1888.5999755859375,73.5425033569336,28425.509765625,5978.0,13042.2099609375,3446.830078125,24193.349609375,20.3799991607666,11420.98046875,23647.0703125
2020-10-09,11852.0498046875,11938.599609375,11805.2001953125,11914.2001953125,611100.0,68.06271133678887,110.37631872548081,72.57166814630548,37.80465057917533,96.33797369702177,95.53140669469616,11410.579931640626,11364.82296875,10733.17025390625,11546.226423398151,11435.85010467267,19.926799041716574,168.12153400621148,32122900.0,0.0067260903253916204,0.00670357110102055,133.3994140625,-62.150390625,42.849998474121094,1919.5,73.28050231933594,28586.900390625,6016.7001953125,13051.23046875,3477.139892578125,24119.130859375,20.3799991607666,11579.9404296875,23619.689453125
2020-10-12,11973.5498046875,12022.0498046875,11867.2001953125,11930.9501953125,522600.0,68.45724325984143,132.89051053955336,76.06868796830241,56.82182257125094,94.70204240654557,95.80529662652913,11433.904931640625,11381.97296875,10731.511254882811,11605.414696000358,11472.524185460805,21.170259517490948,167.1735393896964,32645500.0,0.0014058853909966196,0.0014048980594053501,154.849609375,42.599609375,41.720001220703125,1922.5,73.01480102539062,28837.51953125,6001.39990234375,13138.41015625,3534.219970703125,24649.6796875,21.1299991607666,11876.259765625,23558.689453125
2020-10-13,11934.650390625,11988.2001953125,11888.900390625,11934.5,458300.0,68.54592523371409,149.2985881405857,73.9814124554678,75.3171756851179,94.45760675084321,95.16587428480352,11458.62744140625,11402.8309765625,10730.111005859373,11656.043204307996,11506.74461616741,22.324901387852865,162.32541548239666,33103800.0,0.0002975290843887368,0.0002974848313881938,99.2998046875,0.150390625,42.45000076293945,1888.5,73.35079956054688,28679.810546875,5969.7001953125,13018.990234375,3511.929931640625,24649.6796875,20.719999313354492,11863.900390625,23601.779296875
2020-10-14,11917.400390625,11997.2001953125,11822.150390625,11971.0498046875,569200.0,69.49684898423362,163.3681651177103,70.44079154607391,92.9273735716364,93.78578325593341,94.31514413777407,11481.08994140625,11420.34697265625,10729.333505859373,11704.505758212536,11541.137593094825,22.842174392483965,163.23430042561836,33673000.0,0.0030625333853533387,0.0030578533826602027,175.0498046875,-53.6494140625,43.31999969482422,1901.300048828125,73.62000274658203,28514.0,5935.10009765625,13028.0595703125,3488.669921875,24667.08984375,20.209999084472656,11768.73046875,23626.73046875
2020-10-15,12023.4501953125,12025.4501953125,11661.2998046875,11680.349609375,608900.0,55.20228844602237,149.33983332138087,45.129967799795565,104.2098655215853,86.42401926680236,91.55580309119298,11484.879931640624,11431.920957031252,10726.506254882812,11700.789427622145,11551.449594300764,22.137844134869855,177.5854497255742,33064100.0,-0.02428360085835335,-0.024583309443990238,364.150390625,343.1005859375,43.15999984741211,1903.199951171875,73.29620361328125,28494.19921875,5832.5,12703.75,3483.340087890625,24158.5390625,22.059999465942383,11713.8701171875,23507.23046875
2020-10-16,11727.400390625,11789.75,11667.849609375,11762.4501953125,555800.0,57.83979772729494,143.1964311247266,31.189252482513012,112.00717864221357,79.32175231681151,86.5105182798491,11497.1974609375,11443.166953125,10724.0392578125,11710.275699574508,11567.079268449781,21.483823181371037,173.60794550410463,33619900.0,0.007028949362235082,0.007004361448563385,121.900390625,-35.0498046875,42.93000030517578,1900.800048828125,73.37100219726562,28606.310546875,5919.60009765625,12908.990234375,3483.81005859375,24386.7890625,21.649999618530273,11671.5595703125,23410.630859375
2020-10-19,11879.2001953125,11898.25,11820.400390625,11873.0498046875,541400.0,61.157499658508605,145.57411697635143,26.853550667310273,118.72056630904116,74.68602698411868,80.14393285591085,11515.60244140625,11456.346953125001,10722.562255859375,11735.31786959189,11589.743752615539,21.44228648748241,170.90736401720432,34161300.0,0.009402769621849272,0.009358838750109354,77.849609375,6.150390625,42.619998931884766,1906.4000244140625,73.44380187988281,28195.419921875,5884.7001953125,12854.66015625,3426.919921875,24542.259765625,21.81999969482422,11478.8798828125,23671.130859375
2020-10-20,11861.0,11949.25,11837.25,11896.7998046875,453600.0,61.85173100643193,147.6725988603721,23.161626041064736,124.51097281930736,79.41320027494503,77.80699319195841,11547.91494140625,11468.879941406252,10721.133754882812,11760.161244221983,11612.48864536161,21.65257540604185,166.69969515883258,34614900.0,0.002000328507897331,0.0019983305148122575,112.0,-35.7998046875,43.15999984741211,1910.4000244140625,73.57499694824219,28308.7890625,5889.2001953125,12736.9501953125,3443.1201171875,24569.5390625,22.690000534057617,11516.490234375,23567.0390625
2020-10-21,11958.5498046875,12018.650390625,11775.75,11937.650390625,623700.0,63.07422305656227,150.8925661792182,21.10527468792867,129.78729149128952,84.57046794252506,79.55656506719625,11587.114941406251,11481.18294921875,10719.411005859374,11787.467266745523,11636.574700566305,22.17533506475054,172.14260197784455,35238600.0,0.0034337457642519276,0.003427863919924764,242.900390625,20.8994140625,41.72999954223633,1924.5999755859375,73.64749908447266,28210.8203125,5776.5,12557.6396484375,3435.56005859375,24754.419921875,22.920000076293945,11484.6904296875,23639.4609375
2020-10-22,11890.0,11939.5498046875,11823.4501953125,11896.4501953125,544900.0,60.95269024009592,148.40913392627044,14.897473947984736,133.5116599782857,83.08383795707289,82.35583539151432,11625.344970703125,11492.943945312501,10717.760004882812,11804.233871140443,11655.824737214172,22.66075474783718,168.13953107764135,34693700.0,-0.0034512817819539743,-0.0034572511936285335,116.099609375,-6.4501953125,42.459999084472656,1901.0999755859375,73.6812973022461,28363.66015625,5785.7001953125,12543.0595703125,3453.489990234375,24786.130859375,22.639999389648438,11506.009765625,23474.26953125
2020-10-23,11957.900390625,11974.5498046875,11908.75,11930.349609375,502300.0,62.08277745614919,147.4763794775081,11.171775599377895,136.3046038781302,81.30939026328659,82.98789872096151,11681.5849609375,11505.541933593751,10717.446503906249,11823.636292407298,11676.15991292979,23.28527125087888,161.70810809888127,35196000.0,0.0028495402835257977,0.002845488039808009,65.7998046875,27.55078125,41.77000045776367,1902.0,73.72000122070312,28335.5703125,5860.2998046875,12645.75,3465.389892578125,24918.779296875,21.829999923706055,11548.2802734375,23516.58984375
2020-10-26,11937.400390625,11942.849609375,11711.7001953125,11767.75,519800.0,54.008641023663685,132.09403744383417,-3.3684531474368384,135.462490591271,63.937023335799026,76.11008385205284,11717.459960937502,11517.32892578125,10716.020502929687,11815.038401267713,11682.944363823879,22.251212010736694,166.6682013819969,34676200.0,-0.013629073304543216,-0.01372280171939824,231.1494140625,169.650390625,40.459999084472656,1902.699951171875,73.8228988647461,27685.380859375,5792.0,12177.1796875,3400.969970703125,24918.779296875,22.829999923706055,11358.9404296875,23494.33984375
2020-10-27,11807.099609375,11899.0498046875,11723.0,11889.400390625,616300.0,58.37080195116168,128.2413044764944,-5.7769488918212915,134.0182533683157,58.98578927662891,68.0774009585715,11750.552490234377,11530.17494140625,10715.340756835936,11826.47870732268,11698.237402846185,21.291014144890383,167.33831590381857,35292500.0,0.010337608346965288,0.010284540688903391,176.0498046875,-82.30078125,41.20000076293945,1908.800048828125,73.94850158691406,27463.189453125,5729.0,12063.5703125,3390.679931640625,24787.189453125,22.200000762939453,11431.349609375,23485.80078125
2020-10-28,11922.599609375,11929.400390625,11684.849609375,11729.599609375,704000.0,51.46537330679067,111.01370145961664,-18.403641526959262,129.4173429865759,38.778589319040975,53.90046731048963,11775.912451171876,11537.05994140625,10712.909252929687,11811.574230715345,11700.560529255728,20.11047465266719,172.85349199997438,34588500.0,-0.013440608945763599,-0.013531751526031222,244.55078125,193.0,39.119998931884766,1876.199951171875,73.80500030517578,26519.94921875,5582.7998046875,11560.509765625,3271.030029296875,24708.80078125,23.280000686645508,11004.8701171875,23418.509765625
2020-10-29,11633.2998046875,11744.150390625,11606.4501953125,11670.7998046875,555000.0,49.16077432679908,91.5605955714982,-30.285397932062182,121.84599350356038,32.25098382573504,43.33845414046831,11797.074951171875,11542.3079296875,10709.979252929686,11789.916626711061,11698.356031139563,18.90261489350815,170.34254223658334,34033500.0,-0.005012942184360991,-0.0050255491286022155,137.7001953125,-37.5,37.650001525878906,1865.5999755859375,74.44000244140625,26659.109375,5581.7998046875,11598.0703125,3310.110107421875,24586.599609375,24.020000457763672,11185.58984375,23331.939453125
2020-10-30,11678.4501953125,11748.9501953125,11535.4501953125,11642.400390625,553700.0,48.0418061280975,73.01065228013431,-39.06827297874085,112.07892525887516,18.646801951975355,29.892125032250455,11808.3474609375,11548.91193359375,10706.543505859376,11767.221821159359,11694.211168879225,18.258264469050005,173.4252177911131,33479800.0,-0.002433373422367602,-0.0024363388871728973,213.5,36.0498046875,37.459999084472656,1877.4000244140625,74.26399993896484,26501.599609375,5577.2998046875,11556.48046875,3269.9599609375,24107.419921875,24.75,10911.58984375,22977.130859375
2020-11-02,11697.349609375,11725.650390625,11557.400390625,11669.150390625,568400.0,49.21437647741628,59.77909383499173,-41.83986513910675,101.61895897409848,21.49007553871787,24.129287105476088,11816.6375,11554.86294921875,10703.077758789062,11752.133908769458,11692.354814934466,17.659939074910294,173.05555937746217,34048200.0,0.002297636149117599,0.00229500061940095,168.25,28.19921875,38.970001220703125,1890.4000244140625,74.55049896240234,26925.05078125,5655.0,11788.2802734375,3310.239990234375,24460.009765625,25.209999084472656,10957.6103515625,23295.48046875
2020-11-03,11734.4501953125,11836.2001953125,11723.2998046875,11813.5,674300.0,55.10257933441442,60.24631353512086,-33.0981163511821,93.34442988630296,35.28572757227891,25.14086835432404,11824.192480468751,11561.803945312502,10700.428759765626,11761.574845881849,11701.328532346728,16.56251742391534,172.62657689960773,34722500.0,0.01237019016319918,0.01229430453308261,112.900390625,-79.0498046875,39.709999084472656,1908.5,74.45680236816406,27480.029296875,5786.7998046875,12088.98046875,3369.159912109375,24939.73046875,24.239999771118164,11160.5703125,23295.48046875
2020-11-04,11783.349609375,11929.650390625,11756.400390625,11908.5,667300.0,58.511829967106074,67.50414875846946,-20.672224902266805,88.17637366073626,53.744865636438625,36.84022291581179,11832.675000000001,11570.5289453125,10698.193759765625,11784.17871574618,11716.674566987711,16.18305376698983,172.67110712106432,35389800.0,0.008041647267956087,0.008009485529747545,173.25,-125.150390625,41.22999954223633,1894.5999755859375,74.65560150146484,27847.66015625,5883.2998046875,12324.2197265625,3443.43994140625,24886.140625,23.200000762939453,11590.7802734375,23695.23046875
2020-11-05,12062.400390625,12131.099609375,12027.599609375,12120.2998046875,632500.0,64.90939896342614,89.31691976313232,0.9124368819168467,88.40448288121547,77.37857615557232,55.46972312142995,11846.960009765626,11581.942949218752,10697.033510742187,11835.889652506383,11746.57273274325,16.942791331290636,176.23742871063115,36022300.0,0.017785598915690537,0.017629285844443805,103.5,-57.8994140625,40.93000030517578,1945.300048828125,74.37999725341797,28390.1796875,5906.2001953125,12568.08984375,3510.449951171875,25695.919921875,20.969999313354492,11890.9296875,24105.279296875
2020-11-06,12156.650390625,12280.400390625,12131.849609375,12263.5498046875,576800.0,68.45268974742915,116.8161914076627,22.729366821157768,94.08682458650493,91.0429651780244,74.05546899001178,11864.427490234375,11596.0289453125,10697.228510742189,11901.68352207271,11784.867330665047,18.290269137188602,175.08479708397894,36599100.0,0.011819014571289532,0.011749715515175936,148.55078125,-106.8994140625,39.45000076293945,1950.300048828125,74.12000274658203,28323.400390625,5910.0,12480.01953125,3509.43994140625,25712.970703125,20.5,11895.23046875,24325.23046875
2020-11-09,12399.400390625,12474.0498046875,12367.349609375,12461.0498046875,553400.0,72.56575955979194,152.78495191083857,46.95850185946691,105.82645005137167,98.17995624732806,88.86716586030825,11890.932470703126,11612.297949218751,10698.68451171875,11987.739873244216,11834.954921333378,20.212932459560598,177.6144544351233,37152500.0,0.016104635537461442,0.015976331587139476,106.7001953125,-61.6494140625,42.400001525878906,1853.199951171875,73.97979736328125,29157.970703125,6186.2998046875,13095.9697265625,3550.5,26016.169921875,20.110000610351562,11713.7802734375,24839.83984375
2020-11-10,12556.400390625,12643.900390625,12475.25,12631.099609375,847500.0,75.52463475109919,192.78969225836045,69.57059376559101,123.21909849276943,98.39938236586445,95.87410126373896,11925.762451171875,11637.169941406251,10701.3055078125,12086.718294187414,11893.928601929054,22.47382893770293,177.9884638281502,38000000.0,0.01364650710436388,0.013554232066476922,168.650390625,-74.69921875,43.61000061035156,1875.4000244140625,73.95320129394531,29420.919921875,6296.89990234375,13163.1103515625,3545.530029296875,26301.48046875,21.579999923706055,11553.8603515625,24905.58984375
2020-11-11,12680.599609375,12769.75,12571.099609375,12749.150390625,880500.0,77.35089304014514,231.35256035390194,86.506769488906,144.84579086499593,98.59706371645423,98.39213410988225,11964.66748046875,11662.747949218752,10704.14951171875,12188.63092440858,11957.278364054679,24.877129590573922,179.46431574221089,38880500.0,0.009346041508720315,0.009302637490367565,198.650390625,-68.55078125,43.79999923706055,1860.699951171875,74.28160095214844,29397.630859375,6382.10009765625,13216.1796875,3572.659912109375,26226.98046875,22.030000686645508,11786.4296875,25349.599609375
2020-11-12,12702.150390625,12741.150390625,12624.849609375,12690.7998046875,622000.0,74.39598770720472,254.2743896376869,87.54287901815277,166.73151061953413,96.92662614526579,97.97435740919482,12015.189990234376,11685.8639453125,10706.362260742188,12265.887675220722,12011.613285583035,27.108765911096985,175.52406327848155,38258500.0,-0.004576821525331454,-0.004587327240413277,116.30078125,11.3505859375,43.529998779296875,1872.5999755859375,74.56999969482422,29080.169921875,6338.89990234375,13052.9501953125,3537.010009765625,26169.380859375,20.6200008392334,11709.58984375,25520.880859375
2020-11-13,12659.7001953125,12735.9501953125,12607.7001953125,12719.9501953125,513900.0,74.91161370755843,271.6607612387961,83.94340049540955,187.71736074338656,95.96668467936732,97.16345818036244,12063.064990234376,11709.7139453125,10709.36701171875,12335.743447542533,12064.082686303736,29.027371682796243,172.14734447287572,38772400.0,0.002296970330761372,0.0022943363271255195,128.25,-60.25,42.779998779296875,1885.699951171875,74.86499786376953,29479.810546875,6316.39990234375,13076.7197265625,3585.14990234375,26156.859375,19.700000762939453,11829.2900390625,25385.869140625
2020-11-17,12932.5,12934.0498046875,12797.099609375,12874.2001953125,707700.0,77.49437002679377,294.4915565246938,85.41935662504576,209.07219989964804,95.09657742491324,95.99662941651543,12113.122509765624,11740.52095703125,10713.459013671876,12418.58294719945,12124.091390674756,31.289974096504054,175.14393482302745,39480100.0,0.012126619808373373,0.012053681426341886,136.9501953125,58.2998046875,43.75,1884.5,74.41809844970703,29783.349609375,6365.2998046875,13133.4697265625,3609.530029296875,26415.08984375,19.799999237060547,11899.33984375,26014.619140625
2020-11-18,12860.099609375,12948.849609375,12819.349609375,12938.25,731300.0,78.48482101264273,314.13228874342167,84.0480710750189,230.08421766840277,96.97871660601015,96.01399290343022,12165.19501953125,11772.184960937502,10717.502763671875,12498.53172455338,12184.399435809959,33.42361769884194,171.88365376423977,40211400.0,0.004975051165572175,0.004962716492027381,129.5,-78.150390625,44.34000015258789,1873.5,74.47969818115234,29438.419921875,6385.2001953125,13201.8896484375,3567.7900390625,26544.2890625,19.1200008392334,11801.599609375,25728.140625
2020-11-19,12839.5,12963.0,12745.75,12771.7001953125,768800.0,69.87357882788031,312.65444735859637,66.05618375215488,246.5982636064415,93.85674686327752,95.31068029806696,12206.897509765626,11801.27197265625,10721.182265625,12540.557643131706,12227.90319577311,34.729674898743,175.12410706679407,39442600.0,-0.01287266861341374,-0.012956239372488106,217.25,67.7998046875,44.20000076293945,1861.0999755859375,74.41999816894531,29483.23046875,6334.39990234375,13086.16015625,3581.8701171875,26356.970703125,19.56999969482422,11904.7099609375,25634.33984375
2020-11-20,12813.400390625,12892.4501953125,12730.25,12859.0498046875,664000.0,71.63157101217426,314.90164078377893,54.64270174186993,260.258939041909,92.81801961911245,94.5511610294667,12255.027490234375,11832.892968750002,10725.667016601561,12589.556437217214,12274.654796433435,35.80018542980857,174.20097051291592,40106600.0,0.00683930941371913,0.006816027431926412,162.2001953125,-45.6494140625,44.959999084472656,1872.5999755859375,74.09960174560547,29263.48046875,6351.5,13137.25,3557.5400390625,26451.5390625,19.6200008392334,11854.9697265625,25527.369140625
2020-11-23,12960.2998046875,12968.849609375,12825.7001953125,12926.4501953125,633100.0,72.94354844482473,318.45030906380816,46.553096017519294,271.89721304628887,91.93330800050978,92.86935816096658,12304.83251953125,11862.43697265625,10731.759765625,12641.38624615495,12322.935937091142,37.02820820537506,171.98300219502906,40739700.0,0.005241475198302092,0.0052277864790618534,143.1494140625,33.849609375,46.060001373291016,1837.800048828125,74.16239929199219,29591.26953125,6333.7998046875,13126.9697265625,3577.590087890625,26486.19921875,20.799999237060547,11880.6298828125,25527.369140625
2020-11-24,13002.599609375,13079.099609375,12978.0,13055.150390625,571900.0,75.29322762609576,327.8682236207951,44.77680845960498,283.0914151611901,95.79662043652263,93.51598268538162,12369.202539062502,11894.2509765625,10737.137265624999,12705.042268381112,12377.174044760317,38.47719568299722,170.60203161413415,41311600.0,0.0099563448098976,0.009907106958531581,101.099609375,-52.55078125,47.86000061035156,1804.800048828125,74.24490356445312,30046.240234375,6432.2001953125,13292.4404296875,3635.409912109375,26588.19921875,21.059999465942383,12036.7900390625,26165.58984375
2020-11-25,13130.0,13145.849609375,12833.650390625,12858.400390625,679000.0,65.87482174892432,315.81538489910963,26.17917579033559,289.63620910877404,89.69334076010144,92.47442306571128,12417.652539062501,11922.61798828125,10740.983515625001,12728.635825649402,12412.820440750293,38.533257111226376,180.71611640955314,40632600.0,-0.015070680468092346,-0.015185397205090293,312.19921875,271.599609375,48.61000061035156,1805.699951171875,73.96080017089844,29872.470703125,6391.10009765625,13289.7998046875,3629.64990234375,26669.75,23.1299991607666,12094.400390625,26296.859375
2020-11-26,12906.4501953125,13018.0,12790.400390625,12987.0,549800.0,68.63639784806404,313.0319002109027,18.71655288170291,294.31534732919977,85.60615082795357,90.36537067485921,12480.522558593751,11951.921992187501,10745.228764648438,12768.384160164878,12455.352259953976,38.230151400451504,184.06493733565648,41182400.0,0.010001213639976747,0.009951532476185488,227.599609375,-80.5498046875,48.61000061035156,1805.699951171875,73.77989959716797,29872.470703125,6362.89990234375,13286.5703125,3629.64990234375,26819.44921875,20.020000457763672,12094.400390625,26537.310546875
2020-11-27,13012.0498046875,13035.2998046875,12914.2998046875,12968.9501953125,1162400.0,67.80697876779325,305.8439218024978,9.222859578638406,296.6210622238594,78.6353247982902,84.6449387954484,12545.430078125,11979.210000000001,10749.581767578125,12799.240473264512,12493.396551462014,38.0197910265559,179.56029895453815,40020000.0,-0.001389836350773832,-0.0013908030691388337,121.0,43.099609375,48.18000030517578,1781.9000244140625,74.04879760742188,29910.369140625,6367.60009765625,13335.6796875,3638.35009765625,26894.6796875,19.81999969482422,12205.849609375,26644.7109375
2020-12-01,13062.2001953125,13128.400390625,12962.7998046875,13109.0498046875,583600.0,70.76049063817396,307.90295118420363,9.025511168275386,298.87744001592824,85.3745502019089,83.20534194271755,12618.762548828126,12011.06900390625,10754.969516601563,12846.903447329587,12539.000496145383,38.19750206808198,178.5631765961783,40603600.0,0.010802694687318537,0.01074476242399418,165.6005859375,-46.849609375,47.41999816894531,1814.0999755859375,74.02519989013672,29823.919921875,6384.7001953125,13382.2998046875,3662.449951171875,26567.6796875,20.18000030517578,12355.1103515625,26787.5390625
2020-12-02,13121.400390625,13128.5,12983.5498046875,13113.75,717700.0,70.85708984624678,306.3822296570888,6.003831712928445,300.3783979441604,88.7347745158865,84.24821650536187,12690.992529296876,12043.245,10759.998764648439,12887.956763125036,12581.574533467947,38.36291456675506,176.16224936162985,41321300.0,0.0003585458429504751,0.0003584815807498976,144.9501953125,7.650390625,48.25,1825.699951171875,73.65499877929688,29883.7890625,6463.39990234375,13313.240234375,3669.010009765625,26532.580078125,19.90999984741211,12349.3701171875,26800.98046875
2020-12-03,13215.2998046875,13216.599609375,13107.900390625,13133.900390625,713700.0,71.29492876437546,303.30668435485313,2.342629128554165,300.96405522629897,91.78189339588761,88.63040603789433,12757.012548828126,12080.91201171875,10764.662265625,12925.794244278877,12622.487559924024,38.862193352320894,171.34346146079915,42035000.0,0.0015365849299400214,0.0015354055912646832,108.69921875,81.3994140625,48.709999084472656,1836.800048828125,73.66259765625,29969.51953125,6490.2998046875,13252.8603515625,3666.719970703125,26728.5,19.0,12377.1796875,26809.369140625
2020-12-04,13177.400390625,13280.0498046875,13152.849609375,13258.5498046875,640500.0,73.90651836392229,307.3841256603082,5.136056347207386,302.2480693131008,92.54517871759128,91.02061554312179,12824.515039062502,12123.01,10770.081762695312,12976.987407418665,12669.603281758356,39.55749199279363,169.54388664663492,42675500.0,0.009490662358873525,0.009445908959648398,127.2001953125,-81.1494140625,49.25,1835.9000244140625,73.86489868164062,30218.259765625,6550.2001953125,13298.9599609375,3699.1201171875,26835.919921875,18.030000686645508,12464.23046875,26751.240234375
2020-12-07,13264.849609375,13366.650390625,13241.9501953125,13355.75,591700.0,75.75862160506091,314.82961091702964,10.065233283143016,304.7643776338866,93.83589518701808,92.72098910016565,12886.287548828124,12167.4880078125,10776.29326171875,13035.258575508102,12720.428964591072,40.49774881528411,166.34076583705385,43267200.0,0.007331133249439903,0.007304391112653887,124.7001953125,-90.900390625,48.790000915527344,1861.800048828125,73.79029846191406,30069.7890625,6555.39990234375,13271.0,3691.9599609375,26506.849609375,18.020000457763672,12519.9501953125,26547.439453125
2020-12-08,13393.849609375,13435.4501953125,13311.0498046875,13392.9501953125,543200.0,76.44763929307192,320.04270342609016,12.222660633762814,307.82004279232734,96.35426061160756,94.24511150540563,12942.757568359375,12219.236015625002,10783.029013671876,13090.28805547801,12770.24535205192,41.587791780359105,163.3450247504786,43810400.0,0.002785331809333158,0.002781459960611745,124.400390625,0.8994140625,48.84000015258789,1870.800048828125,74.0199966430664,30173.880859375,6558.7998046875,13278.490234375,3702.25,26304.560546875,18.6200008392334,12582.76953125,26467.080078125
2020-12-09,13458.099609375,13548.900390625,13449.599609375,13529.099609375,502600.0,78.82036124654324,331.3407467880188,18.816563196553147,312.52418359146566,96.61393755793144,95.60136445218568,12996.16005859375,12268.8130078125,10790.71201171875,13157.797525308315,12826.456778520296,42.923570939913205,162.81682264776586,44313000.0,0.010165752285866914,0.010114428562528128,99.30078125,-71.0,48.86000061035156,1834.5999755859375,73.72640228271484,30068.810546875,6564.2998046875,13340.259765625,3672.820068359375,26502.83984375,18.920000076293945,12338.9501953125,26817.939453125
2020-12-10,13488.5,13503.5498046875,13399.2998046875,13478.2998046875,553400.0,75.75382623662587,332.36412116445354,15.871950058390269,316.49217110606327,94.31020358148051,95.75946725033982,13038.520068359376,12313.828007812499,10797.474008789062,13207.105568289728,12874.741447125274,43.630246330353096,160.4584642220326,43759600.0,-0.0037548548058806697,-0.0037619219695161584,104.25,10.2001953125,50.25,1833.5999755859375,73.93499755859375,29999.259765625,6599.7998046875,13295.73046875,3668.10009765625,26410.58984375,18.709999084472656,12405.8095703125,26756.240234375
2020-12-11,13512.2998046875,13579.349609375,13402.849609375,13513.849609375,787700.0,76.44448259483276,332.2141667488195,12.57759651420497,319.6365702346145,93.55169539422366,94.8252788445452,13076.755029296875,12359.6569921875,10804.639008789063,13254.296959225925,12922.082792477106,44.523466696776,161.60428820617315,44547300.0,0.002637558535026452,0.0026340862816878062,176.5,-1.5498046875,49.970001220703125,1839.800048828125,73.72669982910156,30046.369140625,6546.7998046875,13114.2998046875,3663.4599609375,26505.869140625,18.790000915527344,12377.8701171875,26652.51953125
2020-12-14,13571.4501953125,13597.5,13472.4501953125,13558.150390625,558400.0,77.31179928938643,331.84473012119815,9.766527909266927,322.0782022119312,92.73278746639863,93.5315621473676,13120.12255859375,12405.86900390625,10813.282758789062,13301.04364097963,12969.198910858431,45.408695957352215,158.99325366912507,45105700.0,0.0032781762806703973,0.0032728147749187795,125.0498046875,13.2998046875,50.290000915527344,1828.699951171875,73.73799896240234,29861.55078125,6531.7998046875,13223.16015625,3647.489990234375,26389.51953125,19.399999618530273,12440.0400390625,26732.439453125
2020-12-15,13547.2001953125,13589.650390625,13447.0498046875,13567.849609375,497600.0,77.50707179879299,328.54730599561117,5.17528302694393,323.37202296866724,94.3828957878747,93.55579288283232,13162.517529296874,12448.886992187501,10822.132504882811,13342.090713040456,13013.543407044845,45.93767061768716,157.82234883115186,45603300.0,0.0007153791977927426,0.0007151234360649028,142.6005859375,-20.6494140625,50.7599983215332,1852.300048828125,73.86000061035156,30199.310546875,6513.2998046875,13362.8701171875,3694.6201171875,26207.2890625,19.350000381469727,12595.0595703125,26687.83984375
2020-12-16,13663.099609375,13692.349609375,13606.4501953125,13682.7001953125,462200.0,79.73161729413962,331.38159530538724,6.407657869375953,324.9739374360113,96.79367643336991,94.63645322921441,13202.942529296875,12492.47400390625,10832.153505859374,13394.49217185154,13063.110576546153,46.77331822788451,155.44218105749815,46065500.0,0.008464907059269056,0.008429280641864136,85.8994140625,-19.6005859375,51.08000183105469,1856.0999755859375,73.75980377197266,30154.5390625,6570.89990234375,13565.98046875,3701.169921875,26460.2890625,19.200000762939453,12658.1904296875,26757.400390625
2020-12-17,13713.5498046875,13773.25,13673.5498046875,13740.7001953125,416000.0,80.76614266838085,334.45254453321286,7.582885677761226,326.86965885545163,97.1556588421797,96.11074368780811,13243.065039062501,12534.04,10842.6905078125,13447.754944691687,13113.302400158474,47.79069633812359,151.46061064714112,46481500.0,0.004238929390550483,0.004229970438016461,99.7001953125,-27.150390625,51.5,1887.199951171875,73.6166000366211,30303.369140625,6551.10009765625,13667.25,3722.47998046875,26678.380859375,19.15999984741211,12764.75,26806.669921875
2020-12-18,13764.400390625,13772.849609375,13658.599609375,13760.5498046875,519400.0,81.1212855572509,334.63057849908,6.208735714902673,328.42184278417733,97.85787290261752,97.26906939272237,13292.50751953125,12574.47400390625,10855.48450683594,13495.87723084489,13161.24665234581,48.55564449705431,148.80270988663105,47000900.0,0.0014445849987885229,0.0014435425896574643,114.25,3.8505859375,52.2599983215332,1885.699951171875,73.52980041503906,30179.05078125,6529.2001953125,13630.509765625,3709.409912109375,26498.599609375,18.6200008392334,12755.6396484375,26763.390625
2020-12-21,13741.900390625,13777.5,13131.4501953125,13328.400390625,687300.0,56.612739380262035,296.48315238189207,-25.55095232182822,322.0341047037203,79.35941566390895,91.45764913623539,13315.975048828124,12604.350019531252,10866.462758789065,13470.111563118753,13173.628410736861,45.12549549442619,184.32035951526456,46313600.0,-0.0314049525779333,-0.03190866215630266,646.0498046875,413.5,50.90999984741211,1879.199951171875,73.60359954833984,30216.44921875,6416.2998046875,13246.2998046875,3694.919921875,26306.6796875,23.190000534057617,12742.51953125,26714.419921875
2020-12-22,13373.650390625,13492.0498046875,13192.900390625,13466.2998046875,696200.0,60.6936630705462,274.2173654929902,-38.25339136858406,312.4707568615743,65.13072326449827,80.78267061034157,13342.967529296875,12635.392011718752,10877.277758789063,13469.525138744713,13195.307773251723,41.940357134842934,192.5224348400671,47009800.0,0.010346283876607965,0.010293127415086657,299.1494140625,-92.6494140625,50.08000183105469,1866.5999755859375,73.935302734375,30015.509765625,6416.2998046875,13418.1103515625,3687.260009765625,26119.25,21.989999771118164,12807.919921875,26436.390625
2020-12-23,13473.5,13619.4501953125,13432.2001953125,13601.099609375,458700.0,64.23499072475896,264.40093721615267,-38.45585571633728,302.85679293248995,56.5515890845431,67.0139093376501,13370.264990234376,12668.795000000002,10889.028256835938,13489.767364995527,13225.366427779374,39.585295183032045,192.14583235149087,47468500.0,0.010010159185716239,0.009960389402299756,187.25,-127.599609375,51.20000076293945,1874.699951171875,74.2699966430664,30129.830078125,6495.7998046875,13587.23046875,3690.010009765625,26343.099609375,20.5,12771.1103515625,26524.7890625
2020-12-24,13672.150390625,13771.75,13626.900390625,13749.25,471400.0,67.68130999579722,265.51515206659315,-29.87331269271749,295.38846475931064,73.9490837128632,65.21046535396819,13414.807470703126,12705.09,10901.429506835939,13529.68777038083,13264.172618314236,38.1038757782955,190.61044365674152,47939900.0,0.01089253037474136,0.01083363406633502,144.849609375,-77.099609375,51.290000915527344,1879.9000244140625,73.83979797363281,30199.869140625,6502.10009765625,13587.23046875,3703.06005859375,26386.560546875,19.969999313354492,12804.73046875,26668.349609375
2020-12-28,13815.150390625,13885.2998046875,13811.5498046875,13873.2001953125,403600.0,70.263105698386,273.25006358897554,-17.710720936268103,290.96078452524364,88.90592410650649,73.13553230130427,13459.11748046875,12743.133007812501,10915.84825683594,13582.535835754934,13309.285772165958,37.19276038423236,186.71325515893855,48343500.0,0.009015051389166695,0.008974658395164679,73.75,-58.0498046875,50.86000061035156,1877.199951171875,73.68900299072266,30403.970703125,6502.10009765625,13790.2900390625,3735.360107421875,26314.630859375,20.43000030517578,12899.419921875,26854.029296875
2020-12-29,13910.349609375,13967.599609375,13859.900390625,13932.599609375,439600.0,71.44054276368817,280.9346334124748,-8.020920890215109,288.9555543026899,96.6121248296233,86.489044216331,13507.299951171877,12788.178007812501,10933.254003906251,13636.391800927251,13355.457167514776,36.6605961235819,181.06939541544295,48783100.0,0.004281594241144937,0.004272454296258275,107.69921875,-22.25,51.09000015258789,1879.699951171875,73.5448989868164,30335.669921875,6602.7001953125,13761.3798828125,3727.0400390625,26568.490234375,20.790000915527344,12850.2197265625,27568.150390625
2020-12-30,13980.900390625,13997.0,13864.9501953125,13981.9501953125,380700.0,72.41770642127621,287.6905723699183,-1.0119855462173177,288.7025579161356,97.49011524719788,94.33605472777589,13550.944970703127,12832.5680078125,10950.871752929688,13689.554630832674,13401.864058462756,36.2775703851008,177.56799607773274,49163800.0,0.003542094606974411,0.003535836164182277,132.0498046875,-1.0498046875,51.34000015258789,1891.0,73.45359802246094,30409.560546875,6555.7998046875,13718.7802734375,3732.0400390625,27147.109375,21.110000610351562,12870.0,27444.169921875
2020-12-31,13970.0,14024.849609375,13936.4501953125,13981.75,452400.0,72.40688352524103,289.6891919000227,0.7893071871096708,288.89988471291304,96.41705410706402,96.83976472796172,13594.344970703127,12874.74201171875,10972.829750976562,13734.507764550723,13444.8185726507,36.03030708407967,171.19881164807327,48711400.0,-1.4318125132972703e-05,-1.4318227638304822e-05,88.3994140625,-11.75,51.79999923706055,1893.0999755859375,73.13400268554688,30606.48046875,6460.5,13718.7802734375,3756.070068359375,27231.130859375,21.100000381469727,12888.2802734375,27444.169921875
2021-01-01,13996.099609375,14049.849609375,13991.349609375,14018.5,358100.0,73.1987321771854,290.8853845016747,1.5883998310093261,289.2969846706654,96.67450404484505,96.86055779970229,13638.574951171877,12917.176015625002,10993.146249999998,13778.198877696766,13487.313493195092,35.901044620070806,163.83458291428232,49069500.0,0.0026284263414808606,0.002624978069994666,58.5,-22.400390625,51.79999923706055,1893.0999755859375,73.08920288085938,30606.48046875,6460.5,13718.7802734375,3756.070068359375,27231.130859375,21.100000381469727,12888.2802734375,27444.169921875
2021-01-04,14104.349609375,14147.9501953125,13953.75,14132.900390625,495000.0,75.55085477841092,297.63359636761925,6.669289357563059,290.9643070100562,96.76057246726333,96.61737687305745,13682.292480468752,12961.081015625,11017.82375,13832.768341224186,13535.134744856567,36.16246544823315,166.00355522844072,49564500.0,0.00816067272711063,0.008127554493474463,194.2001953125,-28.55078125,51.09000015258789,1944.699951171875,73.09200286865234,30223.890625,6571.89990234375,13726.740234375,3700.64990234375,27472.810546875,20.030000686645508,12698.4501953125,27258.380859375
2021-01-05,14075.150390625,14215.599609375,14048.150390625,14199.5,492500.0,76.82592995139159,304.84161044216125,11.101842745684053,293.7397676964772,97.87364818578115,97.10290823262983,13724.47998046875,13007.14201171875,11043.986000976562,13889.188596420465,13584.346985978304,36.65069439503105,166.1068169085521,50057000.0,0.004712380865514287,0.00470131235786493,167.44921875,-124.349609375,53.599998474121094,1952.699951171875,73.31999969482422,30391.599609375,6612.2998046875,13651.2197265625,3726.860107421875,27649.859375,20.459999084472656,12818.9599609375,27158.630859375
2021-01-06,14240.9501953125,14244.150390625,14039.900390625,14146.25,632300.0,73.52424742749261,302.7670732020797,7.221844404481999,295.5452287975977,96.07866589152371,96.90429551485605,13762.144970703124,13051.46001953125,11072.373251953124,13928.736504663471,13625.969431461392,37.20662683711713,168.83132998651269,49424700.0,-0.0037501320469031096,-0.0037571814216639365,204.25,94.7001953125,54.29999923706055,1906.9000244140625,73.37480163574219,30829.400390625,6841.89990234375,13891.9697265625,3748.139892578125,27692.30078125,21.0,12740.7900390625,27055.939453125
2021-01-07,14253.75,14256.25,14123.099609375,14137.349609375,559200.0,72.95984931553407,296.9813838250684,1.1489240219765406,295.83245980309187,93.04858144840277,95.66696517523587,13792.557470703126,13098.85201171875,11101.742749023437,13960.830828465245,13663.849444640176,37.76796694741614,166.28269146069036,48865500.0,-0.0006291696120880319,-0.0006293676223474675,133.150390625,116.400390625,54.380001068115234,1912.300048828125,73.36000061035156,31041.130859375,6857.0,13968.240234375,3803.7900390625,27548.51953125,20.6200008392334,13067.48046875,27490.130859375
2021-01-08,14258.400390625,14367.2998046875,14221.650390625,14347.25,613500.0,77.37148704227423,305.80822377812,7.980611180022493,297.8276125980975,93.00279786443842,94.04334840145496,13836.004980468751,13148.00900390625,11129.751748046874,14020.279931778283,13714.471708000163,38.68554815634411,170.8303703072482,49479000.0,0.014847223590326086,0.014738082534464191,145.6494140625,-88.849609375,55.9900016784668,1834.0999755859375,73.44599914550781,31097.970703125,6873.2998046875,14049.5302734375,3824.679931640625,27878.220703125,20.639999389648438,13201.98046875,28139.029296875
2021-01-11,14474.0498046875,14498.2001953125,14383.099609375,14484.75,672900.0,79.70713910661425,320.2075060914467,17.903914794679338,302.30359129676737,95.59213861184267,93.88117264156128,13884.550000000001,13203.11201171875,11164.124248046874,14091.736865350857,13771.52935925941,39.93848734612585,169.41035780762334,50151900.0,0.009583718134137165,0.00953808562855032,115.1005859375,-10.7001953125,55.65999984741211,1849.5999755859375,73.37339782714844,31008.689453125,6798.5,13936.66015625,3799.610107421875,27908.220703125,22.3799991607666,13036.4296875,28139.029296875
2021-01-12,14473.7998046875,14590.650390625,14432.849609375,14563.4501953125,929600.0,80.92099110700667,334.1179849534092,25.451514925313404,308.6664700280958,98.33307970629988,95.64267206086032,13934.814990234376,13260.96501953125,11197.936249999999,14164.308146883417,13830.190161930008,41.35069510415475,168.58110233922167,51081500.0,0.005433314024232416,0.0054186068221036155,157.80078125,-89.650390625,56.58000183105469,1842.9000244140625,73.51349639892578,31068.689453125,6754.10009765625,13925.0595703125,3801.18994140625,28276.75,22.850000381469727,13072.4296875,28164.33984375
2021-01-13,14639.7998046875,14653.349609375,14435.7001953125,14564.849609375,874000.0,80.9428202254787,341.3205300843929,26.123248045037656,315.19728203935523,95.99987766728162,96.64169866180805,13984.664990234374,13319.414003906251,11229.17125,14225.92991034366,13884.609380259268,42.82007954434974,172.08598174802728,51955500.0,9.609083312889233e-05,9.608621670051523e-05,217.6494140625,74.9501953125,56.060001373291016,1853.5999755859375,73.16500091552734,31060.470703125,6745.5,13939.7099609375,3809.840087890625,28235.599609375,23.290000915527344,13128.9501953125,28456.58984375
2021-01-14,14550.0498046875,14617.7998046875,14471.5,14595.599609375,620200.0,81.44518658396966,345.52684857636814,24.263653229610327,321.2631953467578,94.05658721098098,96.12984819485416,14030.309960937502,13377.942988281251,11258.941997070313,14282.802171733098,13937.27532315673,44.18450795310223,170.24411195798962,52575700.0,0.002111247340323086,0.002109021789565324,146.2998046875,-45.5498046875,56.41999816894531,1850.300048828125,73.1698989868164,30991.51953125,6802.0,13988.7001953125,3795.5400390625,28496.859375,23.030000686645508,13112.6396484375,28698.259765625
2021-01-15,14594.349609375,14617.4501953125,14357.849609375,14433.7001953125,789600.0,70.8547104537613,331.969716374766,8.565216822406569,323.4044995523594,85.61162862166839,91.88936449997699,14064.959960937502,13430.3469921875,11287.809248046873,14306.017252283775,13974.047535909009,44.254402489657174,176.62671724224037,51786100.0,-0.011092344158201595,-0.01115432296065278,259.6005859375,160.6494140625,55.099998474121094,1829.300048828125,73.08760070800781,30814.259765625,6735.7001953125,13787.73046875,3768.25,28573.859375,24.010000228881836,12998.5,28519.1796875
2021-01-18,14453.2998046875,14459.150390625,14222.7998046875,14281.2998046875,762000.0,62.6025515157873,305.4076048122606,-14.397515792079105,319.8051206043397,72.7554397119462,84.14121851486519,14090.997460937502,13477.80298828125,11317.810249023434,14302.214568038195,13996.806963225934,43.10658603903578,180.89270786333034,51024100.0,-0.010558650142566628,-0.010614788200058034,236.3505859375,172.0,55.099998474121094,1829.300048828125,73.15899658203125,30814.259765625,6720.7001953125,13848.349609375,3768.25,28862.76953125,24.399999618530273,12998.5,28242.2109375
2021-01-19,14371.650390625,14546.0498046875,14350.849609375,14521.150390625,546100.0,68.7676842330876,300.2497851749722,-15.644268343494048,315.89405351846625,68.89540208293656,75.75415680551704,14150.634960937501,13525.82,11347.427250976561,14335.897002282318,14035.647217107346,42.425332418379384,186.88251444452104,51570200.0,0.016794730817062842,0.01665525875641371,195.2001953125,-149.5,55.900001525878906,1839.5,73.1886978149414,30930.51953125,6713.0,13815.0595703125,3798.909912109375,29642.279296875,22.899999618530273,13197.1796875,28633.4609375
2021-01-20,14538.2998046875,14666.4501953125,14517.5498046875,14644.7001953125,623100.0,71.38458066389174,302.642933295474,-10.600896178393782,313.2438294738678,77.10576310994118,72.91886830160797,14209.55498046875,13573.4430078125,11379.381752929687,14383.405185825422,14080.762252529948,42.27013863219282,184.16950560026953,52193300.0,0.008508265623863087,0.008472274336760961,148.900390625,-106.400390625,56.08000183105469,1865.9000244140625,73.19190216064453,31188.380859375,6740.39990234375,13921.3701171875,3851.85009765625,29962.470703125,21.549999237060547,13457.25,28523.259765625
2021-01-21,14730.9501953125,14753.5498046875,14517.25,14590.349609375,704600.0,68.65919536973809,296.7333253003344,-13.208403338826713,309.9417286391611,86.03422712674913,77.34513077320895,14259.01748046875,13616.02900390625,11411.914501953124,14415.242789448435,14118.509464148101,42.43622196504625,187.89309839221454,51488700.0,-0.0037112802046228577,-0.003718184091801354,236.2998046875,140.6005859375,56.099998474121094,1865.300048828125,72.91089630126953,31176.009765625,6715.39990234375,13906.669921875,3853.070068359375,29927.759765625,22.18000030517578,13530.91015625,28756.859375
2021-01-22,14583.400390625,14619.900390625,14357.75,14371.900390625,776800.0,58.922037709309365,271.29556568533553,-30.916930363060487,302.212496048396,74.35484582107476,79.16494535258835,14290.15,13650.84501953125,11439.813002929686,14408.574728090985,14137.27916240565,41.29559266761261,193.19719069455638,50711900.0,-0.014972171647596122,-0.015085386074712022,262.150390625,211.5,55.40999984741211,1855.699951171875,72.95490264892578,30996.98046875,6695.10009765625,13873.9697265625,3841.469970703125,29447.849609375,22.18000030517578,13543.0595703125,28631.44921875
2021-01-25,14477.7998046875,14491.099609375,14218.599609375,14238.900390625,618600.0,53.90921517085146,237.66432307318064,-51.63853838017229,289.30286145335293,51.33371731649636,70.57426342144008,14308.435009765624,13680.64001953125,11467.263754882812,14382.470983865449,14144.806660792268,39.28453394587905,198.86167707351666,50093300.0,-0.009254169343308138,-0.009297255190251277,272.5,238.8994140625,55.880001068115234,1854.9000244140625,72.99590301513672,30960.0,6638.89990234375,13643.9501953125,3855.360107421875,30159.009765625,23.25,13635.990234375,28822.2890625
2021-01-27,14237.9501953125,14237.9501953125,13929.2998046875,13967.5,660700.0,45.41789716282567,186.95645997308202,-81.87712118421672,268.83358115729874,26.34694085019985,50.67850132925699,14310.180029296876,13706.174023437501,11491.541752929686,14318.629294039996,14131.672834066914,37.08258645530594,206.77159913522976,49432600.0,-0.019060488041877988,-0.019244480891583437,308.650390625,270.4501953125,55.810001373291016,1844.9000244140625,72.91999816894531,30303.169921875,6567.39990234375,13620.4599609375,3750.77001953125,29297.529296875,24.389999389648438,13270.599609375,28635.2109375
2021-01-28,13810.400390625,13898.25,13713.25,13817.5498046875,637900.0,41.526064803446175,133.13568031162868,-108.55832067653608,241.69400098816476,14.181772488098877,30.620810218265028,14301.960009765626,13728.126015625001,11515.660253906248,14241.54014183192,14108.404461520291,35.90819004638442,210.16291348271335,48794700.0,-0.010735650281904374,-0.010793693167934581,185.0,-7.1494140625,55.529998779296875,1837.9000244140625,73.03710174560547,30603.359375,6526.2001953125,13665.9296875,3787.3798828125,28550.76953125,24.290000915527344,13337.16015625,28197.419921875
2021-01-29,13946.599609375,13966.849609375,13596.75,13634.599609375,753200.0,37.323799434386416,74.85686949426236,-133.46970519512195,208.3265746893843,5.977466996625769,15.502060111641498,14284.602490234374,13743.33400390625,11539.206752929687,14148.164675300086,14073.307805805824,35.22435686190756,221.58696318930527,48041500.0,-0.013240422354072856,-0.013328858232496075,370.099609375,312.0,55.880001068115234,1847.300048828125,72.93879699707031,29982.619140625,6407.5,13432.8701171875,3714.239990234375,28283.7109375,25.34000015258789,13070.6904296875,27663.390625
2021-02-01,13758.599609375,14336.349609375,13661.75,14281.2001953125,870500.0,54.75192569416631,79.92443631334208,-102.7217107008338,182.64614701417588,24.155139687060327,14.771459723928324,14297.7375,13770.193007812499,11565.648754882812,14168.631678378919,14088.707242065577,32.8132881267213,255.88432296149776,48912000.0,0.047423511101338356,0.04633334971971787,674.599609375,-522.6005859375,56.349998474121094,1860.800048828125,72.90660095214844,30211.91015625,6466.39990234375,13622.01953125,3773.860107421875,28892.859375,23.31999969482422,13403.3896484375,28091.05078125
2021-02-02,14481.099609375,14731.7001953125,14469.150390625,14647.849609375,915000.0,61.31994865918893,112.2323187171678,-56.331062637606465,168.56338135477426,51.100729411043005,27.077778698243034,14323.484960937501,13807.71599609375,11592.554252929685,14242.357513916777,14130.12519519961,31.70438256103193,269.7854427499622,49827000.0,0.02567357148195737,0.025349539675742865,262.5498046875,-166.75,57.459999084472656,1830.5,73.11979675292969,30687.48046875,6516.7001953125,13835.16015625,3826.31005859375,29248.69921875,23.350000381469727,13612.7802734375,28362.169921875
2021-02-03,14754.900390625,14868.849609375,14574.150390625,14789.9501953125,869500.0,63.529508340235616,147.60142068991445,-16.769568531887842,164.3709892218023,81.27598863276555,52.177285910289626,14353.007470703127,13846.33400390625,11620.194755859373,14326.602541823811,14179.001121133897,31.056348938248533,271.56499817853637,50696500.0,0.009701122671723184,0.009654368913945022,294.69921875,-35.0498046875,58.459999084472656,1832.199951171875,72.91629791259766,30723.599609375,6507.7998046875,13933.6298828125,3830.169921875,29307.4609375,23.75,13610.5400390625,28646.5
2021-02-04,14789.0498046875,14913.7001953125,14714.75,14895.650390625,884700.0,65.12536180155202,182.06211250899105,14.152898629751007,167.90921387924004,94.4299439332184,75.60222065900898,14390.477490234376,13885.7180078125,11649.765756835935,14414.148364716302,14232.086252207311,30.57753603417759,266.3782265452481,51581200.0,0.0071467580293813615,0.007121340982025425,198.9501953125,-106.6005859375,58.84000015258789,1788.9000244140625,72.85800170898438,31055.859375,6503.7001953125,14060.2900390625,3871.739990234375,29113.5,23.1200008392334,13777.740234375,28341.94921875
2021-02-05,14952.599609375,15014.650390625,14864.75,14924.25,935600.0,65.56442568797044,209.2678984426384,33.086947650718685,176.1809507919197,95.350491249848,90.35214127194398,14429.822509765625,13923.1,11678.450507812498,14492.625539375334,14283.357640932696,30.409371649487653,258.05838112237325,52516800.0,0.0019199973566108586,0.0019181565175802602,149.900390625,28.349609375,59.34000015258789,1810.9000244140625,72.9457015991211,31148.240234375,6489.2998046875,14056.7197265625,3886.830078125,29288.6796875,23.420000076293945,13856.2998046875,28779.189453125
2021-02-08,15064.2998046875,15159.900390625,15041.0498046875,15115.7998046875,671200.0,68.43113265641932,243.4784798364617,53.838023235633585,189.64045660082812,96.47750300911943,95.4193127307286,14468.25,13968.247988281251,11707.46000488281,14588.498503269513,14345.020023433051,30.629806494723947,256.45781037256086,53188000.0,0.01283480273296811,0.012753134705385865,118.8505859375,-51.5,60.560001373291016,1831.9000244140625,72.78479766845703,31385.759765625,6523.5,14059.91015625,3915.590087890625,29319.470703125,23.959999084472656,13987.6396484375,29388.5
2021-02-09,15164.150390625,15257.099609375,15064.2998046875,15109.2998046875,713300.0,68.22358071133417,266.98843984773157,61.878386597522734,205.11005325020884,93.96711907188116,95.26503777694953,14499.477490234374,14010.693984375,11737.234501953124,14668.621780410742,14401.63334056301,31.073311836777467,251.9108099664851,52474700.0,-0.0004300136336804483,-0.00043010611605642915,192.7998046875,54.8505859375,61.09000015258789,1835.300048828125,72.92990112304688,31375.830078125,6531.60009765625,14011.7998046875,3911.22998046875,29476.189453125,24.270000457763672,14007.7001953125,29505.9296875
2021-02-10,15119.0498046875,15168.25,14977.2001953125,15106.5,624800.0,68.12772984115435,282.1419746410611,61.6255371126818,220.5164375283793,93.06888453310191,94.50450220470083,14526.62998046875,14053.44498046875,11766.355502929686,14735.987660347551,14453.84568570649,31.03288181667399,247.56359530370045,51849900.0,-0.00018530340410816137,-0.00018532057490518592,191.0498046875,12.5498046875,61.470001220703125,1840.5999755859375,72.85489654541016,31437.80078125,6524.39990234375,13932.9697265625,3909.8798828125,30038.720703125,23.950000762939453,13972.5302734375,29562.9296875
2021-02-11,15073.25,15188.5,15065.400390625,15173.2998046875,500100.0,69.23819640159336,296.1278683756791,60.48914467783982,235.63872369783928,92.3269329023247,93.12097883576925,14557.052490234377,14094.72998046875,11795.3175,14803.266451784466,14507.138583408787,31.05218639566935,238.67331059450757,52350000.0,0.004421924647502795,0.004412176664707947,123.099609375,-100.0498046875,61.13999938964844,1824.9000244140625,72.80729675292969,31430.69921875,6528.7001953125,14040.91015625,3916.3798828125,30173.5703125,23.049999237060547,14025.76953125,29562.9296875
2021-02-12,15186.2001953125,15243.5,15081.0,15163.2998046875,571800.0,68.85145992932355,302.91308006660984,53.81948509501643,249.0935949715934,93.41104192962624,92.93561978835095,14585.437500000004,14135.720976562501,11823.367250976562,14858.656198384931,14555.743118318322,31.229155587001948,233.23235983775703,51778200.0,-0.0006590524229219685,-0.0006592696934370658,162.5,22.900390625,62.43000030517578,1821.5999755859375,72.70950317382812,31458.400390625,6589.7998046875,14049.8896484375,3934.830078125,30173.5703125,22.040000915527344,14095.4697265625,29520.0703125
2021-02-15,15270.2998046875,15340.150390625,15243.400390625,15314.7001953125,456000.0,71.45141394912999,316.85465223823303,54.208845813311655,262.6458064249214,95.9478930118356,93.89528928126218,14629.487500000003,14179.336972656249,11850.641249999999,14928.816813296866,14611.962161058633,31.66788032394787,229.20509027345295,52234200.0,0.00998465984153385,0.009935142462115996,96.75,-44.400390625,62.43000030517578,1821.5999755859375,72.59480285644531,31458.400390625,6756.10009765625,14109.48046875,3934.830078125,30173.5703125,22.040000915527344,14095.4697265625,30084.150390625
2021-02-16,15371.4501953125,15431.75,15242.2001953125,15313.4501953125,648500.0,71.39842512228317,324.0669420907798,49.13690853268673,274.93003355809304,95.48131374525731,94.94674956223972,14681.09501953125,14220.43498046875,11880.74100097656,14987.991179760811,14663.924237670031,32.32444484630591,226.37256987445633,51585700.0,-8.162092525865194e-05,-8.162425642763527e-05,189.5498046875,58.0,63.349998474121094,1797.199951171875,72.63870239257812,31522.75,6748.89990234375,14064.599609375,3932.590087890625,30746.66015625,21.780000686645508,14047.5,30467.75
2021-02-17,15279.900390625,15314.2998046875,15170.75,15208.900390625,504800.0,66.92770670427642,317.6843706088348,34.20346964059337,283.48090096824143,93.31631639626386,94.91517438445226,14715.482519531251,14257.49798828125,11910.757504882811,15021.977212201456,14704.292841592622,32.48437682115368,220.45665807538805,51080900.0,-0.006827318687430917,-0.006850731452785171,143.5498046875,71.0,64.33999633789062,1771.0999755859375,72.93499755859375,31613.01953125,6710.89990234375,13909.26953125,3931.330078125,31084.939453125,21.780000686645508,13965.490234375,30292.189453125
2021-02-18,15238.7001953125,15250.75,15078.0498046875,15118.9501953125,770600.0,63.2577096422303,301.8879315526501,14.725624467526927,287.1623070851232,87.91214864255721,92.23659292802613,14739.19501953125,14292.01798828125,11939.99775390625,15036.896132680078,14735.008201127428,32.06788461383106,217.04548216375318,50310300.0,-0.005914312869584326,-0.005931871684390037,172.7001953125,119.75,63.93000030517578,1773.4000244140625,72.79730224609375,31493.33984375,6617.2001953125,13886.9296875,3913.969970703125,30595.26953125,21.540000915527344,13865.3603515625,30236.08984375
2021-02-19,15074.7998046875,15144.0498046875,14898.2001953125,14981.75,712200.0,58.03068252281024,275.12674085347317,-9.628452985320052,284.7551938387932,74.47829767355645,85.2355875707925,14758.7650390625,14321.07099609375,11968.911254882812,15028.412112267759,14753.285371414286,30.69158043746478,219.1029198216994,49598100.0,-0.009074717063029758,-0.009116143118184506,245.849609375,93.0498046875,62.90999984741211,1775.800048828125,72.60540008544922,31494.3203125,6624.0,13993.23046875,3906.7099609375,30644.73046875,22.25,13874.4599609375,30017.919921875
2021-02-22,14999.0498046875,15010.099609375,14635.0498046875,14675.7001953125,609900.0,48.419373957734344,226.61041909581581,-46.51581979438197,273.1262388901978,49.14015107427002,70.51019913012789,14773.955029296878,14345.01900390625,11996.032255859374,14974.148740428489,14747.538321332673,28.76961190179245,230.24198302639945,48988200.0,-0.020428174591586412,-0.02063971564030592,375.0498046875,323.349609375,65.23999786376953,1806.699951171875,72.5530014038086,31521.689453125,6612.2001953125,13950.0400390625,3876.5,30319.830078125,25.469999313354492,13533.0498046875,30156.029296875
2021-02-23,14782.25,14854.5,14651.849609375,14707.7998046875,744100.0,49.3666013426861,188.5772535766173,-67.63918825086438,256.2164418274817,24.74139114310729,49.45327996364459,14797.400000000001,14368.8980078125,12023.375253906248,14933.171981083722,14744.594727507105,26.984926832953867,228.27115499772808,49732300.0,0.0021872625461001327,0.002184873969705697,202.650390625,74.4501953125,65.37000274658203,1804.4000244140625,72.44400024414062,31537.349609375,6625.89990234375,13864.8095703125,3881.3701171875,30632.640625,25.229999542236328,13465.2001953125,30156.029296875
2021-02-24,14729.150390625,15008.7998046875,14504.5,14982.0,403800.0,56.68417240383049,178.50368074660219,-62.170208864703625,240.6738896113058,24.156314127503933,32.67928544829375,14848.125000000002,14397.375,12052.302504882811,14940.68398399392,14762.180303247318,25.460930394585354,247.9874871184261,50136100.0,0.01864318245786234,0.01847152850052029,504.2998046875,-252.849609375,67.04000091552734,1796.4000244140625,72.37699890136719,31961.859375,6659.0,13976.0,3925.429931640625,29718.240234375,24.170000076293945,13597.9697265625,29671.69921875
2021-02-25,15079.849609375,15176.5,15065.349609375,15097.349609375,803900.0,59.34592108008339,177.77872864192614,-50.316128775503756,228.0948574174299,41.52136797468984,30.13969108176702,14912.114990234377,14427.965,12080.871503906248,14964.786387898701,14787.007659256775,24.69380606316736,244.1669523242528,50940000.0,0.007699213013950157,0.007669725331353619,111.150390625,-17.5,66.87999725341797,1774.4000244140625,72.4000015258789,31402.009765625,6652.0,13879.330078125,3829.340087890625,30074.169921875,22.889999389648438,13119.4296875,30168.26953125
2021-02-26,14888.599609375,14919.4501953125,14467.75,14529.150390625,1103600.0,44.75630553826172,129.85834440160215,-78.5892104126622,208.44755481426435,40.60067473140289,35.42611894453222,14956.842529296877,14444.89400390625,12107.803505859374,14897.765465241207,14767.907120839605,24.08716458127352,271.69785639930615,49836400.0,-0.03763569324758598,-0.03836220275630364,451.7001953125,359.44921875,66.12999725341797,1728.0999755859375,73.1509017944336,30932.369140625,6483.39990234375,13786.2900390625,3811.14990234375,28980.2109375,28.139999389648438,13192.349609375,28966.009765625
2021-03-01,14702.5,14806.7998046875,14638.5498046875,14761.5498046875,507300.0,50.1539334829705,109.37300123936438,-79.25964285991998,188.63264409928436,33.59427405063514,38.572105585575954,14980.860009765627,14465.31099609375,12135.927006835936,14876.809209771405,14767.43620853204,23.523854633800667,272.12296766096284,50343700.0,0.015995389118723446,0.01586881087701919,168.25,-59.0498046875,63.689998626708984,1722.5,73.59590148925781,31535.509765625,6588.5,14012.8203125,3901.820068359375,29452.5703125,25.6299991607666,13588.830078125,29663.5
2021-03-02,14865.2998046875,14959.099609375,14760.7998046875,14919.099609375,621700.0,53.47283485676186,104.64489057462742,-67.19020281972556,171.83509339435298,27.888997395833336,34.02798205929045,14994.422509765627,14488.4819921875,12166.406254882811,14883.315425095036,14778.670534520408,22.388326933812408,266.84988459142977,50965400.0,0.010672985341787733,0.010616431079728933,198.2998046875,-53.7998046875,62.70000076293945,1733.0999755859375,73.30940246582031,31391.51953125,6613.7998046875,14039.7998046875,3870.2900390625,29095.859375,23.610000610351562,13358.7900390625,29408.169921875
2021-03-03,15064.400390625,15273.150390625,14995.7998046875,15245.599609375,544200.0,59.49221716006579,125.79358004727328,-36.83321067766377,162.62679072493705,52.66248352135201,38.04858498927349,15017.204980468752,14526.8259765625,12198.238754882812,14939.0514534458,14813.257873398526,21.32676200424025,273.07852006704195,51509600.0,0.021884698711632122,0.02164866615239294,277.3505859375,-181.19921875,64.06999969482422,1715.300048828125,73.27749633789062,31270.08984375,6675.5,14080.0302734375,3819.719970703125,29880.419921875,22.09000015258789,12997.75,29559.099609375
2021-03-04,15026.75,15202.349609375,14980.2001953125,15080.75,534900.0,55.5822687688978,127.77912484011722,-27.878132707855883,155.6572575479731,63.699834673236516,48.083771863473956,15026.4599609375,14559.114980468748,12228.309755859374,14960.851229838754,14833.072104998637,20.283611055283078,272.530012495289,50974700.0,-0.010812930524138231,-0.010871815118793142,222.1494140625,-54.0,66.73999786376953,1700.199951171875,72.88069915771484,30924.140625,6650.89990234375,14056.33984375,3768.469970703125,29236.7890625,24.149999618530273,12723.4697265625,28930.109375
2021-03-05,14977.9501953125,15092.349609375,14862.099609375,14938.099609375,640700.0,52.37451787359845,116.49906039900998,-31.326557719170523,147.8256181181805,64.35681945885202,60.23971255114685,15027.152441406251,14585.85498046875,12257.46900390625,14957.350980536638,14840.851920137628,18.87707101453144,269.5100116027684,50334000.0,-0.009459104528952489,-0.009504125991607463,230.25,39.8505859375,69.36000061035156,1698.0,73.13179779052734,31496.30078125,6630.5,13920.6904296875,3841.93994140625,29098.2890625,25.559999465942383,12920.150390625,28864.3203125
2021-03-08,15002.4501953125,15111.150390625,14919.900390625,14956.2001953125,0.0,52.74716398684588,107.77769983875442,-32.03833462354086,139.81603446229528,56.693198924555574,61.58328435221469,15019.172460937501,14609.993984375,12287.05375488281,14957.173936656001,14849.396236817247,17.640243657317406,263.9200107739992,50334000.0,0.0012117060677612201,0.001210972544447202,191.25,46.25,68.23999786376953,1677.699951171875,73.1333999633789,31802.439453125,6719.10009765625,14380.91015625,3821.35009765625,28540.830078125,24.68000030517578,12609.16015625,28743.25
2021-03-09,15049.900390625,15126.849609375,14925.4501953125,15098.400390625,675300.0,55.681022622374385,111.06009446931057,-23.00475199438776,134.06484646369833,61.597700802776195,60.88257306206126,15018.627490234378,14634.49798828125,12317.4005078125,14978.901083420464,14867.840988951153,16.552887749159083,259.45425386603495,51009300.0,0.00950777560179139,0.009462861169810146,201.3994140625,-48.5,67.5199966430664,1716.5999755859375,73.33000183105469,31832.740234375,6730.2998046875,14437.9404296875,3875.43994140625,28773.23046875,22.5,13073.8203125,29027.939453125
2021-03-10,15202.150390625,15218.4501953125,15100.849609375,15174.7998046875,404600.0,57.217929733264356,118.46066922507998,-12.483341790894684,130.94401101597467,74.59675291974281,64.29588421569153,15022.042480468752,14659.3419921875,12346.699755859376,15009.039348230777,14890.578679005697,15.904231494773672,249.49679321042532,51413900.0,0.005060099883821945,0.005047340602462587,117.6005859375,27.3505859375,67.9000015258789,1721.5,72.7759017944336,32297.01953125,6725.60009765625,14540.25,3898.81005859375,28907.51953125,20.75,13068.830078125,29036.560546875
2021-03-12,15321.150390625,15336.2998046875,14953.599609375,15030.9501953125,493200.0,53.45885561204956,111.43367867931556,-15.608265869327298,127.04194454864286,76.97835631761069,71.0576033467099,15014.925000000001,14680.321992187499,12374.404008789063,15012.410247781812,14900.976569102497,14.866225540742972,259.0113219320021,50920700.0,-0.009479506235763657,-0.009524722735275023,382.7001953125,290.2001953125,69.22000122070312,1719.5,72.63899993896484,32778.640625,6761.5,14502.3896484375,3943.340087890625,28739.720703125,21.709999084472656,13319.8603515625,29717.830078125
2021-03-15,15048.400390625,15048.400390625,14745.849609375,14929.5,467500.0,50.918172832718575,96.56540921050328,-24.38122827051167,120.94663748101495,68.59856060960692,73.39122328232014,15003.235009765625,14699.2769921875,12401.150009765626,14999.65482504615,14903.089415835646,14.685295946795074,262.1212833118591,50453200.0,-0.006749419963093084,-0.006772300308835674,302.55078125,118.900390625,68.87999725341797,1728.9000244140625,72.68299865722656,32953.4609375,6749.7001953125,14461.419921875,3968.93994140625,28833.759765625,21.229999542236328,13459.7099609375,29766.970703125
2021-03-16,14996.099609375,15051.599609375,14890.650390625,14910.4501953125,100.0,50.43347397750248,82.29637709649796,-30.920208307613592,113.21658540411156,56.325704551970716,67.3008738263961,14983.022509765626,14717.11599609375,12426.571508789064,14985.931035856356,14903.634658759858,14.50252871335155,254.8947072717263,50453100.0,-0.001275984104457617,-0.0012767988653300596,160.94921875,85.6494140625,68.38999938964844,1730.5999755859375,72.51529693603516,32825.94921875,6803.60009765625,14557.580078125,3962.7099609375,29027.689453125,20.190000534057617,13471.5703125,29921.08984375
2021-03-17,14946.5498046875,14956.5498046875,14696.0498046875,14721.2998046875,100.0,45.77416985677097,55.09016548044019,-46.5011359389371,101.59130141937729,44.44189589552448,56.455387019034035,14953.414990234376,14728.883984375,12450.282509765624,14945.218538753456,14890.128373273015,15.007871760200958,255.29508532374587,50453000.0,-0.012685759862868795,-0.01276691115553913,260.5,225.25,68.0,1726.800048828125,72.5156021118164,33015.37109375,6762.7001953125,14596.6103515625,3974.1201171875,29034.119140625,20.15999984741211,13525.2001953125,29914.330078125
2021-03-18,14855.5,14875.2001953125,14478.599609375,14557.849609375,542200.0,42.150352738283715,20.108187346286286,-65.18649125847281,85.2946786047591,30.178642035690928,43.64874749439537,14920.862451171875,14736.0509765625,12472.764008789061,14885.623318849077,14865.51513150279,16.119018745943983,265.38833536758546,49910800.0,-0.011102973071742905,-0.011165071153974405,396.6005859375,297.650390625,63.279998779296875,1732.199951171875,72.29560089111328,32862.30078125,6779.7001953125,14775.51953125,3915.4599609375,29405.720703125,20.079999923706055,13116.169921875,30216.75
2021-03-19,14471.150390625,14788.25,14350.099609375,14744.0,919200.0,47.27028710204246,7.321105298487964,-62.378858645016905,69.69996394350487,26.50236825775267,33.707635396322694,14902.11494140625,14748.005976562501,12496.338510742185,14863.83511594922,14856.514010650732,17.48790611543691,277.7284821716865,50830000.0,0.012786942826028547,0.012705880170274957,438.150390625,-272.849609375,64.52999877929688,1741.4000244140625,72.6688003540039,32627.970703125,6708.7001953125,14621.0,3913.10009765625,28990.939453125,19.989999771118164,13215.240234375,29792.05078125
2021-03-22,14736.2998046875,14763.900390625,14597.849609375,14736.400390625,459000.0,47.08706523560246,-3.386931871993511,-58.46951665239871,55.0825847804052,29.82847124971037,28.83649384771799,14889.8474609375,14759.986992187502,12519.309760742186,14844.229773591647,14847.61670546364,18.759015815680343,269.7515035344232,50371000.0,-0.000515437423697751,-0.0005155703072306843,166.05078125,-0.1005859375,64.62000274658203,1737.800048828125,72.40499877929688,32731.19921875,6726.10009765625,14657.2099609375,3940.590087890625,28885.33984375,20.489999771118164,13377.5400390625,29174.150390625
2021-03-23,14768.5498046875,14878.599609375,14707.0,14814.75,474200.0,49.27020923718001,-5.4877108802393195,-48.45623652851562,42.9685256482763,42.075688364860525,32.802175957441186,14896.799951171877,14769.3369921875,12542.546259765622,14839.694423808316,14845.182134688555,19.30411135128255,262.74065395160727,50845200.0,0.00531673999743143,0.005302656033791128,171.599609375,-46.2001953125,60.790000915527344,1724.699951171875,72.38050079345703,32423.150390625,6699.2001953125,14662.01953125,3910.52001953125,28497.380859375,20.670000076293945,13227.7001953125,28995.919921875
2021-03-24,14712.4501953125,14752.349609375,14535.0,14549.400390625,456400.0,42.82568125412534,-28.23857255045732,-56.965678558986895,28.727106008529578,35.49826759708437,35.80080907055175,14888.879980468751,14770.630000000001,12565.060009765624,14795.033803318574,14823.272375869032,20.314874015699715,263.9556072407782,50388800.0,-0.017911176994211853,-0.018073523592070435,217.349609375,163.0498046875,64.41000366210938,1732.9000244140625,72.61219787597656,32420.060546875,6712.89990234375,14610.3896484375,3889.139892578125,27918.140625,22.459999084472656,12961.8896484375,28405.51953125
2021-03-25,14570.900390625,14575.599609375,14264.400390625,14324.900390625,606800.0,38.26536329367629,-63.650346536518555,-73.90196203603851,10.251615499519954,24.322788000575922,33.96558132084027,14856.025000000001,14765.859003906251,12586.103759765625,14722.705585981103,14786.355932517621,21.91822830408005,267.33015092000835,49782000.0,-0.015430189146808937,-0.015550473459416195,311.19921875,246.0,61.95000076293945,1724.9000244140625,72.64559936523438,32619.48046875,6674.7998046875,14621.3603515625,3909.52001953125,27899.609375,22.700000762939453,12977.6796875,28729.880859375
2021-03-26,14506.2998046875,14572.900390625,14414.25,14507.2998046875,481000.0,43.527029053099135,-76.11887322105395,-69.09639097645912,-7.022482244594826,16.171265930320253,25.33077384266018,14826.522509765626,14764.7080078125,12609.130258789062,14689.566235012855,14765.685108233909,23.407057286147502,265.94942585429345,50263000.0,0.012733031929623273,0.012652648509180619,158.650390625,-1.0,64.56999969482422,1732.199951171875,72.61280059814453,33072.87890625,6740.60009765625,14748.9404296875,3974.5400390625,28336.4296875,20.649999618530273,13138.73046875,29176.69921875
2021-03-30,14628.5,14876.2998046875,14617.599609375,14845.099609375,594500.0,51.73195567384935,-58.07321742080421,-40.84058814096751,-17.232629279836704,27.493208822077968,22.662420917658046,14842.319970703127,14769.6980078125,12633.49125488281,14713.494446453185,14771.56766387399,23.22037950169176,273.31018115041536,50857500.0,0.02328481586755049,0.023017860602701366,258.7001953125,-216.599609375,64.13999938964844,1683.9000244140625,72.74189758300781,33066.9609375,6772.10009765625,15008.6103515625,3958.550048828125,28577.5,20.489999771118164,13045.3896484375,29432.69921875
2021-03-31,14811.849609375,14813.75,14670.25,14690.7001953125,463900.0,48.279205786145795,-55.58984243219675,-30.68577052188803,-24.904071910308716,38.86864821774285,27.51104099004702,14838.777490234375,14774.838007812501,12657.876254882813,14709.987638585388,14765.577481017584,23.04703584469714,266.2772831664571,50393600.0,-0.010400699094332388,-0.010455164345430578,143.5,121.1494140625,63.540000915527344,1713.800048828125,73.44529724121094,32981.55078125,6713.60009765625,15008.33984375,3972.889892578125,28378.349609375,20.649999618530273,13246.8701171875,29178.80078125
2021-04-01,14798.400390625,14883.2001953125,14692.4501953125,14867.349609375,445000.0,52.20928235629038,-38.91898463918733,-11.211930183102886,-27.707054456084443,50.06527730326842,38.80904478102974,14836.189990234376,14786.55900390625,12682.643002929686,14734.19717255302,14773.116157192208,22.54743360034617,261.0074772259959,50838600.0,0.012024574166918489,0.011952853344086897,190.75,-68.94921875,64.86000061035156,1726.5,73.20349884033203,33153.2109375,6737.2998046875,15107.169921875,4019.8701171875,28938.740234375,19.989999771118164,13480.1103515625,29388.869140625
2021-04-05,14837.7001953125,14849.849609375,14459.5,14637.7998046875,509700.0,47.19111151067945,-43.725915407323555,-12.815088760991287,-30.910826646332268,47.818320390239705,45.58408197041699,14805.800000000001,14788.8919921875,12706.42625,14719.366808266017,14763.09272367334,22.82807106131914,271.4962009509248,50328900.0,-0.015439860548026041,-0.015560296479187625,390.349609375,199.900390625,62.150001525878906,1727.0,73.3759994506836,33527.19140625,6737.2998046875,15107.169921875,4077.909912109375,28938.740234375,21.219999313354492,13705.58984375,30089.25
2021-04-06,14737.0,14779.099609375,14573.900390625,14683.5,475300.0,48.257392922471496,-43.34812860064994,-9.949841563454143,-33.3982870371958,52.307929718503765,50.06384247067062,14785.9375,14789.66798828125,12729.385498046875,14713.848837763553,14757.196966364203,23.088662989365467,266.7607022222873,50804200.0,0.003122067245233451,0.0031172037135109875,205.19921875,53.5,62.7400016784668,1741.5,73.27950286865234,33430.23828125,6823.60009765625,15212.6796875,4073.93994140625,28938.740234375,20.84000015258789,13698.3798828125,29696.630859375
2021-04-07,14716.4501953125,14879.7998046875,14649.849609375,14819.0498046875,0.0,51.392372791989644,-31.745056186155125,1.3225846808325414,-33.06764086698767,60.26919844536264,53.465149518035375,14779.985009765627,14794.2419921875,12752.258745117186,14730.0336019057,14761.778658091855,22.80121277912458,264.13138030015966,50804200.0,0.009231436965811968,0.0091890876818974,229.9501953125,-102.599609375,63.15999984741211,1740.0999755859375,73.48999786376953,33446.26171875,6885.2998046875,15176.3603515625,4079.949951171875,28674.80078125,20.25,13688.83984375,29730.7890625
2021-04-08,14875.650390625,14984.150390625,14821.099609375,14873.7998046875,514800.0,52.64051293179068,-17.92504154589915,12.114079456870815,-30.039121002769964,72.68062859859025,61.752585587485555,14775.864990234375,14804.279980468751,12775.071743164062,14752.151479256745,14770.076520802644,22.012239539867437,257.0577521313983,51319000.0,0.0036945688638336804,0.003687760707936765,163.05078125,1.8505859375,63.20000076293945,1756.800048828125,74.40149688720703,33503.5703125,6942.2001953125,15202.6796875,4097.169921875,29008.0703125,20.309999465942383,13829.3095703125,29708.98046875
2021-04-09,14882.650390625,14918.4501953125,14785.650390625,14834.849609375,504100.0,51.624899702552696,-10.000258857851804,16.03108971593453,-26.031348573786335,81.35304370580774,71.43429024992021,14762.687451171876,14816.198964843752,12796.890991210938,14764.874268505708,14774.87452736356,21.418065199071197,248.1821844568341,50814900.0,-0.0026187118170183377,-0.0026221466406612408,132.7998046875,47.80078125,62.95000076293945,1743.300048828125,74.54450225830078,33800.6015625,6915.7998046875,15234.16015625,4128.7998046875,28698.80078125,19.790000915527344,13900.1904296875,29768.060546875
2021-04-12,14644.650390625,14652.5,14248.7001953125,14310.7998046875,650200.0,40.346211216582596,-45.48196329262464,-15.560491775070645,-29.921471517553996,57.456179517447005,70.49661727394833,14719.487451171877,14823.0649609375,12816.918491210938,14695.016658687522,14740.498621980147,22.492441074829653,272.32270085723883,50164700.0,-0.03532558930400764,-0.03596463281723922,403.7998046875,333.8505859375,63.279998779296875,1731.199951171875,74.72949981689453,33745.3984375,6889.10009765625,15215.0,4127.990234375,28453.279296875,23.0,13850.0,29538.73046875
2021-04-13,14364.900390625,14528.900390625,14274.900390625,14504.7998046875,605100.0,45.125707867661625,-57.28692302593663,-21.892361206706106,-35.394561819230525,40.84082922979683,59.88335081768386,14693.179931640627,14836.8099609375,12837.997988281251,14665.752527302902,14723.039450328839,23.490075816605362,271.0139365102932,50769800.0,0.013556195506029933,0.013465132344700306,254.0,-139.8994140625,63.66999816894531,1746.199951171875,74.99099731445312,33677.26953125,6890.5,15234.3603515625,4141.58984375,28497.25,20.459999084472656,13996.099609375,29751.609375
2021-04-15,14522.400390625,14597.5498046875,14353.2001953125,14581.4501953125,568000.0,46.93476203746971,-59.76841959874764,-19.499086223613688,-40.269333375133954,29.50343535152213,42.600148032921986,14675.777441406251,14855.746972656249,12858.990239257813,14652.782937765918,14712.551357364666,24.04957363075862,269.1093417149151,51337800.0,0.005284484560774683,0.005270570669209097,244.349609375,-59.0498046875,66.94000244140625,1765.4000244140625,75.0261001586914,34035.98828125,6983.5,15255.330078125,4170.419921875,28793.140625,20.889999389648438,14038.759765625,29642.689453125
2021-04-16,14599.599609375,14697.7001953125,14559.0,14617.849609375,577200.0,47.81458737704418,-58.127833517204635,-14.28680011365654,-43.841033403548096,43.42007247367883,37.92144568499926,14661.147412109376,14862.4799609375,12880.517485351564,14647.40857955193,14705.536413069134,24.0453770722797,259.79440268617117,51915000.0,0.002496282165007191,0.0024931716281266104,138.7001953125,-18.25,66.7699966430664,1779.0,74.72740173339844,34200.671875,7019.5,15459.75,4185.47021484375,28969.7109375,20.399999618530273,14052.33984375,29683.369140625
2021-04-19,14306.599609375,14382.2998046875,14191.400390625,14359.4501953125,512300.0,42.43562212847572,-76.79310727007214,-26.36165909321923,-50.43144817685291,38.878799198006746,37.26743567440256,14643.054931640627,14856.711972656249,12900.80423828125,14603.10728966894,14679.900396939012,25.023072177710528,271.6983181193018,51402700.0,-0.017676978554819645,-0.01783508230882999,190.8994140625,-52.8505859375,67.05000305175781,1769.4000244140625,74.56320190429688,34077.62890625,7000.10009765625,15368.3896484375,4163.259765625,29106.150390625,22.489999771118164,13914.76953125,29685.369140625
2021-04-20,14526.7001953125,14526.9501953125,14207.2998046875,14296.400390625,467400.0,41.21721106794853,-95.57137617095213,-36.11194239527937,-59.459433775672764,28.212344845544592,36.83707217241005,14629.982470703128,14846.8409765625,12920.135991210936,14555.921612892947,14651.4929890639,25.23081348827257,275.1234661554231,50935300.0,-0.004390823034999047,-0.0044004910090830246,319.650390625,230.2998046875,66.56999969482422,1777.300048828125,74.8781967163086,33821.30078125,6859.89990234375,15129.509765625,4134.93994140625,29135.73046875,22.43000030517578,13786.26953125,29100.380859375
2021-04-22,14219.150390625,14424.75,14151.400390625,14406.150390625,524600.0,44.219491101901745,-100.43957686342401,-32.78411447020099,-67.65546239322302,21.678260867931577,29.58980163716097,14613.089990234377,14837.0509765625,12939.4082421875,14532.879886390187,14633.31946325361,25.571789102160267,274.9967620996786,51459900.0,0.007676757575422188,0.007647441212800463,273.349609375,-187.0,65.4000015258789,1781.199951171875,75.42949676513672,33815.8984375,6938.2001953125,15320.51953125,4134.97998046875,28755.33984375,23.030000686645508,13818.41015625,29188.169921875
2021-04-23,14326.349609375,14461.150390625,14273.2998046875,14341.349609375,498100.0,42.82859331035503,-108.27837674369766,-32.498331480379704,-75.78004526331796,22.215440087862827,24.03534860044633,14593.337451171876,14825.39296875,12958.0782421875,14503.413689926312,14611.69206667001,25.704798392254315,268.7720352309516,50961800.0,-0.004498133053794207,-0.004508280094204329,187.8505859375,-15.0,66.11000061035156,1777.0,75.0916976928711,34043.48828125,6938.60009765625,15279.6201171875,4180.169921875,29078.75,22.690000534057617,14016.8095703125,29020.630859375
2021-04-26,14449.4501953125,14557.5,14421.2998046875,14485.0,452700.0,46.82183911261715,-101.72665458586562,-20.75728745803812,-80.9693671278275,31.15376075753027,25.015820571108225,14576.849951171875,14812.776972656251,12976.684990234375,14500.580814553034,14602.3074691389,25.34263785470126,265.0133463305265,51414500.0,0.010016518287169873,0.009966685459202936,136.2001953125,-35.5498046875,65.6500015258789,1779.199951171875,74.86810302734375,33981.5703125,6963.10009765625,15296.33984375,4187.6201171875,28952.830078125,23.5,14138.7802734375,29126.23046875
2021-04-27,14493.7998046875,14667.5498046875,14484.849609375,14653.0498046875,451800.0,51.122835276381096,-82.02857839498938,-0.8473690137295051,-81.18120938125988,41.03665534624237,31.468618730545153,14582.032421875001,14803.651972656251,12995.951987304687,14524.037582266028,14606.066160661017,24.475651594781315,259.1338355435246,51866300.0,0.011601643402658013,0.011534860370141113,182.7001953125,-159.25,66.41999816894531,1778.0,74.81490325927734,33984.9296875,6945.0,15249.26953125,4186.72021484375,28941.5390625,23.079999923706055,14090.2197265625,28991.890625
2021-04-28,14710.5,14890.25,14694.9501953125,14864.5498046875,457000.0,55.951468507380135,-48.78901923239391,25.913752119092777,-74.70277135148669,61.97932302611829,44.7232463766303,14609.014892578129,14798.81296875,13016.745986328124,14576.424078023178,14625.213097255571,22.741066352474807,257.56714695559424,52323300.0,0.014433855260107098,0.014330678808834763,195.2998046875,-154.0498046875,67.2699966430664,1773.199951171875,74.57499694824219,33820.37890625,6963.7001953125,15292.1796875,4183.18017578125,29071.33984375,22.579999923706055,14051.0302734375,29053.970703125
2021-04-29,14979.0,15044.349609375,14814.4501953125,14894.900390625,517500.0,56.61385379922989,-19.76949999338285,43.94661708648307,-63.716117079865924,76.38046247241888,59.79881361492651,14628.394921875002,14793.24498046875,13037.153237304687,14625.420433808073,14645.189933801455,21.70810732870684,255.59088032037323,52840800.0,0.0020418099664161193,0.002039728305535653,229.8994140625,84.099609375,68.55999755859375,1768.0999755859375,74.31179809570312,34060.359375,6961.5,15154.2001953125,4211.47021484375,29303.259765625,23.309999465942383,14082.5498046875,29053.970703125
2021-04-30,14747.349609375,14855.4501953125,14601.7001953125,14631.099609375,613900.0,49.62827907258444,-17.852052940101203,36.691251311811776,-54.54330425191298,74.20735406888625,70.85571318914113,14617.694921875001,14782.6009765625,13056.468486328125,14626.294153126062,14644.146206066163,20.397790164625132,258.27725996266804,52226900.0,-0.017710812045177438,-0.017869525228607498,253.75,116.25,67.25,1767.300048828125,74.10579681396484,33874.8515625,6969.7998046875,15135.91015625,4181.169921875,28724.880859375,23.030000686645508,13962.6796875,28812.630859375
2021-05-03,14481.0498046875,14673.849609375,14416.25,14634.150390625,448900.0,49.70556830664794,-15.902970243769232,30.912267206514997,-46.81523745028423,63.68220360608645,71.42334004913052,14614.867431640625,14768.98998046875,13075.625737304686,14627.502805048975,14643.405775292744,19.813944965734592,258.2288563492632,52675800.0,0.00020851346320172048,0.0002084917272909865,257.599609375,-153.1005859375,67.55999755859375,1791.4000244140625,74.09480285644531,34113.23046875,6969.7998046875,15236.4697265625,4192.66015625,28357.5390625,23.690000534057617,13895.1201171875,28812.630859375
2021-05-04,14687.25,14723.400390625,14461.5,14496.5,503400.0,46.25683809977795,-25.175338662667855,17.3119190300931,-42.487257692760956,48.81012270609593,62.23322679368954,14596.324951171875,14752.650976562501,13095.07148925781,14607.348527349133,14632.523866011801,19.06575721465357,258.4911087975301,52172400.0,-0.00940610742344028,-0.009450624224999165,261.900390625,190.75,68.87999725341797,1775.800048828125,73.8375015258789,34133.03125,6923.2001953125,14856.48046875,4164.66015625,28557.140625,23.010000228881836,13633.5,28812.630859375
2021-05-05,14604.150390625,14637.900390625,14506.599609375,14617.849609375,455900.0,49.57821392765082,-22.47280560866966,16.011561667273035,-38.484367275942695,48.31550704666914,53.602611119617166,14595.32744140625,14740.8299609375,13115.069736328125,14608.964078430035,14631.436884038705,18.37101144579262,250.12748607092084,52628300.0,0.0083709591539336,0.008336116981918119,131.30078125,-13.69921875,68.95999908447266,1784.0999755859375,73.77890014648438,34230.33984375,7039.2998046875,15170.7802734375,4167.58984375,28417.98046875,23.010000228881836,13582.419921875,28812.630859375
2021-05-06,14668.349609375,14743.900390625,14611.5,14724.7998046875,467800.0,52.37195069837589,-11.56769654589516,21.533336584038032,-33.10103312993319,51.699402874078615,49.60834420894789,14597.392431640626,14732.946953125002,13134.993984375,14626.784959392722,14638.352655938617,17.257691226123878,241.71840782478367,53096100.0,0.0073164109749706,0.007289775876840782,132.400390625,-56.4501953125,68.08999633789062,1815.5,73.79940032958984,34548.53125,7076.2001953125,15196.740234375,4201.6201171875,28637.4609375,22.040000915527344,13632.83984375,29331.369140625
2021-05-07,14816.849609375,14863.0498046875,14765.5,14823.150390625,488000.0,54.84943277999709,4.953648709652043,30.44374547166819,-25.490096762016147,63.893093316418415,54.63600107905539,14597.5974609375,14729.774960937502,13154.601235351562,14656.995025736149,14652.041377026497,16.322842099130916,234.32780726587055,53584100.0,0.006679247748155426,0.006657040403640492,97.5498046875,-6.30078125,68.27999877929688,1831.0999755859375,73.61519622802734,34777.76171875,7129.7001953125,15399.650390625,4232.60009765625,28610.650390625,20.81999969482422,13752.240234375,29357.8203125
2021-05-10,14928.25,14966.900390625,14892.5,14942.349609375,522000.0,57.71997602071353,27.350040377565165,42.27210971166505,-14.922069334099888,76.00651078690844,63.86633565913515,14601.024951171876,14735.10794921875,13174.201982421873,14700.895730911358,14673.545690533792,15.863522751890965,227.85796388973694,54106100.0,0.008041422748121585,0.008009262800994111,74.400390625,-14.099609375,68.31999969482422,1837.5,73.29029846191406,34742.8203125,7123.7001953125,15400.41015625,4188.43017578125,28595.66015625,20.229999542236328,13401.8603515625,29518.33984375
2021-05-11,14789.7001953125,14900.0,14771.400390625,14850.75,647400.0,54.83486482619339,37.278298168635956,41.76029400218867,-4.481995833552719,80.70816655365749,73.53592355232811,14601.819970703127,14737.966953125,13192.644482421874,14723.950233848072,14686.671935679437,14.88943912697554,223.7930535226129,53458700.0,-0.006130201191218876,-0.006149068019026527,128.599609375,-61.0498046875,68.55000305175781,1835.9000244140625,73.5,34269.16015625,6948.0,15119.75,4152.10009765625,28013.810546875,20.229999542236328,13389.4296875,28608.58984375
2021-05-12,14823.5498046875,14824.0498046875,14649.7001953125,14696.5,643800.0,50.27737947013724,32.327180504447824,29.447341070400434,2.8798394340473905,73.92749698602194,76.88072477552927,14621.10498046875,14732.256953125001,13210.463984375001,14719.72712094837,14687.399940443922,14.17946159176089,222.16853574867625,52814900.0,-0.0103866808073666,-0.0104409988264523,174.349609375,127.0498046875,69.31999969482422,1822.5999755859375,73.3750991821289,33587.66015625,7004.60009765625,15150.2197265625,4063.0400390625,28231.0390625,20.079999923706055,13031.6796875,28147.509765625
2021-05-14,14749.400390625,14749.650390625,14591.900390625,14677.7998046875,620700.0,49.73767054610983,26.58794532376305,18.96648471177253,7.621460611990523,58.282255382579606,70.97263964075302,14629.754980468751,14723.86595703125,13227.775732421876,14713.276764600543,14686.68881927678,13.75551267381518,217.56721176662793,52194200.0,-0.0012724250884564858,-0.001273235308628596,157.75,71.6005859375,68.70999908447266,1837.9000244140625,73.44490051269531,34382.12890625,7043.60009765625,15416.6396484375,4173.85009765625,28027.5703125,20.270000457763672,13429.98046875,28084.470703125
2021-05-17,14756.25,14938.0,14725.349609375,14923.150390625,546400.0,56.357174760828514,41.36052352965271,26.99125033412975,14.369273195522961,59.07716951189194,63.76230729349783,14646.839990234375,14731.74595703125,13246.420732421873,14745.565014758153,14704.2044912285,13.022552363757546,220.61242487704737,52740600.0,0.01671576048197254,0.016577589783995917,212.650390625,-166.900390625,69.45999908447266,1867.5,73.27890014648438,34327.7890625,7032.89990234375,15396.6201171875,4163.2900390625,28194.08984375,19.610000610351562,13379.0498046875,27824.830078125
2021-05-18,15067.2001953125,15137.25,15043.7001953125,15108.099609375,583900.0,60.572509532602574,67.21691964788806,42.27811716189208,24.938802485995986,72.76740837790358,63.37561109079171,14671.352490234374,14738.676953125,13266.302231445312,14801.33956777613,14734.122648128241,13.099918651049602,220.14722376975828,53324500.0,0.012393443335275034,0.012317273309973075,93.5498046875,-40.8994140625,68.70999908447266,1867.800048828125,73.26969909667969,34060.66015625,7034.2001953125,15386.580078125,4127.830078125,28593.810546875,19.239999771118164,13303.6396484375,28406.83984375
2021-05-19,15058.599609375,15133.400390625,15008.849609375,15030.150390625,569100.0,58.02857983713521,80.49060377587557,44.441441031903665,36.049162743971905,87.26881907056753,73.03779898678768,14704.8875,14740.89796875,13284.950234375,14836.541232829803,14756.050629053927,13.006372385172883,213.31890644691842,52755400.0,-0.005159432408138875,-0.005172788238334181,124.55078125,28.44921875,66.66000366210938,1881.300048828125,73.1281967163086,33896.0390625,6950.2001953125,15113.5595703125,4115.68017578125,28593.810546875,19.31999969482422,13299.740234375,28044.44921875
2021-05-20,15042.599609375,15069.7998046875,14884.900390625,14906.0498046875,480300.0,54.130771305358856,80.07318016859062,35.219213939694974,44.85396622889565,83.0120113124133,81.01607958696147,14735.369970703126,14734.10697265625,13303.466235351563,14847.234859269449,14767.161679100858,12.343659125824532,211.28894270517424,52275100.0,-0.00825677606093067,-0.008291052039504188,184.8994140625,136.5498046875,65.11000061035156,1881.800048828125,73.222900390625,34084.1484375,7019.7998046875,15370.259765625,4159.1201171875,28450.2890625,19.31999969482422,13535.740234375,28098.25
2021-05-21,14987.7998046875,15190.0,14985.849609375,15175.2998046875,572900.0,60.35311745671549,100.31225648574764,44.36663220548159,55.94562428026605,83.72640675437971,84.66907904578684,14773.82744140625,14735.99796875,13323.831982421874,14897.706389333765,14797.394132848018,12.209912293736254,216.4790321771261,52848000.0,0.01806313567497475,0.01790193553229923,204.150390625,-187.5,66.44000244140625,1876.699951171875,73.02189636230469,34207.83984375,7018.10009765625,15437.509765625,4155.85986328125,28458.439453125,19.079999923706055,13470.990234375,28317.830078125
2021-05-24,15211.349609375,15256.25,15145.4501953125,15197.7001953125,579800.0,60.82919726773416,116.8128487899503,48.69377960774739,68.1190691822029,86.22215434034754,84.32019080238018,14816.644970703124,14741.189980468751,13344.453232421874,14943.859282561263,14827.046433771313,12.340961671517745,208.9305159278671,53427800.0,0.001476108604989923,0.0014750202275935762,110.7998046875,13.6494140625,68.45999908447266,1884.5999755859375,72.90979766845703,34393.98046875,7051.60009765625,15437.509765625,4197.0498046875,28412.259765625,19.1299991607666,13661.169921875,28364.609375
2021-05-25,15291.75,15293.849609375,15163.400390625,15208.4501953125,441500.0,61.070790000920425,129.2670125748391,48.91835471410894,80.34865786073016,93.2950835075198,87.74788153408235,14852.817480468748,14746.234980468751,13366.037485351562,14984.565576830684,14855.298564255845,12.608860922458332,203.3247089865909,53869300.0,0.0007073438653115716,0.0007070938155468382,130.44921875,83.2998046875,68.6500015258789,1898.0999755859375,72.83660125732422,34312.4609375,7029.7998046875,15465.08984375,4188.1298828125,28910.859375,19.1299991607666,13657.169921875,28553.98046875
2021-05-26,15257.0498046875,15319.900390625,15194.9501953125,15301.4501953125,384000.0,63.18618460982044,144.97022337411,51.69725241070387,93.27297096340612,93.08358224200549,90.86694002995762,14885.2375,14750.295976562502,13387.068486328126,15033.317056597116,14888.346833223006,12.962261263635334,197.72652943844156,54253300.0,0.006115021504864648,0.0060964006336564555,124.9501953125,-44.400390625,68.87000274658203,1901.300048828125,72.80490112304688,34323.05078125,7026.89990234375,15450.7197265625,4195.990234375,29166.009765625,20.8700008392334,13738.0,28642.189453125
2021-05-27,15323.9501953125,15384.5498046875,15272.5,15337.849609375,0.0,64.01048948817967,158.52488340275158,52.20152995147636,106.32335345127522,93.57538679389472,93.31801751447333,14908.902490234375,14753.55697265625,13408.249482421876,15080.168218562943,14921.643335160192,13.552936357228841,191.6067633848029,54253300.0,0.002378821196545866,0.0023759962804964516,112.0498046875,-13.8994140625,69.45999908447266,1895.699951171875,72.67250061035156,34464.640625,7019.7001953125,15406.73046875,4200.8798828125,29113.19921875,19.90999984741211,13736.2802734375,28549.009765625
2021-05-28,15421.2001953125,15469.650390625,15394.75,15435.650390625,468100.0,66.20037559774609,175.1398516342797,55.053198546403564,120.08665308787613,95.90014462328934,94.18637121972984,14935.939990234376,14761.650976562501,13429.426982421875,15134.857783495569,14959.717931861289,14.435840961937785,187.33490751803126,54721400.0,0.006376433707514062,0.006356190262519319,74.900390625,-14.4501953125,69.62999725341797,1902.5,72.68299865722656,34529.44921875,7022.60009765625,15519.98046875,4204.10986328125,29124.41015625,17.399999618530273,13748.740234375,29149.41015625
2021-05-31,15437.75,15606.349609375,15374.0,15582.7998046875,436000.0,69.23371841831984,197.8997959387907,62.250514280731664,135.64928165805904,95.97112128250008,95.14888423322805,14983.525000000001,14774.71697265625,13451.270732421875,15203.77194060202,15005.87214466323,15.749073598267872,190.5502433649576,55157400.0,0.009533088035724946,0.00948793489109113,232.349609375,-145.0498046875,69.62999725341797,1902.5,72.39350128173828,34529.44921875,7022.60009765625,15421.1298828125,4204.10986328125,29151.80078125,17.399999618530273,13748.740234375,28860.080078125
2021-06-01,15629.650390625,15660.75,15528.2998046875,15574.849609375,409600.0,68.8740772832657,212.84218919017258,61.75432602569083,151.08786316448175,95.25610259111123,95.70912283230021,15030.559960937502,14788.0049609375,13472.794228515626,15260.86081272094,15048.018623530768,17.15287463917592,186.4002399326392,54747800.0,-0.0005101904286871628,-0.000510320620107419,132.4501953125,54.80078125,70.25,1902.9000244140625,72.48719787597656,34575.30859375,7080.5,15567.3603515625,4202.0400390625,29468.0,17.389999389648438,13736.48046875,28814.33984375
2021-06-02,15520.349609375,15597.4501953125,15459.849609375,15576.2001953125,428600.0,68.90362953058339,222.23137948538533,56.91481305672286,165.31656642866247,93.9104974993341,95.04590712431514,15084.544970703126,14805.102968750001,13494.062729492189,15309.374563888874,15087.143184403489,17.977774147346324,182.91455036155784,55176400.0,8.67158252806366e-05,8.67120656808025e-05,137.6005859375,-55.8505859375,71.3499984741211,1907.5,72.8550033569336,34600.37890625,7108.0,15602.7099609375,4208.1201171875,29297.619140625,17.209999084472656,13756.330078125,28946.140625
2021-06-03,15655.5498046875,15705.099609375,15611.0,15690.349609375,410200.0,71.37715938535877,236.16096753949205,56.67552088866364,179.4854466508284,94.18248130498655,94.44969379847728,15138.169970703126,14827.752968750001,13515.972475585939,15367.986109348278,15131.825141808786,19.137593227983622,179.05632634019656,55586600.0,0.0073284506253876724,0.007301728008600275,94.099609375,-34.7998046875,71.30999755859375,1871.199951171875,72.96510314941406,34577.0390625,7064.39990234375,15632.669921875,4192.85009765625,28966.029296875,15.75,13614.509765625,29058.109375
2021-06-04,15712.5,15733.599609375,15622.349609375,15670.25,414200.0,70.31653037415758,242.779781733856,50.63546806642205,192.14431366743395,94.37328007742707,94.15541962724923,15185.442480468751,14846.27796875,13537.821474609376,15414.48824637162,15171.708464637764,20.315938637452042,174.21301731589682,55172400.0,-0.001281017305247989,-0.0012818385093088212,111.25,42.25,71.88999938964844,1889.800048828125,73.04419708251953,34756.390625,7069.0,15692.900390625,4229.89013671875,28918.099609375,15.9399995803833,13814.490234375,28941.51953125
2021-06-07,15725.099609375,15773.4501953125,15678.099609375,15751.650390625,394000.0,72.12316864083725,251.6922196655214,47.63832479846994,204.05389486705147,96.19226062634532,94.91600733625297,15231.86748046875,14866.58296875,13560.687724609375,15466.359345487526,15214.667125822005,21.554770610754716,169.14067288708276,55566400.0,0.0051945814919991395,0.0051811361952536165,95.3505859375,-26.55078125,71.48999786376953,1896.800048828125,72.90969848632812,34630.23828125,7077.2001953125,15677.150390625,4226.52001953125,28787.279296875,15.569999694824219,13881.7197265625,29019.240234375
2021-06-08,15773.900390625,15778.7998046875,15680.0,15740.099609375,378200.0,71.45853820839528,254.88518170981115,40.665029474207756,214.2201522356034,95.2509666527067,95.27216911882635,15271.754980468751,14885.089960937501,13583.152724609376,15508.473232239445,15253.588050529634,22.725277248139186,164.11632515854114,55188200.0,-0.0007333060957773752,-0.0007335750962069031,98.7998046875,33.80078125,72.22000122070312,1892.199951171875,72.80940246582031,34599.8203125,7095.10009765625,15640.599609375,4227.259765625,28781.380859375,15.229999542236328,13924.91015625,28963.560546875
2021-06-09,15766.2998046875,15800.4501953125,15566.900390625,15635.349609375,457900.0,65.55841319842135,246.12599035750463,25.524670497520987,220.60131985998365,90.9831815654359,94.14213628149597,15310.984960937501,14906.808945312501,13604.402724609376,15527.992674875684,15281.86668451818,22.89133282819946,169.07585941060964,54730300.0,-0.006654976944212576,-0.0066772200430738555,233.5498046875,130.9501953125,72.22000122070312,1893.199951171875,72.97530364990234,34447.140625,7081.0,15581.1396484375,4219.5498046875,28742.630859375,14.75,13911.75,28860.80078125
2021-06-10,15692.099609375,15751.25,15648.5,15737.75,298300.0,68.31279000482478,244.627213588803,19.220714983055444,225.40649860574754,88.61013657470697,91.61476159761652,15363.047460937501,14935.0659375,13626.04947265625,15560.263032587118,15315.635818998315,23.045527295398287,165.27761164020896,55028600.0,0.0065492869160790335,0.006527933518834105,102.75,-45.650390625,72.5199966430664,1894.199951171875,72.98529815673828,34466.23828125,7088.2001953125,15571.2197265625,4239.18017578125,28738.880859375,15.0,14020.330078125,28958.560546875
2021-06-11,15796.4501953125,15835.5498046875,15749.7998046875,15799.349609375,363000.0,69.87359463294037,245.57911272485035,16.13809129528221,229.44102142956814,88.25801379648863,89.2837773122105,15419.124951171878,14960.90693359375,13648.485219726563,15597.045582862178,15351.466470137328,23.588887443646243,160.45776828644404,55391600.0,0.003914130633349666,0.003906490354253145,85.75,-2.8994140625,72.69000244140625,1877.4000244140625,73.01229858398438,34479.6015625,7134.10009765625,15693.26953125,4247.43994140625,28842.130859375,14.100000381469727,14069.419921875,28948.73046875
2021-06-14,15791.400390625,15823.0498046875,15606.5,15811.849609375,392900.0,70.1944274241377,244.52343127616768,12.06592787727962,232.45750339888806,93.78067514380382,90.21627517166647,15463.559912109376,14980.24193359375,13670.686469726563,15630.092356171843,15385.568924895675,22.970110578988795,164.46434231509087,55784500.0,0.0007911718082738162,0.0007908589968395644,216.5498046875,-20.44921875,72.86000061035156,1864.0,73.23159790039062,34393.75,7146.7001953125,15673.6396484375,4255.14990234375,28842.130859375,14.720000267028809,14174.1396484375,29161.80078125
2021-06-15,15866.9501953125,15901.599609375,15842.400390625,15869.25,323300.0,71.68560132918923,245.48868715653225,10.424947006115332,235.06374015041692,95.25745550119049,92.43204814716097,15501.617431640627,15003.812929687501,13692.700468750001,15666.885839837712,15421.39715268118,22.798672680227185,159.12760357829868,56107800.0,0.003630213545097627,0.003623640223476974,59.19921875,-2.2998046875,73.98999786376953,1854.5,73.18080139160156,34299.328125,7172.5,15729.51953125,4246.58984375,28638.529296875,14.609999656677246,14072.8603515625,29441.30078125
2021-06-16,15847.5,15880.849609375,15742.599609375,15767.5498046875,340200.0,65.43879893560066,235.33451379392318,0.21661891480499662,235.11789487911818,88.58353845807868,92.540556367691,15538.487402343751,15021.81693359375,13714.17696777344,15682.372603660757,15447.038089866834,21.922779854196165,157.63634617984877,55767600.0,-0.006408632752808119,-0.006429256198967984,138.25,79.9501953125,74.38999938964844,1859.5,73.3447036743164,34033.671875,7185.0,15710.5703125,4223.7001953125,28436.83984375,14.869999885559082,14039.6796875,29291.009765625
2021-06-17,15648.2998046875,15769.349609375,15616.75,15691.400390625,357600.0,61.14246304472732,218.6224929288437,-13.196321560219587,231.8188144890633,76.5365449313309,86.79251296353335,15577.754931640626,15042.8889453125,13734.885971679689,15683.76149396295,15465.139001034106,20.4059709465919,157.27657926521672,55410000.0,-0.0048295020472909345,-0.004841201776747716,152.599609375,-43.1005859375,73.08000183105469,1773.800048828125,73.8240966796875,33823.44921875,7153.39990234375,15727.669921875,4221.85986328125,28558.58984375,15.289999961853027,14161.349609375,29018.330078125
2021-06-18,15756.5,15761.5,15450.900390625,15683.349609375,640800.0,60.688806014970424,202.39537730316624,-23.538749748717663,225.9341270518839,62.10902865100435,75.74303734680464,15603.157421875001,15062.8859375,13755.506469726562,15683.698127103266,15481.3027498001,19.890989316729627,168.2282242730584,54769200.0,-0.000513069646403852,-0.0005132013116724437,310.599609375,73.150390625,73.51000213623047,1767.9000244140625,74.25389862060547,33290.078125,7017.5,15448.0400390625,4166.4501953125,28801.26953125,14.800000190734863,14030.3798828125,28964.080078125
2021-06-21,15525.849609375,15765.150390625,15505.650390625,15746.5,351500.0,63.00738776717296,192.41296314711508,-26.816931123815067,219.22989427093015,59.107155108905395,65.91757623041354,15630.597412109375,15081.434941406249,13776.000971679689,15693.359953702762,15500.946990555647,19.38872467508546,174.7476368249828,55120700.0,0.004026588209654625,0.0040185031994205474,259.5,-220.650390625,74.9000015258789,1781.800048828125,74.1438980102539,33876.96875,7062.2998046875,15603.240234375,4224.7900390625,28489.0,15.0600004196167,14141.48046875,28010.9296875
2021-06-22,15840.5,15895.75,15752.099609375,15772.75,322200.0,63.958959322140146,184.4932601684759,-27.789307281963403,212.2825674504393,62.85777018926031,61.35798464972335,15658.812402343752,15099.413945312499,13797.927221679689,15705.57380697926,15521.080546810785,18.092926210101393,172.92637705176975,55442900.0,0.0016670371193598932,0.0016656491552922152,143.650390625,67.75,74.80999755859375,1776.300048828125,74.13520050048828,33945.578125,7090.0,15636.330078125,4246.43994140625,28309.759765625,14.739999771118164,14253.26953125,28884.130859375
2021-06-23,15862.7998046875,15862.9501953125,15673.9501953125,15686.9501953125,287500.0,58.64857906327728,169.34144851306337,-34.352895149900775,203.69434366296414,63.12406648234658,61.69633059350409,15678.08740234375,15116.455957031249,13819.01072265625,15702.708635953604,15533.36718744054,17.32828414049791,174.07449297664334,55155400.0,-0.005439749231269109,-0.005454598542621072,189.0,175.849609375,75.19000244140625,1782.300048828125,74.33219909667969,33874.23828125,7074.10009765625,15456.3896484375,4241.83984375,28817.0703125,15.369999885559082,14271.73046875,28874.890625
2021-06-24,15737.2998046875,15821.400390625,15702.7001953125,15790.4501953125,316700.0,62.67452809978357,163.79696418459935,-31.91790358269185,195.7148677672912,66.3745857853971,64.11880748566799,15700.717431640624,15146.04896484375,13840.287973632814,15716.207337393433,15552.410373208833,16.618259361580392,171.2441860006331,55472100.0,0.006597840798329813,0.006576170313444658,118.7001953125,-53.150390625,75.55999755859375,1775.5999755859375,74.24690246582031,34196.8203125,7110.0,15589.23046875,4266.490234375,28882.4609375,15.100000381469727,14369.7099609375,28875.23046875
2021-06-25,15839.349609375,15870.7998046875,15772.2998046875,15860.349609375,314600.0,65.14277454201306,163.1623845455233,-26.04198657741432,189.20437112293763,72.85337886443807,67.45067704406057,15721.952392578125,15173.1599609375,13861.952470703125,15738.383071544442,15575.220686998919,15.624538479258334,166.0481727148736,55786700.0,0.0044266891189239654,0.004416920149496724,98.5,-21.0,76.18000030517578,1776.5999755859375,74.19029998779297,34433.83984375,7136.10009765625,15607.9697265625,4280.7001953125,29288.220703125,13.369999885559082,14360.3896484375,29066.1796875
2021-06-28,15915.349609375,15915.650390625,15792.150390625,15814.7001953125,255100.0,62.24774377989372,157.1642576717968,-25.63209076091269,182.7963484327095,81.48820226425164,73.57205563802893,15733.547412109376,15197.8249609375,13884.356723632813,15750.124167508759,15592.959909836962,14.615135949722104,163.00901752095407,55531600.0,-0.0028782098242977616,-0.0028823598351750412,123.5,100.6494140625,74.68000030517578,1779.5999755859375,74.21299743652344,34283.26953125,7073.0,15554.1796875,4290.60986328125,29268.30078125,13.399999618530273,14500.509765625,29048.01953125
2021-06-29,15807.5,15835.900390625,15724.0498046875,15748.4501953125,360300.0,58.204944594417185,145.38892456364374,-29.92593909525263,175.31486365889637,77.71659453398954,77.35272522089308,15742.22744140625,15220.43697265625,13906.323725585939,15749.866633324718,15604.477708761075,13.918845140213847,159.35484383642165,55171300.0,-0.0041891404314852165,-0.004197939462444536,111.8505859375,59.0498046875,74.76000213623047,1762.800048828125,74.285400390625,34292.2890625,7087.60009765625,15690.58984375,4291.7998046875,28994.099609375,13.0,14528.330078125,28812.609375
2021-06-30,15776.900390625,15839.099609375,15708.75,15721.5,262400.0,56.59468851841999,132.3565092595236,-34.366683519498224,166.72319277902182,66.84233234714003,75.3490430484604,15749.492431640625,15247.67796875,13928.344477539064,15745.502535890148,15613.146026630624,13.37377552658379,157.28304137489155,54908900.0,-0.0017112919035373597,-0.0017127578361914226,130.349609375,55.400390625,75.12999725341797,1770.800048828125,74.28759765625,34502.51171875,7037.5,15531.0400390625,4297.5,28827.94921875,13.050000190734863,14503.9501953125,28791.529296875
2021-07-01,15755.0498046875,15755.5498046875,15667.0498046875,15680.0,224900.0,54.11212418235303,117.32704987014586,-39.51691432710078,156.84396419724663,57.18121021606598,67.24671236573184,15748.974951171876,15275.3499609375,13950.354477539062,15735.42522267628,15618.098172806134,13.148749160514091,152.36996699097074,54684000.0,-0.002639697229908089,-0.0026431873739428875,88.5,75.0498046875,75.83999633789062,1775.9000244140625,74.37100219726562,34633.53125,7125.2001953125,15603.8095703125,4319.93994140625,28827.94921875,12.84000015258789,14522.3798828125,28707.0390625
2021-07-02,15705.849609375,15738.349609375,15635.9501953125,15722.2001953125,254800.0,56.21540482284093,107.58116934931968,-39.41023587834155,146.99140522766123,55.29847756410256,59.77400670910285,15751.572460937503,15301.67095703125,13971.719228515623,15733.39060308185,15625.809433732531,13.14903276786565,148.80064178179427,54938800.0,0.002691338986766656,0.0026877238189711517,102.3994140625,-16.3505859375,76.16999816894531,1782.5999755859375,74.54499816894531,34786.3515625,7123.2998046875,15650.08984375,4352.33984375,28310.419921875,12.09000015258789,14639.330078125,28783.279296875
2021-07-05,15793.400390625,15845.9501953125,15762.0498046875,15834.349609375,207000.0,61.292978718904486,107.66590374568841,-31.460401185578263,139.12630493126667,63.392406871974174,58.624031550714236,15755.707421875002,15331.53095703125,13993.568725585938,15748.92275789618,15641.256854150492,12.27319261310087,147.01131022595183,55145800.0,0.007133188273225066,0.007107867426692256,83.900390625,-40.94921875,76.16999816894531,1782.5999755859375,74.48179626464844,34786.3515625,7164.89990234375,15661.9697265625,4352.33984375,28143.5,12.09000015258789,14639.330078125,28598.189453125
2021-07-06,15813.75,15914.2001953125,15801.0,15818.25,391400.0,60.21345674422216,105.22102990386156,-27.12422002192409,132.34524992578565,73.30813217231486,63.999672202797186,15759.614941406251,15358.19595703125,14015.4597265625,15759.588487450614,15654.367457546752,11.829954661394959,144.5962305892767,54754400.0,-0.0010167521731027085,-0.0010172694162285671,113.2001953125,-4.5,74.52999877929688,1793.5,74.31780242919922,34577.37109375,7100.89990234375,15511.3798828125,4343.5400390625,28072.859375,12.279999732971191,14663.6396484375,28643.2109375
2021-07-07,15819.599609375,15893.5498046875,15779.7001953125,15879.650390625,329300.0,62.897355351759195,107.00446725822803,-20.272626134046106,127.27709339227414,84.60095593509055,73.76716499312653,15771.829980468752,15382.72796875,14037.24897949219,15778.059549477442,15671.055082219214,11.246809226333559,142.4000433596855,55083700.0,0.0038816171589777237,0.003874103121228537,113.849609375,-60.05078125,73.43000030517578,1801.5,74.76290130615234,34681.7890625,7151.0,15692.7099609375,4358.1298828125,27960.619140625,12.210000038146973,14665.0595703125,28366.94921875
2021-07-08,15855.400390625,15885.75,15682.900390625,15727.900390625,307900.0,53.32342652079164,95.07691000300838,-25.760146711412617,120.837056714421,75.16787631146215,77.69232147295585,15771.337500000001,15399.99498046875,14057.865732421877,15770.342755807837,15675.265845804828,10.920406476563478,146.71786950363654,54775800.0,-0.0095562557277451,-0.009602209739377547,202.849609375,127.5,74.12000274658203,1799.5999755859375,74.8218994140625,34421.9296875,7030.7001953125,15420.6396484375,4320.81982421875,27153.130859375,13.5600004196167,14559.7802734375,28118.029296875
2021-07-09,15688.25,15730.849609375,15632.75,15689.7998046875,243200.0,51.21554010522723,81.60909720685959,-31.38236760604913,112.99146481290872,55.542418859635845,71.77041703539618,15765.860009765625,15415.892968749999,14078.734233398438,15757.951532558553,15676.342435351693,10.968823332896946,143.24513663730536,54532600.0,-0.0024224839292732447,-0.0024254228908178565,98.099609375,-1.5498046875,75.55000305175781,1810.0,74.72139739990234,34870.16015625,7121.89990234375,15687.9296875,4369.5498046875,27344.5390625,12.9399995803833,14701.919921875,27940.419921875
2021-07-12,15766.7998046875,15789.2001953125,15644.75,15692.599609375,216300.0,51.36767713553596,70.3507200657823,-34.11259579770115,104.46331586348344,31.843024938068083,54.184440036388686,15759.897509765626,15437.122968750002,14099.672480468751,15747.897390530314,15677.546670464531,10.519733381382041,143.33121225696212,54748900.0,0.00017844744498685117,0.00017843152513541638,144.4501953125,74.2001953125,75.16000366210938,1805.5,74.4905014038086,34996.1796875,7125.39990234375,15790.509765625,4384.6298828125,27515.240234375,12.989999771118164,14733.240234375,28569.01953125
2021-07-13,15794.0,15820.7998046875,15744.599609375,15812.349609375,246700.0,57.4759757456459,70.28104315962992,-27.345818163082825,97.62686132271274,34.935620836066136,40.77368821125668,15757.052490234375,15460.686953125001,14122.481479492188,15757.813116506419,15687.532073346789,9.841876245948393,142.2504253323577,54995600.0,0.007630985495128417,0.0076020168050800795,76.2001953125,-18.349609375,76.48999786376953,1809.4000244140625,74.54170227050781,34888.7890625,7124.7001953125,15789.6396484375,4369.2099609375,27963.41015625,12.619999885559082,14677.650390625,28718.240234375
2021-07-14,15808.7001953125,15877.349609375,15764.2001953125,15853.9501953125,0.0,59.38449150302434,72.74409468219164,-19.906213312416895,92.65030799460854,54.276985743380855,40.35187717250502,15761.372509765626,15487.83595703125,14145.982978515625,15772.603436322737,15699.859341640546,9.519940533148105,140.17178167022502,54995600.0,0.0026308921169333477,0.00262743737830436,113.1494140625,-45.25,74.76000213623047,1824.300048828125,74.65910339355469,34933.23046875,7091.2001953125,15788.98046875,4374.2998046875,27787.4609375,12.59000015258789,14644.9501953125,28608.490234375
2021-07-15,15872.150390625,15952.349609375,15855.0,15924.2001953125,284900.0,62.44934992159655,79.44883197557101,-10.561180815230031,90.01001279080104,77.62250892071563,55.61170516672087,15773.012500000003,15513.962968749998,14169.944731445314,15795.926014628854,15716.477182653283,9.77918214005264,137.1880411268161,55280500.0,0.004431072328003882,0.0044212840314639245,97.349609375,-52.0498046875,73.47000122070312,1828.4000244140625,74.46910095214844,34987.01953125,7012.0,15629.66015625,4360.02978515625,27996.26953125,12.270000457763672,14543.1298828125,28279.08984375
2021-07-16,15958.349609375,15962.25,15882.599609375,15923.400390625,276300.0,62.39162449970924,83.73262940157474,-5.02190671138105,88.75453611295579,85.8639829133501,72.58782585914886,15785.015039062502,15537.934980468748,14195.533984375,15815.5374570898,15731.804827688225,10.091862554676402,133.07820894811496,55004200.0,-5.0225736783704455e-05,-5.022699813825734e-05,79.650390625,34.94921875,73.58999633789062,1814.5,74.53700256347656,34687.8515625,7008.10009765625,15540.3095703125,4327.16015625,28004.6796875,11.710000038146973,14427.240234375,28003.080078125
2021-07-19,15754.5,15836.900390625,15707.5,15752.400390625,242100.0,51.44294245092841,72.49363730626101,-13.008719045355832,85.50235635161684,71.90484261669309,78.46377815025294,15785.31005859375,15556.519980468749,14219.044736328127,15805.824062249063,15733.330424942802,9.835273860915185,138.99407906789247,54762100.0,-0.010738912280361723,-0.010796990571541962,129.400390625,2.099609375,68.62000274658203,1808.699951171875,74.63179779052734,33962.0390625,6844.39990234375,15133.2001953125,4258.490234375,27489.779296875,12.680000305175781,14274.98046875,27652.740234375
2021-07-20,15703.9501953125,15728.4501953125,15578.5498046875,15632.099609375,274300.0,45.40613765907578,53.265377333507786,-25.789583214487237,79.05496054799502,46.15946597458088,67.97609716820801,15778.2775390625,15570.314980468751,14241.067485351563,15779.097223345361,15725.831846011853,10.435158985495786,141.48382955857875,54487800.0,-0.0076369809214345,-0.007666291987629491,149.900390625,71.8505859375,69.3499984741211,1810.9000244140625,74.99340057373047,34511.98828125,6881.10009765625,15216.26953125,4323.06005859375,27259.25,13.210000038146973,14498.8798828125,27388.16015625
2021-07-22,15736.599609375,15834.7998046875,15726.400390625,15824.0498046875,265300.0,54.56737185075889,52.90575473210811,-20.919364652709532,73.82511938481764,38.083705477130636,52.049338022801535,15785.13251953125,15589.7809765625,14264.075732421876,15786.013005090306,15733.107250358198,10.145258705483949,145.85642711243025,54753100.0,0.012279233123449584,0.012204454864528006,108.3994140625,-87.4501953125,73.79000091552734,1805.0,74.44020080566406,34823.3515625,6968.2998046875,15514.5400390625,4367.47998046875,27723.83984375,11.890000343322754,14684.599609375,27388.16015625
2021-07-23,15856.7998046875,15899.7998046875,15768.400390625,15856.0498046875,294100.0,55.896091468277575,54.57379110158399,-15.40106262658692,69.97485372817091,50.08683096255537,44.776667471422286,15788.412499999999,15612.97197265625,14287.118232421877,15796.787897336028,15742.214106234444,9.435626384260841,144.82378332314954,55047200.0,0.002022238326785386,0.0020201963552988087,131.3994140625,0.75,74.0999984741211,1801.4000244140625,74.4520034790039,35061.55078125,7027.60009765625,15669.2900390625,4411.7900390625,27321.98046875,11.760000228881836,14836.990234375,27388.16015625
2021-07-26,15849.2998046875,15893.349609375,15797.0,15824.4501953125,267100.0,54.21007461698482,52.737967097880755,-13.789509304232126,66.52747640211288,66.79697673846445,51.65583772605015,15786.617529296875,15635.90498046875,14309.155732421877,15801.043635486254,15748.305668388373,8.776682085982241,141.36134232685313,54780100.0,-0.0019929055322251976,-0.001994894010794567,96.349609375,24.849609375,74.5,1798.699951171875,74.44889831542969,35144.30859375,7025.39990234375,15618.98046875,4422.2998046875,26192.3203125,12.449999809265137,14840.7099609375,27833.2890625
2021-07-27,15860.5,15881.5498046875,15701.0,15746.4501953125,311000.0,50.18604632718097,44.47641875198315,-17.640846120103788,62.117264872086935,60.05563629237304,58.979814664464286,15783.205029296876,15652.370976562499,14330.371235351566,15792.644644690292,15748.168225938309,8.821137467014632,144.1605182097565,54469100.0,-0.004929081202650898,-0.004941269190283573,180.5498046875,114.0498046875,74.4800033569336,1799.5,74.28949737548828,35058.51953125,6996.10009765625,15519.1298828125,4401.4599609375,25086.4296875,13.229999542236328,14660.580078125,27970.220703125
2021-07-28,15761.5498046875,15767.5,15513.4501953125,15709.400390625,318600.0,48.350122727182224,34.54130193893616,-22.06077034652062,56.60207228545678,50.50191832972783,59.118177120188435,15781.252539062501,15664.3969921875,14350.606235351564,15779.837836372555,15745.296534433619,9.948859254362423,152.00975295816676,54150500.0,-0.002352898858342667,-0.0023556712745251398,254.0498046875,52.1494140625,74.73999786376953,1799.5,74.5022964477539,34930.9296875,7016.60009765625,15570.3603515625,4400.64013671875,25473.880859375,13.6899995803833,14762.580078125,27581.66015625
2021-07-29,15762.7001953125,15817.349609375,15737.7998046875,15778.4501953125,401600.0,51.883021427987025,31.871991967160284,-19.7840642546372,51.656056221797485,48.821843793874876,53.12646613865858,15784.100048828126,15679.36298828125,14370.804238281251,15779.624353132547,15747.752361165387,10.587926215354376,148.86257194329772,54552100.0,0.004395444954646832,0.0043858132000563635,79.5498046875,-15.75,76.05000305175781,1831.199951171875,74.38999938964844,35084.53125,7078.39990234375,15640.4697265625,4419.14990234375,26315.3203125,12.949999809265137,14778.259765625,27782.419921875
2021-07-30,15800.599609375,15862.7998046875,15744.849609375,15763.0498046875,400000.0,51.04440379020836,28.18891747255111,-18.773710999397103,46.962628471948214,52.77407263150488,50.69927825170252,15788.2525390625,15696.502988281249,14390.446489257813,15777.07442260254,15748.885505129989,10.815480969607204,146.6545450410979,54152100.0,-0.000976039499086867,-0.000976516135808173,117.9501953125,37.5498046875,76.33000183105469,1812.5999755859375,74.25199890136719,34935.46875,7032.2998046875,15544.3896484375,4395.259765625,25961.029296875,12.800000190734863,14672.6796875,27283.58984375
2021-08-02,15874.900390625,15892.900390625,15834.650390625,15885.150390625,244800.0,56.981387127413875,34.722294254153894,-9.792267374235458,44.51456162838935,65.82740570372513,55.80777404303496,15796.400048828124,15710.7,14410.301240234376,15793.701494605995,15758.979200351841,10.784524799061911,145.45426224798376,54396900.0,0.007746000136419795,0.007716153904229494,58.25,-10.25,72.88999938964844,1818.0999755859375,74.37909698486328,34838.16015625,7081.7001953125,15568.73046875,4387.16015625,26235.80078125,12.8100004196167,14681.0703125,27781.01953125
2021-08-03,15951.5498046875,16146.900390625,15914.349609375,16130.75,341300.0,65.93121591001139,59.03733271689998,11.618216870808503,47.41911584609148,78.62875145800312,65.74340993107771,15811.220068359375,15729.36099609375,14431.300239257813,15845.555110820456,15786.517778103556,10.953229180346526,153.76110065884205,54738200.0,0.015460955882416139,0.015342653128218075,232.55078125,-179.2001953125,72.41000366210938,1810.0999755859375,74.33200073242188,35116.3984375,7105.7001953125,15555.080078125,4423.14990234375,26194.8203125,13.75,14761.2900390625,27641.830078125
2021-08-04,16195.25,16290.2001953125,16176.150390625,16258.7998046875,427300.0,69.49466130155028,87.62958564464316,32.16837583884134,55.461209805801815,92.07626964835559,78.84414227002794,15833.24755859375,15750.36798828125,14452.921738281251,15909.131217569233,15821.50163192459,11.82119979894332,154.16746456267478,55165500.0,0.007938242467802281,0.007906900379200192,114.0498046875,-63.5498046875,70.37999725341797,1810.5,74.21440124511719,34792.671875,7123.89990234375,15692.1298828125,4402.66015625,26426.55078125,13.210000038146973,14780.5302734375,27584.080078125
2021-08-05,16288.9501953125,16349.4501953125,16210.2998046875,16294.599609375,418200.0,70.42600481036763,111.88812052726462,45.14152857717025,66.74659195009437,95.61559963188617,88.77354024608162,15853.995019531249,15770.2309765625,14474.53948730469,15968.434047077812,15856.545926550547,12.893966803038019,153.09481642426942,55583700.0,0.0022018725316477195,0.002199451962862978,139.150390625,-5.6494140625,71.29000091552734,1805.0999755859375,74.18399810791016,35064.25,7120.39990234375,15744.669921875,4429.10009765625,26204.689453125,12.869999885559082,14895.1201171875,27728.119140625
2021-08-06,16304.400390625,16336.75,16223.2998046875,16238.2001953125,320100.0,66.9577309187167,125.11991829610088,46.698661076805195,78.42125721929568,92.02965795251382,93.24050907758519,15879.510009765625,15788.23798828125,14497.328740234378,16009.936531421608,15884.816613125508,13.890107592554525,150.26305777342876,55263600.0,-0.003461233501561467,-0.0034672374282357825,113.4501953125,66.2001953125,70.69999694824219,1760.0,74.08200073242188,35208.51171875,7123.0,15761.4501953125,4436.52001953125,26179.400390625,12.609999656677246,14835.759765625,27820.0390625
2021-08-09,16281.349609375,16320.75,16179.0498046875,16258.25,240500.0,67.56917751986695,135.66025802400873,45.79120064377042,89.8690573802383,89.74079819577352,92.46201859339116,15907.93251953125,15804.68998046875,14519.807739257814,16048.138603510592,15912.478345486583,14.449307251815128,149.65142474050526,55504100.0,0.0012347307242392969,0.0012339690711517842,141.7001953125,23.099609375,69.04000091552734,1723.4000244140625,74.49140167236328,35101.8515625,7132.2998046875,15745.41015625,4432.35009765625,26283.400390625,12.609999656677246,14860.1796875,27820.0390625
2021-08-10,16274.7998046875,16359.25,16202.25,16280.099609375,288000.0,68.25851847137949,144.11536188605714,43.39704360465507,100.71831828140208,88.80847228628343,90.19297614485691,15937.30751953125,15818.6359765625,14541.84298828125,16083.824912105116,15939.709550219059,15.172379293755899,150.17632297332634,55792100.0,0.0013439090538649445,0.0013430068163520583,157.0,-5.2998046875,70.62999725341797,1728.800048828125,74.46620178222656,35264.671875,7161.0,15770.7099609375,4436.75,26605.619140625,12.710000038146973,14788.08984375,27888.150390625
2021-08-11,16327.2998046875,16338.75,16162.5498046875,16282.25,277900.0,68.32986689287105,149.26893183482935,38.840490842741815,110.42844099208753,90.20967465931807,89.586315047125,15960.8025390625,15832.783984375,14563.770239257812,16114.35184870433,15965.0829168695,15.497637080391513,152.03517099755302,56070000.0,0.00013208706805212245,0.00013207834532344713,176.2001953125,45.0498046875,71.44000244140625,1750.4000244140625,74.43550109863281,35484.96875,7220.10009765625,15826.08984375,4442.41015625,26660.16015625,12.710000038146973,14765.1396484375,28070.509765625
2021-08-12,16303.650390625,16375.5,16286.900390625,16364.400390625,280200.0,71.01071177748068,158.15886615412455,38.18434012962962,119.97452602449493,93.41685164791117,90.81166619783755,15986.325048828125,15848.54798828125,14585.903989257813,16152.820855153663,15994.661988999538,16.01373558184254,147.83623021201353,56350200.0,0.005045395484346349,0.005032710127087298,88.599609375,-60.75,71.30999755859375,1749.0,74.10299682617188,35499.8515625,7193.2001953125,15937.509765625,4460.830078125,26517.8203125,12.369999885559082,14816.259765625,28015.01953125
2021-08-13,16385.69921875,16543.599609375,16376.2998046875,16529.099609375,321900.0,75.49019786730825,176.45993338543485,45.18832588875193,131.27160749668292,96.06701491299059,93.23118040673992,16016.57001953125,15865.322988281252,14609.067236328126,16210.709894264637,16034.249960879202,17.350427371561146,150.07644367901258,56672100.0,0.010064482340847336,0.010014172717061967,167.2998046875,-143.400390625,70.58999633789062,1775.199951171875,74.26010131835938,35515.37890625,7218.7001953125,15977.4404296875,4468.0,26391.619140625,12.989999771118164,14822.900390625,27977.150390625
2021-08-16,16518.400390625,16589.400390625,16480.75,16563.05078125,254000.0,76.30308520852054,191.49579255229582,48.179348044490325,143.3164445078055,98.28529735935761,95.92305464008645,16048.5525390625,15883.17900390625,14632.230742187501,16264.916184570076,16073.42039201778,18.79488927458486,147.11743988944025,56926100.0,0.002054024277023725,0.0020519176533692787,108.650390625,-44.650390625,69.51000213623047,1786.9000244140625,74.216796875,35625.3984375,7154.0,15925.73046875,4479.7099609375,26181.4609375,13.460000038146973,14793.759765625,27523.189453125
2021-08-17,16545.25,16628.55078125,16495.400390625,16614.599609375,297400.0,77.52206279399034,205.20589308841772,49.51155886448976,155.69433422392797,98.19241651807486,97.51490959680768,16091.6625,15900.43798828125,14656.464990234377,16318.713634540065,16113.507741451647,20.308215193634286,146.1197935134088,57223500.0,0.0031122785775283823,0.0031074454639570138,133.150390625,-69.349609375,69.02999877929688,1785.0,74.13500213623047,35343.28125,7181.10009765625,15921.9501953125,4448.080078125,25745.869140625,13.40999984741211,14656.1796875,27424.470703125
2021-08-18,16691.94921875,16701.849609375,16535.849609375,16568.849609375,251800.0,73.88925687325008,209.95932350174917,43.41199142225696,166.5473320794922,94.029071901382,96.83559525960482,16138.5,15917.01298828125,14679.862236328127,16357.196092206977,16147.236768705228,22.022869285645555,147.53980826245103,56971700.0,-0.00275360231817956,-0.002757400455017452,166.0,123.099609375,68.2300033569336,1781.5999755859375,74.364501953125,34960.69140625,7169.2998046875,15965.9697265625,4400.27001953125,25867.009765625,12.90999984741211,14525.91015625,27585.91015625
2021-08-20,16382.5,16509.55078125,16376.0498046875,16450.5,350800.0,65.35690481661769,201.84982779565144,28.241996572927377,173.60783122272406,85.18403657700526,92.46850833215403,16169.822509765625,15933.31599609375,14703.466738281251,16371.55053955975,16169.700711764099,22.121382930840447,150.77266514995455,56620900.0,-0.007142898400624986,-0.007168531033199722,133.5009765625,-68.0,65.18000030517578,1781.0,74.4292984008789,35120.078125,7087.89990234375,15808.0400390625,4441.669921875,24849.720703125,14.020000457763672,14714.66015625,27013.25
2021-08-23,16592.25,16592.5,16395.69921875,16496.44921875,275600.0,66.95249771788026,196.86141609946935,18.602867901396223,178.25854819807313,77.01191542506686,85.40834130115137,16201.84248046875,15948.48998046875,14727.594985351565,16390.765720973635,16193.904304874166,22.62283550168587,154.0603877285292,56896500.0,0.0027931806783987323,0.002789286998064274,196.80078125,95.80078125,68.75,1803.199951171875,74.30149841308594,35335.7109375,7109.0,15852.7900390625,4479.52978515625,25109.58984375,13.6899995803833,14942.650390625,27494.240234375
2021-08-24,16561.400390625,16647.099609375,16495.30078125,16624.599609375,275400.0,70.96856026843075,200.93250457995964,18.139165105509193,182.79333947445045,76.86973795984437,79.68856332063882,16241.849951171876,15964.99498046875,14752.505981445316,16426.740165343075,16225.807660763116,23.3437501422367,153.89884775684857,57171900.0,0.007768362083601765,0.007738343720985011,151.798828125,-63.19921875,71.05000305175781,1805.5999755859375,74.10590362548828,35366.26171875,7125.7998046875,15905.849609375,4486.22998046875,25727.919921875,13.1899995803833,15019.7998046875,27732.099609375
2021-08-25,16654.0,16712.44921875,16617.5,16634.650390625,265900.0,71.26351814251518,202.63404642843307,15.872565563186072,186.761480865247,81.8151509267811,78.56560143723078,16286.259960937501,15981.45099609375,14777.333481445316,16458.726353847986,16256.092307419553,24.306546615491165,149.6881599706451,57437800.0,0.0006045728309951315,0.0006043901504665573,94.94921875,19.349609375,72.25,1788.199951171875,74.1447982788086,35405.5,7150.10009765625,15860.66015625,4496.18994140625,25693.94921875,13.5,15041.8603515625,27724.80078125
2021-08-26,16627.94921875,16683.69921875,16603.400390625,16636.900390625,253500.0,71.33373314901627,201.837430538455,12.06075973856639,189.77667079988862,85.92979297425418,81.53822728695988,16332.634960937501,15996.80400390625,14801.45048339844,16486.137744121374,16284.300313582919,25.063893148444556,144.7317791245276,57691300.0,0.00013525983096518424,0.00013525068417903375,80.298828125,-8.951171875,71.06999969482422,1792.199951171875,74.0999984741211,35213.12109375,7125.0,15793.6201171875,4470.0,25415.689453125,13.539999961853027,14945.8095703125,27742.2890625
2021-08-27,16642.55078125,16722.05078125,16565.599609375,16705.19921875,217400.0,73.45409189996353,204.36149918689262,11.667862709603185,192.69363647728943,89.70053881627376,85.81516090576969,16378.972412109375,16015.5569921875,14825.43397949219,16519.839509448855,16315.478010261962,25.950115386672522,145.5688786067042,57908700.0,0.004105261588480014,0.004096857993577663,156.451171875,-62.6484375,72.69999694824219,1816.5999755859375,74.15599822998047,35455.80078125,7148.0,15851.75,4509.3701171875,25407.890625,13.40999984741211,15129.5,27641.140625
2021-08-30,16775.849609375,16951.5,16764.849609375,16931.05078125,283500.0,78.98868777135212,222.02678873553123,23.46652180659342,198.5602669289378,93.5524974227508,89.72760973775958,16437.372460937502,16040.35,14849.487734375003,16583.102782033646,16361.075993298115,27.676457261323172,152.76401450979677,58192200.0,0.013519836521704187,0.013429259014094868,186.650390625,-155.201171875,73.41000366210938,1809.0,73.49659729003906,35399.83984375,7148.0,15887.3095703125,4528.7900390625,25539.5390625,13.319999694824219,15265.8896484375,27789.2890625
2021-08-31,16947.5,17153.5,16915.849609375,17132.19921875,464400.0,82.49014701223273,249.3829246926107,40.65812621093829,208.7247984816724,97.41554148372882,93.55619257425111,16499.724902343754,16069.3269921875,14873.830981445313,16667.579156913085,16418.196232220474,29.852814098796813,158.82732708945414,58656600.0,0.011880446175423387,0.011810427696351353,237.650390625,-184.69921875,72.98999786376953,1815.0,73.41120147705078,35360.73046875,7119.7001953125,15835.08984375,4522.68017578125,25878.990234375,14.520000457763672,15259.240234375,28089.5390625
2021-09-01,17185.599609375,17225.75,17055.05078125,17076.25,301900.0,78.56817396219641,263.51063855137545,43.82867205576241,219.68196649561304,93.1115909551778,94.6932099538858,16546.99990234375,16095.9219921875,14896.906982421875,16730.451594311075,16466.9409557597,32.04820331753168,159.6753193509217,58354700.0,-0.00326573477436376,-0.0032710789243950112,170.69921875,109.349609375,71.58999633789062,1813.0999755859375,72.99669647216797,35312.53125,7149.7998046875,15824.2900390625,4524.08984375,26028.2890625,14.1899995803833,15309.3798828125,28451.01953125
2021-09-02,17095.400390625,17245.5,17059.69921875,17234.150390625,242400.0,81.27411723998533,284.1724325526666,51.592372845642814,232.58005970702376,93.54044939356115,94.68919394415592,16595.767431640626,16125.15,14919.922236328126,16807.943716820908,16523.77128426824,34.13433006865881,161.54142377228445,58597100.0,0.009246783727399066,0.009204293951085803,185.80078125,-138.75,73.02999877929688,1808.699951171875,72.98509979248047,35443.8203125,7163.89990234375,15840.58984375,4536.9501953125,26090.4296875,14.239999771118164,15331.1796875,28543.509765625
2021-09-03,17262.44921875,17340.099609375,17212.19921875,17323.599609375,261400.0,82.61334253077659,304.2575657297202,57.342004818157164,246.91556091156306,93.68644976977015,93.44616337283637,16647.217431640624,16157.88298828125,14942.794482421876,16887.27539259846,16583.01782686874,36.29326074069642,159.13849283319271,58858500.0,0.005190230833697296,0.005176808010644206,127.900390625,-61.150390625,72.61000061035156,1830.9000244140625,73.0542984008789,35369.08984375,7138.39990234375,15781.2001953125,4535.43017578125,25901.990234375,14.539999961853027,15363.51953125,29128.109375
2021-09-06,17399.349609375,17429.55078125,17345.55078125,17377.80078125,228000.0,83.38858026284954,320.8501987020027,59.14771023235164,261.70248846965103,97.35696651237625,94.86128855856919,16704.197460937503,16189.630000000001,14966.229487304689,16962.740837006393,16641.89063830439,38.49007619121649,155.33939847903608,59086500.0,0.0031287476677577253,0.003123863322045117,84.0,21.548828125,72.61000061035156,1830.9000244140625,72.99449920654297,35369.08984375,7187.2001953125,15932.1201171875,4535.43017578125,26163.630859375,15.109999656677246,15363.51953125,29659.890625
2021-09-07,17401.55078125,17436.5,17287.0,17362.099609375,243400.0,82.24455910758736,328.9411971637346,53.79096695526687,275.15023020846775,95.45345075337748,95.49895567850795,16759.38994140625,16219.665,14989.440234375,17024.180648140024,16695.23945097629,39.92736628048929,154.92229858767635,58843100.0,-0.0009035189246697772,-0.0009039273439216094,149.5,39.451171875,71.69000244140625,1795.9000244140625,73.11000061035156,35100.0,7149.39990234375,15843.08984375,4520.02978515625,26353.630859375,14.899999618530273,15374.330078125,29916.140625
2021-09-08,17375.75,17383.400390625,17254.19921875,17353.5,252700.0,81.58437388223662,330.8456721660805,44.55635356609014,286.28931859999034,93.41500586009218,95.40847437528197,16813.0599609375,16250.44099609375,15011.836733398439,17074.84516381079,16743.99949164471,40.92700347447332,153.08507525105662,58590400.0,-0.0004953092983268625,-0.0004954320044973781,129.201171875,22.25,72.5999984741211,1790.699951171875,73.3904037475586,35031.0703125,7095.5,15610.2802734375,4514.06982421875,26320.9296875,14.40999984741211,15286.6396484375,30181.2109375
2021-09-09,17312.849609375,17379.650390625,17302.69921875,17369.25,241500.0,81.8713921868114,329.8238714167346,34.827642253395425,294.9962291633392,92.89861314976045,93.92235658774337,16867.409960937504,16282.856992187502,15033.991733398438,17120.138215532206,16790.31434411547,41.855238011744206,147.646939295624,58831900.0,0.0009075978909154347,0.0009071862729865194,76.951171875,-56.400390625,71.44999694824219,1797.4000244140625,73.78900146484375,34879.37890625,7024.2001953125,15623.150390625,4493.27978515625,25716.0,13.9399995803833,15248.25,30008.189453125
2021-09-13,17363.55078125,17378.349609375,17269.150390625,17355.30078125,241100.0,80.67216673468971,324.1518804858606,23.324521058017126,300.8273594278435,92.36151866684048,92.8917125588977,16916.954980468752,16315.5330078125,15056.909736328125,17156.317071796482,16832.16519131062,42.344617834247934,144.90067354236515,58590800.0,-0.000803098507419775,-0.0008034211637875494,109.19921875,8.25,73.51000213623047,1792.0,73.52429962158203,34869.62890625,7068.39990234375,15701.419921875,4468.72998046875,25813.810546875,14.029999732971191,15105.580078125,30447.369140625
2021-09-14,17420.349609375,17438.55078125,17367.05078125,17380.0,230400.0,81.19734395298786,317.98428247180345,13.725538435167948,304.2587440366355,92.734732524228,92.6649547802763,16959.5,16349.5330078125,15079.514487304688,17190.72982998164,16872.745547509836,43.024213471273136,140.4970540036248,58821200.0,0.001423151293159064,0.0014221395731308123,71.5,40.349609375,73.5999984741211,1804.699951171875,73.54080200195312,34577.5703125,7034.10009765625,15722.990234375,4443.0498046875,25502.23046875,13.579999923706055,15037.759765625,30670.099609375
2021-09-15,17387.650390625,17532.69921875,17386.900390625,17519.44921875,388200.0,83.86331053903336,320.6525204810532,13.115021155534123,307.5374993255191,94.43183085018111,93.17602734708319,17007.319921875,16385.47798828125,15102.479482421877,17241.30204363831,16920.649523157255,43.977807311264826,141.36863719979445,59209400.0,0.00802354538262362,0.007991527890878581,145.798828125,-131.798828125,75.45999908447266,1792.4000244140625,73.65080261230469,34814.390625,7016.5,15616.0,4480.7001953125,25033.2109375,13.729999542236328,15161.5302734375,30511.7109375
2021-09-16,17539.19921875,17644.599609375,17510.44921875,17629.5,503300.0,85.59870702474123,327.8678402691439,16.26427275489982,311.6035675142441,96.84109776557132,94.66922037999348,17058.06494140625,16421.38099609375,15125.35123046875,17301.024806155492,16973.15696588635,45.197306104310684,140.85304815873772,59712700.0,0.006281634763507293,0.006261987530756848,134.150390625,-90.30078125,75.66999816894531,1754.5999755859375,73.43800354003906,34751.3203125,7027.5,15651.75,4473.75,24667.849609375,14.40999984741211,15181.919921875,30323.33984375
2021-09-17,17709.650390625,17792.94921875,17537.650390625,17585.150390625,508300.0,81.78171008117748,326.24662237213124,11.71444388630971,314.53217848582153,92.33952697033027,94.53748519536089,17108.87998046875,16456.71900390625,15148.984980468751,17344.736434535418,17018.489812163287,46.69895201343946,149.02774672775647,59204400.0,-0.002515647600612625,-0.002518817158814708,255.298828125,124.5,75.33999633789062,1749.4000244140625,73.56490325927734,34584.87890625,6963.60009765625,15490.169921875,4432.990234375,24920.759765625,15.229999542236328,15043.9697265625,30500.05078125
2021-09-20,17443.849609375,17622.75,17361.80078125,17396.900390625,339100.0,67.93416683231888,306.2414331665277,-6.6325962554350895,312.8740294219628,77.74476135673524,88.9751286975456,17156.2,16487.06400390625,15171.034482421877,17352.7616585492,17046.520225382672,46.37314994582952,157.02213758648816,58865300.0,-0.010705054879733056,-0.01076276621795277,260.94921875,46.94921875,73.91999816894531,1761.800048828125,73.69609832763672,33970.46875,6903.89990234375,15132.0595703125,4357.72998046875,24099.140625,17.489999771118164,14713.900390625,30500.05078125
2021-09-21,17450.5,17578.349609375,17326.099609375,17562.0,363600.0,72.35521725520086,300.24826022718844,-10.100615355819514,310.34887558300795,67.7784841661946,79.2875908310867,17209.4775390625,16523.74599609375,15193.999731445314,17384.952172618552,17084.703912391364,45.75888635095618,163.82412775888187,59228900.0,0.00949017386246398,0.009445425055689747,252.25,-111.5,74.36000061035156,1776.0,73.65899658203125,33919.83984375,6981.0,15348.5302734375,4354.18994140625,24221.5390625,16.520000457763672,14746.400390625,29839.7109375
2021-09-22,17580.900390625,17610.44921875,17524.0,17546.650390625,295200.0,71.3699941996635,290.90665150432324,-15.553779262947785,306.460430767271,63.31912231355981,69.61412261216321,17255.580078125,16560.883007812503,15216.187734375002,17409.828821542622,17118.9221700383,45.31682854231333,158.29734854396176,58933700.0,-0.0008740239935656202,-0.0008744061752431491,86.44921875,34.25,76.19000244140625,1776.699951171875,73.7927017211914,34258.3203125,7083.39990234375,15506.740234375,4395.64013671875,24221.5390625,16.489999771118164,14896.849609375,29639.400390625
2021-09-23,17670.849609375,17843.900390625,17646.55078125,17822.94921875,320500.0,77.34888583357895,302.31348393364897,-3.3175574668976537,305.6310414005466,77.26503759293328,69.4542146908959,17314.99501953125,16603.49,15239.73373046875,17473.385805728372,17171.072321794723,45.70241017327621,168.22253793367878,59254200.0,0.015746528367181822,0.01562383807742847,197.349609375,-152.099609375,77.25,1747.699951171875,73.8749008178711,34764.8203125,7078.39990234375,15643.9697265625,4448.97998046875,24510.98046875,16.600000381469727,15052.240234375,29639.400390625
2021-09-24,17897.44921875,17947.650390625,17819.400390625,17853.19921875,360100.0,77.89320796332237,310.21839841322435,3.6698856101421597,306.5485128030822,83.15763394241176,74.58059794963495,17375.809960937502,16644.3069921875,15263.330224609374,17531.818638500932,17221.600240087708,46.345980412120426,165.36735665270172,59614300.0,0.0016972499684944076,0.0016958112674268218,128.25,44.25,78.08999633789062,1749.699951171875,73.83999633789062,34798.0,7051.5,15531.75,4455.47998046875,24192.16015625,16.920000076293945,15047.7001953125,30248.810546875
2021-09-27,17932.19921875,17943.5,17802.900390625,17855.099609375,295700.0,77.92909097005314,313.02805318738683,5.183632307443702,307.84442087994313,89.90550689488094,83.44272614340866,17433.30498046875,16684.32998046875,15286.312973632814,17581.55417248156,17268.526119294173,46.79217253350922,163.5982318471516,59910000.0,0.00010644538279747096,0.00010643971788971012,140.599609375,77.099609375,79.52999877929688,1750.0,73.81289672851562,34869.37109375,7063.39990234375,15573.8798828125,4443.10986328125,24208.779296875,18.049999237060547,14969.9697265625,30240.060546875
2021-09-28,17906.44921875,17912.849609375,17576.099609375,17748.599609375,398000.0,70.97617320833706,303.16635190574743,-3.7424551793565684,306.908807085104,81.44292633557436,84.83535572428902,17474.182421874997,16720.81796875,15308.27722167969,17607.253470465166,17304.08711855942,45.3686597356722,175.96621528664076,59512000.0,-0.0059646824901542495,-0.005982542262753364,336.75,157.849609375,79.08999633789062,1735.800048828125,73.82530212402344,34299.98828125,7028.10009765625,15248.5595703125,4352.6298828125,24500.390625,18.540000915527344,14546.6796875,30183.9609375
2021-09-29,17657.94921875,17781.75,17608.150390625,17711.30078125,562200.0,68.66551130855231,289.00965547391024,-14.319321288955052,303.3289767628653,74.37169791862208,81.9067103830258,17503.1375,16756.5759765625,15329.868974609377,17623.260749047447,17334.251093573537,44.04682642339497,175.79717200723783,58949800.0,-0.0021015082285871234,-0.002103719495544819,173.599609375,-53.3515625,78.63999938964844,1721.5,74.16329956054688,34390.71875,7108.2001953125,15365.26953125,4359.4599609375,24663.5,18.84000015258789,14512.4404296875,29544.2890625
2021-09-30,17718.900390625,17742.150390625,17585.349609375,17618.150390625,378600.0,63.13730736333008,267.19386892647526,-28.90808626911206,296.1019551955873,62.63282971641215,72.81581799020286,17530.23251953125,16793.8909765625,15350.314228515626,17622.47454005938,17355.280671132903,42.64469609996399,174.4402869531494,58571200.0,-0.005259376020738893,-0.005273255224157625,156.80078125,100.75,78.5199966430664,1755.300048828125,74.3219985961914,33843.921875,7086.39990234375,15260.6904296875,4307.5400390625,24575.640625,18.399999618530273,14448.580078125,29452.66015625
2021-10-01,17531.900390625,17557.150390625,17452.900390625,17532.05078125,305800.0,58.45292007364243,240.1884391864478,-44.73081280731162,284.9192519937594,49.91263647748215,62.30572137083879,17545.1275390625,16831.89,15370.582983398439,17608.563192550246,17368.374753363798,40.3861864358024,173.7838378850673,58265400.0,-0.004886983449795879,-0.004898963801205104,104.25,-0.150390625,79.27999877929688,1757.0,74.25440216064453,34326.4609375,7027.10009765625,15156.4404296875,4357.0400390625,24575.640625,17.209999084472656,14566.7001953125,28771.0703125
2021-10-04,17615.55078125,17750.900390625,17581.349609375,17691.25,295800.0,63.80089116396129,228.99280155039742,-44.74116035468961,273.733961905087,47.77344150047233,53.439635898122205,17563.51005859375,16869.23400390625,15391.469985351563,17621.28423985021,17392.291438299813,39.2103796195038,177.00282156291965,58561200.0,0.009080467581137563,0.009039488024266832,169.55078125,-75.69921875,81.26000213623047,1766.199951171875,74.152099609375,34002.921875,7011.0,15036.5498046875,4300.4599609375,24036.369140625,16.739999771118164,14255.48046875,28444.890625
2021-10-05,17661.349609375,17833.44921875,17640.900390625,17822.30078125,427000.0,67.50855949264313,228.0658793819748,-36.53446601848975,264.60034540046456,57.238698567720604,51.641592181891696,17585.735058593753,16908.5590234375,15412.790737304687,17652.209861604024,17424.14398222205,38.45748205585208,178.11325060306825,58988200.0,0.007407660919946268,0.007380358946066971,192.548828125,-160.951171875,82.55999755859375,1759.5999755859375,74.57279968261719,34314.671875,7077.10009765625,15194.490234375,4345.72021484375,24104.150390625,16.399999618530273,14433.830078125,27822.119140625
2021-10-06,17861.5,17884.599609375,17613.150390625,17646.0,395800.0,58.78543553031125,210.67673696361817,-43.13888674947714,253.8156237130953,63.34971540857775,56.120618492256895,17599.930078125002,16944.99001953125,15433.181489257813,17651.25449828033,17440.577761316712,37.9619475305052,184.78010547070622,58592400.0,-0.009892144870289554,-0.009941397212065623,271.44921875,215.5,81.08000183105469,1760.5,74.56320190429688,34416.98828125,6995.89990234375,14973.330078125,4363.5498046875,23966.490234375,17.329999923706055,14501.91015625,27528.869140625
2021-10-07,17810.55078125,17857.55078125,17763.80078125,17790.349609375,419900.0,63.00094347714783,206.1669590422389,-38.11893173668514,244.28589077892403,68.6643580928918,63.08425735639671,17621.77255859375,16985.8680078125,15453.719736328127,17672.653746141048,17466.48678709881,37.50180832839738,186.69229659779865,59012300.0,0.008180302016037588,0.00814702470131476,93.75,20.201171875,81.94999694824219,1757.9000244140625,74.76000213623047,34754.94140625,7078.0,15250.8603515625,4399.759765625,24701.73046875,16.15999984741211,14654.01953125,27678.2109375
2021-10-08,17886.849609375,17941.849609375,17840.349609375,17895.19921875,324100.0,65.74187785614161,208.6482476403944,-28.510114510823712,237.1583621512181,72.57385026950817,68.1959745903259,17648.070019531253,17029.583984375,15474.492231445314,17706.89151115781,17498.243263517415,37.421604105270475,184.17856112652734,59336400.0,0.005893622760496431,0.005876323303578524,101.5,-8.349609375,82.38999938964844,1756.300048828125,74.83000183105469,34746.25,7095.60009765625,15206.1298828125,4391.33984375,24837.849609375,15.649999618530273,14579.5400390625,28048.939453125
2021-10-11,17867.55078125,18041.94921875,17839.099609375,17945.94921875,375800.0,67.01558811456495,212.26295240943,-19.916327793430497,232.1792802028605,83.31866274509953,74.8522903691665,17677.602441406252,17072.933964843753,15495.419228515628,17743.669620018147,17531.406667608717,37.72516013094396,185.51220742998967,59712200.0,0.0028359561343596074,0.0028319423974920437,202.849609375,-78.3984375,83.6500015258789,1754.5999755859375,75.30580139160156,34496.05859375,7146.89990234375,15199.1396484375,4361.18994140625,25325.08984375,16.09000015258789,14486.2001953125,28498.19921875
2021-10-12,17915.80078125,18008.650390625,17864.94921875,17991.94921875,355600.0,68.17074259780718,216.3455507052895,-12.666983598056817,229.0125343033463,88.92517331510376,81.60589544323716,17708.199902343753,17117.511953125002,15518.736972656252,17781.86648136151,17565.52093065622,38.00703358335506,182.52570489034755,60067800.0,0.0025632525445875576,0.002559973015762186,143.701171875,-76.1484375,83.41999816894531,1758.300048828125,75.40260314941406,34378.33984375,7130.2001953125,15146.8701171875,4350.64990234375,24962.58984375,15.850000381469727,14465.919921875,28230.609375
2021-10-13,18097.849609375,18197.80078125,18050.75,18161.75,506700.0,72.06045261346065,230.6240527096743,1.289214725062351,229.33483798461194,90.1248669073614,87.45623432252155,17740.31494140625,17163.0439453125,15542.214223632815,17840.310099613584,17609.68604690391,38.911199412970866,184.1918375767513,60574500.0,0.00943759784921161,0.00939334195098345,147.05078125,-63.900390625,83.18000030517578,1793.699951171875,75.48390197753906,34377.80859375,7141.7998046875,15249.3798828125,4363.7998046875,24962.58984375,16.100000381469727,14571.6396484375,28140.279296875
2021-10-14,18272.849609375,18350.75,18248.69921875,18338.55078125,538700.0,75.42763646319301,253.28648494719164,19.161317570063744,234.1251673771279,95.1044486825475,91.38482963500422,17775.76748046875,17207.199960937498,15565.90147949219,17916.96251217303,17663.67602722584,40.167939462291656,184.5352777498405,61113200.0,0.009734787740718787,0.009687709975996201,102.05078125,-65.701171875,84.0,1796.699951171875,75.3062973022461,34912.55859375,7207.7001953125,15462.7197265625,4438.259765625,24962.58984375,15.770000457763672,14823.4296875,28550.9296875
2021-10-18,18500.099609375,18543.150390625,18445.30078125,18477.05078125,469900.0,77.69537351191961,279.2039291794681,36.06300944187214,243.14091973759596,95.91293763984277,93.7140844099172,17820.3625,17251.56498046875,15589.54048339844,18003.129938184873,17723.926009005405,41.76427986902799,185.96844429449476,61583100.0,0.007552396132719963,0.007524019573498294,97.849609375,23.048828125,84.33000183105469,1764.800048828125,75.00589752197266,35258.609375,7203.7998046875,15474.4697265625,4486.4599609375,25409.75,17.18000030517578,15021.8095703125,29025.4609375
2021-10-19,18602.349609375,18604.44921875,18377.69921875,18418.75,368200.0,74.5754018450734,291.67703337364946,38.828890908842766,252.8481424648067,92.15081718506046,94.38940116915023,17871.45498046875,17294.04798828125,15612.268232421877,18067.07148615643,17775.39445278278,42.66970801956535,188.88141255917373,61214900.0,-0.003155307734996393,-0.0031602962146704853,226.75,183.599609375,85.08000183105469,1769.699951171875,75.2354965209961,35457.30859375,7217.5,15515.830078125,4519.6298828125,25787.2109375,17.3799991607666,15129.08984375,29215.51953125
2021-10-20,18439.900390625,18458.30078125,18209.349609375,18266.599609375,371300.0,67.0124025407508,285.9881005599891,26.511966476145915,259.4761340838432,82.82415113288428,90.29596865259583,17906.6849609375,17334.6159765625,15633.938232421877,18097.76812049775,17811.78001993776,42.21311242871857,193.17210965316133,60843600.0,-0.008260625212080042,-0.008294933244362599,248.951171875,173.30078125,85.81999969482422,1784.0999755859375,75.12010192871094,35609.33984375,7223.10009765625,15522.919921875,4536.18994140625,26136.01953125,18.309999465942383,15121.6796875,29255.55078125
2021-10-21,18382.69921875,18384.19921875,18048.0,18178.099609375,365900.0,63.00963556216135,271.21200675373257,9.388698135911454,261.8233086178211,72.5037441082238,82.49290414205618,17938.257421875,17373.01296875,15654.918979492188,18110.12681109425,17838.91480434052,40.735457056352594,203.38833173150695,60477700.0,-0.004844908296702255,-0.004856682911584848,336.19921875,204.599609375,84.61000061035156,1781.199951171875,74.80919647216797,35603.078125,7190.2998046875,15472.5595703125,4549.77978515625,26017.529296875,18.040000915527344,15215.7001953125,28708.580078125
2021-10-22,18230.69921875,18314.25,18034.349609375,18114.900390625,324700.0,60.24231241276798,251.50302684280177,-8.256225420015483,259.75925226281726,61.92923184050646,72.41904236053819,17952.85498046875,17409.708984375,15675.584731445313,18110.861207945134,17859.358181102332,39.278576747860306,208.8534787953279,60153000.0,-0.003476668084567369,-0.0034827257394313984,279.900390625,115.798828125,85.52999877929688,1795.5,74.86540222167969,35677.01953125,7204.60009765625,15542.98046875,4544.89990234375,26126.9296875,17.549999237060547,15090.2001953125,28804.849609375
2021-10-25,18229.5,18241.400390625,17968.5,18125.400390625,418700.0,60.55229473382008,234.03299384315324,-20.58100673573125,254.6140005788845,55.600346224364436,63.344440724364894,17966.465039062503,17446.5719921875,15696.119233398436,18113.0980052805,17879.065011437346,37.51072035297243,213.42825821173307,60571700.0,0.000579633328010587,0.0005794654054989729,272.900390625,104.099609375,85.98999786376953,1806.0,74.99369812011719,35741.1484375,7222.7998046875,15599.23046875,4566.47998046875,26132.029296875,17.610000610351562,15226.7099609375,28600.41015625
2021-10-26,18154.5,18310.44921875,18099.30078125,18268.400390625,341400.0,64.60034804169436,229.08601079393702,-20.422391827957995,249.50840262189502,56.641734099883905,58.05710405491826,17987.130078125003,17484.6519921875,15716.796733398438,18136.990679948885,17907.90466915495,36.18480968260807,213.2654138751807,60913100.0,0.007889480889700096,0.00785852166355233,211.1484375,-113.900390625,86.4000015258789,1792.699951171875,75.08989715576172,35756.87890625,7277.60009765625,15757.0595703125,4574.7900390625,26038.26953125,16.75,15235.7099609375,29106.009765625
2021-10-27,18295.849609375,18342.05078125,18167.900390625,18210.94921875,335200.0,61.85409547207765,218.01650311812045,-25.193519603019638,243.2100227211401,56.98855825188865,56.41021285871233,18010.24755859375,17518.288984375,15736.853979492189,18148.36891668752,17930.3524135694,35.09748163131743,210.47148364302495,60577900.0,-0.0031448386638428527,-0.0031497940609639214,174.150390625,84.900390625,84.58000183105469,1797.9000244140625,74.88890075683594,35490.69140625,7253.2998046875,15705.8095703125,4551.68017578125,25628.740234375,16.829999923706055,15235.83984375,29098.240234375
2021-10-28,18187.650390625,18190.69921875,17799.44921875,17857.25,374200.0,48.253587778907225,178.64397107161858,-51.65284131961724,230.29681239123582,42.15708873105993,51.929127027610825,18017.54501953125,17544.17296875,15755.40897949219,18103.581391043284,17924.937419971666,33.14806989012112,224.8306633828089,60203700.0,-0.0194223384240636,-0.019613430387588483,391.25,330.400390625,84.31999969482422,1801.5999755859375,75.05000305175781,35730.48046875,7249.5,15696.330078125,4596.419921875,25555.73046875,17.90999984741211,15448.1201171875,28820.08984375
2021-10-29,17833.05078125,17915.849609375,17613.099609375,17671.650390625,336500.0,42.92049627042316,130.955050104174,-79.47340982964946,210.42845993382346,22.09242874334876,40.41269190876578,18020.22001953125,17565.313984375,15773.08048339844,18037.13046790201,17906.175417797836,32.09311205171758,230.39633028403685,59867200.0,-0.010393515763905459,-0.010447905544470225,302.75,161.400390625,84.37999725341797,1783.0,74.79720306396484,35819.55859375,7237.60009765625,15688.76953125,4605.3798828125,25377.240234375,17.43000030517578,15498.3896484375,28892.689453125
2021-11-01,17783.150390625,17954.099609375,17697.099609375,17929.650390625,281200.0,51.02379560640745,112.68076672393363,-78.19815456791187,190.8789212918455,15.005895458898724,26.41847097776914,18040.100000000002,17592.53,15790.992485351564,18020.595071397856,17907.914304673923,30.90445710708432,234.1143937458914,60148400.0,0.014599655057507821,0.014494106171593095,257.0,-146.5,84.70999908447266,1795.0999755859375,74.92829895019531,35913.83984375,7288.60009765625,15806.2900390625,4613.669921875,25154.3203125,17.239999771118164,15595.919921875,29647.080078125
2021-11-02,17970.900390625,18012.25,17847.599609375,17888.94921875,296400.0,49.82215095465212,93.83237980381091,-77.63723319042768,171.4696129942386,21.88770963405448,19.66201127876732,18049.9849609375,17621.298984375,15808.013481445314,18000.341863298185,17906.509483494374,29.479891746916852,229.1526792372563,59852000.0,-0.002270048271341696,-0.002272628736845954,164.650390625,81.951171875,84.72000122070312,1788.699951171875,74.82990264892578,36052.62890625,7274.7998046875,15954.4501953125,4630.64990234375,25099.669921875,17.059999465942383,15649.599609375,29520.900390625
2021-11-03,17947.94921875,17988.75,17757.94921875,17829.19921875,331000.0,48.03374771586776,73.22942845837315,-78.59214762869237,151.82157608706552,27.18516227286429,21.359589121939166,18050.3298828125,17647.953984375003,15824.342226562501,17974.012225675386,17900.782797217013,28.542947412290708,229.27040080959515,59521000.0,-0.0033400508475575075,-0.003345641269055336,230.80078125,118.75,81.98999786376953,1763.5999755859375,74.71199798583984,36157.578125,7248.89990234375,15959.98046875,4660.56982421875,25024.75,16.1299991607666,15811.580078125,29520.900390625
2021-11-04,17935.05078125,17947.55078125,17900.599609375,17916.80078125,48500.0,50.821030455119285,63.241150441768696,-70.86434051623746,134.10549095800616,26.753104491785386,25.27532546623472,18063.869921875,17673.7980078125,15841.101982421875,17965.210464994558,17901.96931455279,27.672927672995005,221.34762664462406,59569500.0,0.004913376165984751,0.0049013449265533065,46.951171875,18.25,80.54000091552734,1793.0,74.43550109863281,36124.23046875,7279.89990234375,16029.650390625,4680.06005859375,25225.189453125,15.75,15940.3095703125,29794.369140625
2021-11-08,18040.19921875,18087.80078125,17836.099609375,18068.55078125,338900.0,55.294290541905795,66.80029273141918,-53.844158581269596,120.64445131268877,32.79206258828814,28.910109784312603,18077.77998046875,17702.476015624998,15858.466738281251,17981.108975187704,17914.308682456285,26.040848710618377,223.51573701822235,59908400.0,0.008469704042186388,0.008434037348294714,251.701171875,-28.3515625,83.43000030517578,1827.4000244140625,74.19110107421875,36432.21875,7300.39990234375,16046.51953125,4701.7001953125,24763.76953125,16.34000015258789,15982.3603515625,29507.05078125
2021-11-09,18084.349609375,18112.599609375,17983.05078125,18044.25,270200.0,54.44032246941564,66.88901376768263,-43.00435003600492,109.89336380368755,42.52974381136167,34.02497029714506,18085.23251953125,17730.6230078125,15876.51948730469,17990.82297900498,17923.9339652373,24.38658512535552,216.80381495442074,59638200.0,-0.001344921435271762,-0.0013458266538282125,129.548828125,40.099609375,84.77999877929688,1830.199951171875,73.91850280761719,36319.98046875,7274.0,16040.4697265625,4685.25,24813.130859375,16.0,15886.5400390625,29285.4609375
2021-11-10,17973.44921875,18061.25,17915.0,18017.19921875,261400.0,53.45072359555969,64.03835950814027,-36.68400343643782,100.7223629445781,49.78657953859566,41.702795312748485,18088.79501953125,17756.8630078125,15895.198984375002,17994.880862042675,17930.842502534535,23.210682568873196,211.76425674339072,59376800.0,-0.0014991358050348014,-0.0015002606334366785,146.25,-43.75,82.63999938964844,1847.5999755859375,74.17479705810547,36079.94140625,7340.2001953125,16067.830078125,4646.7099609375,24996.140625,16.309999465942383,15622.7099609375,29106.779296875
2021-11-11,17967.44921875,17971.349609375,17798.19921875,17873.599609375,232100.0,48.41904542058223,49.61991955968915,-40.88195470791115,90.5018742676003,46.38449205299282,46.23360513431672,18082.8775390625,17775.713984375,15911.96123046875,17976.22220778611,17926.602288226422,22.6947196177505,212.28109554743423,59144700.0,-0.007970140510272006,-0.00800207185820445,173.150390625,93.849609375,82.87000274658203,1863.199951171875,74.40489959716797,35921.23046875,7384.2001953125,16083.1103515625,4649.27001953125,25247.990234375,16.350000381469727,15704.2802734375,29277.859375
2021-11-12,17977.599609375,18123.0,17905.900390625,18102.75,249100.0,55.60159542406819,56.03775509654588,-27.571295336843548,83.60905043338943,51.77127034987039,49.31411398048628,18079.9275390625,17795.125,15929.251479492188,17995.688021972863,17939.650266876317,21.31183176515767,214.93247376726035,59393800.0,0.012820606684330382,0.012739118453093435,217.099609375,-125.150390625,82.16999816894531,1867.9000244140625,74.32209777832031,36100.30859375,7347.89990234375,16094.0703125,4682.85009765625,25327.970703125,15.220000267028809,15860.9599609375,29609.970703125
2021-11-15,18140.94921875,18210.150390625,18071.30078125,18109.44921875,280400.0,55.79539154136975,60.96177753885422,-18.11781831562817,79.07959585448239,56.99970259067634,51.71848833117984,18068.4724609375,17815.788984374998,15946.846977539064,18013.18974455396,17952.227967015107,20.01819782344971,209.49798345352747,59674200.0,0.0003700663573213969,0.00036999789965571825,138.849609375,31.5,82.05000305175781,1866.0999755859375,74.33999633789062,36087.44921875,7351.89990234375,16148.6396484375,4682.7998046875,25390.91015625,15.470000267028809,15853.849609375,29776.80078125
2021-11-16,18127.05078125,18132.650390625,17958.80078125,17999.19921875,267400.0,51.78899173867563,55.330036973264214,-18.999647104974542,74.32968407823876,62.74309639723882,57.17135644592851,18044.5798828125,17831.089960937497,15964.98347167969,18011.037355968736,17955.70731899547,18.955409673955643,206.95167101934692,59406800.0,-0.006087981951756416,-0.006106589273008452,173.849609375,127.8515625,82.43000030517578,1853.5999755859375,74.43509674072266,36142.21875,7327.0,16247.8603515625,4700.89990234375,25713.779296875,15.199999809265137,15973.8603515625,29808.119140625
2021-11-17,17939.349609375,18022.650390625,17879.25,17898.650390625,295700.0,48.37722003379022,42.266173751242604,-25.65080826159692,67.91698201283953,56.29475578909879,58.67918492567131,18018.574902343753,17842.590976562504,15983.282221679689,17993.74705360816,17951.480879856917,18.361349278343322,202.41229384832215,59111100.0,-0.005586294529162039,-0.005601956226916921,143.400390625,40.69921875,80.27999877929688,1869.699951171875,74.45860290527344,35931.05078125,7291.2001953125,16251.1298828125,4688.669921875,25650.080078125,14.979999542236328,15921.5703125,29688.330078125
2021-11-18,17890.55078125,17945.599609375,17688.5,17764.80078125,278400.0,44.202616269196234,20.87182576389023,-37.63612499915944,58.50795076304967,42.06725359674281,53.70170192769346,17993.4849609375,17850.3309765625,16002.268725585938,17958.524550168444,17937.652724404554,18.640852352055045,206.31853067165628,58832700.0,-0.007478195643460861,-0.007506297537132803,257.099609375,125.75,81.23999786376953,1861.0,74.25980377197266,35870.94921875,7256.0,16221.73046875,4704.5400390625,25319.720703125,14.859999656677246,15993.7099609375,29598.66015625
2021-11-22,17796.25,17805.25,17280.44921875,17416.55078125,356400.0,35.59597110689981,-23.90861013234462,-65.93324871631543,42.02463858397081,29.291528084621472,42.55117915682102,17955.40751953125,17851.42,16020.263730468752,17875.143970334837,17899.05258046718,20.181492070006975,229.0672628558237,58476300.0,-0.019603372100156835,-0.01979806684873854,524.80078125,379.69921875,79.69999694824219,1806.0,74.30259704589844,35619.25,7255.5,16115.6904296875,4682.93994140625,24951.33984375,17.520000457763672,15854.759765625,29774.109375
2021-11-23,17281.75,17553.69921875,17216.099609375,17503.349609375,308800.0,38.79473458321618,-51.79641139569139,-75.05683998372976,23.260428588038373,22.98153829093767,31.446773324100647,17924.82998046875,17854.4169921875,16039.607480468752,17817.944837879477,17869.74124927517,21.77313994005979,236.81957332147917,58785100.0,0.004983697932798847,0.004971320417088634,337.599609375,-221.599609375,82.30999755859375,1783.5,74.42980194091797,35813.80078125,7266.7001953125,15937.0,4690.7001953125,24651.580078125,18.020000457763672,15775.1396484375,29774.109375
2021-11-24,17550.05078125,17600.599609375,17354.0,17415.05078125,298100.0,36.79276584998178,-80.09933700633701,-82.68781247550031,2.588475469163299,21.183460178536457,24.485508851365196,17889.3125,17855.3330078125,16055.276733398438,17755.961136859558,17836.060473865895,22.958552175682964,237.5181473253021,58487000.0,-0.0050446817378146935,-0.005057449101021469,246.599609375,135.0,82.25,1784.0999755859375,74.4469985961914,35804.37890625,7286.2998046875,15878.3896484375,4701.4599609375,24685.5,17.100000381469727,15845.23046875,29302.66015625
2021-11-25,17417.30078125,17564.349609375,17351.69921875,17536.25,255900.0,41.27253202355408,-91.69286712002213,-75.42507407134835,-16.267793048673788,27.039247816764053,23.73474876207939,17852.70498046875,17858.9519921875,16069.718735351562,17722.15942349655,17813.85229061657,24.065968047583805,235.74187898956623,58742900.0,0.006959452503032093,0.006935347288237329,212.650390625,-118.94921875,82.25,1784.0999755859375,74.625,35804.37890625,7310.39990234375,15917.98046875,4701.4599609375,24740.16015625,16.65999984741211,15845.23046875,29499.279296875
2021-11-26,17338.75,17355.400390625,16985.69921875,17026.44921875,356300.0,31.242196187554516,-140.39905284020278,-99.3050078332232,-41.094045006979584,18.51628367656033,22.246330557286946,17793.47998046875,17851.880976562497,16080.90123046875,17615.12708430477,17755.526137144974,26.000732595880468,258.2282291510258,58386600.0,-0.029071254187753914,-0.029502195657113865,369.701171875,312.30078125,72.72000122070312,1785.300048828125,74.50579833984375,34899.33984375,7044.0,15257.0400390625,4594.6201171875,24080.51953125,20.799999237060547,15491.66015625,28751.619140625
2021-11-29,17055.80078125,17160.69921875,16782.400390625,17053.94921875,348900.0,32.19940078055635,-174.76544845755052,-106.93712276045675,-67.82832569709377,18.184673056390146,21.24673484990484,17753.31494140625,17842.5709765625,16091.692724609376,17528.792028065574,17703.557476523125,28.18044531757648,266.8047005063097,58735500.0,0.0016151341742889347,0.0016138312478338214,378.298828125,1.8515625,73.44000244140625,1782.300048828125,74.98159790039062,35135.94140625,7110.0,15280.8603515625,4655.27001953125,23852.240234375,20.829999923706055,15782.830078125,28283.919921875
2021-11-30,17051.150390625,17324.650390625,16931.400390625,16983.19921875,498000.0,31.00356154766535,-205.34293279071426,-110.01168567489638,-95.33124711581787,12.137126837066305,16.27936119000559,17718.8923828125,17829.644960937498,16101.987470703127,17444.854672786256,17650.19760557697,29.23107409688012,275.83650761300186,58237500.0,-0.004148599194972014,-0.0041572285072535705,393.25,67.951171875,70.56999969482422,1773.5999755859375,75.05490112304688,34483.71875,7059.5,15100.1298828125,4567.0,23475.259765625,21.170000076293945,15537.6904296875,27821.759765625
2021-12-01,17104.400390625,17213.05078125,17064.25,17166.900390625,295500.0,37.494580106152334,-212.30533634614767,-93.57927138426382,-118.72606496188385,20.0046146325804,16.775471508678947,17680.7548828125,17821.2799609375,16112.242973632814,17402.092475530677,17614.397811876825,30.20665796337636,272.5518686763589,58533000.0,0.01081664117042136,0.010758559762450211,148.80078125,-62.5,68.87000274658203,1781.5999755859375,75.0509033203125,34022.0390625,7168.7001953125,15472.669921875,4513.0400390625,23658.919921875,19.450000762939453,15254.0498046875,27935.619140625
2021-12-02,17183.19921875,17420.349609375,17149.30078125,17401.650390625,279900.0,44.659445582370836,-196.61428116768366,-62.310572964639846,-134.3037082030438,28.12230965096597,20.08801704020422,17656.38994140625,17821.3749609375,16123.7047265625,17402.024462468264,17598.638743635947,29.95699454853947,272.44450863697614,58812900.0,0.013674571102433752,0.013581917861660867,271.048828125,-218.451171875,69.66999816894531,1760.699951171875,75.01789855957031,34639.7890625,7129.2001953125,15263.1103515625,4577.10009765625,23788.9296875,18.09000015258789,15381.3203125,27753.369140625
2021-12-03,17424.900390625,17489.80078125,17180.80078125,17196.69921875,292500.0,40.31452900539831,-198.42948206156143,-51.300619086814095,-147.12886297474734,33.10684242397711,27.077922235841157,17624.76494140625,17814.0689453125,16134.15572265625,17370.435963434684,17568.865445496245,29.369951170989342,275.0556151629064,58520400.0,-0.01177768586739425,-0.011847592241934006,309.0,228.201171875,69.87999725341797,1782.0,74.9834976196289,34580.078125,7122.2998046875,15169.98046875,4538.43017578125,23766.689453125,18.450000762939453,15085.4697265625,28029.5703125
2021-12-06,17209.05078125,17216.75,16891.69921875,16912.25,231700.0,35.19646014535171,-220.28144913441065,-58.52206892773063,-161.75938020668002,27.335583651463168,29.521578575468745,17574.53740234375,17801.3809375,16142.850473632814,17299.945815213963,17520.227264348374,29.661200251710635,278.6266984548417,58288700.0,-0.01654091957599968,-0.016679248094838027,325.05078125,296.80078125,73.08000183105469,1777.5,75.23400115966797,35227.03125,7232.2998046875,15380.7900390625,4591.669921875,23349.380859375,20.079999923706055,15225.150390625,27927.369140625
2021-12-07,17044.099609375,17251.650390625,16987.75,17176.69921875,254100.0,42.50449565243549,-213.79594207884656,-41.62924949773321,-172.16669258111335,23.475398246261562,27.972608107233945,17529.94482421875,17788.455937500003,16152.917470703127,17280.984800373353,17494.7807424522,29.749779048394352,282.96767646699584,58542800.0,0.015636548581649423,0.015515557382479443,263.900390625,-132.599609375,75.44000244140625,1782.5999755859375,75.39129638671875,35719.4296875,7339.89990234375,15813.9404296875,4686.75,23983.66015625,18.459999084472656,15686.919921875,28455.599609375
2021-12-08,17315.25,17484.599609375,17308.94921875,17469.75,257800.0,49.32450814739661,-182.9010130657516,-8.587456387710603,-174.313556678041,33.4999658722593,28.103649256661342,17501.21982421875,17780.786953125003,16163.692719726563,17310.025600315916,17492.926613381667,28.704350249782806,284.748584621139,58800600.0,0.017060948527881648,0.016917044993306308,175.650390625,-154.5,75.81999969482422,1783.4000244140625,75.40859985351562,35754.75,7337.39990234375,15687.08984375,4701.2099609375,23996.869140625,17.270000457763672,15786.990234375,28860.619140625
2021-12-09,17524.400390625,17543.25,17379.599609375,17516.849609375,237200.0,50.34399622876678,-152.8540085262539,17.167638521429694,-170.0216470476836,54.22913744128073,37.068167186600526,17476.202343750003,17774.021953125,16174.709716796877,17341.844678632697,17494.69868715895,27.47322607698507,276.0987136214148,59037800.0,0.002696066593683266,0.002692438725331353,163.650390625,7.55078125,74.41999816894531,1774.5999755859375,75.38330078125,35754.69140625,7321.2998046875,15639.259765625,4667.4501953125,24254.859375,16.600000381469727,15517.3701171875,28725.470703125
2021-12-10,17476.05078125,17534.349609375,17405.25,17511.30078125,204500.0,50.21582415061627,-128.013623640305,33.60641872590287,-161.62004236620788,73.32715342836843,53.685418913969485,17458.08740234375,17769.2759765625,16186.221718750003,17367.91484826613,17495.928471906434,26.33003934510146,265.59877760381374,58833300.0,-0.00031677089480919296,-0.00031682107730694167,129.099609375,-35.25,75.1500015258789,1782.9000244140625,75.59919738769531,35970.98828125,7291.7998046875,15623.3095703125,4712.02001953125,23995.720703125,16.059999465942383,15630.599609375,28437.76953125
2021-12-13,17619.099609375,17639.5,17355.94921875,17368.25,256600.0,46.90070775881205,-118.50439724943135,34.492516093421216,-152.99691334285257,76.41424139636278,67.99017742200398,17421.36240234375,17762.4149609375,16197.46821777344,17367.96641007134,17486.470807320773,24.776660600824314,266.88106357854133,58576700.0,-0.008169055116863166,-0.0082026046847206,283.55078125,250.849609375,74.38999938964844,1786.300048828125,75.70999908447266,35650.94921875,7231.39990234375,15621.7197265625,4668.97021484375,23954.580078125,16.56999969482422,15413.2802734375,28640.490234375
2021-12-14,17283.19921875,17376.19921875,17225.80078125,17324.900390625,271000.0,45.91156289368386,-113.16175968820971,31.86812292371428,-145.029882611924,73.57778700855589,74.43972727776236,17382.134960937503,17756.549960937497,16209.183969726564,17361.34086861806,17474.50262830627,23.852743565750657,258.56087600150266,58305700.0,-0.002495911181322197,-0.0024990311601760175,150.3984375,-41.701171875,73.69999694824219,1770.4000244140625,75.82689666748047,35544.1796875,7218.60009765625,15453.5595703125,4634.08984375,23635.94921875,16.950000762939453,15237.6396484375,28432.640625
2021-12-15,17323.650390625,17351.19921875,17192.19921875,17221.400390625,215000.0,43.54995361820298,-115.94275009251578,23.269706015526566,-139.21245610804235,60.95556036627282,70.31586292373049,17343.24501953125,17750.336953125,16221.912470703126,17339.811564311436,17455.754314403952,23.125258605029654,251.4493848585382,58090700.0,-0.005974060321640162,-0.005991976410169169,159.0,102.25,73.87999725341797,1762.5999755859375,76.04720306396484,35927.4296875,7170.7998046875,15476.349609375,4709.85009765625,23420.759765625,17.219999313354492,15565.580078125,28459.720703125
2021-12-16,17373.0,17379.349609375,17184.94921875,17248.400390625,219500.0,44.35408562703295,-114.64645767318507,19.65279874788581,-134.29925642107088,56.294507047067796,63.60928480729883,17310.73251953125,17741.4799609375,16234.615473632814,17325.748306821213,17440.3947644944,22.30078438348221,247.37445669899975,58310200.0,0.0015678167505297491,0.0015665890089298405,194.400390625,124.599609375,75.0199966430664,1796.5999755859375,76.2114028930664,35897.640625,7260.60009765625,15636.400390625,4668.669921875,23475.5,15.899999618530273,15180.4296875,29066.3203125
2021-12-17,17276.0,17298.150390625,16966.44921875,16985.19921875,354600.0,38.584037269861135,-133.32043649509797,0.7830559407783255,-134.1034924358763,39.363996987822624,52.20468813372107,17271.75244140625,17724.7379296875,16244.631469726564,17273.35613942564,17406.676575920737,22.374926302775442,253.39779349728548,57955600.0,-0.01525945397337003,-0.015377077556357827,331.701171875,290.80078125,73.5199966430664,1803.800048828125,76.1675033569336,35365.44140625,7269.89990234375,15531.6904296875,4620.64013671875,23192.630859375,16.34000015258789,15169.6796875,28545.6796875
2021-12-20,16824.25,16840.099609375,16410.19921875,16614.19921875,330600.0,32.221108346986526,-176.02716706502542,-33.5389397033193,-142.48822736170612,27.8225131667502,41.160339067213535,17231.63486328125,17704.1019140625,16252.215717773439,17171.94738239862,17347.974549463645,23.906609979151916,276.3693796760508,57625000.0,-0.021842546279377872,-0.022084626281366433,429.900390625,210.05078125,71.5199966430664,1793.699951171875,76.00599670410156,34932.16015625,7198.0,15239.669921875,4568.02001953125,22744.859375,18.969999313354492,14980.9404296875,27937.810546875
2021-12-21,16773.150390625,16936.400390625,16688.25,16770.849609375,241000.0,36.9491632801133,-194.98452119884314,-41.9970350697096,-152.98748612913354,19.478659085547978,28.88838974670693,17195.00986328125,17683.7119140625,16263.424213867189,17110.240032702677,17305.22455390152,24.841505126247196,279.6430791188329,57866000.0,0.00942870544420904,0.009384532645495392,248.150390625,2.30078125,73.9800033569336,1787.9000244140625,75.75869750976562,35492.69921875,7297.39990234375,15447.4404296875,4649.22998046875,22971.330078125,17.540000915527344,15341.08984375,28517.58984375
2021-12-22,16865.55078125,16971.0,16819.5,16955.44921875,207900.0,42.07687948047313,-192.88920849088026,-31.921377889397377,-160.9678306014829,30.095709896060068,25.798960716119414,17172.02978515625,17664.9169140625,16274.3937109375,17086.426061325343,17279.315269816223,25.53322704676694,273.965029940702,58073900.0,0.011007170994593363,0.010947032985081793,151.5,-89.8984375,75.29000091552734,1801.5999755859375,75.6864013671875,35753.890625,7341.7001953125,15593.4697265625,4696.56005859375,23102.330078125,16.579999923706055,15521.8896484375,28562.2109375
2021-12-23,17066.80078125,17118.650390625,17015.55078125,17072.599609375,197000.0,45.12681688905975,-179.70408380098525,-14.989002559601886,-164.71508124138336,42.52555070792064,30.699973229842893,17148.847265625,17647.449921875,16285.161210937502,17084.298914871444,17264.00299867243,25.440402768966536,266.0533257931519,58270900.0,0.006909306212627531,0.006885546336514033,103.099609375,-5.798828125,76.8499984741211,1811.199951171875,75.45850372314453,35950.55859375,7373.2998046875,15756.3095703125,4725.7900390625,23193.640625,15.829999923706055,15653.3701171875,28798.369140625
2021-12-24,17149.5,17155.599609375,16909.599609375,17003.75,182600.0,43.67142885327608,-172.8182246487777,-6.4825147259154505,-166.33570992286224,48.84080444612505,40.48735501670191,17147.712304687502,17627.6859375,16293.951962890626,17071.90677412199,17244.72499877077,25.65630808164036,264.6209453793553,58088300.0,-0.004032754879180422,-0.0040409083631890875,246.0,145.75,76.8499984741211,1811.199951171875,75.06739807128906,35950.55859375,7372.10009765625,15756.3095703125,4725.7900390625,23223.759765625,16.149999618530273,15653.3701171875,28782.58984375
2021-12-27,16937.75,17112.05078125,16833.19921875,17086.25,144800.0,45.922045401611165,-158.87268571586537,5.970419365597479,-164.84310508146285,52.3875572898296,47.91797081462509,17149.327343750003,17606.1759375,16303.979462890626,17074.11342425707,17232.986109972935,26.069091011363664,265.63741803082996,58233100.0,0.004851870910828504,0.004840138519222991,278.8515625,-148.5,78.5999984741211,1808.0999755859375,75.31500244140625,36302.37890625,7372.10009765625,15835.25,4791.18994140625,23223.759765625,17.1200008392334,15871.259765625,28676.4609375
2021-12-28,17177.599609375,17250.25,17161.150390625,17233.25,176000.0,49.772915033807855,-134.4096830109811,24.346737656385415,-158.7564206673665,56.74370275277167,52.65735482957544,17161.8298828125,17584.069921875,16315.45521484375,17098.59597437137,17233.00565738235,25.74943816582929,258.37760245719926,58409100.0,0.008603409174043453,0.008566610759914585,89.099609375,-55.650390625,78.94000244140625,1810.199951171875,74.98030090332031,36398.2109375,7372.10009765625,15963.7001953125,4786.35009765625,23280.560546875,16.479999542236328,15781.7197265625,29069.16015625
2021-12-29,17220.099609375,17285.94921875,17176.650390625,17213.599609375,161700.0,49.26785759335544,-115.27933104976182,34.78167169408377,-150.0610027438456,62.43391875674582,57.18839293311569,17164.16484375,17558.800898437497,16326.742211914063,17116.288841295005,17231.568172344767,25.275398835192195,247.7291185763279,58247400.0,-0.0011402602889762914,-0.00114091088034896,109.298828125,6.5,79.2300033569336,1805.0999755859375,74.74500274658203,36488.62890625,7420.7001953125,15852.25,4793.06005859375,23086.5390625,16.239999771118164,15766.2197265625,28906.880859375
2021-12-30,17201.44921875,17264.05078125,17146.349609375,17203.94921875,320800.0,49.004863937164785,-99.74727071918096,40.25098561973169,-139.99825633891265,65.62541375252488,61.60101175401412,17154.27978515625,17534.5048828125,16337.269956054688,17129.77505321116,17229.52232393034,24.94100627245427,238.44140809766162,57926600.0,-0.0005606259494814747,-0.0005607831589689821,117.701171875,-2.5,79.31999969482422,1812.699951171875,74.57029724121094,36398.078125,7403.0,15884.8603515625,4778.72998046875,23112.009765625,16.56999969482422,15741.5595703125,28791.7109375
2021-12-31,17244.5,17400.80078125,17238.5,17354.05078125,167000.0,53.19031543402248,-74.46764273118606,52.424490886181275,-126.89213361736734,75.06804278873346,67.70912509933473,17162.147363281252,17516.25390625,16348.1662109375,17164.27901137098,17238.746654102168,23.92659706937517,235.47070484068578,58093600.0,0.008724831757606522,0.008686990360265219,162.30078125,-109.55078125,77.77999877929688,1827.5,74.43119812011719,36338.30078125,7384.5,15884.8603515625,4766.18017578125,23397.669921875,16.219999313354492,15644.9697265625,28791.7109375
2022-01-03,17387.150390625,17646.650390625,17383.30078125,17625.69921875,200500.0,59.645545448399844,-32.14307145590283,75.7992497291716,-107.94232118507443,86.05180378645252,75.58175344257029,17197.81982421875,17505.2058984375,16361.139956054689,17235.26673558314,17267.409807039043,22.530968550719503,239.55134087885108,58294100.0,0.015653315812207858,0.015532066331647875,263.349609375,-238.548828125,78.9800033569336,1799.4000244140625,74.51380157470703,36585.05859375,7384.5,16020.73046875,4796.56005859375,23274.75,16.450000762939453,15832.7998046875,28791.7109375
2022-01-04,17681.400390625,17827.599609375,17593.55078125,17805.25,247400.0,63.25271106381475,15.706647237901052,98.9191747383804,-83.21252750047935,97.33646083631416,86.15210247050004,17229.247363281254,17499.012890625003,16375.518706054689,17322.956468570348,17307.249821332447,21.902238787367317,239.158304253576,58541500.0,0.01018687423526421,0.01013533773365083,234.048828125,-123.849609375,80.0,1814.0,74.4032974243164,36799.6484375,7505.2001953125,16152.6103515625,4793.5400390625,23289.83984375,16.1200008392334,15622.7197265625,29301.7890625
2022-01-05,17820.099609375,17944.69921875,17748.849609375,17925.25,251500.0,65.47397330024032,62.58939952235596,116.64154161826826,-54.052142095912295,98.48709137733154,93.95845200003274,17252.022363281252,17495.0098828125,16390.592705078125,17415.617011867216,17353.02761234486,21.71123769581879,236.06482604796344,58793000.0,0.0067395852346920915,0.006716975758933995,195.849609375,-105.150390625,80.80000305175781,1824.5999755859375,74.53489685058594,36407.109375,7516.89990234375,16271.75,4700.580078125,22907.25,17.229999542236328,15100.169921875,29332.16015625
2022-01-06,17768.5,17797.94921875,17655.55078125,17745.900390625,236500.0,59.66867189263426,84.3005397435445,110.68214547156543,-26.381605728020936,94.7334835191366,96.85234524426076,17263.47490234375,17484.5598828125,16405.715708007814,17466.429839368415,17382.12929962487,21.09222387586763,238.46728266953747,58556500.0,-0.010005417462796928,-0.01005580805311726,142.3984375,22.599609375,81.98999786376953,1788.699951171875,74.43009948730469,36236.46875,7450.39990234375,16052.0302734375,4696.0498046875,23072.859375,17.979999542236328,15080.8603515625,28487.869140625
2022-01-07,17797.599609375,17905.0,17704.55078125,17812.69921875,239300.0,61.0537516947152,105.67868387275303,105.64823168061918,0.030452192133857636,91.75715224173294,94.9925757127337,17278.54482421875,17476.594882812504,16421.98995605469,17519.702051580967,17414.023367708214,20.891469254812545,235.7517066752848,58795800.0,0.003764183651131514,0.0037571168401497185,200.44921875,-15.099609375,81.75,1797.0,74.41929626464844,36231.66015625,7485.2998046875,15947.740234375,4677.02978515625,23493.380859375,17.600000381469727,14935.900390625,28478.560546875
2022-01-10,17913.30078125,18017.44921875,17879.150390625,18003.30078125,232400.0,64.77141278387374,136.42830965634494,109.11828597136886,27.310023684976077,91.78595493278965,92.75886356455305,17310.29736328125,17479.5158984375,16438.28645996094,17594.101856145433,17457.673546489088,21.077340455332116,233.5372990556216,59028200.0,0.010700318921871732,0.010643475643964555,138.298828125,-90.0,80.87000274658203,1798.4000244140625,74.2699966430664,36068.87109375,7445.2998046875,15768.26953125,4670.2900390625,23746.5390625,17.68000030517578,14942.830078125,28478.560546875
2022-01-11,17997.75,18081.25,17964.400390625,18055.75,220200.0,65.74054247644204,163.1491414992597,108.6712942514269,54.477847247832806,95.42332079622166,92.98880932358142,17346.83984375,17487.197890625,16454.883208007814,17665.124647507673,17501.975506008414,21.45491239916683,225.20246407843433,59248400.0,0.002913311252602302,0.0029090757855369247,116.849609375,-58.0,83.72000122070312,1818.5999755859375,74.05699920654297,36252.01953125,7491.39990234375,15941.8095703125,4713.06982421875,23739.060546875,17.760000228881836,15153.4501953125,28222.48046875
2022-01-12,18170.400390625,18227.94921875,18128.80078125,18212.349609375,245000.0,68.5246945929737,194.71729321807652,112.19155677619497,82.52573644188155,98.55243567883929,95.25390380261686,17396.3873046875,17492.851875,16471.87120605469,17749.31310317957,17554.595809961495,22.252523932740935,221.41651798354619,59493400.0,0.008673115731830494,0.008635720331115329,99.1484375,-41.94921875,84.66999816894531,1827.199951171875,73.81529998779297,36290.3203125,7551.7001953125,16010.3203125,4726.35009765625,24402.169921875,17.18000030517578,15188.3896484375,28765.66015625
2022-01-13,18257.0,18272.25,18163.80078125,18257.80078125,303700.0,69.30439501549512,220.8569096348947,110.66493855441051,110.19197108048418,98.61142735379126,97.52906127628405,17446.85732421875,17500.22890625,16490.413208007812,17827.54197672887,17606.685067093975,23.122604119538874,213.34742518115004,59797100.0,0.0024956237305924223,0.002492514833041471,108.44921875,-0.80078125,84.47000122070312,1821.199951171875,73.79910278320312,36113.62109375,7563.89990234375,16031.58984375,4659.02978515625,24429.76953125,16.700000762939453,14806.8095703125,28489.130859375
2022-01-14,18185.0,18286.94921875,18119.650390625,18255.75,229500.0,69.2210738980592,238.65618314225503,102.77136964941667,135.88481349283836,98.38071109759396,98.51485804340817,17510.38486328125,17508.759921874997,16510.06745605469,17893.420134155196,17654.76395101294,23.66112984342307,210.05823967713934,59567600.0,-0.00011232356375068253,-0.00011232987251458901,167.298828125,-70.75,86.05999755859375,1816.5,73.97229766845703,35911.80859375,7543.0,15883.240234375,4662.85009765625,24383.3203125,16.559999465942383,14893.75,28124.279296875
2022-01-17,18235.650390625,18321.55078125,18228.75,18308.099609375,266700.0,70.2057766875068,254.05779153101685,94.53838243054278,159.51940910047406,98.3720002265528,98.454712892646,17595.0798828125,17516.5858984375,16529.071455078127,17957.216976496704,17703.159184965687,24.275754573541825,201.68270693234368,59834300.0,0.0028675682661627455,0.0028634646353713476,92.80078125,-72.44921875,86.05999755859375,1816.5,74.37899780273438,35911.80859375,7611.2001953125,15933.7197265625,4662.85009765625,24218.029296875,16.770000457763672,14893.75,28333.51953125
2022-01-18,18337.19921875,18350.94921875,18085.900390625,18113.05078125,227500.0,62.21871031700397,247.66988256602053,70.52037877243717,177.14950379358336,92.12363648425226,96.292115936133,17662.18994140625,17517.4758984375,16545.411210937502,17981.191407997212,17733.52152543119,23.96546343971086,206.20885844610487,59606800.0,-0.010653690567923424,-0.010710847446216868,265.048828125,224.1484375,87.51000213623047,1812.300048828125,74.25509643554688,35368.46875,7563.60009765625,15772.5595703125,4577.10986328125,24112.779296875,17.780000686645508,14506.900390625,28257.25
2022-01-19,18129.19921875,18129.19921875,17884.900390625,17938.400390625,276700.0,56.06780682853025,225.91043688756326,39.0087464751839,186.90169041237937,80.67383693736011,90.38982454938838,17711.3375,17515.35890625,16561.649711914062,17974.60817455533,17748.697737667768,22.61669589989836,208.92957056602597,59330100.0,-0.00964224043394124,-0.009689027834056424,244.298828125,190.798828125,88.44000244140625,1843.0999755859375,74.61969757080078,35028.6484375,7589.7001953125,15809.7197265625,4532.759765625,24127.849609375,17.81999969482422,14340.259765625,27467.23046875
2022-01-20,17921.0,17943.69921875,17648.44921875,17757.0,258100.0,50.485219831710005,191.817273791763,3.9324667035069183,187.88480708825608,60.59513751982162,77.79753698047799,17745.55751953125,17510.154921875,16576.09796386719,17941.12999385451,17749.312720062746,21.6558608001094,215.09531552559557,59072000.0,-0.010112406160797005,-0.010163883876396832,295.25,164.0,88.37999725341797,1842.5,74.44920349121094,34715.390625,7585.0,15912.330078125,4482.72998046875,24952.349609375,17.790000915527344,14154.01953125,27772.9296875
2022-01-21,17613.69921875,17707.599609375,17485.849609375,17617.150390625,277600.0,46.63044336355527,151.7640600908744,-28.896597597905355,180.66065768877976,38.90403897313462,60.057671143438775,17776.2275390625,17505.025937500002,16590.994716796875,17891.286977973046,17739.522917882172,21.355691943386994,219.09924946126733,58794400.0,-0.007875745304668613,-0.00790692279190989,221.75,-3.451171875,87.88999938964844,1831.800048828125,74.45220184326172,34265.37109375,7494.10009765625,15603.8798828125,4397.93994140625,24965.55078125,18.889999389648438,13768.919921875,27522.259765625
2022-01-24,17575.150390625,17599.400390625,16997.849609375,17149.099609375,323800.0,36.567107705977556,81.31644788828635,-79.47536784039474,160.7918157286811,21.658296423622623,40.385824305526285,17779.370019531252,17485.9529296875,16603.32271484375,17777.10430588104,17695.787857992753,22.419834865138778,247.68507316046254,58470600.0,-0.02656790518738339,-0.02692721026213864,601.55078125,426.05078125,86.2699966430664,1841.699951171875,74.41320037841797,34364.5,7297.2001953125,15011.1298828125,4410.1298828125,24656.4609375,22.829999923706055,13855.1298828125,27588.369140625
2022-01-25,17001.55078125,17309.150390625,16836.80078125,17277.94921875,326500.0,40.381524084762425,35.47436787471452,-100.25395828317326,135.72832615788778,18.496885785338915,26.353073727365384,17781.60498046875,17469.3229296875,16615.617211914065,17700.31121555319,17664.836847678474,23.74893259160746,263.7325400329295,58797100.0,0.007513491221694313,0.0074854055398087425,472.349609375,-276.3984375,88.19999694824219,1852.699951171875,74.6447982788086,34297.73046875,7371.5,15123.8701171875,4356.4501953125,24243.609375,21.360000610351562,13539.2900390625,27131.33984375
2022-01-27,17062.0,17182.5,16866.75,17110.150390625,395600.0,37.24084467057401,-14.231719483497727,-119.9680365131084,105.73631702961067,19.455383315602234,19.870188508187923,17776.432519531252,17451.541953125,16626.79896484375,17609.517242487313,17623.74896197081,24.983094766185523,274.26587422700595,58401500.0,-0.00971173291462768,-0.009759199363728934,315.75,-48.150390625,89.33999633789062,1793.300048828125,74.8949966430664,34160.78125,7554.2998046875,15524.26953125,4326.509765625,23807.0,21.06999969482422,13352.7802734375,26170.30078125
2022-01-28,17208.30078125,17373.5,17077.099609375,17101.94921875,355300.0,37.089014573403695,-53.6672749196041,-127.52287355937182,73.85559863976772,21.56650035343711,19.839589818126086,17771.33251953125,17435.6079296875,16638.134462890623,17531.429854220034,17585.097129139638,25.18845220711767,275.84691111257695,58046200.0,-0.0004793161771092791,-0.0004794310858279706,296.400390625,106.3515625,90.02999877929688,1784.9000244140625,75.20929718017578,34725.46875,7466.10009765625,15318.9501953125,4431.85009765625,23550.080078125,20.700000762939453,13770.5703125,26717.33984375
2022-01-31,17301.05078125,17410.0,17264.150390625,17339.849609375,321700.0,44.19632192525818,-64.9746757963876,-111.06421954892426,46.089543752536656,22.92921110428889,21.317031591109412,17770.622460937502,17427.10890625,16653.27971191406,17501.95597039772,17566.93064619411,25.206942173457552,278.1471875509643,58367900.0,0.0139107178709299,0.01381485185545943,145.849609375,-38.798828125,91.20999908447266,1795.0,75.03900146484375,35131.859375,7464.39990234375,15471.2001953125,4515.5498046875,23802.259765625,21.950000762939453,14239.8798828125,27001.98046875
2022-02-01,17529.44921875,17622.400390625,17244.55078125,17576.849609375,386400.0,50.22878566270832,-54.18731550558732,-80.2214874064992,26.034171900911865,33.20339574809135,25.899702401939116,17768.179980468754,17430.3148828125,16668.6399609375,17513.47806870192,17567.665384207507,24.277206522514014,285.268789109824,58754300.0,0.013667938611870323,0.013575374822651254,377.849609375,-47.400390625,89.16000366210938,1800.300048828125,74.55580139160156,35405.23828125,7535.7998046875,15619.3896484375,4546.5400390625,23802.259765625,19.979999542236328,14346.0,27078.48046875
2022-02-02,17706.19921875,17794.599609375,17674.80078125,17780.0,271200.0,54.74479121538281,-28.91243151843082,-43.95728273547415,15.044851217043329,48.1303950756149,34.75433397599838,17766.91748046875,17435.847890625002,16684.632709960937,17554.48144274778,17583.39387426621,22.73696505443896,280.44601845912234,59025500.0,0.011557838585399605,0.01149155699474709,119.798828125,-73.80078125,89.47000122070312,1809.199951171875,74.74549865722656,35629.328125,7583.0,15613.76953125,4589.3798828125,23802.259765625,18.649999618530273,14417.5498046875,27533.599609375
2022-02-03,17767.75,17781.150390625,17511.150390625,17560.19921875,226600.0,49.51037013041865,-26.314651041106117,-33.08760180651956,6.772950765413439,52.981297931145974,44.771696251617406,17748.664941406252,17438.750859375003,16699.344458007814,17555.361100594273,17581.67575163538,21.859694637879834,279.69987428347076,58798900.0,-0.012362248664229525,-0.01243929691182117,270.0,207.55078125,91.11000061035156,1803.0,74.82240295410156,35111.16015625,7528.7998046875,15368.4697265625,4477.43994140625,23802.259765625,19.15999984741211,13878.8203125,27241.310546875
2022-02-04,17590.19921875,17617.80078125,17462.55078125,17516.30078125,261400.0,48.51270260377637,-27.481340541307873,-27.40343304537705,-0.07790749593082325,51.648341253420426,50.92001142006043,17737.184960937502,17438.351875,16715.128710937497,17549.351820695156,17576.833161236464,21.20381845660505,270.81059754893715,58537500.0,-0.0024998826581151823,-0.002503012582150695,155.25,73.8984375,93.2699966430664,1806.5999755859375,74.6438980102539,35089.73828125,7516.39990234375,15099.5595703125,4500.52978515625,24573.2890625,18.899999618530273,14098.009765625,27439.990234375
2022-02-07,17456.30078125,17536.75,17119.400390625,17213.599609375,265000.0,42.198273781603916,-52.22933787148213,-41.72114430044105,-10.508193571041085,39.17927774997291,47.936305644846435,17707.22998046875,17442.0948828125,16729.71470703125,17497.69763433821,17549.92697220969,21.584966107740076,281.2776698222274,58272500.0,-0.017281112927623465,-0.017432174227495423,417.349609375,242.701171875,92.69000244140625,1820.5999755859375,74.64219665527344,35091.12890625,7573.5,15206.6396484375,4483.8701171875,24579.55078125,20.440000534057617,14015.669921875,27248.869140625
2022-02-08,17279.849609375,17306.44921875,17043.650390625,17266.75,268500.0,43.586744755414635,-66.78367113874992,-45.02038205416707,-21.76328908458285,34.34315040370086,41.72358980236473,17670.40244140625,17446.3508984375,16744.017705078124,17462.16722905541,17528.95090019416,22.129712372582517,279.95775255813976,58541000.0,0.0030876976246183574,0.003082940476216172,262.798828125,13.099609375,90.77999877929688,1826.5999755859375,74.6583023071289,35462.78125,7567.10009765625,15242.3798828125,4521.5400390625,24329.490234375,19.68000030517578,14194.4501953125,27284.51953125
2022-02-09,17370.099609375,17477.150390625,17339.0,17463.80078125,236400.0,48.52370532547436,-61.706420679900475,-31.954505276254096,-29.75191540364638,38.26583491215672,37.262754355276826,17640.804980468754,17455.9629296875,16759.6299609375,17462.418544777654,17524.124965457555,21.88705424789972,274.9893695629155,58777400.0,0.01141215233034587,0.0113475249468573,138.150390625,-93.701171875,91.55000305175781,1835.199951171875,74.69519805908203,35768.05859375,7643.39990234375,15482.009765625,4587.18017578125,24829.990234375,18.559999465942383,14490.3701171875,27579.869140625
2022-02-10,17554.099609375,17639.44921875,17427.150390625,17605.849609375,273600.0,51.798494022162565,-45.693780376757786,-12.753491978489123,-32.94028839826866,56.73522128488721,43.114735533581594,17610.47998046875,17464.7419140625,16775.234208984377,17484.484862408015,17530.178642784773,21.011484290028168,270.51147374592153,59051000.0,0.008133901085124018,0.00810099920504003,212.298828125,-51.75,91.41000366210938,1836.199951171875,74.80889892578125,35241.58984375,7672.39990234375,15490.4404296875,4504.080078125,24924.349609375,17.709999084472656,14185.6396484375,27696.080078125
2022-02-11,17451.0,17454.75,17303.0,17374.75,253100.0,46.60397646830863,-51.062834102194756,-14.498036563140872,-36.564797539053885,64.36775906514791,53.12293842073061,17566.32744140625,17464.20390625,16788.84270996094,17467.602575883706,17518.6654099859,20.581944994538276,272.82134057657004,58797900.0,-0.01312629691281364,-0.013213208134273142,151.75,76.25,94.44000244140625,1840.800048828125,75.53839874267578,34738.05859375,7661.0,15425.1201171875,4418.64013671875,24906.66015625,18.68000030517578,13791.150390625,27696.080078125
2022-02-14,17076.150390625,17099.5,16809.650390625,16842.80078125,305500.0,37.325282762137995,-97.1221405497381,-48.44587440854737,-48.67626614119074,46.60806976454643,55.90368337152718,17495.67998046875,17457.1259375,16798.733964843752,17371.479222863134,17468.601363412872,21.413824237327542,293.6983597764579,58492400.0,-0.03061622289529342,-0.031094690696753635,289.849609375,233.349609375,96.4800033569336,1868.0,75.34100341796875,34566.171875,7531.60009765625,15113.9697265625,4401.669921875,24556.5703125,22.979999542236328,13790.919921875,27079.58984375
2022-02-15,16933.25,17375.0,16839.25,17352.44921875,298700.0,48.00603838927009,-91.44597092259937,-34.2157638251269,-57.23020709747247,38.21339129693259,49.729740042208974,17447.8974609375,17465.929921875002,16811.021708984375,17368.551529922654,17459.997500845253,21.16002642090253,310.987762649568,58791100.0,0.03025912638397754,0.02981034961442144,535.75,-419.19921875,93.27999877929688,1854.800048828125,75.6854019165039,34988.83984375,7608.89990234375,15412.7099609375,4471.06982421875,24355.7109375,20.610000610351562,14139.759765625,26865.189453125
2022-02-16,17408.44921875,17490.599609375,17257.69921875,17322.19921875,244500.0,47.48874178948529,-88.36981556319006,-24.911686772574065,-63.458128790615994,36.83770446075768,40.5530551740789,17408.354882812502,17468.839921875002,16824.47720703125,17361.42040512686,17449.79022069005,20.530350486812782,305.41009321924173,58546600.0,-0.0017432697608654735,-0.001744791023833279,232.900390625,86.25,94.80999755859375,1870.199951171875,75.17479705810547,34934.26953125,7603.7998046875,15396.0703125,4475.009765625,24718.900390625,20.59000015258789,14124.08984375,27460.400390625
2022-02-17,17396.55078125,17442.900390625,17235.849609375,17304.599609375,232100.0,47.17026746319773,-86.35661635068027,-18.31879004805141,-68.03782630262886,52.46622010176603,42.50577195315209,17376.664843750004,17465.536914062504,16837.829453125,17352.67874424196,17439.03536059264,20.0047351058794,298.38442807858166,58314500.0,-0.001016014719190439,-0.001016531212017758,207.05078125,91.951171875,92.97000122070312,1900.699951171875,75.04199981689453,34312.03125,7537.39990234375,15267.6298828125,4380.259765625,24792.76953125,22.010000228881836,13716.7197265625,27232.869140625
2022-02-18,17236.05078125,17380.80078125,17219.19921875,17276.30078125,189600.0,46.628780595119586,-86.05265891095405,-14.411866086660154,-71.6407928242939,49.88915196294225,46.39769217515531,17352.6298828125,17460.7259375,16851.728457031248,17340.928288397045,17426.980947308,19.56432488766845,288.61422339439724,58124900.0,-0.0016353356196504576,-0.0016366742405402451,161.6015625,-40.25,93.54000091552734,1898.5999755859375,75.06300354003906,34079.1796875,7513.60009765625,15042.509765625,4348.8701171875,24327.7109375,22.170000076293945,13548.0703125,27122.0703125
2022-02-21,17192.25,17351.05078125,17070.69921875,17206.650390625,215200.0,45.251900252985244,-90.39001505320994,-14.999377783132829,-75.39063727007711,45.97866852801474,49.44468019757433,17332.1048828125,17454.6329296875,16864.6724609375,17320.27015027827,17410.66016533148,19.578405022216533,288.0240333305117,57909700.0,-0.004031556958107085,-0.004039705592356217,280.3515625,-14.400390625,93.54000091552734,1898.5999755859375,74.68240356445312,34079.1796875,7484.2998046875,14731.1201171875,4348.8701171875,24170.0703125,22.899999618530273,13548.0703125,26910.869140625
2022-02-22,16847.94921875,17148.55078125,16843.80078125,17092.19921875,300100.0,43.00471151007802,-101.88815092617006,-21.198010924874353,-80.6901400012957,38.922844506078576,44.930221665678516,17329.25986328125,17449.1119140625,16876.50945800781,17285.182314658534,17387.070465584704,20.173850437594684,293.36871733368946,57609600.0,-0.006651566067580439,-0.00667378632095619,304.75,-244.25,96.83999633789062,1906.0999755859375,74.51699829101562,33596.609375,7494.2001953125,14693.0,4304.759765625,23520.0,26.65999984741211,13381.51953125,26449.609375
2022-02-23,17194.5,17220.69921875,17027.849609375,17063.25,200200.0,42.43074744968529,-112.04488279613724,-25.083794235873228,-86.96108856026402,33.31733132474812,39.40628145294714,17318.524902343754,17443.87890625,16887.709956054685,17251.038881634144,17363.08376443028,20.41953488034731,286.1887810509259,57409400.0,-0.0016937094155936583,-0.0016951453630000418,192.849609375,131.25,96.83999633789062,1909.199951171875,74.62300109863281,33131.76171875,7498.2001953125,14631.3603515625,4225.5,23660.279296875,24.540000915527344,13037.490234375,26449.609375
2022-02-24,16548.900390625,16705.25,16203.25,16247.9501953125,458000.0,30.204253427014464,-183.76373255199724,-77.44211519338657,-106.32161735861067,20.91924754608023,31.05314112563564,17275.414892578126,17424.409902343752,16894.237958984373,17096.717545276966,17280.481277828963,22.244830623133822,327.1752966901455,56951400.0,-0.04778103847083648,-0.04896026903082192,502.0,300.9501953125,99.08000183105469,1925.0999755859375,74.63300323486328,33223.828125,7207.0,14052.099609375,4288.7001953125,22901.560546875,31.979999542236328,13473.58984375,25970.8203125
2022-02-25,16515.650390625,16748.80078125,16478.30078125,16658.400390625,329800.0,39.634778384217384,-205.11707524118174,-79.03636630605683,-126.0807089351249,21.7884284787887,25.341669116539016,17253.237451171874,17412.60990234375,16903.2762109375,17029.28413686897,17234.40121211015,23.768993522822967,339.58067449352797,57281200.0,0.025261660109649586,0.024947858168202962,270.5,-142.75,97.93000030517578,1886.5,75.4083023071289,34058.75,7489.5,14567.23046875,4384.64990234375,22767.1796875,26.739999771118164,13694.6201171875,26476.5
2022-02-28,16481.599609375,16815.900390625,16356.2998046875,16793.900390625,404200.0,42.4015980740527,-208.70026879833313,-66.09564789056657,-142.60462090776656,25.30988185867465,22.672519294514526,17225.939990234376,17408.783925781252,16913.763212890626,16993.071252831436,17201.77152162977,25.374008695337274,348.15352531095454,57685400.0,0.008134034290366632,0.008101131335537446,459.6005859375,-312.30078125,100.98999786376953,1899.4000244140625,75.06800079345703,33892.6015625,7458.2998046875,14461.01953125,4373.93994140625,22713.01953125,28.56999969482422,13751.400390625,26526.8203125
2022-03-02,16593.099609375,16678.5,16478.650390625,16605.94921875,517700.0,39.68449951681555,-224.12251941236173,-65.21431880367612,-158.9082006086856,33.61882718148034,26.905712506314565,17177.394970703128,17408.61892578125,16923.40395996094,16933.514016818906,17157.636536231268,26.864379926957703,345.80327350302923,57167700.0,-0.011191633122935585,-0.011254730666993663,199.849609375,-12.849609375,112.93000030517578,1920.9000244140625,75.80120086669922,33891.3515625,7429.60009765625,14000.1103515625,4386.5400390625,22343.919921875,29.229999542236328,13752.01953125,26393.029296875
2022-03-03,16723.19921875,16768.94921875,16442.94921875,16498.05078125,442100.0,38.172242386850236,-242.25865927335326,-66.68036693173411,-175.57829234161915,30.68833047593776,29.87234650536425,17113.297509765627,17403.16294921875,16931.278461914062,16866.519672885228,17108.77833215858,27.841902183523054,344.3887539670986,56725600.0,-0.00649757722841704,-0.006518778370608893,326.0,225.1484375,110.45999908447266,1934.4000244140625,75.63099670410156,33794.66015625,7238.89990234375,13698.400390625,4363.490234375,22467.33984375,28.15999984741211,13537.9404296875,26577.26953125
2022-03-04,16339.4501953125,16456.0,16133.7998046875,16245.349609375,456100.0,34.82510209868303,-273.8656012596184,-78.62984713439943,-195.235754125219,19.720197198204797,28.009118285207634,17047.555029296876,17388.960957031253,16936.964711914065,16770.955047729807,17044.820648989426,29.28153995071282,345.80748415248445,56269500.0,-0.015317032007332254,-0.015435549523985674,322.2001953125,94.1005859375,118.11000061035156,1965.0999755859375,75.8917007446289,33614.80078125,6987.10009765625,13094.5400390625,4328.8701171875,21905.2890625,27.959999084472656,13313.4404296875,25985.470703125
2022-03-07,15867.9501953125,15944.599609375,15711.4501953125,15863.150390625,585400.0,30.472915807870166,-325.9967259496043,-104.60877745950825,-221.38794849009605,13.215972600881521,21.20816675834136,16964.897509765626,17364.77197265625,16941.129711914065,16631.292792790606,16957.28951874021,31.196394604486173,359.24262200319987,55684100.0,-0.02352668473994779,-0.023807855961420165,233.1494140625,4.7998046875,123.20999908447266,1993.9000244140625,76.41799926757812,32817.37890625,6959.5,12834.650390625,4201.08984375,21057.630859375,29.329999923706055,12830.9599609375,25221.41015625
2022-03-08,15747.75,16028.75,15671.4501953125,16013.4501953125,543600.0,33.967733970638825,-351.13540929631927,-103.79796864497854,-247.33744065134073,11.849363305771638,14.928511034952653,16904.8900390625,17344.9659765625,16946.666713867187,16536.240085486283,16887.375494782602,32.61421735463152,359.1038493377928,56227700.0,0.009474776509483585,0.009430172336242727,357.2998046875,-265.7001953125,127.9800033569336,2040.0999755859375,77.08080291748047,32632.640625,6964.10009765625,12831.509765625,4170.7001953125,20765.869140625,28.59000015258789,12795.5498046875,24790.94921875
2022-03-09,16078.0,16418.05078125,15990.0,16345.349609375,462200.0,41.018251018161074,-340.35310926615057,-74.41253489184783,-265.94057437430274,21.78959896561811,15.618311624090424,16858.820019531253,17330.147968750003,16952.516962890622,16506.872319930702,16847.225429196853,32.43475482943609,364.02863018866475,56689900.0,0.020726290088294297,0.020514423015661167,428.05078125,-267.349609375,111.13999938964844,1985.9000244140625,76.91449737548828,33286.25,7190.7001953125,13847.9296875,4277.8798828125,20627.7109375,27.469999313354492,13255.5498046875,24717.529296875
2022-03-10,16757.099609375,16757.30078125,16447.900390625,16594.900390625,486400.0,45.71185953518097,-308.11958556142054,-33.743208949694235,-274.3763766117263,36.95523055137509,23.53139760758828,16815.375,17317.3809765625,16959.502963867188,16520.415100037517,16828.534685598937,31.198069629334622,367.45166888054587,57176300.0,0.01526738719047449,0.015152013456311012,309.400390625,162.19921875,109.33000183105469,1998.0999755859375,76.13490295410156,33174.0703125,7099.10009765625,13442.099609375,4259.52001953125,20890.259765625,25.579999923706055,13129.9599609375,25690.400390625
2022-03-11,16528.80078125,16694.400390625,16470.900390625,16630.44921875,343700.0,46.36660953504987,-276.5182620612868,-1.713508359648415,-274.8047537016384,49.72084879058602,36.1552261025264,16766.60498046875,17305.71796875,16966.612958984377,16537.343425993284,16813.86168805457,30.04971908638326,357.16940681764976,57520000.0,0.0021421537513466316,0.0021398626113986923,223.5,-101.6484375,112.66999816894531,1982.699951171875,76.310302734375,32944.19140625,7155.60009765625,13628.1103515625,4204.31005859375,20553.7890625,25.350000381469727,12843.8095703125,25162.779296875
2022-03-14,16633.69921875,16887.94921875,16606.5,16871.30078125,314700.0,50.70457434642905,-229.3949550505131,36.32783892090026,-265.72279397141335,62.85584679438372,49.8439753787816,16741.432519531252,17299.065000000002,16974.462211914062,16588.721480648164,16818.116435698677,28.401257354766702,351.76082195567477,57834700.0,0.014482565042708062,0.014378694372337426,281.44921875,-237.6015625,106.9000015258789,1959.5999755859375,76.75370025634766,32945.23828125,7193.5,13929.1103515625,4173.10986328125,19531.66015625,25.68000030517578,12581.2197265625,25307.849609375
2022-03-15,16900.650390625,16927.75,16555.0,16663.0,381600.0,47.15250332045313,-206.47738418679728,47.39632782769286,-253.87371201449014,66.18201747434303,59.586237686437585,16732.44248046875,17285.243984375003,16981.08796386719,16600.14894516383,16806.626329350627,27.002662114093955,353.26004895884085,57453100.0,-0.012346456503312231,-0.012423307208470636,372.75,237.650390625,99.91000366210938,1928.5,76.49009704589844,33544.33984375,7175.7001953125,13917.26953125,4262.4501953125,18415.080078125,26.729999542236328,12948.6201171875,25346.48046875
2022-03-16,16876.650390625,16987.900390625,16837.849609375,16975.349609375,260000.0,52.523422925589855,-161.25222581993512,74.09718895564401,-235.34941477557913,80.16527400259038,69.73437942377237,16713.5875,17272.2369921875,16988.78645996094,16657.87212427324,16819.124350093174,25.51431796204616,351.2343590778522,57713100.0,0.018745100484606647,0.018571576221107083,150.05078125,-98.69921875,98.0199966430664,1908.0,76.26589965820312,34063.1015625,7291.7001953125,14440.740234375,4357.85986328125,20087.5,24.1200008392334,13436.5498046875,25762.009765625
2022-03-17,17202.900390625,17344.599609375,17175.75,17287.05078125,448300.0,57.19827288484585,-99.11672648469903,108.9861506327041,-208.10287711740312,86.53634415923966,77.62787854539101,16711.830078125,17261.873007812497,16997.307714843748,16754.668840731203,16853.785567215902,24.273756553377215,352.52119057229135,58161400.0,0.018361988356508263,0.01819544269851146,168.849609375,-84.150390625,106.63999938964844,1942.0999755859375,76.02420043945312,34480.76171875,7385.2998046875,14388.0595703125,4411.669921875,21501.23046875,22.610000610351562,13614.7802734375,26652.890625
2022-03-21,17329.5,17353.349609375,17096.400390625,17117.599609375,285500.0,54.08066748672609,-62.823004517096706,116.22389808024516,-179.04690259734187,93.86339259074504,86.85500358419168,16702.480078125,17245.719999999998,17005.021464843747,16810.50434359948,16873.327348116578,22.880131567248544,345.6946211564134,57875900.0,-0.009802202470463706,-0.009850560325581039,256.94921875,211.900390625,115.62000274658203,1928.5999755859375,75.94640350341797,34552.98828125,7442.39990234375,14326.9697265625,4461.18017578125,21221.33984375,24.6200008392334,13838.4599609375,26652.890625
2022-03-22,17120.400390625,17334.400390625,17006.30078125,17315.5,338300.0,57.026612123718564,-17.884894840004563,128.92960620586985,-146.8145010458744,93.4310499299185,91.27692889330106,16704.4400390625,17237.1119921875,17013.717963867188,16888.195983045716,16906.08087788572,21.310320271350786,344.43783460059814,58214200.0,0.011561223252155806,0.011494902983443505,328.099609375,-195.099609375,115.4800033569336,1920.699951171875,76.30709838867188,34807.4609375,7476.7001953125,14473.2001953125,4511.60986328125,21889.279296875,24.06999969482422,14108.8203125,27224.109375
2022-03-23,17405.05078125,17442.400390625,17199.599609375,17245.650390625,292100.0,55.669095388406475,11.954793701475865,127.01543579788022,-115.06064209640435,90.87428192212164,92.72290814759505,16706.390039062502,17225.771015625,17021.49446777344,16943.188968827144,16931.234175125668,20.17403656209603,337.1780450755554,57922100.0,-0.0040339354552280104,-0.004042093720190609,242.80078125,159.400390625,121.5999984741211,1936.5999755859375,76.10189819335938,34358.5,7460.60009765625,14283.650390625,4456.240234375,22154.080078125,24.75,13922.599609375,28040.16015625
2022-03-24,17094.94921875,17291.75,17091.150390625,17222.75,290300.0,55.20510344380155,33.37041830718226,118.74484832286929,-85.37443001568703,91.41225601818948,91.90586262340987,16712.917578125,17210.16,17029.25696777344,16986.198358238355,16952.827939931172,18.76654350946221,327.42244252551575,57631800.0,-0.0013278937068936791,-0.0013287761390126268,200.599609375,-127.80078125,119.02999877929688,1961.5999755859375,76.55239868164062,34707.94140625,7467.39990234375,14273.7900390625,4520.16015625,21945.94921875,23.93000030517578,14191.83984375,28110.390625
2022-03-25,17289.0,17294.900390625,17076.55078125,17153.0,237100.0,53.73601567309958,44.20464934233678,103.66326348641904,-59.45861414408226,86.71521493342627,89.66725095791246,16717.405078125,17192.105000000003,17036.263715820314,17011.860149278607,16967.65549993627,17.440933305606674,319.63152587190746,57394700.0,-0.004049875890900112,-0.004058098847076208,218.349609375,136.0,120.6500015258789,1953.800048828125,76.32350158691406,34861.23828125,7483.39990234375,14305.759765625,4543.06005859375,21404.880859375,23.43000030517578,14169.2998046875,28149.83984375
2022-03-28,17181.849609375,17235.099609375,17003.900390625,17222.0,253200.0,55.01145563228468,57.69352380757118,93.72171036132275,-36.028186553751574,86.27006048681713,88.13251047947762,16766.107568359374,17172.2980078125,17043.673217773438,17044.189357081897,16986.495833274326,16.45848422641927,313.31493250605695,57647900.0,0.004022619949862971,0.004014550846285441,231.19921875,-40.150390625,112.4800033569336,1939.5999755859375,76.27850341796875,34955.890625,7473.10009765625,14417.3701171875,4575.52001953125,21684.970703125,22.610000610351562,14354.900390625,27943.890625
2022-03-29,17297.19921875,17343.650390625,17235.69921875,17325.30078125,235100.0,56.926025131889666,75.84477240503838,89.49836716703197,-13.653594761993585,87.71688719037263,86.90072087020533,16799.452587890624,17153.648007812502,17052.122973632813,17087.437268492376,17011.592496087338,15.412903931124834,299.6246080859815,57883000.0,0.005998187274997013,0.00598026976240216,107.951171875,-28.1015625,110.2300033569336,1912.0,76.03410339355469,35294.19140625,7537.2998046875,14820.330078125,4631.60009765625,21927.630859375,21.299999237060547,14619.6396484375,28252.419921875
2022-03-30,17468.150390625,17522.5,17387.19921875,17498.25,505000.0,59.99558954324387,102.99802710498625,93.32129749358387,9.676729611402381,92.4118463284722,88.79959800188732,16834.670068359374,17138.4980078125,17060.925473632815,17150.639227185857,17047.64120008087,15.045975381662403,292.3085088476971,58388000.0,0.009982465582194733,0.009932969892759297,135.30078125,-30.099609375,113.44999694824219,1933.5,75.66670227050781,35228.80859375,7578.7998046875,14606.0498046875,4602.4501953125,22232.029296875,20.610000610351562,14442.26953125,28027.25
2022-03-31,17519.19921875,17559.80078125,17435.19921875,17464.75,281100.0,59.11680254505642,120.42581324192724,88.59926690441989,31.826546337507352,93.65059873839465,91.25977741907982,16877.610107421875,17121.631015625,17069.252475585938,17198.963961464957,17078.53814822303,14.826873282655889,280.329441251433,58106900.0,-0.001914477162001882,-0.001916312115762529,124.6015625,54.44921875,107.91000366210938,1949.199951171875,75.82779693603516,34678.3515625,7515.7001953125,14414.75,4530.41015625,21996.849609375,20.559999465942383,14220.51953125,27821.4296875
2022-04-01,17436.900390625,17703.69921875,17422.69921875,17670.44921875,291800.0,62.727001589594266,149.1167421869177,93.83215667952827,55.28458550738942,95.373235306036,93.81189345763427,16936.230029296876,17112.778984375,17078.54547363281,17271.500154893427,17122.38341270651,15.082874434249707,280.3773383049021,58398700.0,0.011777965258592316,0.01170914487476482,281.0,-233.548828125,104.38999938964844,1919.0999755859375,75.9092025756836,34818.26953125,7537.89990234375,14446.48046875,4545.85986328125,22039.55078125,18.43000030517578,14261.5,27665.98046875
2022-04-04,17809.099609375,18114.650390625,17791.400390625,18053.400390625,345500.0,68.3333913988381,200.4448655590677,116.1282240413426,84.31664151772509,94.81639940499625,94.61341114980895,17026.632568359375,17115.078984375003,17089.466225585937,17391.79249885213,17191.347633293062,16.390029390879505,292.07904070276624,58744200.0,0.021671841339984343,0.0214403456403388,323.25,-244.30078125,107.52999877929688,1929.199951171875,75.99479675292969,34921.87890625,7558.89990234375,14518.16015625,4582.64013671875,22502.310546875,17.90999984741211,14532.5498046875,27736.470703125
2022-04-05,18080.599609375,18095.44921875,17921.55078125,17957.400390625,283500.0,65.66685397201614,230.7168156020998,117.12013926749978,113.59667633460003,93.62077360406748,94.60346943836657,17131.345068359376,17119.0869921875,17100.415478515628,17478.809097586418,17248.092281984318,17.603816136321463,283.63756904542583,58460700.0,-0.005317557796472028,-0.005331746328175393,173.8984375,123.19921875,106.63999938964844,1922.9000244140625,75.47799682617188,34641.1796875,7613.7001953125,14424.3603515625,4525.1201171875,22502.310546875,18.489999771118164,14204.169921875,27787.98046875
2022-04-06,17842.75,17901.0,17779.849609375,17807.650390625,328800.0,61.6269969487975,239.8590349736878,101.0098869112702,138.8491480624176,85.37263886308112,91.26993729071495,17221.055078125,17122.896992187503,17110.996728515624,17529.400065746202,17289.541030772514,18.079542562346504,276.0599413457526,58131900.0,-0.008339180323571727,-0.008374145812508964,121.150390625,35.099609375,101.06999969482422,1918.4000244140625,75.45069885253906,34496.51171875,7587.7001953125,14151.6904296875,4481.14990234375,22080.51953125,19.020000457763672,13888.8203125,27350.30078125
2022-04-07,17723.30078125,17787.5,17623.69921875,17639.55078125,308800.0,57.36099529271451,230.87865071383203,73.62360212113151,157.25504859270052,72.42407090867604,83.80582779194154,17285.76513671875,17132.706015625,17120.777734375,17546.346329669865,17315.467678956033,17.855185637284645,269.4807435264131,57823100.0,-0.00943974110495216,-0.009484577848941177,163.80078125,83.75,100.58000183105469,1933.800048828125,75.94509887695312,34583.5703125,7551.7998046875,14078.150390625,4500.2099609375,21808.98046875,19.0,13897.2998046875,26888.5703125
2022-04-08,17698.150390625,17842.75,17600.55078125,17784.349609375,274400.0,59.93382434596305,232.76254505338875,60.405997168550584,172.35654788483816,66.6171388513767,74.80461620771129,17345.23759765625,17142.8340234375,17130.966982421873,17582.96221885527,17350.199673801882,17.81576527408329,267.53206318524076,58097500.0,0.008208759390795572,0.008175250776633796,242.19921875,-86.19921875,102.77999877929688,1941.5999755859375,75.91320037841797,34721.12109375,7669.60009765625,14283.669921875,4488.27978515625,21872.009765625,17.690000534057617,13711.0,26985.80078125
2022-04-11,17740.900390625,17779.05078125,17650.94921875,17674.94921875,251700.0,57.12904102858249,222.85886934303198,40.40185716655503,182.45701217647695,62.63480943806737,67.22533973270669,17397.462597656253,17154.129999999997,17140.477978515624,17597.114064992922,17374.25519564989,17.779160651110605,257.9512294309379,57845800.0,-0.006151497975913078,-0.006170496392137639,128.1015625,65.951171875,98.4800033569336,1944.300048828125,75.91729736328125,34308.078125,7618.2998046875,14192.7802734375,4412.52978515625,21208.30078125,18.270000457763672,13411.9599609375,26821.51953125
2022-04-12,17584.849609375,17595.30078125,17442.349609375,17530.30078125,266000.0,53.56003151032042,201.0209703466753,14.851166536158672,186.16980381051664,59.35624390426889,62.86939739790431,17430.41259765625,17162.697031249998,17149.694731445314,17586.83509826324,17385.814127916565,16.835891789945478,256.1403994269423,57579800.0,-0.008183810641252287,-0.008217481851263662,152.951171875,54.548828125,104.63999938964844,1972.0999755859375,75.83699798583984,34220.359375,7576.7001953125,14124.9501953125,4397.4501953125,21319.130859375,18.15999984741211,13371.5703125,26334.98046875
2022-04-13,17599.900390625,17663.650390625,17457.400390625,17475.650390625,245100.0,52.23234809836578,177.26109273162,-7.126968863117327,184.38806159473734,50.092256545877405,57.36110329607122,17471.0451171875,17165.413046875,17158.120732421878,17569.72975862659,17392.46866589497,16.21138668851745,252.576799467875,57334700.0,-0.0031174816283502382,-0.0031223510971550208,206.25,124.25,108.77999877929688,1981.0,76.1498031616211,34564.58984375,7580.7998046875,14076.4404296875,4446.58984375,21374.369140625,17.790000915527344,13643.58984375,26843.490234375
2022-04-18,17183.44921875,17237.75,17067.849609375,17173.650390625,376100.0,45.5175772117253,132.53456647786516,-41.48279609349777,174.01736257136292,35.0484024495461,48.16563429989746,17480.96015625,17157.3490625,17164.687236328125,17508.794471241727,17376.25990476386,15.90052940866978,263.6642267380268,56958600.0,-0.017281188010147552,-0.017432250630348714,169.900390625,9.798828125,113.16000366210938,1982.9000244140625,76.3313980102539,34411.69140625,7580.7998046875,14076.4404296875,4391.68994140625,21374.369140625,19.34000015258789,13332.3603515625,26799.7109375
2022-04-19,17258.94921875,17275.650390625,16824.69921875,16958.650390625,401400.0,41.4337950935432,78.83105369811528,-76.14904709859812,154.9801007967134,22.712658267910463,35.951105754444654,17464.54013671875,17140.922070312503,17170.40698730469,17424.156920377616,17345.3258666795,16.306807389294896,277.04186567638203,56557200.0,-0.012519178806467801,-0.012598203971631295,450.951171875,300.298828125,107.25,1955.699951171875,76.28019714355469,34911.19921875,7601.2998046875,14153.4599609375,4462.2099609375,21027.759765625,19.770000457763672,13619.66015625,26985.08984375
2022-04-20,17045.25,17186.900390625,16978.94921875,17136.55078125,286100.0,45.7694116572461,50.04877651371862,-83.94505942639583,133.99383594011445,16.61404214343331,24.791700953629956,17465.4876953125,17132.449101562503,17177.347490234373,17379.909822050293,17329.861045536574,16.684065514161077,273.5567324137833,56843300.0,0.010490244596548015,0.010435603778864927,207.951171875,-91.30078125,106.80000305175781,1952.300048828125,76.44539642333984,35160.7890625,7629.2001953125,14362.0302734375,4459.4501953125,20944.669921875,18.670000076293945,13453.0703125,27217.849609375
2022-04-21,17234.599609375,17414.69921875,17215.5,17392.599609375,285200.0,51.351581945518035,47.35375046167974,-69.31206838274778,116.66581884442752,26.19487070782011,21.840523706387962,17469.34267578125,17129.975078125,17185.70298828125,17381.862097023324,17334.508346561644,16.10431512038265,273.8847113485131,57128500.0,0.014941678252146096,0.014831150992767859,199.19921875,-158.0,108.33000183105469,1944.9000244140625,76.27619934082031,34792.76171875,7628.0,14502.41015625,4393.66015625,20682.220703125,17.850000381469727,13174.650390625,27553.060546875
2022-04-22,17242.75,17315.30078125,17149.19921875,17171.94921875,262700.0,46.87386985133351,27.10087837148967,-71.65195237835029,98.75283074983996,31.706676962599015,24.838529937950813,17465.6576171875,17129.1420703125,17193.162734375,17349.567808058197,17322.466929686707,15.77807191920915,271.7072598682622,56865800.0,-0.012686452605167986,-0.012767612798961313,166.1015625,70.80078125,106.6500015258789,1931.0,76.28520202636719,33811.3984375,7521.7001953125,14142.08984375,4271.77978515625,20638.51953125,18.350000381469727,12839.2900390625,27105.259765625
2022-04-25,17009.05078125,17054.30078125,16888.69921875,16953.94921875,275700.0,42.89428098055957,-6.465911766084901,-84.1749940127399,77.709082246655,26.988111731054097,28.29655313382441,17452.217578124997,17122.8860546875,17199.321479492188,17288.70340970309,17295.169321469173,16.238527869101915,272.5317413062435,56590100.0,-0.012695122564301942,-0.012776394201003337,165.6015625,55.1015625,102.31999969482422,1893.199951171875,76.4635009765625,34049.4609375,7380.5,13924.169921875,4296.1201171875,19869.33984375,21.260000228881836,13004.849609375,26590.779296875
2022-04-26,17121.30078125,17223.849609375,17064.44921875,17200.80078125,261100.0,48.25183347609464,-12.999130828102352,-72.56657045980589,59.567439631703536,22.178733507470316,26.957840733707805,17454.6076171875,17117.6260546875,17206.15373535156,17275.179928402613,17288.179059230715,15.984516188666518,272.34378768615466,56851200.0,0.014560121616207233,0.014455140840464372,159.400390625,-79.5,104.98999786376953,1901.4000244140625,76.52780151367188,33240.1796875,7386.2001953125,13756.400390625,4175.2001953125,19934.7109375,19.190000534057617,12490.740234375,26700.109375
2022-04-27,17073.349609375,17110.69921875,16958.44921875,17038.400390625,265100.0,45.24445514637691,-30.92462842423629,-72.39365444475186,41.46902602051557,19.823910131925256,22.996918456816555,17445.42763671875,17106.2770703125,17212.254487304686,17238.752307206058,17269.676935630294,16.060111566810875,270.20148588714363,56586100.0,-0.009441443610115341,-0.00948629657994312,152.25,34.94921875,105.31999969482422,1885.9000244140625,76.79409790039062,33301.9296875,7425.60009765625,13793.9404296875,4183.9599609375,19946.359375,20.610000610351562,12488.9296875,26386.630859375
2022-04-28,17189.5,17322.5,17071.05078125,17245.05078125,312900.0,49.55311714301169,-28.131472833752923,-55.6803990834148,27.54892624966187,30.247271209472807,24.083304949622793,17441.41513671875,17103.6830859375,17219.081489257813,17239.721303212817,17267.85277604657,15.319105397639294,271.1942089934191,56899000.0,0.012128508890934642,0.012055547873445796,251.44921875,-55.55078125,107.58999633789062,1888.699951171875,76.47219848632812,33916.390625,7509.2001953125,13979.83984375,4287.5,20276.169921875,19.3799991607666,12871.5302734375,26847.900390625
2022-04-29,17329.25,17377.650390625,17053.25,17102.55078125,336200.0,46.817318237053136,-36.990037851646775,-51.63117128104692,14.641133429400142,29.47916700433728,26.51678278191178,17421.63017578125,17108.878085937497,17225.95474121094,17218.61814598777,17255.608183839417,14.431065821465532,274.9946505385321,56562800.0,-0.008263240381694681,-0.008297570200330234,324.400390625,226.69921875,109.33999633789062,1909.300048828125,76.58899688720703,32977.2109375,7544.60009765625,14097.8798828125,4131.93017578125,21089.390625,19.420000076293945,12334.6396484375,26847.900390625
2022-05-02,16924.44921875,17092.25,16917.25,17069.099609375,278200.0,46.172879983027684,-46.17743967790011,-48.6548584858402,2.477418807940092,31.39713327733162,30.374523830380568,17401.84765625,17103.21109375,17232.851240234377,17195.61529420119,17241.79273387909,14.062349010387795,268.58794558935125,56284600.0,-0.0019559171203674675,-0.0019578324241160947,175.0,-144.650390625,107.58000183105469,1861.800048828125,76.52310180664062,33061.5,7544.60009765625,13939.0703125,4155.3798828125,21089.390625,20.280000686645508,12536.01953125,26818.529296875
2022-05-04,17096.599609375,17132.849609375,16623.94921875,16677.599609375,310600.0,39.346559743779466,-84.08007712378821,-69.24599674538264,-14.83408037840557,19.353910532466198,26.7434036047117,17352.20517578125,17090.319101562505,17237.776240234372,17115.9205734587,17200.00065058249,14.57819727915239,285.75312023475476,55974000.0,-0.022936183451936376,-0.023203310190181764,508.900390625,419.0,110.13999938964844,1867.0,76.46730041503906,34061.05859375,7493.5,13970.8203125,4300.169921875,20869.51953125,21.8799991607666,12964.8603515625,26818.529296875
2022-05-05,16854.75,16945.69921875,16651.849609375,16682.650390625,265800.0,39.47088960869227,-112.4147868506443,-78.06456517779098,-34.35022167285332,12.138397373425118,20.96314706107431,17283.667675781253,17077.880117187502,17242.127744140624,17049.263622253515,17161.67840910416,15.057199243005227,286.3314408876294,56239800.0,0.00030284821366977077,0.00030280236440618743,293.849609375,172.099609375,110.9000015258789,1874.0,76.00160217285156,32997.96875,7503.2998046875,13902.51953125,4146.8701171875,20793.400390625,20.290000915527344,12317.6904296875,26818.529296875
2022-05-06,16415.55078125,16484.19921875,16340.900390625,16411.25,300500.0,35.28535354570479,-154.98343917253078,-96.50657399974196,-58.47686517278882,5.785869985079742,12.426059296990353,17206.36015625,17060.5791015625,17244.914243164065,16951.107680368357,17106.091119540888,16.289286825375473,290.2899093956559,55939300.0,-0.0162684216398562,-0.016402205362178027,143.298828125,4.30078125,112.38999938964844,1881.199951171875,76.54180145263672,32899.37109375,7387.89990234375,13674.2900390625,4123.33984375,20001.9609375,21.25,12144.66015625,27003.560546875
2022-05-09,16227.7001953125,16403.69921875,16142.099609375,16301.849609375,288400.0,33.732550274179005,-195.29585105095612,-109.45518870253383,-85.84066234842228,8.250160241092194,8.724809199865684,17131.070117187504,17042.4830859375,17246.802490234375,16851.221823292457,17046.517674343413,17.858541914847663,288.77994376918053,55650900.0,-0.006666182687180999,-0.0066885009232451696,261.599609375,-74.1494140625,105.94000244140625,1857.0999755859375,76.9574966430664,32245.69921875,7216.60009765625,13380.669921875,3991.239990234375,20001.9609375,22.030000686645508,11623.25,26319.33984375
2022-05-10,16248.900390625,16404.55078125,16197.2998046875,16240.0498046875,283100.0,32.85302121780209,-229.5839547364667,-114.99463391043551,-114.58932082603118,8.933791271479933,7.6566071658839565,17061.095068359376,17025.44009765625,17248.385737304685,16757.195358891695,16986.77931362816,19.311703125466927,282.9564461115605,55367800.0,-0.003790968888092272,-0.003798172823006312,207.2509765625,8.8505859375,102.45999908447266,1839.9000244140625,77.3655014038086,32160.740234375,7243.2001953125,13534.740234375,4001.050048828125,19633.689453125,22.299999237060547,11737.669921875,26167.099609375
2022-05-11,16270.0498046875,16318.75,15992.599609375,16167.099609375,284300.0,31.799025453996467,-259.65090107070864,-116.04926419574196,-143.6016368749667,10.840164272757576,9.341371928443234,16980.232568359374,17007.51708984375,17250.459233398436,16666.41139742759,16926.0622984983,21.080375048434917,286.0417278625205,55083500.0,-0.0044919933245182175,-0.004502112641840228,326.150390625,102.9501953125,107.51000213623047,1852.5999755859375,77.27140045166016,31834.109375,7347.7001953125,13828.6396484375,3935.179931640625,19824.5703125,22.799999237060547,11364.240234375,26213.640625
2022-05-12,16021.099609375,16041.9501953125,15735.75,15808.0,314900.0,27.176946427755237,-308.89476346425363,-132.23450127142954,-176.6602621928241,8.122612230713191,9.298855924983567,16886.885107421876,16998.7180859375,17251.33873535156,16534.34810551565,16843.242868979905,23.177158651676958,296.420862256269,54768600.0,-0.022211752141785834,-0.022462147872579268,306.2001953125,213.099609375,107.44999694824219,1823.800048828125,77.41840362548828,31730.30078125,7233.2998046875,13739.6396484375,3930.080078125,19380.33984375,24.270000457763672,11370.9599609375,25748.720703125
2022-05-13,15977.0,16083.599609375,15740.849609375,15782.150390625,369100.0,26.87412843254556,-346.0180459909425,-135.4862270384947,-210.5318189524478,6.498998421002651,8.487258308157806,16799.47758789063,16981.1930859375,17251.129238281246,16418.62538014786,16764.643426138802,24.91486555016175,299.7300863808212,54399500.0,-0.0016352232651188903,-0.0016365617019766783,342.75,194.849609375,111.55000305175781,1807.4000244140625,77.44380187988281,32196.66015625,7418.2001953125,14027.9296875,4023.889892578125,19898.76953125,23.489999771118164,11805.0,26427.650390625
2022-05-16,15845.099609375,15977.9501953125,15739.650390625,15842.2998046875,217600.0,28.860470809709042,-366.36176940155747,-124.66396035928773,-241.69780904226974,4.571941891204416,6.397850847640085,16717.81005859375,16962.161074218748,17251.060488281248,16329.959907000111,16696.32167640167,26.530713931778138,295.34220911701254,54617100.0,0.0038112305721171857,0.003803986233609079,238.2998046875,2.7998046875,114.23999786376953,1813.5,77.48629760742188,32223.419921875,7464.7998046875,13964.3798828125,4008.010009765625,19950.2109375,24.530000686645508,11662.7900390625,26547.05078125
2022-05-17,15912.599609375,16284.25,15900.7998046875,16259.2998046875,295700.0,40.855165794304334,-344.86056387537974,-82.53020386648797,-262.3303600088918,13.734085288460278,8.268341866889115,16672.092529296875,16955.228085937502,17253.234736328122,16319.089122028941,16663.94968590432,26.530542930640745,305.81420813097594,54912800.0,0.026321935902047233,0.025981475212963467,383.4501953125,-346.7001953125,111.93000030517578,1818.199951171875,77.8053970336914,32654.58984375,7518.39990234375,14185.9404296875,4088.85009765625,20602.51953125,22.739999771118164,11984.51953125,26659.75
2022-05-18,16318.150390625,16399.80078125,16211.2001953125,16240.2998046875,290400.0,40.51993095372747,-325.6005246297955,-50.61613169672296,-274.9843929330725,23.035287250902968,13.780438143522552,16636.175000000003,16950.07306640625,17255.703984375003,16306.967688591796,16632.56821322159,26.036142101810515,297.4418065457277,54622400.0,-0.0011685620062508173,-0.0011692453072036017,188.6005859375,77.8505859375,109.11000061035156,1815.9000244140625,77.37239837646484,31490.0703125,7438.10009765625,14007.759765625,3923.679931640625,20644.279296875,22.299999237060547,11418.150390625,26911.19921875
2022-05-19,15917.400390625,15984.75,15775.2001953125,15809.400390625,313900.0,33.75520890512685,-341.1739454351955,-52.95164200169836,-288.22230343349713,22.36737393431059,19.712248824557946,16569.81748046875,16941.35408203125,17256.203984375003,16230.418873519982,16571.592818955178,26.62107733593139,309.4173638906757,54308500.0,-0.026532725334179386,-0.026891070897403772,209.5498046875,108.0,112.04000091552734,1841.199951171875,77.81999969482422,31253.130859375,7302.7001953125,13882.2998046875,3900.7900390625,20120.6796875,24.559999465942383,11388.5,26402.83984375
2022-05-20,16043.7998046875,16283.0498046875,16003.849609375,16266.150390625,252400.0,44.35904839104952,-313.05142389600405,-19.863296370005514,-293.18812752599854,24.39323205832993,23.26529774784783,16513.49501953125,16949.414082031253,17258.642485351564,16235.916029997677,16548.96745389368,26.03159994723803,321.1482246172346,54560900.0,0.028891038794289337,0.02848156086057151,279.2001953125,-222.3505859375,112.55000305175781,1841.800048828125,77.42109680175781,31261.900390625,7390.0,13981.91015625,3901.360107421875,20717.240234375,23.100000381469727,11354.6201171875,26739.029296875
2022-05-23,16290.9501953125,16414.69921875,16185.75,16214.7001953125,293800.0,43.51409162654603,-291.55486079027105,1.3066133885819795,-292.86147417885303,25.577274297430954,24.112626763357156,16465.632568359375,16953.43908203125,17260.900737304684,16232.652055430728,16524.206916221,25.034742102316226,314.5625813410035,54267100.0,-0.0031630222318707046,-0.0031680351601504043,228.94921875,76.25,113.41999816894531,1847.800048828125,77.81839752197266,31880.240234375,7513.39990234375,14175.400390625,3973.75,20470.060546875,23.399999618530273,11535.26953125,27001.51953125
2022-05-24,16225.5498046875,16262.7998046875,16078.599609375,16125.150390625,249800.0,42.01403065149891,-278.5338358159497,11.462110690322675,-289.9959465062724,34.80978147871899,28.260095944826624,16424.192626953125,16949.03509765625,17262.10073730469,16216.113337768307,16494.647173584257,24.3887091689629,305.25098233896756,54017300.0,-0.005522754266735541,-0.005538061057189644,184.2001953125,100.3994140625,113.55999755859375,1865.0999755859375,77.52680206298828,31928.619140625,7484.39990234375,13919.75,3941.47998046875,20112.099609375,25.639999389648438,11264.4501953125,26748.140625
2022-05-25,16196.349609375,16223.349609375,16006.9501953125,16025.7998046875,243300.0,40.35201653963468,-273.08340617221074,13.53003226724934,-286.6134384394601,35.07279640849466,31.819950728214867,16365.442578125001,16937.653085937498,17261.575986328127,16186.834332678953,16459.917738851163,23.975239195191325,298.9044417477913,53774000.0,-0.006161219184365629,-0.006180277818558741,216.3994140625,170.5498046875,114.02999877929688,1846.199951171875,77.47879791259766,32120.279296875,7522.7998046875,14007.9296875,3978.72998046875,20171.26953125,25.280000686645508,11434.740234375,26677.80078125
2022-05-26,16105.0,16204.4501953125,15903.7001953125,16170.150390625,314300.0,43.82886950722957,-254.18591847145035,25.94201597440781,-280.12793444585816,44.972639247466745,38.2850723782268,16322.030078125,16928.447109375,17261.132739257813,16184.26757236296,16438.45349083441,23.858723325244362,299.03626733723473,54088300.0,0.009007387318995308,0.008967062770830264,300.75,-65.150390625,117.4000015258789,1847.4000244140625,77.49729919433594,32637.189453125,7564.89990234375,14231.2900390625,4057.840087890625,20116.19921875,22.719999313354492,11740.650390625,26604.83984375
2022-05-27,16296.599609375,16370.599609375,16221.9501953125,16352.4501953125,274100.0,47.95481469459024,-221.94105430380114,46.54950411364564,-268.4905584174468,64.52209359467136,48.18917641687759,16277.400048828127,16918.07009765625,17261.4219921875,16210.141822047504,16432.082876351305,23.10540841309888,291.99433529528943,54362400.0,0.011273847198922216,0.011210771015034579,148.6494140625,-55.8505859375,119.43000030517578,1851.300048828125,77.63020324707031,33212.9609375,7585.5,14462.1904296875,4158.240234375,20697.359375,21.479999542236328,12131.1298828125,26781.6796875
2022-05-30,16527.900390625,16695.5,16506.150390625,16661.400390625,251400.0,54.10717842793679,-169.50314167682518,79.1899333924973,-248.69307506932248,83.75329159672015,64.41600814628607,16255.342529296877,16918.038105468753,17263.537993164064,16279.566217213272,16449.069358890098,21.59311411823983,295.6411545375902,54613800.0,0.018893205092962884,0.018716945110386057,189.349609375,-133.5,119.43000030517578,1851.300048828125,77.69200134277344,33212.9609375,7600.10009765625,14575.98046875,4158.240234375,21123.9296875,19.979999542236328,12131.1298828125,27369.4296875
2022-05-31,16578.44921875,16690.75,16521.900390625,16584.55078125,651600.0,52.44638774671701,-132.61810043287733,92.85997970915614,-225.47808014203346,91.90612517145897,80.06050345428349,16231.115087890628,16910.22212890625,17265.169497070314,16326.48691937277,16459.105019805647,20.18884084444214,286.58461559740516,53962200.0,-0.004612433983534836,-0.004623104079880039,168.849609375,-6.1015625,122.83999633789062,1842.699951171875,77.5208969116211,32990.12109375,7607.7001953125,14388.349609375,4132.14990234375,21415.19921875,20.479999542236328,12081.3896484375,27279.80078125
2022-06-01,16594.400390625,16649.19921875,16438.849609375,16522.75,249600.0,51.08832858095422,-107.13822331374104,94.67188546263395,-201.810108776375,88.93796152238704,88.19912609685538,16223.37260742188,16894.93611328125,17266.38274902344,16356.681239469268,16463.81946278301,18.887963876477404,281.1392580100905,53712600.0,-0.0037264067061659745,-0.003733367056413342,210.349609375,71.650390625,116.29000091552734,1843.300048828125,77.5989990234375,32813.23046875,7533.0,14340.4697265625,4101.22998046875,21294.939453125,20.850000381469727,11994.4599609375,27457.890625
2022-06-02,16481.650390625,16646.400390625,16443.05078125,16628.0,236000.0,53.30590158747172,-77.55839681511497,99.40136956900804,-176.95976638412301,87.76835736699323,89.53748135361307,16220.640087890628,16885.144121093752,17268.11149902344,16398.422587243225,16475.98098405834,17.680006691938722,275.5828545361555,53948600.0,0.006370004993115463,0.006349802260260305,203.349609375,-146.349609375,117.61000061035156,1866.5,77.58409881591797,33248.28125,7533.0,14485.169921875,4176.81982421875,21082.130859375,20.31999969482422,12316.900390625,27413.880859375
2022-06-03,16761.650390625,16793.849609375,16567.900390625,16584.30078125,245500.0,52.24674322770706,-56.985440264168574,95.97946089596354,-152.96490116013211,84.76468388144488,87.15700092360838,16229.292626953125,16870.52013671875,17269.21100097656,16427.019232475035,16484.004672739204,16.809143275098005,272.0375948371444,53703100.0,-0.002628050201467391,-0.0026315095876877827,225.94921875,177.349609375,119.72000122070312,1845.4000244140625,77.3604965209961,32899.69921875,7533.0,14460.08984375,4108.5400390625,21082.130859375,19.979999542236328,12012.73046875,27761.5703125
2022-06-06,16530.69921875,16610.94921875,16444.55078125,16569.55078125,233600.0,51.87209607728346,-41.394258461979916,89.25651415852175,-130.65077262050167,83.44924715863598,85.3274294690247,16242.677685546874,16856.99814453125,17269.41325683594,16448.9471630558,16490.34142151778,15.682639175734446,264.4919407416341,53469500.0,-0.0008893953501298846,-0.0008897910968418909,166.3984375,-38.8515625,119.51000213623047,1839.199951171875,77.69419860839844,32915.78125,7608.2001953125,14653.8095703125,4121.43017578125,21653.900390625,20.200000762939453,12061.3701171875,27915.890625
2022-06-07,16469.599609375,16487.25,16347.099609375,16416.349609375,233800.0,48.02046796429505,-40.92839174702749,71.77790469877934,-112.70629644580683,73.45021603935204,80.55471569314429,16251.492675781252,16840.87013671875,17268.679750976564,16443.932154797214,16484.86054654424,14.990059982926947,261.48902867973163,53235700.0,-0.009245946006475991,-0.009288955076891798,140.150390625,53.25,120.56999969482422,1847.5,77.82099914550781,33180.140625,7598.89990234375,14556.6201171875,4160.68017578125,21531.669921875,20.43000030517578,12175.23046875,27943.94921875
2022-06-08,16474.94921875,16514.30078125,16293.349609375,16356.25,243500.0,46.55991609568361,-44.891246872099146,54.252039658966154,-99.1432865310653,63.9205489896841,73.60667072922404,16260.950195312502,16824.93513671875,17267.38800292969,16430.442592520718,16475.333839392817,14.540649768129676,258.59346747939367,52992200.0,-0.0036609606157923524,-0.003667678332650513,220.951171875,118.69921875,123.58000183105469,1851.9000244140625,77.67060089111328,32910.8984375,7593.0,14445.990234375,4115.77001953125,22014.58984375,19.84000015258789,12086.26953125,28234.2890625
2022-06-09,16263.849609375,16492.80078125,16243.849609375,16478.099609375,205000.0,49.88782209001595,-37.764269975818024,49.10321324419782,-86.86748322001584,59.43643694219859,65.60240065707825,16294.455175781251,16810.05712890625,17266.93425292969,16437.77444126753,16475.53871124335,14.304715512116331,257.90473207907985,53197200.0,0.00744972774168895,0.007422115570615706,248.951171875,-214.25,123.06999969482422,1848.800048828125,77.72429656982422,32272.7890625,7476.2001953125,14198.7998046875,4017.820068359375,21869.05078125,19.139999389648438,11754.23046875,28246.529296875
2022-06-10,16283.9501953125,16324.7001953125,16172.599609375,16201.7998046875,189700.0,43.302750229051185,-53.791104177722445,26.46110323383472,-80.25220741155717,49.61896685327947,57.65865092838739,16315.437646484377,16787.587109375,17265.690751953123,16401.47065102445,16455.261755202173,14.347670364149211,261.3043940734313,53007500.0,-0.016767698414100085,-0.01690986774485526,152.1005859375,82.150390625,122.01000213623047,1871.5,77.8187026977539,31392.7890625,7317.5,13761.830078125,3900.860107421875,21806.1796875,19.579999923706055,11340.01953125,27824.2890625
2022-06-13,15877.5498046875,15886.150390625,15684.0,15774.400390625,225500.0,35.497279904916354,-99.82927677762018,-15.6616554928504,-84.16762128476978,35.3874752806792,48.14762635871908,16312.042675781251,16753.110117187498,17262.0805078125,16304.99830327069,16404.82758004831,15.808904934046023,279.6254948315791,52782000.0,-0.026379749115209128,-0.026733937520215956,202.150390625,103.1494140625,122.2699966430664,1828.0,78.17759704589844,30516.740234375,7205.7998046875,13427.0302734375,3749.6298828125,21067.580078125,22.3700008392334,10809.23046875,26987.439453125
2022-06-14,15674.25,15858.0,15659.4501953125,15732.099609375,225400.0,34.8281458994123,-138.1358358456,-43.174571648664184,-94.96126419693583,16.01273905287802,33.673060395612225,16285.682666015626,16718.457109375,17257.6180078125,16216.860042671353,16354.995878516953,17.223953847898553,273.834374107002,52556600.0,-0.00268160945598539,-0.0026852114114221596,198.5498046875,-57.849609375,121.16999816894531,1809.5,78.16059875488281,30364.830078125,7187.5,13304.3896484375,3735.47998046875,21067.990234375,21.889999389648438,10828.349609375,26629.859375
2022-06-15,15729.25,15783.650390625,15678.900390625,15692.150390625,183000.0,34.172988615528325,-169.76073192910917,-59.83957418573867,-109.9211577433705,5.81070031700526,19.070304883520823,16258.2751953125,16678.8911328125,17252.9055078125,16136.13548081807,16305.896212747179,18.537927839333044,261.75691881364475,52373600.0,-0.0025393443813560568,-0.0025425739848417965,104.75,37.099609375,118.51000213623047,1815.300048828125,77.9854965209961,30668.529296875,7273.39990234375,13485.2900390625,3789.989990234375,21308.2109375,22.149999618530273,11099.150390625,26326.16015625
2022-06-16,15832.25,15863.150390625,15335.099609375,15360.599609375,264700.0,29.254474052509764,-219.05197230018712,-87.30465164545328,-131.74732065473384,3.6782966715048713,8.500578680462716,16235.835156250001,16625.0351171875,17246.52400390625,16016.82226982683,16235.874242127016,20.533859534690976,280.7779089876701,52108900.0,-0.021128447854290244,-0.021354848179315097,528.05078125,471.650390625,119.80999755859375,1845.699951171875,77.90019989013672,29927.0703125,7045.0,13038.490234375,3666.77001953125,20845.4296875,22.8700008392334,10646.099609375,26431.19921875
2022-06-17,15272.650390625,15400.400390625,15183.400390625,15293.5,342600.0,28.364691900673193,-260.52682208749866,-103.02360114621183,-157.50322094128683,3.822416437625427,4.437137808711853,16187.20263671875,16571.757109375,17239.4655078125,15905.541920622702,16166.0687427102,22.6709395004698,276.2223440599794,51766300.0,-0.00436829362663993,-0.004377862497838008,217.0,-20.849609375,113.12000274658203,1835.5999755859375,77.97769927978516,29888.779296875,7016.2998046875,13126.259765625,3674.840087890625,21075.0,22.760000228881836,10798.349609375,25963.0
2022-06-20,15334.5,15382.5,15191.099609375,15350.150390625,260000.0,30.29239073098514,-285.5332764056202,-102.42404437146669,-183.1092320341535,6.31296778066528,4.6045602965985255,16143.975146484376,16522.607109375,17231.561005859374,15820.097069853826,16105.630346259446,24.65537089726442,270.163633100338,52026300.0,0.0037042135956451006,0.0036973698916184226,191.400390625,-15.650390625,113.12000274658203,1835.5999755859375,77.9614028930664,29888.779296875,7121.7998046875,13265.599609375,3674.840087890625,21163.91015625,22.40999984741211,10798.349609375,25771.220703125
2022-06-21,15455.9501953125,15707.25,15419.849609375,15638.7998046875,262800.0,39.26112666546808,-278.84512323784475,-76.58871296295297,-202.25641027489178,15.156206415620641,8.430530211303783,16119.657617187502,16482.59208984375,17224.094008789063,15792.20518290516,16071.050306143004,24.825958959689764,276.37334569138534,52289100.0,0.018804337854487096,0.018629721921802747,287.400390625,-182.849609375,114.6500015258789,1834.5999755859375,77.93399810791016,30530.25,7152.10009765625,13292.400390625,3764.7900390625,21559.58984375,21.139999389648438,11069.2998046875,26246.310546875
2022-06-22,15545.650390625,15565.400390625,15385.9501953125,15413.2998046875,220900.0,35.426366481226566,-288.41599898117965,-68.9276709650303,-219.48832801614935,17.63584177227983,13.035005322855248,16089.032617187502,16435.171093750003,17215.7792578125,15733.91204779475,16022.32804677593,25.073944308740227,274.69307881164355,52068200.0,-0.014419265085317434,-0.01452423294963793,179.4501953125,132.3505859375,111.73999786376953,1834.300048828125,78.13490295410156,30483.130859375,7089.2001953125,13144.2802734375,3759.889892578125,21008.33984375,21.299999237060547,11053.080078125,26149.55078125
2022-06-23,15451.5498046875,15628.4501953125,15367.5,15556.650390625,259200.0,39.47359686651968,-281.19238196477636,-49.36324315890158,-231.82913880587478,22.89982915797218,18.563959115290885,16058.357617187503,16392.8051171875,17207.391757812497,15706.64102361479,15987.833405579566,24.999180178664098,273.71144427599046,52327400.0,0.009300447519609234,0.009257464658604653,260.9501953125,-105.1005859375,110.05000305175781,1825.699951171875,78.19309997558594,30677.359375,7020.5,12912.58984375,3795.72998046875,21273.869140625,20.8799991607666,11232.1904296875,26171.25
2022-06-24,15657.400390625,15749.25,15619.4501953125,15699.25,219600.0,43.28187052551209,-260.9529139594488,-23.29902012285919,-237.6538938365896,26.393714975057385,22.309795301769796,16025.697607421878,16356.1841015625,17199.270009765623,15705.503943058668,15966.456857018116,24.360419683660645,267.9177417830626,52547000.0,0.009166472588529428,0.009124715461734611,129.7998046875,-41.849609375,113.12000274658203,1826.5,78.14240264892578,31500.6796875,7208.7998046875,13118.1298828125,3911.739990234375,21719.060546875,20.549999237060547,11607.6201171875,26491.970703125
2022-06-27,15926.2001953125,15927.4501953125,15815.5,15832.0498046875,210900.0,46.648488183884346,-231.52824191228865,4.900521539440774,-236.42876345172942,37.881099764476005,29.058214632501855,15984.230078125001,16323.31208984375,17191.54125488281,15724.972537155412,15956.500779067701,22.999341863511493,265.0807741780224,52757900.0,0.008458990377725017,0.008423413606869335,111.9501953125,94.150390625,115.08999633789062,1820.9000244140625,78.2522964477539,31438.259765625,7258.2998046875,13186.0703125,3900.110107421875,22229.51953125,21.010000228881836,11524.5498046875,26871.26953125
2022-06-28,15757.4501953125,15892.099609375,15710.150390625,15850.2001953125,251900.0,47.11056486194149,-204.38833103446086,25.63234593381486,-230.02067696827572,46.14038018705057,36.80506497552798,15947.512548828126,16296.8430859375,17183.9817578125,15744.23833071804,15948.626661752502,22.112193832903717,259.1428059331637,53009800.0,0.0011464333961117568,0.0011457767431705531,181.94921875,-92.75,117.9800033569336,1817.5,78.44110107421875,30946.990234375,7323.39990234375,13231.8203125,3821.550048828125,22418.970703125,21.450000762939453,11181.5400390625,27049.470703125
2022-06-29,15701.7001953125,15861.599609375,15687.7998046875,15799.099609375,444900.0,45.90510463000779,-184.87205636411636,36.11889648332749,-220.99095284744385,51.20296304580553,45.074814332444035,15911.330029296878,16273.6520703125,17176.209755859374,15752.678527434497,15937.550583798613,21.368667945328237,253.04687727275916,52564900.0,-0.0032239710103227903,-0.003229179201912245,173.7998046875,-97.3994140625,116.26000213623047,1813.699951171875,79.07319641113281,31029.310546875,7312.2998046875,13003.349609375,3818.830078125,21996.890625,21.899999618530273,11177.8896484375,26804.599609375
2022-06-30,15774.5,15890.0,15728.849609375,15780.25,306000.0,45.443187023809415,-168.978396257844,41.610045271679894,-210.5884415295239,61.69586767883784,53.013070303897976,15868.942529296877,16246.526054687502,17168.264755859374,15756.920292444574,15925.898688702418,20.54338233323734,246.48284251220494,52258900.0,-0.001193081241402827,-0.0011937935294284723,161.150390625,-5.75,114.80999755859375,1804.0999755859375,78.89830017089844,30775.4296875,7169.2998046875,12783.76953125,3785.3798828125,21859.7890625,21.84000015258789,11028.740234375,26393.0390625
2022-07-01,15703.7001953125,15793.9501953125,15511.0498046875,15752.0498046875,364100.0,44.71821304334294,-156.85000695440795,42.99074766009275,-199.8407546145007,70.19660084138607,61.031810522009806,15827.32998046875,16213.715058593752,17160.248500976562,15756.170986635794,15913.020993590202,20.566173667630906,249.08409594883318,51894800.0,-0.0017870563085186086,-0.0017886549985601772,282.900390625,-48.349609375,111.62999725341797,1798.9000244140625,78.96299743652344,31097.259765625,7168.7001953125,12813.0302734375,3825.330078125,21859.7890625,21.25,11127.849609375,25935.619140625
2022-07-04,15710.5,15852.349609375,15661.7998046875,15835.349609375,304300.0,47.38822462771508,-138.9152445113541,48.74040808251729,-187.6556525938714,81.4214420745139,71.1046368649126,15790.619921875,16186.983066406252,17152.525249023438,15768.352313211057,15907.26755772241,20.29239159523703,244.90307514445223,52199100.0,0.005288188249805481,0.005274254882250374,190.5498046875,-124.849609375,111.62999725341797,1798.9000244140625,78.95069885253906,31097.259765625,7232.7001953125,12773.3798828125,3825.330078125,21830.349609375,20.969999313354492,11127.849609375,26153.810546875
2022-07-05,15909.150390625,16025.75,15785.4501953125,15810.849609375,254200.0,46.67419749216781,-125.23512869971273,49.93641911532694,-175.17154781503967,79.51198518954305,77.04334270181434,15760.344921875,16164.12107421875,17143.98225097656,15774.89035877474,15900.125487474454,19.216976152898116,244.5742701118128,51944900.0,-0.0015471713984448465,-0.0015483695040555473,240.2998046875,98.30078125,102.7699966430664,1761.800048828125,78.93949890136719,30967.8203125,7025.5,12401.2001953125,3831.389892578125,21853.0703125,20.790000915527344,11322.240234375,26423.470703125
2022-07-06,15818.2001953125,16011.349609375,15800.900390625,15989.7998046875,288400.0,52.32471647898597,-98.81467903660814,61.08549502274525,-159.9001740593534,85.94728383027163,82.2935703647762,15742.022412109374,16139.9010546875,17135.78375,15807.953350453627,15906.768029490235,18.218376099297696,242.1367664431119,52233300.0,0.011318189707300252,0.01125461822453212,210.44921875,-171.599609375,100.69000244140625,1734.9000244140625,79.36840057373047,31037.6796875,7107.7998046875,12594.51953125,3845.080078125,21586.66015625,20.270000457763672,11361.849609375,26107.650390625
2022-07-07,16113.75,16150.5,16045.9501953125,16132.900390625,264600.0,56.311410298832165,-65.57337197179186,75.46144167004923,-141.03481364184108,89.4618984862677,84.97372250202746,15724.762451171875,16121.7910546875,17128.5225,15857.945202787685,15923.518574759477,17.17417119262959,236.31986850521105,52497900.0,0.00894949203151052,0.00890968266712923,104.5498046875,-19.150390625,104.6500015258789,1737.9000244140625,79.04389953613281,31384.55078125,7189.10009765625,12843.2197265625,3902.6201171875,21643.580078125,19.200000762939453,11621.349609375,26490.529296875
2022-07-08,16273.650390625,16275.5,16157.900390625,16220.599609375,281100.0,58.596462087117025,-31.786388907086803,87.39873978780344,-119.18512869489024,95.9504719074223,90.45321807465388,15725.702441406249,16101.302031250001,17122.64099609375,15913.738188416502,15945.52457732359,16.721846364292773,229.62556428162458,52779000.0,0.005436047866567373,0.005421325887187373,117.599609375,53.05078125,107.0199966430664,1740.5999755859375,79.22160339355469,31338.150390625,7196.2001953125,13015.23046875,3899.3798828125,21725.779296875,18.399999618530273,11635.3095703125,26517.189453125
2022-07-11,16136.150390625,16248.5498046875,16115.5,16216.0,255900.0,58.42386707902512,-5.319788234945008,91.09227236795618,-96.41206060290119,95.188799872029,93.53372342190633,15747.782421875,16083.571015625,17115.91099609375,15960.240005583193,15965.559793818138,16.090360878247584,222.72729573918713,52523100.0,-0.00028356592763323363,-0.00028360614005298526,133.0498046875,-79.849609375,107.0999984741211,1730.0,79.3313980102539,31173.83984375,7196.60009765625,12832.4404296875,3854.429931640625,21124.19921875,18.3700008392334,11372.599609375,26812.30078125
2022-07-12,16126.2001953125,16158.75,16031.150390625,16058.2998046875,208600.0,52.69317388761262,2.8967042694093834,79.44701189784847,-76.55030762843909,87.82670389363068,92.98865855769398,15764.092431640627,16063.35501953125,17108.46924316406,15975.326128522316,15972.429424252907,15.086899490245264,220.02174671317377,52314500.0,-0.0097249750439381,-0.009772571447684876,127.599609375,67.900390625,99.48999786376953,1723.300048828125,79.47779846191406,30981.330078125,7209.89990234375,12905.48046875,3818.800048828125,20844.740234375,18.549999237060547,11264.73046875,26336.66015625
2022-07-13,16128.2001953125,16140.0,15950.150390625,15966.650390625,233300.0,49.64543124972406,1.990051927157765,62.83228764447748,-60.84223571731972,76.37495857014164,86.4634874452671,15777.817431640626,16049.13603515625,17099.18774902344,15973.991399615035,15972.001347687878,14.24977000378867,217.86659404616137,52081200.0,-0.005707292501522909,-0.0057236413300785416,189.849609375,161.5498046875,99.56999969482422,1734.199951171875,79.47640228271484,30772.7890625,7156.39990234375,12756.3203125,3801.780029296875,20797.94921875,18.520000457763672,11247.580078125,26478.76953125
2022-07-14,16018.849609375,16070.849609375,15858.2001953125,15938.650390625,228600.0,48.7183254315592,-0.9765851150841627,47.892520481788445,-48.86910559687261,63.87114716872128,76.02426987749786,15806.719970703127,16034.25603515625,17089.615004882813,15968.554321308877,15969.530906423961,13.892501837381992,217.4939383330427,51852600.0,-0.0017536552323109689,-0.0017551946856914542,212.6494140625,80.19921875,99.0999984741211,1704.5,79.80750274658203,30630.169921875,7039.7998046875,12519.66015625,3790.3798828125,20751.2109375,18.34000015258789,11251.1904296875,26643.390625
2022-07-15,16010.7998046875,16066.9501953125,15927.2998046875,16049.2001953125,205800.0,52.4906877185674,5.529043617376374,43.51851937139919,-37.98947575402281,61.97707281283227,67.40772618389839,15844.504980468751,16027.0150390625,17080.585507812502,15980.961378847896,15975.43233523052,13.56075282571865,211.9336849253254,52058400.0,0.0069359576863876615,0.006912014580365188,139.650390625,-38.400390625,101.16000366210938,1702.4000244140625,79.87830352783203,31288.259765625,7159.0,12864.7197265625,3863.159912109375,20297.720703125,17.600000381469727,11452.419921875,26788.470703125
2022-07-18,16151.400390625,16287.9501953125,16142.2001953125,16278.5,227700.0,59.19554007218387,28.854759452724466,53.475388165397824,-24.62062871267336,75.03878521467452,66.96233506540935,15890.922460937501,16026.548046875001,17073.235009765624,16026.736551332835,15997.88179188011,13.06333745247897,213.84913600208787,52286100.0,0.014287304158276504,0.014186202470718856,145.75,-127.099609375,106.2699966430664,1709.199951171875,79.72049713134766,31072.609375,7223.2001953125,12959.8095703125,3830.85009765625,20846.1796875,17.15999984741211,11360.0498046875,26788.470703125
2022-07-19,16187.0498046875,16359.5,16187.0498046875,16340.5498046875,222600.0,60.80743090353746,51.750905743778276,61.097227565161305,-9.346321821383032,88.98238206303172,75.33274669684616,15926.009960937501,16028.558046875001,17066.381254882814,16075.0155133874,16023.264607643621,12.922586318685944,210.89206880997446,52508700.0,0.003811764271124396,0.003804517906147779,172.4501953125,-153.5,107.3499984741211,1710.0,80.0302963256836,31827.05078125,7296.2998046875,13308.41015625,3936.68994140625,20661.060546875,17.200000762939453,11713.150390625,26961.6796875
2022-07-20,16562.80078125,16588.0,16490.94921875,16520.849609375,284400.0,65.11918633297579,83.48261838854887,74.26315216794552,9.219466220603348,96.7716197364428,86.93092900471635,15981.387451171875,16035.633046875002,17060.894750976564,16143.605374308569,16060.12275592002,13.693867184106024,213.50336356015487,52793100.0,0.01103388850696918,0.010973459265845803,97.05078125,41.951171875,106.91999816894531,1699.5,79.85590362548828,31874.83984375,7264.2998046875,13281.98046875,3959.89990234375,20890.220703125,16.81999969482422,11897.650390625,27680.259765625
2022-07-21,16523.55078125,16626.94921875,16483.900390625,16605.25,243600.0,66.9520445325058,114.12507263714542,83.92448513323366,30.200587503911766,96.42766030145006,94.06055403364152,16033.817431640626,16051.578046875,17056.26074707031,16214.627624414941,16100.502551777796,14.548504388502868,208.4708967433581,53036700.0,0.005108719746296009,0.005095714512164849,143.048828125,-81.69921875,103.86000061035156,1712.699951171875,80.00340270996094,32036.900390625,7270.5,13246.6396484375,3998.949951171875,20574.630859375,16.860000610351562,12059.6103515625,27803.0
2022-07-22,16661.25,16752.25,16610.900390625,16719.44921875,190900.0,69.30248290682694,145.9420320468762,92.59315563437154,53.34887641250465,96.04125700263211,96.41351234684166,16084.827392578125,16070.3240234375,17051.40174316406,16292.292485081873,16146.350453034996,15.771737005587177,204.08011840454682,53227600.0,0.006877295960614926,0.006853755230166662,141.349609375,-58.19921875,103.19999694824219,1727.0999755859375,79.7759017944336,31899.2890625,7276.39990234375,13253.6796875,3961.6298828125,20609.140625,16.649999618530273,11834.1103515625,27914.66015625
2022-07-25,16662.55078125,16706.05078125,16564.25,16631.0,211400.0,65.42151188149116,162.15091405396743,87.04163011317021,75.10928394079721,93.87131855511822,95.44674528640013,16124.77490234375,16086.098027343749,17045.445239257813,16344.401333530815,16182.250419476848,16.61206943874077,200.5886255720792,53016200.0,-0.005290199311757782,-0.005304241963650273,141.80078125,31.55078125,105.1500015258789,1719.0,79.87680053710938,31990.0390625,7306.2998046875,13210.3203125,3966.840087890625,20562.939453125,17.68000030517578,11782.669921875,27699.25
2022-07-26,16632.900390625,16636.099609375,16463.30078125,16483.849609375,208200.0,59.45610385776688,161.26381421987753,68.92362422326426,92.34018999661328,84.61382955244613,91.50880170339882,16156.457373046876,16090.5890234375,17039.634487304684,16365.854914429921,16204.591100210044,16.770832644529573,198.60364004014497,52808000.0,-0.00884795806776506,-0.008887333683346772,172.798828125,149.05078125,104.4000015258789,1717.699951171875,79.72250366210938,31761.5390625,7306.2998046875,13096.9296875,3921.050048828125,20905.880859375,18.170000076293945,11562.5703125,27655.2109375
2022-07-27,16475.349609375,16653.44921875,16438.75,16641.80078125,185200.0,63.32217038233032,171.33112220063413,63.192745763216664,108.13837643741746,81.62679837918415,86.7039821622495,16198.592431640627,16098.619042968752,17033.89174316406,16408.308124709933,16236.977002509298,16.76923815529165,199.75332423370605,52993200.0,0.0095821774414373,0.00953655956008488,214.69921875,-166.451171875,106.62000274658203,1719.0999755859375,79.84120178222656,32197.58984375,7348.2001953125,13166.3798828125,4023.610107421875,20670.0390625,18.1299991607666,12032.419921875,27715.75
2022-07-28,16774.849609375,16947.650390625,16746.25,16929.599609375,376300.0,69.10323365689452,200.22443386275881,73.66884594027307,126.55558792248574,85.32285872255707,83.85449555139579,16256.059912109376,16121.023027343752,17029.063745117186,16488.506814658405,16288.282380795647,17.86615690623536,207.33163031522707,53369500.0,0.017293731123692924,0.017145896529526243,201.400390625,-154.75,107.13999938964844,1750.300048828125,79.84739685058594,32529.630859375,7345.2998046875,13282.1103515625,4072.429931640625,20622.6796875,17.010000228881836,12162.58984375,27815.48046875
2022-07-29,17079.5,17172.80078125,17018.150390625,17158.25,436100.0,72.7747359549845,238.81980112524616,89.81137056220831,149.00843056303785,94.96081976317139,87.3034922883042,16326.369921875,16138.865019531251,17025.125249023436,16591.544227787883,16352.724426662637,19.52526050278984,209.89374042663945,53805600.0,0.013505953826479233,0.013415561413115864,154.650390625,-78.75,110.01000213623047,1762.9000244140625,79.57150268554688,32845.12890625,7423.39990234375,13484.0498046875,4130.2900390625,20156.509765625,16.549999237060547,12390.6904296875,27801.640625
2022-08-01,17243.19921875,17356.25,17154.80078125,17340.05078125,381500.0,75.28909822507714,280.8393699790431,105.4647515328042,175.3746184462389,98.71830532787872,93.00066127120238,16401.60498046875,16161.37203125,17021.865756835934,16706.69908216667,16425.859712187626,21.502970073760856,209.29056030687948,54187100.0,0.010595531668439406,0.010539792401854702,201.44921875,-96.8515625,100.02999877929688,1769.0,79.1948013305664,32798.3984375,7413.39990234375,13479.6298828125,4118.6298828125,20165.83984375,17.489999771118164,12368.98046875,27993.349609375
2022-08-02,17310.150390625,17390.150390625,17215.849609375,17345.44921875,333600.0,75.36186290679395,310.9908805342493,108.4930096704083,202.497870863841,98.29795359219706,97.32569289441571,16478.3349609375,16185.7780078125,17017.784252929687,16804.96833394872,16493.97745341447,23.415788288607974,206.79129037424522,54520700.0,0.000311327663805816,0.0003112792114048116,174.30078125,-35.298828125,100.54000091552734,1771.0999755859375,78.95570373535156,32396.169921875,7409.10009765625,13449.2001953125,4091.18994140625,19689.2109375,18.530000686645508,12348.759765625,27594.73046875
2022-08-03,17349.25,17407.5,17225.849609375,17388.150390625,285400.0,75.96475148473812,334.47616456001924,105.58263495694257,228.89352960307667,98.2311636819743,98.41580753401668,16548.252490234376,16213.025019531251,17013.03225097656,16894.688650360455,16560.212485800435,25.232761985120312,204.99551182072773,54806100.0,0.002461808358865669,0.002458783072766921,181.650390625,-38.900390625,96.77999877929688,1758.0,78.60449981689453,32812.5,7445.7001953125,13587.5595703125,4155.169921875,19767.08984375,18.450000762939453,12668.16015625,27741.900390625
2022-08-04,17463.099609375,17490.69921875,17161.25,17382.0,325000.0,75.67751233971686,348.57399222767344,95.74437009967738,252.82962212799606,95.90469621836608,97.4779378308458,16610.707470703128,16237.26201171875,17007.556997070315,16969.659627228077,16621.085635000403,27.117019219317534,213.88506231567575,54481100.0,-0.0003537116074355806,-0.00035377417814128954,329.44921875,81.099609375,94.12000274658203,1788.5,79.11830139160156,32726.8203125,7448.10009765625,13662.6796875,4151.93994140625,20174.0390625,19.260000228881836,12720.580078125,27932.19921875
2022-08-05,17423.650390625,17474.400390625,17348.75,17397.5,355300.0,75.92458177694104,356.88341285358547,83.24303258047155,273.6403802731139,94.49430438657764,96.210054762306,16669.552490234375,16258.163007812498,17002.450747070314,17035.481223039144,16678.597810185558,28.8666866510721,207.5825857663418,54836400.0,0.0008917270739845495,0.0008913297215996853,125.650390625,26.150390625,94.91999816894531,1772.9000244140625,79.15489959716797,32803.46875,7439.7001953125,13573.9296875,4145.18994140625,20201.939453125,18.920000076293945,12657.5498046875,28175.869140625
2022-08-08,17401.5,17548.80078125,17359.75,17525.099609375,257000.0,77.91359804851962,369.5054814667237,76.69208095488784,292.8134005118359,94.21833311480174,94.87244457324849,16735.007470703124,16275.436992187499,16998.743247070313,17110.807128629276,16741.301647162552,30.674489959314503,206.25888544374595,55093400.0,0.007334364671648164,0.007307599012140524,189.05078125,-123.599609375,96.6500015258789,1786.800048828125,79.41059875488281,32832.5390625,7482.39990234375,13687.6904296875,4140.06005859375,20045.76953125,19.299999237060547,12644.4599609375,28249.240234375
2022-08-10,17566.099609375,17566.099609375,17442.80078125,17534.75,312700.0,78.06122211302959,375.95350961557415,66.51208728299059,309.44142233258356,95.97831049172319,94.89698266436751,16808.82998046875,16294.440976562499,16995.526499023435,17176.029108840157,16800.075599224583,32.39601724331265,200.33316706383553,55406100.0,0.0005506610997998429,0.0005505095416120064,123.298828125,31.349609375,97.4000015258789,1795.5999755859375,79.57839965820312,33309.51171875,7507.10009765625,13700.9296875,4210.240234375,19610.83984375,19.59000015258789,12854.7998046875,27819.330078125
2022-08-11,17711.650390625,17719.30078125,17631.94921875,17659.0,311200.0,79.92197760329584,386.6326939530991,61.753017296412395,324.8796766566867,96.79168687297843,95.6627768265011,16893.4474609375,16317.1659765625,16993.246997070313,17250.33232286475,16863.69962891165,34.353157397675375,199.20585379141872,55717300.0,0.007085929368824795,0.007060942140366637,87.3515625,52.650390625,99.5999984741211,1789.699951171875,79.0978012084961,33336.671875,7465.89990234375,13694.509765625,4207.27001953125,20082.4296875,18.360000610351562,12779.91015625,27819.330078125
2022-08-12,17659.650390625,17724.650390625,17597.849609375,17698.150390625,303900.0,80.48367109524379,393.71661376650445,55.06954968785419,338.64706407865026,96.8164636119904,96.528820325564,16981.4224609375,16338.568984375,16991.110747070314,17319.22741021248,16925.510796445975,35.87466794411324,194.03406289560309,56021200.0,0.0022170219505635025,0.0022145679837284517,126.80078125,-38.5,98.1500015258789,1798.5999755859375,79.61399841308594,33761.05078125,7500.89990234375,13795.849609375,4280.14990234375,20175.619140625,17.610000610351562,13047.1904296875,28546.98046875
2022-08-16,17797.19921875,17839.099609375,17764.05078125,17825.25,0.0,82.22244563590854,404.91889455317505,53.01746437961981,351.90143017355524,97.41373469257314,97.00729505918065,17070.224951171876,16363.387968750001,16988.89499511719,17397.07703941056,16992.158144857385,37.55882453437985,190.2422883137743,56021200.0,0.007181519343531395,0.007155855032733008,75.048828125,-28.05078125,92.33999633789062,1773.199951171875,79.55290222167969,34152.01171875,7536.10009765625,13910.1201171875,4305.2001953125,19830.51953125,17.68000030517578,13102.5498046875,28868.91015625
2022-08-17,17868.150390625,17965.94921875,17833.349609375,17944.25,262800.0,83.68780758044639,418.5740274253185,53.33807780141058,365.2359496239079,98.50977526193367,97.5799911888324,17153.51245117188,16390.881953124997,16987.56149902344,17481.25749488586,17062.68346746054,39.39133204387325,186.7034976306476,56284000.0,0.006675923198833145,0.006653737907021656,132.599609375,-76.099609375,93.6500015258789,1760.300048828125,79.14600372314453,33980.3203125,7515.7998046875,13626.7099609375,4274.0400390625,19922.44921875,17.68000030517578,12938.1201171875,29222.76953125
2022-08-18,17898.650390625,17968.44921875,17852.05078125,17956.5,263900.0,83.83551711166223,425.47962694138187,48.19494185397912,377.28468508740275,98.87081894819737,98.26477630090137,17234.309960937502,16421.6849609375,16988.057749023435,17554.37172644188,17128.8920995005,41.09810899048144,181.68170762131564,56547900.0,0.0006826699360520383,0.0006824370229270742,116.3984375,-57.849609375,96.58999633789062,1755.300048828125,79.35970306396484,33999.0390625,7541.89990234375,13697.41015625,4283.740234375,19763.91015625,17.350000381469727,12965.33984375,28942.140625
2022-08-19,17966.55078125,17992.19921875,17710.75,17758.44921875,295600.0,72.41808643136615,410.24230353440726,26.366094757603605,383.87620877680365,91.20123247322798,96.19394222778632,17296.18994140625,16449.7289453125,16988.49174316406,17585.768263720052,17175.525960185645,41.437078580790136,188.80795841622168,56252300.0,-0.011029475746944017,-0.011090751389954998,281.44921875,208.1015625,96.72000122070312,1747.5999755859375,79.7667007446289,33706.73828125,7550.39990234375,13544.51953125,4228.47998046875,19773.029296875,18.290000915527344,12705.2197265625,28930.330078125
2022-08-22,17682.900390625,17690.05078125,17467.349609375,17490.69921875,287600.0,60.43505126470984,372.2701293148748,-9.28486356954312,381.5549928844179,71.71222948363368,87.26142696835299,17340.46240234375,16469.980937499997,16986.296987304686,17571.142256801584,17198.87212748671,40.02891585318082,196.11450491327727,55964700.0,-0.0150773300473388,-0.015192148554208883,222.701171875,192.201171875,96.4800033569336,1734.0,79.91790008544922,33063.609375,7533.7998046875,13230.5703125,4137.990234375,19656.98046875,19.040000915527344,12381.5703125,28794.5
2022-08-23,17357.349609375,17625.55078125,17345.19921875,17577.5,285600.0,62.59586928459447,345.20173457803685,-29.082606645104875,374.2843412231417,55.40256134806952,72.77200776831039,17383.364941406253,16497.49494140625,16984.739741210935,17572.120371139805,17226.918636561768,38.00794715489565,202.1314375980432,56250300.0,0.00496268217550444,0.004950408657946044,280.3515625,-220.150390625,100.22000122070312,1746.800048828125,79.88379669189453,32909.58984375,7488.10009765625,13194.23046875,4128.72998046875,19503.25,19.049999237060547,12381.2998046875,28452.75
2022-08-24,17525.44921875,17623.650390625,17499.25,17604.94921875,262000.0,63.278859966871714,322.250061170791,-41.627424041880545,363.87748521267156,47.86737503089718,58.32738862086679,17432.062402343752,16534.10591796875,16983.61849121094,17577.170963079836,17254.920901909045,36.13133336363086,196.57921995711155,56512300.0,0.001561611079505143,0.001560393032835227,124.400390625,-79.5,101.22000122070312,1747.800048828125,79.85449981689453,32969.23046875,7471.5,13220.0595703125,4140.77001953125,19268.740234375,18.43000030517578,12431.5302734375,28313.470703125
2022-08-25,17679.0,17726.5,17487.44921875,17522.44921875,230200.0,59.74764122404834,294.0144189153034,-55.89045303789453,349.9048719531979,48.986083623616935,50.75200666752787,17483.992382812503,16569.91291015625,16981.646733398436,17568.75223318294,17274.737814267635,34.85643935265421,199.61290290660358,56282100.0,-0.004686182219266755,-0.004697196795508722,239.05078125,156.55078125,99.33999633789062,1757.699951171875,79.79679870605469,33291.78125,7479.7001953125,13271.9599609375,4199.1201171875,19968.380859375,19.56999969482422,12639.26953125,28479.009765625
2022-08-26,17619.30078125,17685.849609375,17519.349609375,17558.900390625,266600.0,60.7888032083951,271.4496710992935,-62.76416068312358,334.21383178241706,43.29816148707825,46.717206713864115,17529.847363281253,16607.24791015625,16979.09848144531,17567.236565097104,17295.78689399781,33.67260919960448,197.2476955561319,56548700.0,0.002080255529346653,0.002078094793881999,166.5,60.400390625,100.98999786376953,1736.0999755859375,79.88289642333984,32283.400390625,7427.2998046875,12971.4697265625,4057.659912109375,20170.0390625,18.219999313354492,12141.7099609375,28641.380859375
2022-08-29,17188.650390625,17380.150390625,17166.19921875,17312.900390625,244900.0,51.16944738733319,231.05336245598664,-82.52837546114432,313.58173791713097,31.41941536793003,41.234553492875065,17549.012402343753,16646.29392578125,16975.44173339844,17528.107922870626,17297.05456041464,31.88815328835719,211.20865815033676,56303800.0,-0.014009988924553851,-0.014109055185943692,213.951171875,-124.25,105.08999633789062,1736.5999755859375,79.95909881591797,32098.990234375,7427.2998046875,12892.990234375,4030.610107421875,20023.220703125,19.81999969482422,12017.669921875,27878.9609375
2022-08-30,17414.94921875,17777.650390625,17401.5,17759.30078125,324700.0,62.70314884961566,232.38103371173202,-64.96056336431917,297.3415970760512,40.86468103916474,38.52741929805767,17579.06494140625,16695.60994140625,16974.15224121094,17563.67605492899,17331.29502121726,30.67097381476356,229.3187539967413,56628500.0,0.02578426378902554,0.025457455427431688,376.150390625,-344.3515625,99.30999755859375,1723.199951171875,79.96790313720703,31790.869140625,7361.60009765625,12961.1396484375,3986.159912109375,19949.029296875,18.700000762939453,11883.1396484375,28195.580078125
2022-09-01,17485.69921875,17695.599609375,17468.44921875,17542.80078125,308500.0,55.81720932412309,213.5023598099724,-67.071389812863,280.5737496228354,45.05263506355932,39.11224382355137,17589.20244140625,16739.46294921875,16972.49824707031,17560.46447436299,17346.96211455302,29.540735732140902,233.71395460411694,56320000.0,-0.012190795272107646,-0.012265712506503565,227.150390625,-57.1015625,92.36000061035156,1696.5999755859375,79.54879760742188,31656.419921875,7148.5,12630.23046875,3966.85009765625,19597.310546875,19.8700008392334,11785.1298828125,27661.470703125
2022-09-02,17598.400390625,17643.849609375,17476.44921875,17539.44921875,256300.0,55.71520427115859,196.0109395472282,-67.65024806048581,263.661187607714,54.195041364003224,46.70411915557576,17598.90244140625,16777.4759375,16969.681743164063,17557.231358114837,17361.22041856761,28.49122894113415,228.97727146275145,56063700.0,-0.0001910505934481499,-0.00019106884593758132,167.400390625,58.951171875,93.0199966430664,1709.800048828125,79.716796875,31318.439453125,7281.2001953125,13050.26953125,3924.260009765625,19452.08984375,19.549999237060547,11630.8603515625,27650.83984375
2022-09-05,17546.44921875,17683.150390625,17540.349609375,17665.80078125,230300.0,58.7739493032975,190.1524193750265,-58.80701458614999,248.9594339611765,50.421837167070215,49.889837864877585,17612.7849609375,16822.52595703125,16967.463500976562,17573.93434628948,17383.781926914453,27.675104004687235,222.8861214921978,56294000.0,0.007203850071011875,0.00717802628935595,142.80078125,-119.3515625,93.0199966430664,1709.800048828125,79.72450256347656,31318.439453125,7287.39990234375,12760.7802734375,3924.260009765625,19225.69921875,19.65999984741211,11630.8603515625,27619.609375
2022-09-06,17695.69921875,17764.650390625,17587.650390625,17655.599609375,251200.0,58.42309458624037,182.5816628583416,-53.10221688226795,235.68387974060954,54.97384798728814,53.196908839453855,17626.46494140625,16864.504941406252,16965.745502929687,17586.49823291802,17403.91657005968,27.242906159326576,219.60854138561223,56042800.0,-0.0005774531254664206,-0.000577619915734608,177.0,40.099609375,92.83000183105469,1700.4000244140625,79.78299713134766,31145.30078125,7300.39990234375,12871.4404296875,3908.18994140625,19202.73046875,19.520000457763672,11544.91015625,27626.509765625
2022-09-07,17519.400390625,17650.75,17484.30078125,17624.400390625,354100.0,57.29654778401552,172.0806291873414,-50.88260044261452,222.96322962995592,58.402063155770776,54.59924943670971,17637.809960937502,16903.00794921875,16964.374252929687,17592.32933410371,17420.24870491637,26.23496521332728,216.1578475812828,55688700.0,-0.0017671004916441913,-0.0017686636555011566,166.44921875,-105.0,88.0,1715.300048828125,79.89510345458984,31581.279296875,7237.7998046875,12915.9697265625,3979.8701171875,19044.30078125,19.3700008392334,11791.900390625,27430.30078125
2022-09-08,17748.150390625,17807.650390625,17691.94921875,17798.75,279800.0,61.73680250100334,175.80052174068987,-37.73016631141286,213.53068805210273,63.76724551049233,59.04771888451708,17651.49248046875,16942.341953125,16964.543999023437,17624.086359626217,17448.285837885527,25.934797402879852,213.8072870397626,55968500.0,0.009892512965589573,0.009843902383512463,115.701171875,-50.599609375,89.1500015258789,1708.0,79.6498031616211,31774.51953125,7262.10009765625,12904.3203125,4006.179931640625,18854.619140625,18.309999465942383,11862.1298828125,28065.279296875
2022-09-09,17923.349609375,17925.94921875,17786.0,17833.349609375,270300.0,62.568596739381455,179.47162552333248,-27.24725002301622,206.7188755463487,73.28804205766087,65.15245024130799,17666.4224609375,16982.004941406252,16966.627993164064,17656.280705741414,17476.80908021808,26.08382023111504,208.531710733351,56238800.0,0.0019439347917691308,0.0019420477956010656,139.94921875,90.0,92.83999633789062,1716.199951171875,79.706298828125,32151.7109375,7351.10009765625,13088.2099609375,4067.360107421875,19362.25,17.719999313354492,12112.3095703125,28214.75
2022-09-12,17890.849609375,17980.55078125,17889.150390625,17936.349609375,228200.0,65.00732023838489,188.5191099624608,-14.559812467110334,203.07892242957112,86.32135138986928,74.45887965267416,17680.28994140625,17024.749941406248,16968.79299316406,17699.36822937735,17510.84911941489,26.411267290515244,204.1509579577545,56467000.0,0.005775695663245095,0.005759080279283832,91.400390625,-45.5,94.0,1728.0999755859375,79.65579986572266,32381.33984375,7473.0,13402.26953125,4110.41015625,19362.25,17.940000534057617,12266.41015625,28542.109375
2022-09-13,18044.44921875,18088.30078125,18015.44921875,18070.05078125,259900.0,67.92831577993591,204.12484954482716,0.8367416922048108,203.28810785262235,93.46829394331792,84.35922913028269,17698.8849609375,17070.545957031252,16972.067993164062,17756.396314280835,17552.271464736008,27.0743007279911,200.42240180898636,56726900.0,0.007454201929980142,0.007426556664034913,72.8515625,-25.6015625,93.16999816894531,1705.0,79.35530090332031,31104.970703125,7385.89990234375,13188.9501953125,3932.68994140625,19326.859375,17.469999313354492,11633.5703125,28614.630859375
2022-09-14,17771.150390625,18091.55078125,17771.150390625,18003.75,365900.0,65.02942584214517,208.73640826839255,4.358640332616176,204.37776793577638,94.36822669818878,91.38595734379199,17707.8099609375,17115.579960937503,16974.405493164064,17794.4507274684,17585.714319200008,26.232478568081785,208.99225815298735,56361000.0,-0.0036690976717561608,-0.003675845320864187,320.400390625,-232.599609375,94.0999984741211,1696.5,79.60240173339844,31135.08984375,7277.2998046875,13028.0,3946.010009765625,18847.099609375,18.280000686645508,11719.6796875,27818.619140625
2022-09-15,18046.349609375,18096.150390625,17861.5,17877.400390625,289600.0,59.7925985751741,199.89151924675753,-3.5889989512151033,203.48051819797263,88.33657162050586,92.05769742067085,17704.46748046875,17156.4209765625,16978.660249023436,17807.212214107876,17607.32069486112,25.46917947768361,210.82498190098826,56071400.0,-0.007017960667916379,-0.0070427023794097186,234.650390625,168.94921875,90.83999633789062,1665.4000244140625,79.45369720458984,30961.8203125,7282.10009765625,12956.66015625,3901.35009765625,18930.380859375,18.389999389648438,11552.3603515625,27875.91015625
2022-09-16,17796.80078125,17820.05078125,17497.25,17530.849609375,468500.0,48.30288799015169,163.03872029252307,-32.353438324359644,195.3921586168827,68.7335558811015,83.81278473326537,17683.1849609375,17190.8209765625,16981.04475097656,17764.694890302817,17601.656170010294,24.238609820925692,222.91965395270338,55602900.0,-0.019384853148544656,-0.019575203370476822,322.80078125,265.951171875,91.3499984741211,1671.699951171875,79.8490982055664,30822.419921875,7236.7001953125,12741.259765625,3873.330078125,18761.689453125,19.81999969482422,11448.400390625,27567.650390625
2022-09-19,17540.650390625,17667.19921875,17429.69921875,17622.25,258300.0,50.978447267739384,139.59865289627123,-44.634804576489216,184.23345747276045,49.155871146351515,68.74199954931962,17676.375,17223.469980468748,16984.240004882813,17742.78029179469,17603.18163889842,23.354776489702907,223.96110724179601,55861200.0,0.0052136885924867205,0.005200144374609497,237.5,-81.599609375,92.0,1666.199951171875,79.68949890136719,31019.6796875,7236.7001953125,12803.240234375,3899.889892578125,18565.970703125,19.940000534057617,11535.01953125,27567.650390625
2022-09-20,17770.400390625,17919.30078125,17744.400390625,17816.25,263100.0,56.16424044929076,135.1188433647767,-39.29169128638699,174.4105346511637,42.997239838043356,53.62888895516545,17692.652539062503,17257.136972656248,16987.48675292969,17754.083323826275,17618.964480461498,21.9336067440526,229.181798242382,56124300.0,0.011008809885230342,0.010948654031257964,174.900390625,-45.849609375,90.62000274658203,1659.699951171875,79.7074966430664,30706.23046875,7192.7001953125,12670.830078125,3855.929931640625,18781.419921875,18.799999237060547,11425.0498046875,27688.419921875
2022-09-21,17766.349609375,17838.69921875,17663.599609375,17718.349609375,245500.0,53.110873824842905,122.25948743280969,-41.72083777468319,163.98032520749288,44.36383335290222,45.50564811243236,17699.695019531253,17287.09197265625,16989.07024902344,17748.58582929531,17626.3263418625,20.45351716466032,225.3187847518547,55878800.0,-0.005495005437451739,-0.005510158516157929,175.099609375,48.0,89.83000183105469,1664.5999755859375,79.76270294189453,30183.779296875,7237.60009765625,12767.150390625,3789.929931640625,18444.619140625,19.329999923706055,11220.1904296875,27313.130859375
2022-09-22,17609.650390625,17722.75,17532.44921875,17629.80078125,284100.0,50.43986071561276,103.72749877605384,-48.202261145151255,151.9297599212051,43.77928803158052,43.71345374084203,17700.93759765625,17315.36798828125,16991.235756835937,17730.31120651911,17626.583707743055,19.59526410298945,222.81749878743653,55594700.0,-0.004997577656902563,-0.005010107310831895,190.30078125,-20.150390625,90.45999908447266,1670.800048828125,80.05069732666016,30076.6796875,7159.5,12531.6298828125,3757.989990234375,18147.94921875,18.81999969482422,11066.8095703125,27153.830078125
2022-09-23,17593.849609375,17642.150390625,17291.650390625,17327.349609375,390800.0,42.565620212022104,63.89889567573482,-70.4246913963762,134.32358707211102,25.924646717639597,38.02258936737411,17691.1826171875,17340.748984375,16993.311254882814,17668.317114650785,17604.41821897505,19.624669218917873,231.9376774454768,55203900.0,-0.017155677232420508,-0.01730454089090743,350.5,266.5,86.1500015258789,1645.300048828125,81.06220245361328,29590.41015625,7018.60009765625,12284.1904296875,3693.22998046875,17933.26953125,20.59000015258789,10867.9296875,27153.830078125
2022-09-26,17156.30078125,17196.400390625,16978.30078125,17016.30078125,492000.0,36.290947411008844,7.152945183450356,-101.73651351092853,108.88945869437889,12.620588455912072,27.441507735044063,17664.05263671875,17361.741992187497,16992.509262695312,17568.0069095122,17560.85396432875,20.5115047672194,240.30275963687131,54711900.0,-0.017951321762256445,-0.018114401349380974,218.099609375,140.0,84.05999755859375,1623.300048828125,81.25479888916016,29260.810546875,7021.0,12227.919921875,3655.0400390625,17855.140625,21.889999389648438,10802.919921875,26431.55078125
2022-09-27,17110.900390625,17176.44921875,16942.349609375,17007.400390625,359900.0,36.12684034553584,-38.09765055333264,-117.58968739816923,79.49203684483659,4.49159391380809,14.345609695786585,17648.77763671875,17383.116992187497,16990.197514648436,17481.759752760325,17519.857403313657,21.4235738936656,239.8596774753091,54352000.0,-0.0005230508522044985,-0.0005231876910193474,234.099609375,103.5,86.2699966430664,1626.699951171875,81.61579895019531,29134.990234375,6984.60009765625,12139.6796875,3647.2900390625,17860.310546875,21.56999969482422,10829.5,26571.869140625
2022-09-28,16870.55078125,17037.599609375,16820.400390625,16858.599609375,323900.0,33.406977610833756,-84.98638303311236,-131.58273590235916,46.5963528692468,4.010531945777325,7.040904771832496,17603.742578125,17399.304980468747,16986.906264648438,17385.888961470275,17470.875344503387,22.568317836174902,238.24107328064417,54028100.0,-0.00874917846539458,-0.008787677246935572,217.19921875,11.951171875,89.31999969482422,1660.4000244140625,81.72460174560547,29683.740234375,7005.39990234375,12183.2802734375,3719.0400390625,17250.880859375,22.100000381469727,11051.6396484375,26173.98046875
2022-09-29,16993.599609375,17026.05078125,16788.599609375,16818.099609375,340000.0,32.68568888379459,-123.98483289010983,-136.4649486074853,12.480115717375476,3.629446143501203,4.0438573343622055,17567.507519531253,17410.09697265625,16983.440258789058,17298.536753455617,17422.521586345727,23.708352721391257,238.18465175166958,53688100.0,-0.0024023347691036756,-0.0024052250050792126,237.451171875,175.5,88.48999786376953,1658.5,81.42870330810547,29225.609375,6881.60009765625,11975.5498046875,3640.469970703125,17165.869140625,21.299999237060547,10737.509765625,26422.05078125
2022-09-30,16798.05078125,17187.099609375,16747.69921875,17094.349609375,376100.0,41.900314357278184,-131.08920434058018,-114.85545604636452,-16.23374829421566,10.319227513776045,5.986401867684857,17545.2525390625,17425.17296875,16982.070756835936,17267.123346673983,17398.212551014563,23.916221910445493,252.55720452833603,54064200.0,0.01642575596626905,0.016292312526781774,439.400390625,-296.298828125,87.95999908447266,1662.4000244140625,81.48059844970703,28725.509765625,6893.7998046875,12114.3603515625,3585.6201171875,17222.830078125,19.969999313354492,10575.6201171875,25937.2109375
2022-10-03,17102.099609375,17114.650390625,16855.55078125,16887.349609375,278400.0,37.73223866307198,-151.67423377510204,-108.3523883847091,-43.32184539039294,12.773260576999856,8.907311411425702,17506.329980468752,17432.50296875,16979.883002929688,17208.696617858754,17360.370851633856,24.10924330028157,253.0245191602406,53785800.0,-0.012109264448790458,-0.012183178897324074,259.099609375,214.75,88.86000061035156,1692.9000244140625,81.52130126953125,29490.890625,6908.7998046875,12209.48046875,3678.429931640625,17079.509765625,21.3700008392334,10815.4296875,26215.7890625
2022-10-04,17147.44921875,17287.30078125,17117.30078125,17274.30078125,226000.0,48.121331783138636,-135.20572479188922,-73.50710352119702,-61.6986212706922,25.038660770627565,16.043716287134487,17487.265039062502,17445.883984375003,16980.14750488281,17218.78956607279,17353.99529086468,23.415056090788855,263.5192800684377,54011800.0,0.02291367093271912,0.022655095268550494,170.0,-126.8515625,91.80000305175781,1721.0999755859375,81.49500274658203,30316.3203125,7086.5,12670.48046875,3790.929931640625,17079.509765625,19.56999969482422,11176.41015625,26992.2109375
2022-10-06,17379.25,17428.80078125,17315.650390625,17331.80078125,265500.0,49.4704686766539,-116.17534624616019,-43.58137998037438,-72.59396626578581,33.0878827613172,23.633268036314874,17472.63505859375,17458.131015625004,16980.564506835937,17236.175906869285,17352.351253115445,22.1287035631844,255.73218863497786,54277300.0,0.0033286441360573793,0.0033231164632058175,113.150390625,47.44921875,94.41999816894531,1711.699951171875,81.6488037109375,29926.939453125,6997.2998046875,12470.7802734375,3744.52001953125,18012.150390625,19.31999969482422,11073.3095703125,27311.30078125
2022-10-07,17287.19921875,17337.349609375,17216.94921875,17314.650390625,216300.0,49.06065036868683,-101.30969226450543,-22.972580798975685,-78.33711146552974,45.76613928670507,34.630894272883275,17448.430078125,17471.8040234375,16982.21176269531,17248.248904370164,17349.55859663467,21.310671002366714,246.06563163426517,54061000.0,-0.0009895331040011834,-0.0009900230150986376,120.400390625,-27.451171875,97.91999816894531,1700.5,82.3489990234375,29296.7890625,6991.10009765625,12273.0,3639.659912109375,17740.05078125,18.809999465942383,10652.400390625,27116.109375
2022-10-10,17094.349609375,17280.150390625,17064.69921875,17241.0,234000.0,47.25040843981659,-94.38353079295848,-12.837135461942978,-81.5463953310155,46.78363840451661,41.879220150846294,17418.81259765625,17486.947031250005,16985.34576660156,17247.133688313217,17341.517219106176,21.09154384381986,246.3431702228891,53827000.0,-0.00425364584114718,-0.004262718329192525,215.451171875,-146.650390625,96.19000244140625,1667.300048828125,82.8322982788086,29202.880859375,6959.2998046875,12272.9404296875,3612.389892578125,17216.66015625,19.6200008392334,10542.099609375,27116.109375
2022-10-11,17256.05078125,17261.80078125,16950.30078125,16983.55078125,282600.0,41.48773218550059,-108.41871483042996,-21.49785559953156,-86.9208592308984,37.371291374507905,43.307023021909856,17371.17265625,17493.782031250004,16986.409272460936,17206.582471841954,17315.001186672383,21.26268600965456,250.99722949268275,53544400.0,-0.014932383199930399,-0.015044993668578569,311.5,272.5,94.29000091552734,1678.699951171875,82.42070007324219,29239.189453125,6885.2001953125,12220.25,3588.840087890625,16832.359375,20.489999771118164,10426.1904296875,26401.25
2022-10-12,17025.55078125,17142.349609375,16960.05078125,17123.599609375,256000.0,45.38955005852542,-107.00741444149753,-16.0692441684793,-90.93817027301823,34.091542611801636,39.41549079694205,17323.85009765625,17497.66203125,16987.250024414065,17193.815877616267,17300.823292057765,21.421603735072495,246.09020082356255,53800400.0,0.008246145339619648,0.008212331644389038,182.298828125,-98.048828125,92.44999694824219,1670.300048828125,82.2739028930664,29210.849609375,6826.2001953125,12172.259765625,3577.030029296875,16701.029296875,20.18000030517578,10417.099609375,26396.830078125
2022-10-13,17087.349609375,17112.349609375,16956.94921875,17014.349609375,266400.0,42.98169547258476,-113.39733676422111,-17.9673331929623,-95.43000357125881,29.99380802243322,33.81888066958092,17274.380078125,17494.7840234375,16986.958774414063,17166.205682502226,17279.603019266448,21.580171628226477,240.41592866652238,53534000.0,-0.006380083772817624,-0.0064005234917517235,155.400390625,73.0,94.56999969482422,1670.0,82.19999694824219,30038.720703125,6850.2998046875,12355.580078125,3669.909912109375,16389.109375,20.290000915527344,10649.150390625,26237.419921875
2022-10-14,17322.30078125,17348.55078125,17169.75,17185.69921875,227000.0,47.670551444187375,-103.44249411234705,-6.409992432870581,-97.03250167947647,44.22369631836087,36.103015650865245,17239.79501953125,17491.6969921875,16987.86852050781,17169.204688078808,17272.647182191155,20.475982637139012,247.11487460998507,53761000.0,0.010070888003887335,0.010020514532698735,178.80078125,136.6015625,91.62999725341797,1641.699951171875,82.19210052490234,29634.830078125,6858.7998046875,12437.8095703125,3583.070068359375,16587.689453125,18.260000228881836,10321.3896484375,27090.759765625
2022-10-17,17144.80078125,17328.55078125,17098.55078125,17311.80078125,212200.0,50.87239576383442,-84.4049002214233,10.102081166442531,-94.50698138786584,58.980385265353775,44.39929653538262,17228.842578125,17491.0240234375,16988.99627441406,17191.142548566684,17275.547448788107,19.745550822451733,245.8923835664147,53973200.0,0.007337586960815656,0.007310797834822186,230.0,-167.0,91.62000274658203,1657.0,82.41280364990234,30185.8203125,6920.2001953125,12649.0302734375,3677.949951171875,16612.900390625,18.420000076293945,10675.7998046875,26775.7890625
2022-10-18,17438.75,17527.80078125,17434.05078125,17486.94921875,239500.0,54.99164158397709,-54.55557209922699,31.961127430911077,-86.51669953013807,80.63094571971517,61.2783424344766,17222.0775390625,17493.0,16990.264770507812,17236.651267056426,17291.206839155653,18.524577001059704,243.7572133116708,54212700.0,0.010117285874136073,0.010066448739082915,93.75,-48.19921875,90.02999877929688,1649.0,82.1947021484375,30523.80078125,6936.7001953125,12765.6103515625,3719.97998046875,16914.580078125,17.450000762939453,10772.400390625,27156.140625
2022-10-19,17568.150390625,17607.599609375,17472.849609375,17512.25,210500.0,55.57116290368907,-28.529334500937694,46.389892023360304,-74.919226524298,88.83226633463447,76.14786577323446,17206.8775390625,17495.605,16991.758022460937,17279.05107212467,17307.580406625606,17.72491157410404,235.9709837894086,54423200.0,0.0014468379208691928,0.0014457922593648584,134.75,55.900390625,92.41000366210938,1627.5,82.2863998413086,30423.810546875,6925.0,12741.41015625,3695.159912109375,16511.279296875,17.489999771118164,10680.509765625,27257.380859375
2022-10-20,17423.099609375,17584.150390625,17421.0,17563.94921875,249600.0,56.79533264918324,-3.6891327843186446,56.98407499198348,-60.67320777630213,92.86621302886877,87.44314169440614,17199.15751953125,17498.933984375,16993.558022460937,17322.881556220873,17326.57068900519,16.73300068753735,230.7695128490937,54672800.0,0.0029521745492440132,0.0029478254394111857,163.150390625,-140.849609375,92.37999725341797,1630.800048828125,82.99700164794922,30333.58984375,6943.89990234375,12767.41015625,3665.780029296875,16280.2197265625,17.229999542236328,10614.83984375,27006.9609375
2022-10-21,17622.849609375,17670.150390625,17520.75,17576.30078125,277700.0,57.099464574929094,16.799914945619093,61.97849817753698,-45.178583231917884,90.77146252102234,90.82331396150852,17196.48251953125,17499.9580078125,16994.66927246094,17361.86912930228,17345.06921435666,16.189104134753304,224.95743269022987,54950500.0,0.0007032337856462956,0.0007029866326317706,149.400390625,46.548828125,93.5,1651.0,82.82569885253906,31082.560546875,6969.7001953125,12730.900390625,3752.75,16211.1201171875,17.280000686645508,10859.7197265625,26890.580078125
2022-10-24,17736.349609375,17777.55078125,17707.400390625,17730.75,45000.0,60.81404902169317,44.98187104519093,72.12836342168706,-27.14649237649612,92.58181434831633,92.07316329940248,17216.652539062503,17503.8780078125,16995.194526367188,17418.620032486542,17373.63816144135,16.130485299452893,223.26404464092775,54995500.0,0.008787356376761757,0.008748972260095097,70.150390625,5.599609375,93.26000213623047,1648.699951171875,82.54129791259766,31499.619140625,7014.0,12931.4501953125,3797.340087890625,15180.6904296875,17.420000076293945,10952.6103515625,26974.900390625
2022-10-25,17808.30078125,17811.5,17637.0,17656.349609375,251400.0,58.19982163271265,60.61406336912842,70.20844459649963,-9.594381227371212,88.26867880937792,90.54065189290552,17248.654980468753,17503.824999999997,16994.45002441406,17455.193813546306,17394.579750177178,15.694523346918993,219.78089859514722,54744100.0,-0.004196122026705051,-0.004204950452158822,174.5,151.951171875,93.5199966430664,1652.800048828125,82.7614974975586,31836.740234375,7013.5,13052.9599609375,3859.110107421875,15165.58984375,16.8799991607666,11199.1201171875,27250.279296875
2022-10-27,17771.400390625,17783.900390625,17654.5,17736.94921875,324600.0,60.19604034616177,78.60034740931587,70.55578290934966,8.044564499966206,89.22345385008188,90.02464900259204,17285.132421875,17504.6009765625,16993.508520507814,17498.540798962258,17419.940451552942,15.289701533851801,213.325148025851,55068700.0,0.004564907874966551,0.0045545202832827395,129.400390625,34.451171875,96.95999908447266,1660.699951171875,82.04959869384766,32033.279296875,7073.7001953125,13211.23046875,3807.300048828125,15427.9404296875,16.600000381469727,10792.669921875,27345.240234375
2022-10-28,17756.400390625,17838.900390625,17723.69921875,17786.80078125,250000.0,61.423160675730884,95.77319775522847,70.1829066042098,25.59029115101866,89.15488004124353,88.8823375669011,17331.54248046875,17503.8319921875,16993.71302246094,17542.888488544988,17447.11529078976,15.172535996848588,206.31629258650452,55318700.0,0.002810605244745412,0.0028066628790527496,115.201171875,-30.400390625,95.7699966430664,1639.5999755859375,82.44249725341797,32861.80078125,7047.7001953125,13243.330078125,3901.06005859375,14863.0595703125,15.920000076293945,11102.4501953125,27105.19921875
2022-10-31,17910.19921875,18022.80078125,17899.900390625,18012.19921875,227200.0,66.45821190981891,126.11677981820685,80.42119093375055,45.6955888844563,94.83059027775113,91.06964138969218,17391.247460937502,17505.190976562502,16994.710522460937,17615.09013934576,17488.973359527554,15.844696766192811,208.43655740175421,55545900.0,0.012672230395564199,0.012592609626880552,122.900390625,-102.0,94.83000183105469,1635.9000244140625,82.23919677734375,32732.94921875,7094.5,13253.740234375,3871.97998046875,14687.01953125,15.800000190734863,10988.150390625,27587.4609375
2022-11-01,18130.69921875,18175.80078125,18060.150390625,18145.400390625,349900.0,69.03068411858794,159.07874779696795,90.70652713000932,68.37222066695863,96.88473733453948,93.62340255117803,17443.800000000003,17508.968984375,16995.421020507812,17696.67633185026,17537.597584053292,17.017700574733414,205.23405776591463,55895800.0,0.007395053222392978,0.007367843877008389,115.650390625,-14.701171875,94.6500015258789,1645.0,82.72899627685547,32653.19921875,7186.2001953125,13338.740234375,3856.10009765625,15455.26953125,16.1299991607666,10890.849609375,27678.919921875
2022-11-02,18177.900390625,18178.75,18048.650390625,18082.849609375,270900.0,66.45323566377542,178.1009823495915,87.7830093461063,90.3179730034852,96.22274135318779,95.97935632182612,17503.575000000004,17515.4569921875,16995.556518554688,17756.087605315603,17577.98662296601,18.029639391756103,199.86731145227787,55624900.0,-0.003447197631545107,-0.0034531529072475455,130.099609375,95.05078125,96.16000366210938,1645.699951171875,82.68450164794922,32147.759765625,7144.10009765625,13256.740234375,3759.68994140625,15827.169921875,16.65999984741211,10524.7998046875,27663.390625
2022-11-03,17968.349609375,18106.30078125,17959.19921875,18052.69921875,213000.0,65.1897451579659,188.5696422785768,78.60133542007327,109.96830685850352,92.66249954198925,95.2566594099055,17542.494921875004,17526.6969921875,16994.758266601562,17801.720161228586,17613.15051895001,18.368420551077055,196.09832938425805,55411900.0,-0.0016673473084335422,-0.001668738878993079,147.1015625,-84.349609375,94.66999816894531,1627.300048828125,82.88839721679688,32001.25,7188.60009765625,13130.1904296875,3719.889892578125,15339.490234375,15.9399995803833,10342.9404296875,27663.390625
2022-11-04,18053.400390625,18135.099609375,18017.150390625,18117.150390625,267900.0,66.64950268647831,199.764046050248,71.83659135339556,127.92745469685244,91.59302206102072,93.49275431873258,17581.762402343753,17537.489999999998,16994.05501464844,17850.247888828035,17650.483842777787,18.80297962417196,190.51625005323965,55679800.0,0.003570168155688336,0.0035638102334325083,117.94921875,-63.75,98.56999969482422,1672.5,82.68180084228516,32403.220703125,7334.7998046875,13459.849609375,3770.550048828125,16161.1396484375,15.65999984741211,10475.25,27199.740234375
2022-11-07,18211.75,18255.5,18064.75,18202.80078125,314800.0,68.53769928865299,213.09058676394852,68.13050565367686,144.96008111027166,92.1043677038958,92.11996310230192,17626.169921875004,17549.447031249998,16993.790268554687,17904.486795354493,17691.396208590544,19.687794239813638,190.53294647800826,55994600.0,0.004727586225111935,0.0047164462855731094,190.75,8.94921875,97.91999816894531,1676.5,81.9749984741211,32827.0,7300.0,13533.51953125,3806.800048828125,16595.91015625,15.59000015258789,10564.51953125,27527.640625
2022-11-09,18288.25,18296.400390625,18117.5,18157.0,307200.0,66.37364193328177,217.4496023599968,57.99161699978009,159.4579853602167,90.68604424803455,91.46114467098369,17671.969921875003,17562.138046875,16993.03477050781,17943.334980684573,17725.885378324576,20.664710627079046,189.70204963136482,55687400.0,-0.002516139235956394,-0.0025193100341803654,178.900390625,131.25,92.6500015258789,1710.0999755859375,81.40519714355469,32513.939453125,7296.2998046875,13666.3203125,3748.570068359375,16358.51953125,15.920000076293945,10353.169921875,27716.4296875
2022-11-10,18044.349609375,18103.099609375,17969.400390625,18028.19921875,256500.0,60.580643366343665,208.11202117615903,38.92322865275386,169.18879252340517,82.37440175850338,88.38827123681124,17724.202343750003,17571.5240234375,16992.61051269531,17956.391017310023,17748.278996133864,20.52684207327177,189.55187532733876,55430900.0,-0.007093725904609771,-0.007119006002546902,133.69921875,16.150390625,93.66999816894531,1750.300048828125,81.34380340576172,33715.37109375,7375.2998046875,14146.08984375,3956.3701171875,16081.0400390625,15.569999694824219,11114.150390625,27446.099609375
2022-11-11,18272.349609375,18362.30078125,18259.349609375,18349.69921875,378500.0,68.07152747932868,224.07132912413363,43.90602928058277,180.16529984355086,83.98028297143586,85.68024299265792,17785.50732421875,17592.260000000002,16994.667006835938,18016.899971377712,17792.82864225358,21.393377553083752,199.87685298252887,55809400.0,0.017833173247033374,0.01767602773148285,102.951171875,-77.349609375,95.98999786376953,1766.0,80.48290252685547,33747.859375,7318.0,14224.8603515625,3992.929931640625,17325.66015625,14.40999984741211,11323.330078125,28263.5703125
2022-11-14,18376.400390625,18399.44921875,18311.400390625,18329.150390625,301400.0,67.19263452734944,232.38231824577815,41.773614721781826,190.60870352399633,86.21496763438196,84.1898841214404,17851.24736328125,17603.656992187498,16997.52775878906,18064.93849741576,17832.55617916998,22.321942930145354,191.88913692127684,55508000.0,-0.0011198455015547504,-0.0011204729970374992,88.048828125,47.25,93.13999938964844,1773.5999755859375,80.49700164794922,33536.69921875,7385.2001953125,14313.2998046875,3957.25,17619.7109375,14.90999984741211,11196.2197265625,27963.470703125
2022-11-15,18362.75,18427.94921875,18282.0,18403.400390625,250900.0,68.76208152882481,242.1686223354336,41.24793504914982,200.9206872862838,95.39290954752572,88.52938671778118,17912.132421875,17620.868984375,17001.45900878906,18117.00955790949,17874.840935574055,22.977920928871708,188.60771419475708,55758900.0,0.004050924260950772,0.00404274135870096,145.94921875,-40.650390625,93.86000061035156,1773.800048828125,80.99199676513672,33592.921875,7369.39990234375,14378.509765625,3991.72998046875,18343.119140625,14.640000343322754,11358.41015625,27990.169921875
2022-11-16,18398.25,18442.150390625,18344.150390625,18409.650390625,219300.0,68.8969611580401,247.57477371809364,37.32326914544785,210.25150457264579,94.51665134147306,92.04150950779358,17967.02490234375,17638.273007812502,17007.761762695314,18162.031224481107,17914.456450763013,23.641121721710018,182.13573460941728,55978200.0,0.0003396111515991951,0.000339553496785159,98.0,-11.400390625,92.86000061035156,1773.0,81.07140350341797,33553.828125,7351.2001953125,14234.0302734375,3958.7900390625,18256.48046875,15.100000381469727,11183.66015625,28028.30078125
2022-11-17,18358.69921875,18417.599609375,18312.94921875,18343.900390625,200500.0,65.68386728191423,243.7439832205382,26.79398291831393,216.95000030222428,93.031611887058,94.3137242586856,18009.872460937502,17651.835000000003,17013.091518554687,18190.01109619555,17946.267112975012,24.016168308055903,176.6010671819589,55777700.0,-0.00357149639481924,-0.0035778894143715548,104.650390625,14.798828125,89.77999877929688,1760.800048828125,81.49530029296875,33546.3203125,7346.5,14266.3798828125,3946.56005859375,18045.66015625,14.880000114440918,11144.9599609375,27930.5703125
2022-11-18,18382.94921875,18394.599609375,18209.80078125,18307.650390625,198800.0,63.91409682571614,235.0732045319055,14.498563383744965,220.57464114816054,85.7981652803608,91.11547616963063,18049.642480468752,17664.876015625,17019.079018554687,18208.109449184696,17973.03624465279,23.598531688643067,177.18662153503328,55578900.0,-0.00197613371355454,-0.001978088841936149,184.798828125,75.298828125,87.62000274658203,1751.9000244140625,81.52490234375,33745.69140625,7385.5,14431.8603515625,3965.340087890625,17992.5390625,14.390000343322754,11146.0595703125,27899.76953125
2022-11-21,18246.400390625,18262.30078125,18133.349609375,18159.94921875,213800.0,57.156608686469355,213.81853282250086,-5.404886660527779,219.22341948302864,67.69601372096996,82.17526362946292,18079.44248046875,17675.5869921875,17024.369018554688,18200.700182963974,17986.881650141473,22.6851527123422,176.98049008610232,55365100.0,-0.008067729540576885,-0.008100449774708418,128.951171875,86.451171875,87.44999694824219,1737.4000244140625,81.5198974609375,33700.28125,7376.89990234375,14379.9296875,3949.93994140625,17655.91015625,14.800000190734863,11024.509765625,27944.7890625
2022-11-22,18179.150390625,18261.849609375,18137.69921875,18244.19921875,177700.0,59.7694625599844,201.45013153653053,-14.218630357198492,215.66876189372903,58.59182297926047,70.69533399353041,18112.83740234375,17684.4959765625,17028.890766601562,18207.39234231567,18005.94221077914,21.8370150914914,173.20691155316646,55542800.0,0.00463933015368867,0.004628601630860599,124.150390625,-65.048828125,88.36000061035156,1738.300048828125,81.72769927978516,34098.1015625,7452.7998046875,14422.349609375,4003.580078125,17424.41015625,13.84000015258789,11174.41015625,28115.740234375
2022-11-23,18325.19921875,18325.400390625,18246.0,18267.25,178800.0,60.479617068655465,191.3028694146269,-19.492713983281703,210.79558339790862,54.78820133915151,60.35867934646065,18139.66240234375,17693.173984374997,17032.34276855469,18216.601212728645,18025.298343314018,21.410226258132425,166.635073004726,55721600.0,0.0012634580983039712,0.0012626606067816233,79.400390625,57.94921875,85.41000366210938,1744.9000244140625,81.71499633789062,34194.05859375,7465.2001953125,14427.58984375,4027.260009765625,17523.810546875,14.039999961853027,11285.3203125,28115.740234375
2022-11-24,18326.099609375,18529.69921875,18294.25,18484.099609375,204000.0,66.47507672709301,198.47118993119875,-9.85951477336792,208.33070470456667,71.55293676519665,61.64432036120287,18181.04990234375,17704.128984375,17035.863266601562,18257.754812212697,18059.2836222815,21.99904108237901,173.47894055795985,55925600.0,0.011870949889830174,0.011801042862214367,235.44921875,-158.0,85.41000366210938,1744.9000244140625,81.63289642333984,34194.05859375,7466.60009765625,14539.5595703125,4027.260009765625,17660.900390625,13.479999542236328,11285.3203125,28383.08984375
2022-11-25,18528.44921875,18534.900390625,18445.099609375,18512.75,205900.0,67.18343193102997,204.11111676833025,-3.3756703489891606,207.4867871173194,83.90989219542173,70.08367676658996,18219.83994140625,17712.982968750002,17040.62602050781,18296.98484110305,18092.87372433472,22.56827844132586,167.50192917881986,56131500.0,0.0015500019600884762,0.0015488019469054911,89.80078125,15.69921875,83.62999725341797,1753.300048828125,81.65540313720703,34347.03125,7486.7001953125,14541.3798828125,4026.1201171875,17573.580078125,13.329999923706055,11226.3603515625,28283.029296875
2022-11-28,18430.55078125,18614.25,18365.599609375,18562.75,206500.0,68.43682730608525,210.19241424166103,2.1645016994733055,208.02791254218772,93.31941347414897,82.92741414492245,18258.637402343753,17724.16296875,17045.85826660156,18337.87178862566,18127.679374384,22.46006614586429,173.29824785354702,56338000.0,0.0027008413120686026,0.0026972005940332764,248.650390625,-132.19921875,83.19000244140625,1740.0999755859375,81.6697006225586,33849.4609375,7474.0,14383.3603515625,3963.93994140625,17297.939453125,13.569999694824219,11049.5,28162.830078125
2022-11-29,18552.44921875,18678.099609375,18552.150390625,18618.05078125,195300.0,69.8102384154632,216.97306672940613,7.1561233497747025,209.81694337963143,93.20786002515396,90.14572189824156,18288.92998046875,17738.9759765625,17052.88052246094,18380.976249029405,18164.0031823,22.67540184151566,169.9161743461508,56533300.0,0.00297912654375021,0.0029746977400658824,125.94921875,-65.6015625,83.02999877929688,1748.4000244140625,81.65029907226562,33852.53125,7512.0,14355.4501953125,3957.6298828125,18204.6796875,13.619999885559082,10983.7802734375,28027.83984375
2022-11-30,18625.69921875,18816.05078125,18616.55078125,18758.349609375,345600.0,73.01799617475643,231.00484551776026,16.950321710503033,214.05452380725723,91.69621465377793,92.74116271769361,18319.57744140625,17763.5259765625,17060.338520507812,18439.033689082575,18208.028843564814,23.489062770797343,172.02930474999718,56878900.0,0.007535634625419174,0.007507383568474861,199.5,-132.650390625,85.43000030517578,1746.0,81.63089752197266,34589.76953125,7573.10009765625,14397.0400390625,4080.110107421875,18597.23046875,13.8100004196167,11468.0,27968.990234375
2022-12-01,18871.94921875,18887.599609375,18778.19921875,18812.5,325000.0,74.1592424066651,243.68555982609905,23.704828815073455,219.9807310110256,91.03938105531915,91.98115191141702,18356.059960937502,17787.3309765625,17067.082016601562,18496.490044608334,18252.804484782235,24.52952423469358,168.9736401249974,57203900.0,0.002886735334004964,0.0028825767148602448,109.400390625,59.44921875,86.87999725341797,1801.0999755859375,81.3052978515625,34395.01171875,7558.5,14490.2998046875,4076.570068359375,18736.439453125,13.359999656677246,11482.4501953125,28226.080078125
2022-12-02,18752.400390625,18781.94921875,18639.19921875,18696.099609375,254400.0,67.54561333109778,241.55804774059652,17.261853383656728,224.2961943569398,85.40059610763703,89.37873060557803,18388.22998046875,17804.927968750002,17072.53326660156,18527.19920841859,18285.641160677995,24.387748263224292,169.28272163392614,56949500.0,-0.006187396179402005,-0.006206617442539312,142.75,56.30078125,85.56999969482422,1795.9000244140625,81.16220092773438,34429.87890625,7556.2001953125,14529.3896484375,4071.699951171875,18675.349609375,13.449999809265137,11461.5,27777.900390625
2022-12-05,18719.55078125,18728.599609375,18591.349609375,18701.05078125,288400.0,67.67765640935603,237.5333605554806,10.589732958832656,226.94362759664796,79.97355264611645,85.4711766030242,18417.425000000003,17824.5819921875,17079.164770507814,18553.94560423881,18316.412243683328,23.90609405112112,166.9946700886457,57237900.0,0.00026482378562620035,0.0002647887259970962,137.25,18.5,82.68000030517578,1767.4000244140625,81.42250061035156,33947.1015625,7567.5,14447.6103515625,3998.840087890625,19518.2890625,13.729999542236328,11239.9404296875,27820.400390625
2022-12-06,18600.650390625,18654.900390625,18577.900390625,18642.75,217800.0,64.35725345981443,227.02240815340338,0.06302444540432361,226.95938370799905,72.47161915810406,79.28192263728585,18439.4224609375,17844.8409765625,17088.164516601562,18567.6078189713,18340.585410817897,23.35835197627959,163.86293584124243,57020100.0,-0.0031175136590962937,-0.0031223832280691255,77.0,-42.099609375,79.3499984741211,1769.300048828125,81.89900207519531,33596.33984375,7521.39990234375,14343.1904296875,3941.260009765625,19441.1796875,14.039999961853027,11014.8896484375,27885.869140625
2022-12-07,18638.849609375,18668.30078125,18528.400390625,18560.5,200500.0,59.8928190167263,209.63892797339213,-13.856364587685562,223.4952925610777,66.47892843332228,72.97470007918093,18459.597460937504,17869.503984375002,17094.204770507815,18566.514308360333,18356.87538038694,22.47399589556457,162.1513254686537,56819600.0,-0.004411902750398933,-0.004421663914122268,139.900390625,78.349609375,77.16999816894531,1785.5,82.37220001220703,33597.921875,7489.2001953125,14261.1904296875,3933.919921875,18814.8203125,14.079999923706055,10958.5498046875,27686.400390625
2022-12-08,18570.849609375,18625.0,18536.94921875,18609.349609375,202800.0,61.59673046472552,197.52717954348554,-20.77449041407374,218.30166995755928,62.42628576952823,67.12561112031818,18488.654980468753,17901.364960937502,17100.64052246094,18573.104354670282,18375.577175126797,21.652808106329193,156.8584294530356,57022400.0,0.002631912360927746,0.0026284549446723396,88.05078125,-38.5,76.1500015258789,1788.699951171875,82.25350189208984,33781.48046875,7472.2001953125,14264.5595703125,3963.510009765625,19450.23046875,13.399999618530273,11082.0,27574.4296875
2022-12-09,18662.400390625,18664.69921875,18410.099609375,18496.599609375,215800.0,55.7133823402732,176.79259396970156,-33.2072607902862,209.99985475998776,55.86708620332289,61.5907668020578,18496.0,17931.148945312503,17106.60052246094,18561.334393855625,18384.541799885923,20.261852449091293,163.8399423046045,56806600.0,-0.006058782405979346,-0.006077211303593385,254.599609375,165.80078125,76.0999984741211,1798.0999755859375,82.2791976928711,33476.4609375,7476.60009765625,14370.7197265625,3934.3798828125,19900.869140625,13.479999542236328,11004.6201171875,27901.009765625
2022-12-12,18402.150390625,18521.55078125,18345.69921875,18497.150390625,193900.0,55.73562406759452,158.57675484243737,-41.13847993404033,199.7152347764777,50.0377339703445,56.11036864773187,18504.4,17963.9199609375,17112.70477050781,18551.459931820144,18392.883176977706,19.395581035255997,164.6979151757042,57000500.0,2.977743269738653e-05,2.977698935843848e-05,175.8515625,-95.0,77.98999786376953,1780.5,82.41300201416016,34005.0390625,7446.0,14306.6298828125,3990.56005859375,19463.630859375,13.319999694824219,11143.740234375,27842.330078125
2022-12-13,18524.400390625,18617.25,18490.19921875,18608.0,187600.0,60.080891730720495,151.34064738697634,-38.69966991160109,190.04031729857743,46.62730538409767,50.844041852588354,18514.62998046875,17999.717968750003,17119.711518554686,18560.158403847814,18408.817756460838,18.114812087263324,162.00883418101103,57188100.0,0.0059927938646799905,0.005974908495510217,127.05078125,-83.599609375,80.68000030517578,1813.9000244140625,82.64469909667969,34108.640625,7502.89990234375,14497.8896484375,4019.64990234375,19596.19921875,12.880000114440918,11256.8095703125,27954.849609375
2022-12-14,18671.25,18696.099609375,18632.900390625,18660.30078125,208000.0,61.97743307025278,148.1187947807084,-33.537218014295206,181.65601279500362,50.02580418271845,48.896947845720206,18527.1625,18031.036992187503,17127.552026367186,18575.56492344815,18427.44612866744,17.439416245278395,156.7296038377245,57396100.0,0.002810661073194387,0.002806718551028224,63.19921875,10.94921875,82.69999694824219,1807.5,82.40249633789062,33966.3515625,7495.89990234375,14460.2001953125,3995.320068359375,19673.44921875,12.890000343322754,11170.8896484375,28156.2109375
2022-12-15,18614.400390625,18652.900390625,18387.69921875,18414.900390625,183100.0,49.979083139594124,124.33048827544917,-45.860419615643565,170.19090789109273,41.23436397993152,45.96249118224921,18530.7125,18061.5880078125,17134.310278320314,18550.84730301382,18426.51681473837,17.100158602180812,165.00617231360133,57213000.0,-0.013150934355333654,-0.01323817358829901,265.201171875,199.5,81.20999908447266,1777.199951171875,82.50800323486328,33202.21875,7426.2001953125,13986.23046875,3895.75,19368.58984375,13.729999542236328,10810.5302734375,28051.69921875
2022-12-16,18319.099609375,18440.94921875,18255.150390625,18269.0,277700.0,44.467272158123414,92.63727693770488,-62.04290476271029,154.68018170041518,24.338388783471533,38.53285231537383,18528.779980468753,18081.481992187502,17144.41552734375,18507.48617947323,18414.848902535527,17.425242695245142,166.4913620144155,56935300.0,-0.00792295301794177,-0.007954506384605002,185.798828125,50.099609375,79.04000091552734,1790.0,82.85790252685547,32920.4609375,7332.10009765625,13893.0703125,3852.360107421875,19450.669921875,14.069999694824219,10705.41015625,27527.119140625
2022-12-19,18288.099609375,18431.650390625,18244.55078125,18420.44921875,154800.0,50.56209836299246,78.83213704986701,-60.67843572043853,139.51057277030554,14.104583683156843,26.559112148853295,18541.80498046875,18103.2549609375,17153.225771484376,18494.095877823504,18415.263740773637,17.776140493680984,167.96337968302868,57090100.0,0.008289956688926514,0.008255783729645224,187.099609375,-132.349609375,79.80000305175781,1787.699951171875,82.72599792480469,32757.5390625,7361.2998046875,13942.8701171875,3817.659912109375,19352.810546875,13.550000190734863,10546.0302734375,27237.640625
2022-12-20,18340.30078125,18404.900390625,18202.650390625,18385.30078125,169000.0,49.21217671069445,64.31390836794526,-60.15733152188824,124.4712398898335,18.736642572519543,19.05987167971597,18548.86005859375,18124.66796875,17161.182773437504,18477.35817065835,18413.044262290405,18.301447074395163,171.52305457174091,56921100.0,-0.0019081205394395617,-0.0019099433205291773,202.25,-45.0,79.98999786376953,1815.9000244140625,82.58190155029297,32849.73828125,7370.60009765625,13884.66015625,3821.6201171875,19094.80078125,13.779999732971191,10547.1103515625,26568.029296875
2022-12-21,18435.150390625,18473.349609375,18162.75,18199.099609375,187600.0,42.70720134208692,37.35265100754623,-69.69487110582982,107.04752211337605,19.96350423309559,17.60157682959066,18545.4525390625,18143.829960937503,17169.14852539063,18434.54916123014,18397.196510222595,18.257451280445707,181.45709420054516,56733500.0,-0.01012771964355863,-0.01017935391694218,310.599609375,236.05078125,82.19999694824219,1815.9000244140625,82.63690185546875,33376.48046875,7497.2998046875,14097.8203125,3878.43994140625,19160.490234375,15.5600004196167,10709.3701171875,26387.720703125
2022-12-22,18288.80078125,18318.75,18068.599609375,18127.349609375,195700.0,40.48641594487699,10.079840813414194,-77.5741450399695,87.65398585338369,13.812734989086898,17.504293931567343,18527.6150390625,18166.705937500003,17177.29501953125,18387.287691713966,18377.20785090055,18.69281221069869,186.36375823086337,56537800.0,-0.003942502735851727,-0.0039502948868902,250.150390625,161.451171875,80.9800033569336,1787.0,82.87860107421875,33027.48828125,7469.2998046875,13914.0703125,3822.389892578125,19679.220703125,15.1899995803833,10476.1201171875,26507.869140625
2022-12-23,17977.650390625,18050.44921875,17779.5,17806.80078125,221500.0,32.3843222005046,-36.97346218983148,-99.70195843457213,62.728496244740654,5.916807480267327,13.23101556748327,18492.317578125003,18180.3699609375,17185.102275390625,18297.98201318105,18334.95547537088,20.23855660302749,197.898461884016,56316300.0,-0.01768316025411787,-0.01784137526808462,270.94921875,170.849609375,83.91999816894531,1795.9000244140625,82.8749008178711,33203.9296875,7473.0,13940.9296875,3844.820068359375,19593.060546875,16.15999984741211,10497.8603515625,26235.25
2022-12-26,17830.400390625,18084.099609375,17774.25,18014.599609375,176700.0,40.67280985422361,-56.84069093522703,-95.65534974397416,38.814658808747126,12.650846738939002,10.793463069431075,18464.910058593752,18200.3749609375,17195.859521484374,18254.38472028781,18311.225411223037,21.415301088241605,205.8949724190863,56493000.0,0.011669632893506865,0.01160206785899442,309.849609375,-184.19921875,83.91999816894531,1795.9000244140625,82.6041030883789,33203.9296875,7473.0,13940.9296875,3844.820068359375,19593.060546875,16.15999984741211,10497.8603515625,26405.869140625
2022-12-27,18089.80078125,18149.25,17967.44921875,18132.30078125,214300.0,44.800308290485674,-62.36915910828611,-80.9470543336266,18.577895225340477,22.63050053461686,13.732718251274395,18440.62255859375,18219.3069921875,17206.45377441406,18235.602575820452,18297.97173492874,22.00954610949409,204.17395876415156,56707300.0,0.006533654614990558,0.006512402811413872,181.80078125,-42.5,84.33000183105469,1814.800048828125,82.90290069580078,33241.55859375,7473.0,13995.099609375,3829.25,19593.060546875,15.289999961853027,10353.23046875,26447.869140625
2022-12-28,18084.75,18173.099609375,18068.349609375,18122.5,193900.0,44.522543180029395,-66.77164909733983,-68.27963545814424,1.5079863608044146,34.23010944510477,23.17048557288688,18408.830078125,18235.520976562497,17215.339526367185,18218.20217954038,18284.97382863772,22.37855128152339,197.07224742385503,56513400.0,-0.0005405150382313817,-0.0005406611691443354,104.75,-37.75,83.26000213623047,1807.9000244140625,82.7761001586914,32875.7109375,7497.2001953125,13925.599609375,3783.219970703125,19898.91015625,15.399999618530273,10213.2900390625,26340.5
2022-12-29,18045.69921875,18229.69921875,17992.80078125,18191.0,281100.0,46.99608468284092,-63.99557545232528,-52.40284945050376,-11.592726001821527,40.60860433302894,32.48973810425019,18377.755078125003,18249.601992187498,17223.32002441406,18214.01722884186,18278.012804294187,23.04916566959916,199.91697528643684,56794500.0,0.00377983170092433,0.0037727060871833766,236.8984375,-145.30078125,82.26000213623047,1819.5,82.85199737548828,33220.80078125,7512.7001953125,14071.7197265625,3849.280029296875,19741.140625,14.8100004196167,10478.08984375,26093.669921875
2022-12-30,18259.099609375,18265.25,18080.30078125,18105.30078125,192000.0,44.33290873946597,-67.92769958569261,-45.06797886709686,-22.859720718595746,39.63230625702262,38.15700667838544,18348.21513671875,18261.463007812497,17230.694282226563,18197.29162152004,18265.21932110573,23.380467261847222,198.84784981954851,56602500.0,-0.00471107793689185,-0.004722210041123311,184.94921875,153.798828125,85.91000366210938,1819.699951171875,82.83509826660156,33147.25,7451.7001953125,13923.58984375,3839.5,19781.41015625,14.869999885559082,10466.48046875,26094.5
2023-01-02,18131.69921875,18215.150390625,18086.5,18197.44921875,256100.0,47.76082561521785,-62.883446276100585,-32.018980446003866,-30.864465830096716,42.34240914827456,40.86110657944204,18323.03505859375,18274.133007812503,17237.325024414065,18197.315867247726,18260.199313523826,23.688104454648993,193.83374559136647,56858600.0,0.005089583355357918,0.005076675205536103,128.650390625,-65.75,85.91000366210938,1819.699951171875,82.74980163574219,33147.25,7451.7001953125,14069.259765625,3839.5,19781.41015625,14.6899995803833,10466.48046875,26094.5
2023-01-03,18163.19921875,18251.94921875,18149.80078125,18232.55078125,208700.0,49.04793859266263,-55.41465084805532,-19.64014801436688,-35.77450283368844,44.65961044647955,42.211441950592246,18302.525097656253,18287.258007812503,17245.172778320313,18202.736623248078,18258.151274096133,23.64691449887123,187.28479501341172,57067300.0,0.00192892762485819,0.001927069632871597,102.1484375,-69.3515625,82.0999984741211,1839.699951171875,82.70600128173828,33136.37109375,7554.10009765625,14181.669921875,3824.139892578125,20145.2890625,14.390000343322754,10386.98046875,26094.5
2023-01-04,18230.650390625,18243.0,18020.599609375,18042.94921875,235200.0,42.899402156335235,-64.05643547454383,-22.62554611268432,-41.43088936185951,45.5007632121289,44.167594268961004,18276.64755859375,18293.501992187503,17250.510776367188,18178.15394563299,18242.210381107532,24.26404945047802,189.79305184281088,56832100.0,-0.010399069487028845,-0.010453517612292944,222.400390625,187.701171875,77.83999633789062,1852.800048828125,82.78569793701172,33269.76953125,7585.2001953125,14490.7802734375,3852.969970703125,20793.109375,15.199999809265137,10458.759765625,25716.859375
2023-01-05,18101.94921875,18120.30078125,17892.599609375,17992.150390625,269900.0,41.4018990938851,-74.14940475627009,-26.174812315528456,-47.97459244074163,40.58779599722568,43.58272321861138,18245.78759765625,18300.218007812502,17254.036274414066,18149.538014093298,18223.687418849568,25.383349523529382,192.50077470225298,56562200.0,-0.0028154392892826285,-0.0028194100932680756,227.701171875,109.798828125,78.69000244140625,1834.800048828125,82.66649627685547,32930.078125,7633.5,14436.3095703125,3808.10009765625,21052.169921875,14.979999542236328,10305.240234375,25820.80078125
2023-01-06,18008.05078125,18047.400390625,17795.55078125,17859.44921875,238200.0,37.69969727416043,-91.79784277891667,-35.058600270540026,-56.73924250837665,27.263584018505945,37.784047742620174,18213.930078125,18302.6680078125,17257.745522460937,18104.908968655865,18196.706811434782,26.784941192214333,196.73997717887778,56324000.0,-0.007375503705446151,-0.0074028372147649955,251.849609375,148.6015625,78.56999969482422,1864.199951171875,82.64520263671875,33630.609375,7699.5,14610.01953125,3895.080078125,20991.640625,15.029999732971191,10569.2900390625,25973.849609375
2023-01-09,17952.55078125,18141.400390625,17936.150390625,18101.19921875,257200.0,46.99808764444994,-85.29393703849564,-22.843755624095195,-62.45018141440045,30.040966011899606,32.63078200921041,18194.132519531253,18308.9559765625,17261.674018554688,18104.338237901116,18189.632174939612,27.248075264617167,202.82649108574367,56581200.0,0.013536251708490266,0.01344545509952314,205.25,-148.6484375,79.6500015258789,1872.699951171875,82.27339935302734,33517.6484375,7724.89990234375,14792.830078125,3892.090087890625,21388.33984375,14.649999618530273,10635.650390625,25973.849609375
2023-01-10,18121.30078125,18127.599609375,17856.0,17914.150390625,283300.0,41.7997498924426,-94.14754775282563,-25.357893070740147,-68.78965468208548,28.215849228641247,28.5067997530156,18159.4400390625,18306.995,17265.016518554687,18075.078569089408,18169.226116842234,28.007884884896953,207.7388566778334,56297900.0,-0.010333504750958511,-0.010387266093937284,271.599609375,207.150390625,80.0999984741211,1871.5999755859375,82.18009948730469,33704.1015625,7694.5,14774.599609375,3919.25,21331.4609375,15.510000228881836,10742.6298828125,26175.560546875
2023-01-11,17924.25,17976.349609375,17824.349609375,17895.69921875,259900.0,41.31430669245582,-101.48311917142928,-26.15477159147504,-75.32834757995424,32.39854334400262,30.21845286151449,18121.2099609375,18302.0009765625,17268.381264648437,18047.481745960267,18148.964865131697,28.840223636046627,203.7575097722739,56038000.0,-0.0010299775022909463,-0.0010305082936186098,152.0,28.55078125,82.66999816894531,1874.5999755859375,81.63739776611328,33973.01171875,7725.0,14947.91015625,3969.610107421875,21436.05078125,15.4399995803833,10931.669921875,26446.0
2023-01-12,17920.849609375,17945.80078125,17761.650390625,17858.19921875,227800.0,40.290174808390695,-109.06531194473791,-26.989571491826936,-82.07574045291098,23.20006249671479,27.938151689786217,18093.37490234375,18297.50796875,17271.907260742188,18018.361357158687,18127.426669103425,29.860791809666658,202.35700126175433,55810200.0,-0.00209547554088918,-0.0020976741216788596,184.150390625,62.650390625,84.02999877929688,1895.5,81.63179779052734,34189.96875,7794.0,15058.2998046875,3983.169921875,21514.099609375,15.279999732971191,11001.099609375,26449.8203125
2023-01-13,17867.5,17999.349609375,17774.25,17956.599609375,256700.0,44.19901168715376,-105.91326301989102,-19.070018053584022,-86.843244966307,27.539324278057997,27.712643372925136,18077.7548828125,18295.5859765625,17275.58025878906,18008.859549807352,18114.772812827243,30.29521968971124,203.98147326984332,56066900.0,0.005510095918388247,0.0054949708747303715,225.099609375,-89.099609375,85.27999877929688,1918.4000244140625,81.1156005859375,34302.609375,7844.10009765625,15086.51953125,3999.090087890625,21738.66015625,14.460000038146973,11079.16015625,26119.51953125
2023-01-16,18033.150390625,18049.650390625,17853.650390625,17894.849609375,206200.0,42.326440578838394,-107.16264619250796,-16.255520980960767,-90.9071252115472,28.11077542018463,26.28338739831914,18051.474902343754,18291.1399609375,17278.428002929686,17991.319558971605,18098.482205164113,30.229318384843566,203.41136803628308,55860700.0,-0.003438847072569362,-0.0034447734977776498,196.0,138.30078125,85.27999877929688,1918.4000244140625,81.27799987792969,34302.609375,7860.10009765625,15134.0400390625,3999.090087890625,21746.720703125,15.020000457763672,11079.16015625,25822.3203125
2023-01-17,17922.80078125,18072.05078125,17886.94921875,18053.30078125,219100.0,48.37097506838599,-94.28030139250768,-2.698540944768382,-91.5817604477393,41.0245769712577,32.224892223166776,18034.874902343752,18288.149960937502,17281.203256835935,18000.855131629818,18095.135433022326,29.958785605789352,202.10352478369143,56079800.0,0.008854568511824201,0.008815596703469526,185.1015625,-130.5,85.91999816894531,1907.199951171875,81.65260314941406,33910.8515625,7851.0,15187.0703125,3990.969970703125,21577.640625,14.59000015258789,11095.1103515625,26138.6796875
2023-01-18,18074.30078125,18183.75,18032.44921875,18165.349609375,255800.0,52.18714193129692,-74.17450876267685,13.925801348049959,-88.10031011072681,54.8417706382049,41.32570767654907,18033.18740234375,18288.316953125002,17284.70625488281,18026.161974359846,18100.336483122523,28.728042145369177,198.47475738842775,56335600.0,0.006206556323560042,0.00618737497867869,151.30078125,-91.048828125,84.9800033569336,1904.4000244140625,81.52549743652344,33296.9609375,7830.7001953125,15181.7998046875,3928.860107421875,21678.0,14.369999885559082,10957.009765625,26791.119140625
2023-01-19,18119.80078125,18155.19921875,18063.75,18107.849609375,237800.0,50.139026001311045,-62.16370816936251,20.749281553091436,-82.91298972245394,69.5619078423137,55.14275181725876,18032.21240234375,18289.9099609375,17286.893256835938,18038.729302823715,18100.893010993077,27.58520893212187,191.5551039588972,56097800.0,-0.003165367099256078,-0.0031703874707042848,91.44921875,11.951171875,86.16000366210938,1922.0999755859375,81.43599700927734,33044.55859375,7747.2998046875,14920.3603515625,3898.85009765625,21650.98046875,13.960000038146973,10852.26953125,26405.23046875
2023-01-20,18115.599609375,18145.44921875,18016.19921875,18027.650390625,237200.0,47.34790438198442,-58.44277691341267,19.576170247233023,-78.0189471606457,68.34173432281663,64.24847093444507,18043.2548828125,18283.468984375002,17286.764506835938,18037.02485479314,18095.467631706553,26.840835669735288,187.10473939040455,55860600.0,-0.004428975305189153,-0.004438812272184146,129.25,87.94921875,87.62999725341797,1926.4000244140625,81.23979949951172,33375.48828125,7770.60009765625,15033.5595703125,3972.610107421875,22044.650390625,13.789999961853027,11140.4296875,26553.529296875
2023-01-23,18118.44921875,18162.599609375,18063.44921875,18118.55078125,202500.0,50.69793136229359,-47.610189618426375,24.32700603377546,-71.93719565220184,66.3360805600791,68.0799075750698,18048.45244140625,18279.2569921875,17287.570258789063,18049.567305017274,18097.1774946357,25.987616284263552,183.37934505894708,56063100.0,0.005042276095628795,0.005029606393094338,99.150390625,-0.1015625,88.19000244140625,1927.0999755859375,80.97599792480469,33629.55859375,7784.7001953125,15102.9501953125,4019.81005859375,22044.650390625,13.619999885559082,11364.41015625,26906.0390625
2023-01-24,18183.94921875,18201.25,18078.650390625,18118.30078125,216900.0,50.6883792374302,-38.60049655690091,26.669359276240755,-65.26985583314166,69.84304524646976,68.17362004312183,18047.75244140625,18273.555,17289.123510742185,18060.141685976156,18098.742182533057,24.82705014361078,179.03793536723657,55846200.0,-1.3798013043020418e-05,-1.379810823647804e-05,122.599609375,65.6484375,86.12999725341797,1933.9000244140625,81.48799896240234,33733.9609375,7757.39990234375,15093.1103515625,4016.949951171875,22044.650390625,13.65999984741211,11334.26953125,27299.189453125
2023-01-25,18093.349609375,18100.599609375,17846.150390625,17891.94921875,257200.0,42.82154107393848,-49.15826342827495,12.88927392389337,-62.04753735216832,61.63894990235735,65.9393585696354,18036.224902343754,18263.200976562497,17290.385502929683,18034.26592178752,18083.424185215794,25.201516529412668,185.6888250285054,55589000.0,-0.01249297962501228,-0.012571672991636754,254.44921875,201.400390625,86.12000274658203,1941.199951171875,81.60189819335938,33743.83984375,7744.89990234375,15081.6396484375,4016.219970703125,22044.650390625,14.65999984741211,11313.3603515625,27395.009765625
2023-01-27,17877.19921875,17884.75,17493.55078125,17604.349609375,476300.0,35.32069105742556,-79.81222895082465,-14.211753278925059,-65.60047567189959,42.14242652112843,57.874807223318506,18006.892382812504,18248.409960937497,17289.485502929685,17968.124950647132,18047.937179597957,26.89255203722729,200.8823687764693,55112700.0,-0.016074246906178757,-0.016204838949638832,391.19921875,272.849609375,86.66000366210938,1928.5999755859375,81.44509887695312,33978.078125,7765.2001953125,15150.0302734375,4070.56005859375,22688.900390625,17.31999969482422,11621.7099609375,27382.560546875
2023-01-30,17541.94921875,17709.150390625,17405.55078125,17648.94921875,432400.0,37.159000916743615,-99.36152393771772,-27.0088386126545,-72.35268532506322,25.295265717283907,43.025547380256555,17984.0748046875,18235.2359375,17289.355502929688,17919.020991893725,18018.382515831443,28.708957204220958,208.2193145335072,55545100.0,0.0025334426073457816,0.002530238851503625,303.599609375,-107.0,84.9000015258789,1922.9000244140625,81.50800323486328,33717.08984375,7784.89990234375,15126.080078125,4017.77001953125,22069.73046875,17.709999084472656,11393.8095703125,27433.400390625
2023-01-31,17731.44921875,17735.69921875,17537.55078125,17662.150390625,398300.0,37.72321721601946,-112.49251314895446,-32.111862259112996,-80.38065088984146,26.16459080463434,31.20076101434889,17957.30986328125,18225.2799609375,17290.014750976563,17879.50243785238,17991.994951001336,30.16243936425409,207.499966173971,55943400.0,0.0007479862801675896,0.0007477066778470427,198.1484375,69.298828125,84.48999786376953,1929.5,81.57990264892578,34086.0390625,7771.7001953125,15128.26953125,4076.60009765625,21842.330078125,16.8799991607666,11584.5498046875,27327.109375
2023-02-01,17811.599609375,17972.19921875,17353.400390625,17616.30078125,512900.0,36.49754582989522,-125.15587794380917,-35.820181643174166,-89.33569630063501,31.281824295148372,27.580560272355537,17926.49736328125,18212.7219921875,17290.718002929687,17839.00987529817,17964.165753241978,29.69638180617609,236.87845631333022,55430500.0,-0.0025959245256645946,-0.0025992997802722563,618.798828125,195.298828125,82.83999633789062,1927.800048828125,81.76840209960938,34092.9609375,7761.10009765625,15180.740234375,4119.2099609375,22072.1796875,16.780000686645508,11816.3203125,27346.880859375
2023-02-02,17517.099609375,17653.900390625,17445.94921875,17610.400390625,490100.0,36.33393668086774,-134.12172621819627,-35.82882393404901,-98.29290228414726,31.18940020755842,29.545271769113707,17904.869921875,18199.585,17292.901752929687,17803.83918534845,17937.960911566646,29.263614073675086,234.81222171059235,54940400.0,-0.0003349392530399564,-0.00033499535771969267,207.951171875,-93.30078125,82.16999816894531,1916.300048828125,81.71029663085938,34053.94140625,7820.2001953125,15509.1904296875,4179.759765625,21958.359375,15.729999542236328,12200.8203125,27402.05078125
2023-02-03,17721.75,17870.30078125,17584.19921875,17854.05078125,424100.0,46.916167383703325,-120.18130010162349,-17.51071825398097,-102.67058184764252,40.12310555887021,34.19811002052567,17897.96494140625,18186.9840234375,17297.37875488281,17811.564046256382,17931.745346358006,27.50843810368487,238.4757460526929,55364500.0,0.013835596307890219,0.013740758205234283,286.1015625,-132.30078125,79.94000244140625,1862.9000244140625,82.0458984375,33926.01171875,7901.7998046875,15476.4296875,4136.47998046875,21660.470703125,14.399999618530273,12006.9501953125,27509.4609375
2023-02-06,17818.55078125,17823.69921875,17698.349609375,17764.599609375,282500.0,44.0231318378106,-115.02543238092767,-9.88388042662811,-105.14155195429956,45.9534960151179,39.08866726051551,17893.2224609375,18172.021015625,17300.518999023436,17804.338748274633,17919.36418065556,25.878631845836814,232.56327646857198,55082000.0,-0.005010133160870178,-0.005022725956678951,125.349609375,53.951171875,80.98999786376953,1866.199951171875,82.22599792480469,33891.01953125,7836.7001953125,15345.91015625,4111.080078125,21222.16015625,14.6899995803833,11887.4501953125,27693.650390625
2023-02-07,17790.099609375,17811.150390625,17652.55078125,17721.5,354400.0,42.658215873942815,-113.11324921792402,-6.377357810899554,-106.73589140702447,50.32139366058587,45.46599841152466,17874.2375,18155.196015625,17302.16350097656,17791.594325463153,17904.707574681077,24.6120221598872,227.28015739045972,54727600.0,-0.0024261514654264627,-0.0024290993398515346,158.599609375,68.599609375,83.69000244140625,1871.699951171875,82.75499725341797,34156.69140625,7864.7001953125,15320.8798828125,4164.0,21298.69921875,14.130000114440918,12113.7900390625,27685.470703125
2023-02-08,17750.30078125,17898.69921875,17744.150390625,17871.69921875,291000.0,48.63504590163767,-98.34435607918203,6.713228262273944,-105.05758434145598,51.01524460242172,49.09671142604183,17872.11494140625,18140.268984375,17305.662250976562,17803.918155199593,17902.262511278775,22.89945314380781,223.70294748756973,55018600.0,0.008475536424681795,0.00843982073038998,154.548828125,-121.3984375,85.08999633789062,1877.4000244140625,82.74189758300781,33949.01171875,7885.2001953125,15412.0498046875,4117.85986328125,21283.51953125,13.600000381469727,11910.51953125,27606.4609375
2023-02-09,17885.5,17916.900390625,17779.80078125,17893.44921875,260900.0,49.456607932449,-83.91750981858058,16.91205961830032,-100.8295694368809,56.08098613449927,52.47254146583562,17872.00244140625,18122.9709765625,17310.35975097656,17817.69216497658,17901.60967479516,21.328395436537182,217.5169947652433,55279500.0,0.0012170079483646568,0.0012162679944837883,137.099609375,-7.94921875,84.5,1866.199951171875,82.65950012207031,33699.87890625,7911.2001953125,15523.419921875,4081.5,21624.359375,13.039999961853027,11789.580078125,27584.349609375
2023-02-10,17847.55078125,17876.94921875,17801.0,17856.5,232000.0,48.050552246306815,-74.60561626889466,20.97916253438899,-95.58477880328365,61.38853118758624,56.161587308169075,17871.91748046875,18103.850976562502,17313.638247070314,17823.66260113403,17898.268217402925,19.869556136928743,208.58358219272594,55047500.0,-0.0020649578680046465,-0.00206709283308457,75.94921875,-8.94921875,86.38999938964844,1862.800048828125,82.533203125,33869.26953125,7882.5,15307.98046875,4090.4599609375,21190.419921875,12.75,11718.1201171875,27670.98046875
2023-02-13,17859.099609375,17880.69921875,17719.75,17770.900390625,231300.0,44.868064525609356,-73.28822558873071,17.837242571642363,-91.12546816037307,57.42561028705433,58.29837586971328,17862.632519531253,18085.3469921875,17317.300747070312,17815.545337978794,17888.833563567525,18.91500050033395,205.18112766110266,54816200.0,-0.00479375070002519,-0.0048052775756446476,160.94921875,88.19921875,86.61000061035156,1851.9000244140625,82.51300048828125,34245.9296875,7947.60009765625,15397.33984375,4137.2900390625,21164.419921875,13.680000305175781,11891.7900390625,27427.3203125
2023-02-14,17840.349609375,17954.55078125,17800.05078125,17929.849609375,244500.0,51.316068469354775,-58.74117868160465,25.90743158301474,-84.64861026461939,61.909508849244155,60.24121677462824,17864.382519531253,18069.922968749997,17320.724741210935,17833.130610501288,17891.871789182893,17.609440434488164,203.64321787280963,55060700.0,0.0089443537049958,0.008904589905162998,154.5,-89.5,85.58000183105469,1854.0,82.59739685058594,34089.26953125,7953.89990234375,15380.5595703125,4136.1298828125,21113.759765625,13.449999809265137,11960.150390625,27602.76953125
2023-02-15,17896.599609375,18034.099609375,17853.80078125,18015.849609375,229300.0,54.422068150937754,-39.81410570671869,35.86760364632056,-75.68170935303925,74.56971741285638,64.63494551638495,17862.509960937503,18057.384960937503,17325.29123535156,17861.241225712627,17901.055331419346,16.90943122621159,201.9757614622518,55290000.0,0.004796470794436125,0.004785004379327248,180.298828125,-119.25,85.37999725341797,1834.199951171875,82.86759948730469,34128.05078125,7997.7998046875,15506.33984375,4147.60009765625,20812.169921875,12.859999656677246,12070.58984375,27501.859375
2023-02-16,18094.75,18134.75,18000.650390625,18035.849609375,230200.0,55.13887500929053,-22.936038781019306,42.19653645761596,-65.13257523863527,87.26976417969792,74.58299681393281,17856.0349609375,18046.891953125,17330.124985351562,17888.104053968375,17911.040092749394,16.849092017266873,197.12746488459098,55520200.0,0.0011101336008929596,0.00110951785824931,134.099609375,58.900390625,85.13999938964844,1842.0,82.73770141601562,33696.8515625,8012.5,15533.6396484375,4090.409912109375,20987.669921875,12.890000343322754,11855.830078125,27696.439453125
2023-02-17,17974.849609375,18034.25,17884.599609375,17944.19921875,208100.0,51.16758617280769,-16.762244985598954,38.696264202429056,-55.45850918802801,86.75796885094036,82.8658168144982,17847.85244140625,18033.5889453125,17336.45798339844,17896.734079319394,17913.496324304993,15.963497731161306,193.85050310712018,55312100.0,-0.005081567689351307,-0.005094522761127012,149.650390625,30.650390625,83.0,1840.4000244140625,82.69529724121094,33826.69140625,8004.39990234375,15482.0,4079.090087890625,20719.810546875,13.09000015258789,11787.26953125,27513.130859375
2023-02-20,17965.55078125,18004.349609375,17818.400390625,17844.599609375,174600.0,47.18989904097693,-19.679472304167575,28.623229507088354,-48.30270181125593,75.27348596387293,83.10040633150373,17838.699902343753,18020.5489453125,17342.26772949219,17888.71339163564,17908.392863939807,14.937395032648658,193.28612565304016,55137500.0,-0.005550518480140765,-0.005565979846782634,185.94921875,120.951171875,83.0,1840.4000244140625,82.75800323486328,33826.69140625,8014.2998046875,15477.5498046875,4079.090087890625,20886.9609375,13.380000114440918,11787.26953125,27531.939453125
2023-02-21,17905.80078125,17924.900390625,17800.30078125,17826.69921875,198200.0,46.49039776788902,-23.168733161404816,20.10717491988089,-43.275908081285706,64.58510839696483,75.53885440392602,17824.10732421875,18007.139921875,17349.344975585936,17879.172749653233,17902.341482814638,14.102425617986968,188.37994591889444,54939300.0,-0.001003126492992057,-0.0010036299610954843,124.599609375,79.1015625,83.05000305175781,1833.0,82.69750213623047,33129.58984375,7977.7998046875,15397.6201171875,3997.340087890625,20529.490234375,14.010000228881836,11492.2998046875,27473.099609375
2023-02-22,17755.349609375,17772.5,17529.44921875,17554.30078125,204000.0,37.40412537416601,-47.36824328418152,-3.2738681623166457,-44.09437512186487,40.74945697193935,60.20268377759236,17795.90732421875,17986.0659375,17355.607231445312,17829.192446821966,17876.560690106147,14.79713896367046,196.15637835325913,54735300.0,-0.015280363131582653,-0.015398310946496917,243.05078125,201.048828125,80.5999984741211,1832.0,82.86119842529297,33045.08984375,7930.60009765625,15399.8896484375,3991.050048828125,20423.83984375,15.59000015258789,11507.0703125,27104.3203125
2023-02-23,17574.650390625,17620.05078125,17455.400390625,17511.25,240800.0,36.19994509523008,-69.2224147531997,-20.102431705067858,-49.11998304813184,22.53464239495954,42.623069254621235,17776.872363281254,17963.084921875,17361.96323242187,17780.27822423397,17849.50063898717,15.762895474840485,193.9059506583835,54494500.0,-0.002452434977984641,-0.0024554471223785586,164.650390625,63.400390625,82.20999908447266,1818.0,82.83529663085938,33153.91015625,7907.7001953125,15475.6904296875,4012.320068359375,20351.349609375,15.079999923706055,11590.400390625,27104.3203125
2023-02-24,17591.349609375,17599.75,17421.80078125,17465.80078125,209400.0,34.921747367363125,-89.18134814342193,-32.04909207623206,-57.13225606718987,6.166081193677043,23.150060186858646,17769.944921875,17944.102929687502,17368.456738281246,17731.897079159513,17821.078427302935,16.803000643068728,192.76618409349896,54285100.0,-0.002595429723749043,-0.002598803690668268,177.94921875,125.548828125,83.16000366210938,1808.800048828125,82.6178970336914,32816.921875,7878.7001953125,15209.740234375,3970.0400390625,20010.0390625,14.1899995803833,11394.9404296875,27453.48046875
2023-02-27,17428.599609375,17451.599609375,17299.0,17392.69921875,246400.0,32.908997953162796,-109.63384113412758,-42.00126805355016,-67.63257308057742,8.534660557832318,12.411794715489634,17757.132421875,17926.5769140625,17376.380234375,17679.712792942664,17789.34663407679,18.262745182620428,190.91151246182048,54038700.0,-0.004185411445805309,-0.004194194796816341,152.599609375,35.900390625,82.44999694824219,1817.0,82.91799926757812,32889.08984375,7935.10009765625,15381.4296875,3982.239990234375,19943.509765625,13.880000114440918,11466.98046875,27423.9609375
2023-02-28,17383.25,17440.44921875,17255.19921875,17303.94921875,420900.0,30.60287550397621,-131.48825768087045,-51.08454768023442,-80.40371000063602,7.641847615176239,7.447529788895199,17739.222363281253,17904.2469140625,17383.989228515624,17621.90301229764,17753.39126997851,19.782845265552705,190.5071187145476,53617800.0,-0.0051027157362857345,-0.005115779048087727,185.25,79.30078125,83.88999938964844,1828.9000244140625,82.6520004272461,32656.69921875,7876.2998046875,15365.1396484375,3970.14990234375,19785.939453125,14.020000457763672,11455.5400390625,27445.560546875
2023-03-01,17360.099609375,17467.75,17345.25,17450.900390625,272900.0,38.31125385948075,-135.38962151885062,-43.98872921457166,-91.40089230427895,13.00137432854466,9.725960833851072,17730.95234375,17885.55890625,17392.03223144531,17595.594916655697,17730.984538174547,20.954584108866044,188.5995231813656,53890700.0,0.008492348770636093,0.008456491641293511,122.5,-90.80078125,84.30999755859375,1837.699951171875,82.6353988647461,32661.83984375,7914.89990234375,15305.01953125,3951.389892578125,20619.7109375,13.0,11379.48046875,27516.529296875
2023-03-02,17421.5,17445.80078125,17306.0,17321.900390625,310700.0,34.67056316550349,-147.19394222930714,-44.634439940022546,-102.5595022892846,11.79209320572321,10.81177171648137,17716.52734375,17868.014921875,17397.345234374996,17553.488066497128,17700.682008726435,22.20630196017703,185.47815657019666,53580000.0,-0.007392168719804415,-0.007419626196212839,139.80078125,99.599609375,84.75,1833.5,82.4198989868164,33003.5703125,7944.0,15327.6396484375,3981.35009765625,20429.4609375,12.970000267028809,11462.98046875,27498.869140625
2023-03-03,17451.25,17644.75,17427.69921875,17594.349609375,356200.0,46.28138068550156,-133.0310769912976,-24.37725976161039,-108.6538172296872,22.797726111962337,15.863731215410068,17703.54228515625,17857.354921875,17404.115483398436,17559.774457709107,17692.805534700405,21.74752185338847,195.2904031991112,53936200.0,0.015728598629827895,0.015606186138582535,217.05078125,-143.099609375,85.83000183105469,1847.699951171875,82.35569763183594,33390.96875,7947.10009765625,15578.3896484375,4045.639892578125,20567.5390625,12.180000305175781,11689.009765625,27927.470703125
2023-03-06,17680.349609375,17799.94921875,17671.94921875,17711.44921875,362800.0,50.36457625821174,-111.07751200292842,-1.938955818592973,-109.13855618433544,32.67204050363067,22.420619940438737,17700.884765625,17855.447890625,17413.625727539064,17583.10903633078,17694.18654833371,20.32063479776693,196.02677506881759,54299000.0,0.006655523618366965,0.006633473404126094,128.0,-31.099609375,86.18000030517578,1847.9000244140625,81.7125015258789,33431.44140625,7929.7998046875,15653.580078125,4048.419921875,20603.189453125,12.270000457763672,11675.740234375,28237.779296875
2023-03-08,17665.75,17766.5,17602.25,17754.400390625,267000.0,51.811426770708294,-89.18528057183721,15.962620489998585,-105.1479010618358,49.06298344177233,34.84425001912177,17702.52978515625,17850.24390625,17421.066977539063,17609.461552376044,17698.64683294788,19.38363385991486,193.7570054210449,54566000.0,0.0024250512391459367,0.0024221155475668,164.25,-88.650390625,82.66000366210938,1812.699951171875,82.07460021972656,32798.3984375,7929.89990234375,15631.8701171875,3992.010009765625,20051.25,12.449999809265137,11576.0,28444.189453125
2023-03-09,17772.05078125,17772.349609375,17573.599609375,17589.599609375,262400.0,46.2416912834244,-84.16339199395225,16.78760725430685,-100.9509992482591,50.517843601209435,44.08428918220414,17688.4248046875,17839.389882812502,17427.941474609375,17606.40586883742,17690.569260831373,18.671932143920397,194.1136478909703,54303600.0,-0.009282249899975281,-0.009325598438082557,198.75,182.451171875,81.58999633789062,1829.300048828125,81.9645004272461,32254.859375,7880.0,15633.2099609375,3918.320068359375,19925.740234375,12.729999542236328,11338.349609375,28623.150390625
2023-03-10,17443.80078125,17451.5,17324.349609375,17412.900390625,235900.0,41.1356174995254,-93.36540110536225,6.068478514317476,-99.43387961967973,40.243709774184026,46.60817893905526,17664.397363281252,17825.197890625,17434.380224609376,17576.63579526628,17670.001196371642,19.194471053369487,199.19481589875812,54067700.0,-0.010045664635585094,-0.010096462811863625,127.150390625,30.900390625,82.77999877929688,1862.0,82.01840209960938,31909.640625,7748.39990234375,15427.9697265625,3861.590087890625,19319.919921875,13.40999984741211,11138.8896484375,28143.970703125
2023-03-13,17421.900390625,17529.900390625,17113.44921875,17154.30078125,254900.0,35.0378753228529,-120.13998789657853,-16.564886621519037,-103.5751012750595,23.003044664484435,37.92153267995929,17629.287402343754,17804.46390625,17440.022729492186,17511.661177725313,17631.80116562189,20.434924944676297,214.71312703991828,53812800.0,-0.014851035931626178,-0.014962416687813755,416.451171875,267.599609375,80.7699966430664,1911.699951171875,81.95800018310547,31819.140625,7548.60009765625,14959.4697265625,3855.760009765625,19695.970703125,16.219999313354492,11188.83984375,27832.9609375
2023-03-14,17160.55078125,17224.650390625,16987.099609375,17043.30078125,290600.0,32.79096842600227,-148.60281244357975,-36.02216893481619,-112.58064350876356,10.999714986066282,24.74882314157825,17592.907421875003,17783.22390625,17444.388481445312,17439.605732113727,17588.208544557307,21.969183787159462,216.34438805492414,53522200.0,-0.006470680525861194,-0.006491706128142258,237.55078125,117.25,77.44999694824219,1906.199951171875,82.41739654541016,32155.400390625,7637.10009765625,15232.830078125,3919.2900390625,19247.9609375,16.219999313354492,11428.150390625,27222.0390625
2023-03-15,17166.44921875,17211.349609375,16938.900390625,16972.150390625,248200.0,31.400923831710603,-174.88508149814152,-49.84355039150236,-125.04153110663916,5.270015068248279,13.09092490626633,17545.0224609375,17758.717929687504,17447.486982421877,17367.689525730846,17542.574607228988,23.532875758869704,220.35187596171528,53274000.0,-0.004174683738684903,-0.004183422059139645,272.44921875,194.298828125,73.69000244140625,1926.5999755859375,82.30490112304688,31874.5703125,7344.5,14735.259765625,3891.929931640625,19539.869140625,16.299999237060547,11434.0498046875,27229.48046875
2023-03-16,16994.650390625,17062.44921875,16850.150390625,16985.599609375,349800.0,31.987825846432898,-192.41073830444657,-53.89536575824593,-138.51537254620064,8.345498083392584,8.20507604590238,17493.509960937503,17733.77890625,17449.107978515625,17308.9064616761,17501.317199980545,25.234714195676986,219.77665825909278,53623800.0,0.0007924286811309411,0.0007921148752918237,212.298828125,9.05078125,74.69999694824219,1919.0,82.7156982421875,32246.55078125,7410.0,14967.099609375,3960.280029296875,19203.91015625,16.219999313354492,11717.2802734375,27010.609375
2023-03-17,17111.80078125,17145.80078125,16958.150390625,17100.05078125,408100.0,36.93274432761257,-194.81894302243745,-45.04285638098946,-149.776086641448,14.811092620176982,9.475535257272615,17446.72001953125,17714.9209375,17451.685478515625,17276.774818533624,17471.59376155606,26.19102830449296,217.4819248566576,54031900.0,0.006738129621978839,0.0067155298897271865,187.650390625,11.75,72.97000122070312,1969.800048828125,82.622802734375,31861.98046875,7335.39990234375,14768.2001953125,3916.639892578125,19518.58984375,14.770000457763672,11630.509765625,27333.7890625
2023-03-20,17066.599609375,17066.599609375,16828.349609375,16988.400390625,241800.0,34.3118960383635,-203.39213807331907,-42.892841145496845,-160.49929692782223,19.01487453058394,14.057155078051167,17398.930078125002,17694.8459375,17454.013730468752,17232.409521932295,17435.801660005614,27.475471992243648,221.35472821511064,53790100.0,-0.0065292432199922645,-0.006550651968001941,238.25,78.19921875,73.79000091552734,1979.199951171875,82.53299713134766,32244.580078125,7403.89990234375,14933.3798828125,3951.570068359375,19000.7109375,16.010000228881836,11675.5400390625,26945.669921875
2023-03-21,17060.400390625,17127.69921875,17016.0,17107.5,246700.0,39.263172532077824,-198.29034611946554,-30.23283935331463,-168.0575067661509,23.838267405885475,19.221411518882128,17362.075097656252,17679.806953125,17456.41123046875,17213.19267240425,17411.483018523715,28.21679692499328,215.49359249438845,54036800.0,0.007010642946744028,0.006986182644570191,111.69921875,-47.099609375,75.31999969482422,1938.0,82.52909851074219,32560.599609375,7536.2001953125,15195.33984375,4002.8701171875,19258.759765625,15.079999923706055,11860.1103515625,26945.669921875
2023-03-22,17177.44921875,17207.25,17107.849609375,17151.900390625,0.0,41.047178031927636,-188.49158512434224,-16.34726268655305,-172.14432243778919,26.168253732133365,23.007131889534257,17328.335156250003,17660.8209765625,17459.249228515626,17203.76309059206,17392.254675716402,28.335060222964607,207.22619303050357,54036800.0,0.0025953757489405316,0.002592013577443892,99.400390625,25.548828125,76.69000244140625,1946.800048828125,82.677001953125,32030.109375,7566.7998046875,15216.1904296875,3936.969970703125,19591.4296875,14.8100004196167,11669.9599609375,27466.609375
2023-03-23,17097.400390625,17205.400390625,17045.30078125,17076.900390625,219200.0,38.9651817580898,-184.64934690737573,-10.004019575669219,-174.6453273317065,29.204483853610718,26.403668330543184,17304.46513671875,17644.0759765625,17461.7859765625,17184.24575213559,17368.895099042966,28.678975771532063,203.8600084836819,53817600.0,-0.004372693304643627,-0.0043822814890137705,160.099609375,20.5,75.91000366210938,1993.800048828125,82.52580261230469,32105.25,7499.60009765625,15210.3896484375,3948.719970703125,20049.640625,14.489999771118164,11787.400390625,27419.609375
2023-03-24,17076.19921875,17109.44921875,16917.349609375,16945.05078125,228000.0,35.55125753032546,-190.0526978053931,-12.325896378949267,-177.72680142644384,23.631227230116785,26.33465493862029,17276.15517578125,17625.0630078125,17464.429482421874,17147.4465258455,17337.49922365089,29.444050112484568,203.01997997591891,53589600.0,-0.007720933328590696,-0.007750894050448838,192.099609375,131.1484375,74.98999786376953,1982.0999755859375,82.26529693603516,32237.529296875,7405.5,14957.23046875,3970.989990234375,19915.6796875,15.239999771118164,11823.9599609375,27385.25
2023-03-27,16984.30078125,17091.0,16918.55078125,16985.69921875,218400.0,37.37300606848303,-188.87763927472042,-8.92067027862123,-179.9569689960992,18.087079223767596,23.640930102498366,17252.150097656253,17607.6130078125,17467.576728515625,17122.562324753882,17311.439964028603,30.15447628622618,200.83635417406757,53808000.0,0.0023988383407489433,0.002395965721106003,172.44921875,-1.3984375,78.12000274658203,1952.4000244140625,82.33879852294922,32432.080078125,7471.7998046875,15127.6796875,3977.530029296875,19567.689453125,15.449999809265137,11768.83984375,27476.869140625
2023-03-28,17031.75,17061.75,16913.75,16951.69921875,238800.0,36.44503987292122,-188.51680835439765,-6.847871486638752,-181.6689368677589,13.91544261980034,18.54458302456157,17230.10009765625,17587.515,17469.9447265625,17096.275693060976,17284.792501415373,30.8316717069755,197.0623288759199,53569200.0,-0.002001683861354908,-0.0020036899079230227,148.0,80.05078125,78.6500015258789,1972.4000244140625,82.21489715576172,32394.25,7484.2998046875,15142.01953125,3971.27001953125,19784.650390625,15.100000381469727,11716.080078125,27518.25
2023-03-29,16977.30078125,17126.150390625,16940.599609375,17080.69921875,345900.0,42.29903892680301,-175.79516807945038,4.6990150306468195,-180.4941831100972,21.90178078662316,17.968100876730364,17218.93759765625,17571.231992187502,17474.339223632815,17093.87931239775,17269.6744804772,30.9097778418175,196.24007547406848,53915100.0,0.007609856589321451,0.0075810476927372725,185.55078125,-103.3984375,78.27999877929688,1966.0999755859375,82.16429901123047,32717.599609375,7564.2998046875,15328.7802734375,4027.81005859375,20192.400390625,13.630000114440918,11926.240234375,27883.779296875
2023-03-31,17210.349609375,17381.599609375,17204.650390625,17359.75,263900.0,52.49292363456099,-141.56424607680674,31.143949626632377,-172.70819570343912,41.59449468356985,25.80390602999778,17214.380078125003,17557.3609765625,17482.26597167969,17134.782495105785,17276.34674118259,29.183881909714422,203.7158122705636,54179000.0,0.016337198944623932,0.016205182818433635,176.94921875,-149.400390625,79.7699966430664,1969.0,82.10050201416016,33274.1484375,7631.7001953125,15628.83984375,4109.31005859375,20400.109375,12.9399995803833,12221.91015625,28041.48046875
2023-04-03,17427.94921875,17428.05078125,17312.75,17398.05078125,230200.0,53.701930118501075,-110.07654690291747,50.10531904041733,-160.1818659433348,68.90476555569815,44.13368034196371,17218.18759765625,17542.015,17490.59572753906,17175.28530835874,17285.361855261657,27.306561947168404,197.40045291195193,54409200.0,0.002206297973761151,0.002203867672376198,115.30078125,29.8984375,84.93000030517578,1983.9000244140625,82.18479919433594,33601.1484375,7673.0,15580.919921875,4124.509765625,20409.1796875,12.59000015258789,12189.4501953125,28188.150390625
2023-04-05,17422.30078125,17570.55078125,17402.69921875,17557.05078125,248300.0,58.431374916818044,-71.46850285610344,70.9706904697851,-142.43919332588854,89.64170905903447,66.7136564327675,17216.32265625,17530.9990234375,17499.920229492185,17234.01845803432,17305.486960890423,25.93064041549922,195.62184913252682,54657500.0,0.009138954817361267,0.00909744726853034,167.8515625,-134.75,84.98999786376953,2020.9000244140625,82.11479949951172,33482.71875,7662.89990234375,15520.169921875,4090.3798828125,20409.1796875,12.40999984741211,11996.8603515625,27813.259765625
2023-04-06,17533.849609375,17638.69921875,17502.849609375,17599.150390625,242700.0,59.60792143345432,-37.04720602762245,84.31358983861287,-121.36079586623532,96.09937659280521,84.8819504025126,17210.70771484375,17522.4290234375,17511.112983398438,17290.192601509807,17327.23980753743,24.99412466961365,191.35240343556063,54900200.0,0.002397874785437182,0.002395004471214228,135.849609375,-65.30078125,85.12000274658203,2011.9000244140625,81.94999694824219,33485.2890625,7741.60009765625,15597.8896484375,4105.02001953125,20331.19921875,11.800000190734863,12087.9599609375,27472.630859375
2023-04-10,17634.900390625,17694.099609375,17597.94921875,17624.05078125,254800.0,60.323228549301675,-7.670407197299937,90.9523109351483,-98.62271813244824,95.06983541740608,93.60364035641524,17204.190234375,17512.5390234375,17522.765737304686,17341.555398392913,17349.225805590213,24.395324632515266,184.55225966337773,55155000.0,0.0014148632219350699,0.0014138632460749291,96.150390625,10.849609375,84.18000030517578,1989.0999755859375,81.88480377197266,33586.51953125,7741.60009765625,15597.8896484375,4109.10986328125,20331.19921875,12.270000457763672,12084.3603515625,27633.66015625
2023-04-11,17704.80078125,17748.75,17655.150390625,17722.30078125,304300.0,63.099962276455926,23.27062216773993,97.51467224015053,-74.2440500724106,94.71825189075608,95.29582130032244,17210.82529296875,17504.619023437503,17534.62648925781,17400.131611140157,17376.860988972418,24.10233655093626,180.27704245527931,55459300.0,0.005574768321964241,0.005559286811614234,93.599609375,-17.5,85.61000061035156,2004.800048828125,81.98390197753906,33684.7890625,7785.7001953125,15655.169921875,4108.93994140625,20485.240234375,11.979999542236328,12031.8798828125,27923.369140625
2023-04-12,17759.55078125,17825.75,17717.25,17812.400390625,232800.0,65.48543957848243,54.434410342142655,102.94276833164261,-48.50835798949995,95.85714919956933,95.2150788359105,17230.80029296875,17503.028046875,17545.4944921875,17463.55757721475,17409.123166872607,24.1878139667232,175.1501108513308,55692100.0,0.005083967961446945,0.005071088231309614,108.5,-52.849609375,87.33000183105469,2010.9000244140625,82.07009887695312,33646.5,7824.7998046875,15703.599609375,4091.949951171875,20309.859375,12.270000457763672,11929.33984375,28082.69921875
2023-04-13,17807.30078125,17842.150390625,17729.650390625,17828.0,285800.0,65.89651614824515,79.47456182103633,102.38633584842903,-22.911774027392696,98.04613121171172,96.20717743401238,17264.485253906252,17507.501054687502,17557.567993164062,17519.625642258634,17440.151080437598,24.342954815829458,170.67510293337858,55977900.0,0.0008757724412713497,0.0008753891763391581,112.5,-20.69921875,86.08999633789062,2041.300048828125,81.96060180664062,34029.69140625,7843.39990234375,15729.4599609375,4146.22021484375,20344.48046875,11.90999984741211,12166.26953125,28156.970703125
2023-04-17,17863.0,17863.0,17574.05078125,17706.849609375,357400.0,59.927005478606375,88.5228024817552,89.14766120731832,-0.6248587255631151,93.52072937135647,95.80800326087916,17297.6626953125,17508.659062500003,17568.318989257816,17548.429329507308,17459.906527025552,23.343414604324835,179.12325406313724,55620500.0,-0.006795512150830185,-0.00681870678285114,288.94921875,156.150390625,84.76000213623047,1994.199951171875,81.84480285644531,33987.1796875,7879.5,15789.5302734375,4151.31982421875,20782.44921875,12.270000457763672,12157.7197265625,28514.779296875
2023-04-18,17766.599609375,17766.599609375,17610.19921875,17660.150390625,258900.0,57.755123244787164,90.87777925317641,73.20211038299162,17.675668870184793,86.88549999471789,92.81745352592868,17332.062695312503,17508.6190625,17578.123491210936,17565.617185063875,17474.7394058107,22.4152701222134,177.50019238898457,55361600.0,-0.0026373533282438855,-0.0026408372714739102,156.400390625,106.44921875,84.7699966430664,2007.4000244140625,82.00370025634766,33976.62890625,7909.39990234375,15882.669921875,4154.8701171875,20650.509765625,12.079999923706055,12153.41015625,28658.830078125
2023-04-19,17653.349609375,17666.150390625,17579.849609375,17618.75,281500.0,55.82355226485185,88.3846070526888,56.567150546003205,31.8174565066856,78.81660960407339,86.40761299004924,17363.72021484375,17508.668046875,17587.0569921875,17573.791464284815,17485.406857232127,21.333799441551218,170.98594873619996,55080100.0,-0.002344283016240789,-0.0023470351496987078,86.30078125,34.599609375,83.12000274658203,1995.199951171875,82.10790252685547,33897.01171875,7898.7998046875,15895.2001953125,4154.52001953125,20367.759765625,12.149999618530273,12157.23046875,28606.759765625
2023-04-20,17638.599609375,17684.44921875,17584.349609375,17624.44921875,215100.0,56.041503112230096,85.8786735531321,43.2489736371572,42.6296999159749,75.92308346501623,80.54173102126917,17389.940136718753,17508.949023437497,17595.928237304688,17581.584964971767,17495.706291418635,20.447275587283503,165.92263878182854,55295200.0,0.0003234746363958152,0.00032342232975522987,100.099609375,14.150390625,81.0999984741211,2007.5999755859375,82.34010314941406,33786.62109375,7902.60009765625,15795.9697265625,4129.7900390625,20396.970703125,11.9399995803833,12059.5595703125,28657.5703125
2023-04-21,17639.75,17663.19921875,17553.94921875,17624.05078125,230200.0,56.02069437041584,82.9048768107059,32.220141515784796,50.684735294921104,74.41118665650765,76.38362657519909,17421.72265625,17504.3490234375,17605.052993164063,17588.11816747611,17505.213290665404,19.384335555335202,161.87459315455507,55065000.0,-2.260708945023282e-05,-2.260734499433094e-05,109.25,15.69921875,81.66000366210938,1979.5,82.14089965820312,33808.9609375,7914.10009765625,15881.66015625,4133.52001953125,20075.73046875,11.630000114440918,12072.4599609375,28564.369140625
2023-04-24,17707.55078125,17754.5,17612.5,17743.400390625,255700.0,60.72502118324635,89.15096071694643,30.772980337620254,58.377980379326175,76.9326066561739,75.75562559256593,17453.51767578125,17503.925039062502,17614.868745117186,17612.007740268247,17522.8567795513,19.008642364248537,160.45497935780114,55320700.0,0.006771973756565242,0.006749146939408538,142.0,-35.849609375,82.7300033569336,1989.0999755859375,82.05480194091797,33875.3984375,7912.2001953125,15863.9501953125,4137.0400390625,19959.939453125,11.670000076293945,12037.2001953125,28593.51953125
2023-04-25,17761.55078125,17807.44921875,17716.849609375,17769.25,297400.0,61.68107018897524,95.09072793588712,29.370198045248742,65.72052989063837,79.63018607235455,76.9913264616787,17484.385156250002,17504.880039062504,17624.95474609375,17636.198857150055,17541.108129214168,18.98838551970223,155.46531007331535,55618100.0,0.0014568576938982503,0.0014557975062981768,90.599609375,-7.69921875,80.7699966430664,1994.0,81.85230255126953,33530.828125,7891.10009765625,15872.1298828125,4071.6298828125,19617.880859375,11.520000457763672,11799.16015625,28620.0703125
2023-04-26,17767.30078125,17827.75,17711.19921875,17813.599609375,233000.0,63.33033951330277,102.19859726912182,29.182453902786747,73.01614336633507,84.68783728791524,80.4168766721479,17521.220117187502,17503.718046875,17634.84599609375,17663.491280569277,17561.292683300155,19.095205647289745,152.68570087164997,55851100.0,0.0024958627615121465,0.002492753268886545,116.55078125,-46.298828125,77.69000244140625,1985.699951171875,81.9916000366211,33301.87109375,7852.60009765625,15795.73046875,4055.989990234375,19757.26953125,11.649999618530273,11854.349609375,28416.470703125
2023-04-27,17813.099609375,17931.599609375,17797.900390625,17915.05078125,241400.0,66.84570115918919,114.69575536046978,33.34368959530775,81.35206576516202,89.45676900542483,84.59159745523154,17569.720117187502,17504.150078125,17645.367001953127,17702.192742212465,17587.496986851995,19.7993941307813,151.32952357724642,56092500.0,0.005695152810193838,0.005678996739265909,133.69921875,-101.951171875,78.37000274658203,1989.9000244140625,81.76689910888672,33826.16015625,7831.60009765625,15800.4501953125,4135.35009765625,19840.279296875,11.430000305175781,12142.240234375,28457.6796875
2023-04-28,17950.400390625,18089.150390625,17885.30078125,18065.0,290300.0,71.23503658222118,135.14166299203134,43.03167778149546,92.10998521053588,93.6318740676943,89.25882678701146,17623.68515625,17508.320078125,17655.74300292969,17758.009243410546,17622.867580418515,21.20553004031352,155.08095827708598,56382800.0,0.008370013603697934,0.008335179280697748,203.849609375,-114.599609375,79.54000091552734,1990.0999755859375,81.76509857177734,34098.16015625,7870.60009765625,15922.3798828125,4169.47998046875,19894.5703125,10.949999809265137,12226.580078125,28856.439453125
2023-05-02,18124.80078125,18180.25,18101.75,18147.650390625,265200.0,73.33085387580213,156.21365411514125,51.2829351236843,104.93071899145696,95.47423856437032,92.85429387916315,17683.48271484375,17515.855078125,17665.816752929688,17817.95403528969,17661.74038117455,22.876500201358056,152.23588982872272,56648000.0,0.004575166931912511,0.004564732669242972,78.5,-22.849609375,75.31999969482422,2014.300048828125,81.77469635009766,33684.53125,7773.0,15726.9404296875,4119.580078125,19933.810546875,11.899999618530273,12080.509765625,29157.94921875
2023-05-03,18113.80078125,18116.349609375,18042.400390625,18089.849609375,226200.0,69.51625028616402,166.3319477544428,49.12098301038867,117.21096474405414,91.94949299539365,93.68520187581942,17733.940234375,17519.055078125002,17675.163002929687,17859.78412361051,17693.452175856066,23.850027921900434,148.87975484095682,56421800.0,-0.00318502836487633,-0.003190111363585117,73.94921875,23.951171875,72.33000183105469,2028.5999755859375,81.77870178222656,33414.23828125,7788.39990234375,15815.0595703125,4090.75,19699.16015625,11.84000015258789,12025.330078125,29157.94921875
2023-05-04,18081.0,18267.44921875,18066.69921875,18255.80078125,226600.0,73.73992054312517,185.60213513988492,54.71293631666464,130.88919882322028,92.9094322821125,93.44438794729216,17778.7427734375,17523.8541015625,17685.362006835938,17920.709763247352,17735.107628107467,25.357396936419285,152.58477235231706,56648400.0,0.009173717607303677,0.009131894646700034,200.75,-174.80078125,72.5,2048.0,81.77999877929688,33127.73828125,7702.60009765625,15734.240234375,4061.219970703125,19948.73046875,11.729999542236328,11966.400390625,29157.94921875
2023-05-05,18117.30078125,18216.94921875,18055.44921875,18069.0,239700.0,63.135680877586935,183.6832494288792,42.23524048452714,141.44800894435207,85.37330525461634,90.07741017737416,17812.290234375003,17524.517109375,17695.4155078125,17943.523645824684,17759.840396395804,26.647814360119288,155.99668593429442,56408700.0,-0.010232406865540389,-0.010285117822267788,161.5,48.30078125,75.30000305175781,2017.4000244140625,81.71610260009766,33674.37890625,7778.39990234375,15961.01953125,4136.25,20049.310546875,12.300000190734863,12235.41015625,29157.94921875
2023-05-08,18120.599609375,18286.94921875,18100.30078125,18264.400390625,228400.0,68.2750441687555,195.67408808773325,43.38086331470495,152.2932247730283,89.15923298903863,89.14732350858915,17847.657714843754,17530.921132812502,17706.904257812497,17992.889298870887,17797.215210783153,28.112998189955768,160.42186684970198,56637100.0,0.010814123118324304,0.010756068652657526,186.6484375,-143.80078125,77.01000213623047,2026.300048828125,81.72979736328125,33618.69140625,7778.39990234375,15952.830078125,4138.1201171875,20297.029296875,12.640000343322754,12256.919921875,28949.880859375
2023-05-09,18303.400390625,18344.19921875,18229.650390625,18265.94921875,245400.0,68.31275360885398,202.96226890349863,40.53523530437627,162.42703359912235,86.4027820942829,86.97844011264596,17880.99765625,17539.348125000004,17718.54075195312,18034.898517313828,17831.93624841033,29.68103497448454,157.145221226509,56882500.0,8.480038171931881e-05,8.479678637020549e-05,114.548828125,37.451171875,77.44000244140625,2036.199951171875,81.78710174560547,33561.80859375,7764.10009765625,15955.48046875,4119.169921875,19867.580078125,12.680000305175781,12179.5498046875,29242.8203125
2023-05-10,18313.599609375,18326.75,18211.94921875,18315.099609375,220500.0,69.54969503691608,210.28025063062523,38.282573625202275,171.99767700542296,94.44650072614144,90.00283860315432,17915.55009765625,17549.1161328125,17729.870249023435,18078.006377630933,17867.726127000307,30.944365193319076,154.12061837104406,57103000.0,0.0026908205008338015,0.0026872067245805376,114.80078125,-1.5,76.41000366210938,2030.5,82.1050033569336,33531.328125,7741.2998046875,15896.23046875,4137.64013671875,19762.19921875,13.079999923706055,12306.4404296875,29122.1796875
2023-05-11,18357.80078125,18389.69921875,18270.400390625,18297.0,248900.0,68.48942841918696,212.17351248229897,32.1406683815008,180.03284410079817,91.77466682136671,90.874649880597,17944.28505859375,17563.9701171875,17739.962749023434,18111.69770414925,17899.52419166695,32.359626343659095,151.63334763918377,56854100.0,-0.0009882342854272697,-0.0009887229108728535,119.298828125,60.80078125,74.9800033569336,2014.699951171875,81.9198989868164,33309.51171875,7730.60009765625,15834.91015625,4130.6201171875,19743.7890625,13.220000267028809,12328.509765625,29126.720703125
2023-05-12,18273.75,18342.75,18194.55078125,18314.80078125,241700.0,68.9901247645293,212.65891087056298,26.100853415811827,186.55805745475115,91.86298751858442,92.69471835536419,17969.405078125,17580.041132812497,17749.83400390625,18142.94433139552,17930.285420524957,32.843125280257134,151.3880527185278,57095800.0,0.0009728797753729701,0.0009724068345624825,148.19921875,-41.05078125,74.16999816894531,2014.5,82.10030364990234,33300.62109375,7754.60009765625,15913.8203125,4124.080078125,19627.240234375,12.850000381469727,12284.740234375,29388.30078125
2023-05-15,18339.30078125,18458.900390625,18287.900390625,18398.849609375,216100.0,71.30832687774924,217.3204952033011,24.609950198839954,192.71054500446115,90.41330141513772,91.35031858502961,17997.947558593754,17598.702109375,17759.224003906253,18182.314374161593,17964.993878958292,33.78278025781018,152.78890609577584,57311900.0,0.004589120522186851,0.004578622613795238,171.0,-59.548828125,75.2300033569336,2018.0,82.20030212402344,33348.6015625,7777.7001953125,15917.240234375,4136.27978515625,19971.130859375,13.170000076293945,12365.2099609375,29626.33984375
2023-05-16,18432.349609375,18432.349609375,18264.349609375,18286.5,219500.0,64.38002205151983,209.53378479928506,13.458591835859124,196.07519296342593,86.42475079678414,89.56701324350209,18026.930078125002,17616.578125,17767.63025390625,18198.342931982887,17988.8091471836,34.40450980159533,153.87541280322043,57092400.0,-0.006106338807060685,-0.0061250587396132535,168.0,145.849609375,74.91000366210938,1988.4000244140625,82.2667007446289,33012.140625,7751.10009765625,15897.9296875,4109.89990234375,19978.25,13.289999961853027,12343.0498046875,29842.990234375
2023-05-17,18300.44921875,18309.0,18115.349609375,18181.75,229900.0,58.65762049448665,192.68911100925106,-2.708865563339913,195.39797657259098,75.66075511966173,84.16626911052786,18053.01005859375,17634.134140625,17774.9417578125,18195.79017321629,18003.10106220704,33.548881728238776,156.71648264763328,56862500.0,-0.005728269488420423,-0.005744738948538704,193.650390625,118.69921875,76.95999908447266,1980.699951171875,82.2959976196289,33420.76953125,7723.2001953125,15951.2998046875,4158.77001953125,19560.5703125,13.109999656677246,12500.5703125,30093.58984375
2023-05-18,18287.5,18297.19921875,18104.849609375,18129.94921875,272100.0,56.00648171699373,173.16357365512522,-17.787522333972618,190.95109598909784,59.22169450547591,73.76906680730725,18078.57001953125,17647.715117187498,17782.436503906247,18185.66079560609,18012.497221950965,32.661921438653145,159.26170598530234,56590400.0,-0.002849053652701161,-0.0028531199312594804,192.349609375,157.55078125,75.86000061035156,1956.5,82.45030212402344,33535.91015625,7742.2998046875,16163.3603515625,4198.0498046875,19727.25,12.800000190734863,12688.83984375,30573.9296875
2023-05-19,18186.150390625,18218.099609375,18060.400390625,18203.400390625,260900.0,58.84674937470605,161.75176666223706,-23.359463461488616,185.11123012372568,46.459312586590855,60.447254070576165,18107.517578125,17665.3451171875,17791.0342578125,18188.38996407054,18026.6381974083,31.440482310875012,159.15009975420932,56851300.0,0.0040513721791914925,0.004043187469679982,157.69921875,-17.25,75.58000183105469,1978.699951171875,82.72509765625,33426.62890625,7756.89990234375,16275.3798828125,4191.97998046875,19450.5703125,12.300000190734863,12657.900390625,30808.349609375
2023-05-22,18201.099609375,18335.25,18178.849609375,18314.400390625,262600.0,62.759604685499056,159.82226811610235,-20.23116960609866,180.053437722201,48.87100497250891,51.517337354858554,18142.035058593752,17679.7461328125,17799.397255859374,18207.776183540456,18047.953915424354,31.002552814615992,158.9536919592658,57113900.0,0.006097761825706316,0.0060792457091855085,156.400390625,-113.30078125,75.98999786376953,1974.800048828125,82.90480041503906,33286.578125,7771.0,16223.990234375,4192.6298828125,19678.169921875,12.569999694824219,12720.7802734375,31086.8203125
2023-05-23,18362.900390625,18419.75,18324.19921875,18348.0,270400.0,63.87915465490701,159.16952706154188,-16.707128528527306,175.8766555900692,58.82455031226547,51.38495595712175,18172.265039062502,17692.4771484375,17806.4892578125,18229.349078380386,18070.179551318844,31.03494181288321,155.1248289175325,57384300.0,0.001834600568861644,0.0018329197446846867,95.55078125,14.900390625,76.83999633789062,1972.4000244140625,82.82499694824219,33055.51171875,7763.0,16152.8603515625,4145.580078125,19431.25,12.609999656677246,12560.25,30957.76953125
2023-05-24,18294.80078125,18392.599609375,18262.94921875,18285.400390625,232600.0,60.24524557434696,151.8505214753568,-19.22090729176992,171.07142876712672,64.93807464554416,57.54454331010618,18198.07255859375,17703.097148437497,17812.125009765623,18237.97235718725,18086.121835711892,30.49824097637558,153.30522618235162,57151700.0,-0.0034117947119577385,-0.003417628155656871,129.650390625,9.400390625,78.36000061035156,1962.800048828125,82.8906021118164,32799.921875,7627.10009765625,15842.1298828125,4115.240234375,19115.9296875,13.109999656677246,12484.16015625,30682.6796875
2023-05-25,18268.900390625,18338.099609375,18202.400390625,18321.150390625,235900.0,61.589118717395465,147.23761941808698,-19.067047479231803,166.30466689731878,64.98032492081111,62.91431662620691,18223.45009765625,17717.7281640625,17817.030507812502,18250.768977716136,18103.53135829805,29.46714368578492,152.04765422289793,57387600.0,0.001955111686716471,0.0019532029433287895,135.69921875,-52.25,76.26000213623047,1943.0999755859375,82.71369934082031,32764.650390625,7570.89990234375,15793.7998046875,4151.27978515625,18746.919921875,12.520000457763672,12698.08984375,30801.130859375
2023-05-26,18368.349609375,18508.55078125,18333.150390625,18499.349609375,198700.0,67.48866296704607,156.1609230693066,-8.114995062409776,164.27591813171637,73.45858822613704,67.7923292641641,18252.6650390625,17739.457148437497,17822.800009765626,18289.0121518175,18132.851228748194,29.437373333033616,154.57284968019096,57586300.0,0.009726420827874671,0.009679423693686186,175.400390625,-131.0,76.94999694824219,1944.0999755859375,82.74210357666016,33093.33984375,7627.2001953125,15983.9697265625,4205.4501953125,18746.919921875,11.899999618530273,12975.6904296875,30916.310546875
2023-05-29,18619.150390625,18641.19921875,18581.25,18598.650390625,265300.0,70.23238311230047,169.29393357303343,4.014412353053643,165.27952121997978,85.35127151766815,74.59672822153877,18279.34755859375,17768.344140625,17828.852509765624,18336.64880394173,18167.354870368697,29.991465699026577,153.66404680124876,57851600.0,0.005367798508963517,0.005353443226476252,59.94921875,20.5,76.94999694824219,1944.0999755859375,82.57479858398438,33093.33984375,7627.2001953125,15952.73046875,4205.4501953125,18551.109375,12.300000190734863,12975.6904296875,31233.5390625
2023-05-30,18606.650390625,18662.44921875,18575.5,18633.849609375,234400.0,71.16144266864211,180.4619685566031,12.145957869298627,168.31601068730447,95.29018696797209,84.70001557059243,18303.657519531254,17800.1551171875,17835.111757812498,18382.37200477762,18201.910036221016,30.59309592805967,148.89870194044528,58086000.0,0.0018925684396833287,0.0018907797884415813,86.94921875,-27.19921875,73.54000091552734,1958.0,82.57969665527344,33042.78125,7522.10009765625,15908.91015625,4205.52001953125,18595.779296875,12.010000228881836,13017.4296875,31328.16015625
2023-05-31,18594.19921875,18603.900390625,18483.849609375,18534.400390625,696500.0,64.98983959014198,179.2220358536215,8.724820133053612,170.49721572056788,88.88495344720796,89.8421373109494,18325.885058593754,17831.4001171875,17840.796259765622,18405.760987215675,18226.538951362054,30.333783051233414,148.97736608755633,57389500.0,-0.0053370195013254795,-0.005351312266430236,120.05078125,59.798828125,72.66000366210938,1963.9000244140625,82.68389892578125,32908.26953125,7446.10009765625,15664.01953125,4179.830078125,18234.26953125,11.970000267028809,12935.2900390625,30887.880859375
2023-06-01,18579.400390625,18580.30078125,18464.55078125,18487.75,265600.0,62.2620236233113,172.48676356235592,1.5916382734304193,170.8951252889255,81.65444170135183,88.60986070551063,18337.48251953125,17861.443124999998,17845.609511718747,18418.374681490186,18245.88791792783,29.925983009003858,146.60398279558802,57123900.0,-0.0025169624936233204,-0.0025201353688439534,115.75,91.650390625,74.27999877929688,1978.0,82.66680145263672,33061.5703125,7490.2998046875,15853.66015625,4221.02001953125,18216.91015625,11.600000381469727,13100.98046875,31148.009765625
2023-06-02,18550.849609375,18573.69921875,18478.400390625,18534.099609375,270900.0,63.884000710901276,168.94158444029017,-1.5628326789082791,170.50441711919845,76.13163384147231,82.22367633001069,18360.737500000003,17890.1241015625,17850.606259765624,18436.17851654939,18267.2369321091,29.54731154121927,142.93932889054602,57394800.0,0.002507044360454902,0.002503906967370625,95.298828125,16.75,76.12999725341797,1952.4000244140625,82.27670288085938,33762.76171875,7607.2998046875,16051.23046875,4282.3701171875,18949.939453125,11.130000114440918,13240.76953125,31524.220703125
2023-06-05,18612.0,18640.150390625,18582.80078125,18593.849609375,256100.0,65.91763274004524,169.00514399490567,-1.1994184994342163,170.20456249433988,79.42312870439157,79.0697347490719,18377.2099609375,17922.2330859375,17855.2805078125,18460.43560775333,18291.430463758425,29.56451007269578,140.30443263050702,57650900.0,0.003223787573137793,0.0032186023111129003,57.349609375,18.150390625,76.70999908447266,1958.0,82.40979766845703,33562.859375,7600.0,15963.8896484375,4273.7900390625,19108.5,11.140000343322754,13229.4296875,32217.4296875
2023-06-06,18600.80078125,18622.75,18531.599609375,18599.0,220800.0,66.09485784801419,167.53981419160118,-2.1317986421909723,169.67161283379215,85.58265125488376,80.37913793358254,18393.862500000003,17952.0630859375,17859.784755859375,18481.753206560512,18314.21339236891,29.0818558431167,136.79342963011368,57871700.0,0.00027699431442118616,0.00027695595857881204,91.150390625,1.80078125,76.29000091552734,1965.5,82.51119995117188,33573.28125,7628.10009765625,15992.4404296875,4283.85009765625,19099.279296875,11.380000114440918,13276.419921875,32506.779296875
2023-06-07,18665.599609375,18738.94921875,18636.0,18726.400390625,260100.0,70.21997118677245,174.64547226802097,3.9790875473830454,170.66638472063792,92.07246504567712,85.69274833498415,18414.4275390625,17983.5530859375,17864.2905078125,18519.391234878123,18344.745762610102,29.274274844191197,137.018843138677,58131800.0,0.006849851638528914,0.006826497990157328,102.94921875,-60.80078125,76.94999694824219,1942.699951171875,82.51719665527344,33665.01953125,7624.2998046875,15960.5595703125,4267.52001953125,19252.0,11.4399995803833,13104.900390625,31913.740234375
2023-06-08,18725.349609375,18777.900390625,18615.599609375,18634.55078125,286500.0,64.1592942918283,170.895287138228,0.18312193407206223,170.71216520415595,87.89409872588809,88.51640500881632,18431.305078125,18014.70609375,17867.74201171875,18537.108088166104,18366.212801027876,29.649108240982244,138.82469586091437,57845300.0,-0.0049048192636628185,-0.004916887367083021,162.30078125,90.798828125,75.95999908447266,1963.5999755859375,82.61810302734375,33833.609375,7599.7001953125,15989.9599609375,4293.93017578125,19299.1796875,11.260000228881836,13238.51953125,31641.26953125
2023-06-09,18655.900390625,18676.650390625,18555.400390625,18563.400390625,221800.0,59.84997090016227,160.33376862898513,-8.30271726013666,168.6364858891218,78.98308041958441,86.31654806371654,18443.73505859375,18047.0730859375,17870.776513671874,18541.153057775166,18380.81928914618,29.3938396422879,137.56936044227763,57623500.0,-0.00381819725413457,-0.003825505177262602,121.25,92.5,74.79000091552734,1962.199951171875,82.48829650878906,33876.78125,7562.39990234375,15949.83984375,4298.85986328125,19389.94921875,11.119999885559082,13259.1396484375,32265.169921875
2023-06-12,18595.05078125,18633.599609375,18559.75,18601.5,179500.0,61.34710085400925,153.27119426414356,-12.292233299982598,165.56342756412616,69.38230955551919,78.75316290033055,18453.867578125,18079.3891015625,17874.991767578125,18550.43720273283,18397.16600846869,29.15680451492887,133.0179496517578,57803000.0,0.0020524046550352004,0.0020503013499982166,73.849609375,-6.44921875,71.83999633789062,1955.300048828125,82.4448013305664,34066.328125,7570.7001953125,16097.8701171875,4338.93017578125,19404.310546875,11.25,13461.919921875,32434.0
2023-06-13,18631.80078125,18728.900390625,18631.80078125,18716.150390625,233200.0,65.51436955542235,155.13705811062027,-8.341095562804696,163.47815367342497,73.78219573559224,74.04919523689861,18475.35009765625,18114.678125000002,17881.1190234375,18575.93153933163,18420.794481221008,29.48250840371506,132.6166954355608,58036200.0,0.0061635024393194016,0.00614458574708609,97.099609375,-84.349609375,74.29000091552734,1944.5999755859375,82.33719635009766,34212.12109375,7594.7998046875,16230.6796875,4369.009765625,19521.419921875,11.109999656677246,13573.3203125,33018.6484375
2023-06-14,18744.599609375,18769.69921875,18690.0,18755.900390625,261400.0,66.84885618169159,158.00191373836424,-4.380991948048603,162.38290568641284,84.5573084798117,75.90727125697437,18504.0576171875,18148.182148437503,17887.011025390624,18603.619054915223,18445.61714117686,30.000311325093094,128.83687567230646,58297600.0,0.0021238341844009856,0.002121582036807868,79.69921875,-11.30078125,73.19999694824219,1955.300048828125,82.29039764404297,33979.328125,7602.7001953125,16310.7900390625,4372.58984375,19408.419921875,11.15999984741211,13626.48046875,33502.421875
2023-06-15,18774.44921875,18794.099609375,18669.05078125,18688.099609375,263000.0,62.412466844547204,153.03725780581954,-7.476518304474666,160.5137761102942,84.05280421635506,80.79743614391967,18531.965136718754,18174.749140624997,17892.42677734375,18616.61606329365,18463.578805487832,30.609759608983783,128.56630084749887,58034600.0,-0.0036149041015322014,-0.0036214536561356998,125.048828125,86.349609375,75.66999816894531,1957.800048828125,82.04499816894531,34408.05859375,7628.2998046875,16290.1201171875,4425.83984375,19828.919921875,11.079999923706055,13782.8203125,33485.48828125
2023-06-16,18723.30078125,18864.69921875,18710.5,18826.0,272800.0,67.18283804151498,158.40415673694952,-1.6876954986757369,160.09185223562525,84.4056656876835,84.33859279461674,18563.095117187502,18203.308125,17898.944531250003,18648.82897663309,18490.42481989614,31.53335313184295,131.99725145660608,58307400.0,0.0073790483520230765,0.007351956368470602,154.19921875,-102.69921875,76.61000061035156,1958.4000244140625,81.9126968383789,34299.12109375,7642.7001953125,16357.6298828125,4409.58984375,20040.369140625,10.84000015258789,13689.5703125,33706.078125
2023-06-19,18873.30078125,18881.44921875,18719.150390625,18755.44921875,219800.0,62.79212981467257,155.17583395664406,-3.932814623184953,159.108648579829,75.98013597487068,81.47953529296973,18585.14755859375,18227.276093750002,17904.927275390626,18665.232090804922,18510.05625684828,32.47320695747762,134.1616497900628,58087600.0,-0.0037475183921172883,-0.003754557931873424,162.298828125,117.8515625,76.61000061035156,1958.4000244140625,81.91480255126953,34299.12109375,7588.5,16201.2001953125,4409.58984375,19912.890625,11.229999542236328,13689.5703125,33370.421875
2023-06-20,18752.349609375,18839.69921875,18660.650390625,18816.69921875,211600.0,64.93473572042608,155.76417555091757,-2.6755784231291386,158.4397539740467,81.52474506937415,80.63684891064277,18608.58251953125,18251.627070312505,17912.446269531247,18688.534725873396,18532.77055032248,32.60976650850459,137.3678768139869,58299200.0,0.003265717567498605,0.0032603966930515953,179.048828125,-64.349609375,75.9000015258789,1935.5,81.98139953613281,34053.87109375,7569.2998046875,16111.3203125,4388.7099609375,19607.080078125,11.130000114440918,13667.2900390625,33388.91015625
2023-06-21,18849.400390625,18875.900390625,18794.849609375,18856.849609375,217500.0,66.30450581962573,157.65291678659196,-0.6294697499637891,158.28238653655575,82.7140230101402,80.07296801812834,18637.154980468753,18276.283046875003,17917.934013671875,18714.429323335182,18556.77640654859,32.94896666125581,133.345227130845,58516700.0,0.0021337637466720683,0.0021314905059401927,81.05078125,-7.44921875,77.12000274658203,1933.300048828125,81.9917984008789,33951.51953125,7559.2001953125,16023.1298828125,4365.68994140625,19218.349609375,11.289999961853027,13502.2001953125,33575.140625
2023-06-22,18853.599609375,18886.599609375,18759.5,18771.25,252700.0,60.84720503911501,150.5076265021562,-6.219808027519633,156.72743452967583,81.95746989021083,82.06541265657506,18659.6599609375,18297.26203125,17924.076259765625,18723.170965899,18572.663339396844,32.81764023877946,132.89911157685606,58264000.0,-0.004539443817404343,-0.004549778379793411,127.099609375,82.349609375,74.13999938964844,1912.699951171875,81.94149780273438,33946.7109375,7502.0,15988.16015625,4381.89013671875,19218.349609375,11.550000190734863,13630.6103515625,33264.87890625
2023-06-23,18741.849609375,18756.400390625,18647.099609375,18665.5,210600.0,54.84183089191823,134.75838053569169,-17.57524319518734,152.33362373087903,66.37406341520669,77.01518543851924,18667.967480468753,18314.3240234375,17929.706513671874,18714.298509606844,18579.540129071152,31.433560759577173,132.27420293743776,58053400.0,-0.005633615236065759,-0.005649543898520234,109.30078125,76.349609375,73.8499984741211,1919.0999755859375,81.91929626464844,33727.4296875,7461.89990234375,15829.9404296875,4348.330078125,18889.970703125,11.239999771118164,13492.51953125,32781.5390625
2023-06-26,18682.349609375,18722.05078125,18646.69921875,18691.19921875,171300.0,55.97889411465307,122.93359980087553,-23.520019144002816,146.45361894487834,48.74257684428187,65.6913700498998,18672.594921875003,18331.5880078125,17934.833505859373,18710.744772551945,18587.81117275107,30.144157006493934,128.20830004904937,58224700.0,0.0013768299134766515,0.0013758829522746805,75.3515625,-8.849609375,74.18000030517578,1923.699951171875,81.98480224609375,33714.7109375,7453.60009765625,15813.0595703125,4328.81982421875,18794.130859375,11.399999618530273,13335.7802734375,32698.810546875
2023-06-27,18748.55078125,18829.25,18714.25,18817.400390625,222500.0,61.15193413930219,122.33554769609327,-19.294456999028057,141.63000469512133,52.609015012457206,55.90855175731525,18681.7724609375,18353.799023437503,17940.642509765625,18727.153329178567,18604.817781482474,29.749137673957627,128.91133442054584,58447200.0,0.00675190341711196,0.006729211402828641,115.0,-68.849609375,72.26000213623047,1914.0,82.00650024414062,33926.73828125,7461.5,15846.8603515625,4378.41015625,19148.130859375,10.779999732971191,13555.669921875,32538.330078125
2023-06-28,18908.150390625,19011.25,18861.349609375,18972.099609375,398800.0,66.36908078280071,132.8135294778658,-7.053180173804435,139.86670965167025,70.50672688682526,57.286106247854775,18703.657421875003,18380.0380078125,17947.381005859374,18764.83737228571,18632.023842807845,30.414321257420838,133.5497826315783,58846000.0,0.00822107281232487,0.008187463868637099,149.900390625,-63.94921875,74.02999877929688,1912.300048828125,81.99839782714844,33852.66015625,7500.5,15949.0,4376.85986328125,19172.05078125,10.890000343322754,13591.75,33193.98828125
2023-06-30,19076.849609375,19201.69921875,19024.599609375,19189.05078125,247900.0,72.04006418344153,156.8158761575687,13.559333204718769,143.25654295284994,89.51590161905747,70.87721450611332,18738.722460937504,18411.4440234375,17954.332509765623,18830.100973664834,18673.285097507265,31.805101381563,140.4104845418227,59093900.0,0.01143527476356887,0.011370386219451868,177.099609375,-112.201171875,74.9000015258789,1921.0999755859375,82.07540130615234,34407.6015625,7531.5,16147.900390625,4450.3798828125,18916.4296875,10.800000190734863,13787.919921875,33189.0390625
2023-07-03,19246.5,19345.099609375,19234.400390625,19322.55078125,226100.0,74.85037934108092,184.48363066551246,32.98167017013,151.50196049538246,95.42667815970577,85.14976888852951,18778.14501953125,18445.4060546875,17961.778515625,18905.86248252409,18721.37885185858,33.547187767059846,141.52750908347824,59320000.0,0.00695709243369369,0.006933003527425256,110.69921875,-76.05078125,74.6500015258789,1921.699951171875,82.09629821777344,34418.46875,7527.2998046875,16081.0400390625,4455.58984375,19306.58984375,11.539999961853027,13816.76953125,33753.328125
2023-07-04,19406.599609375,19434.150390625,19300.0,19389.0,226900.0,76.13611952610918,209.35906112711382,46.28568050538507,163.07338062172875,96.37824683686738,93.77360887187687,18817.9025390625,18480.7050390625,17969.041767578125,18980.19133136654,18770.832270239425,35.407817922294825,141.0005720507298,59546900.0,0.003438946519135566,0.0034330468644171055,134.150390625,17.599609375,74.6500015258789,1921.699951171875,81.95010375976562,34418.46875,7519.7001953125,16039.169921875,4455.58984375,19415.6796875,11.699999809265137,13816.76953125,33422.51953125
2023-07-05,19405.94921875,19421.599609375,19339.599609375,19398.5,224400.0,76.32248961998944,227.22033500868565,51.31756350956553,175.90277149912012,95.52591450751295,95.77694650136203,18857.8775390625,18513.807031250002,17975.684013671875,19044.546511156303,18817.326176147617,37.13554592358445,136.78624547567767,59771300.0,0.0004899685388621844,0.0004898485434720244,82.0,7.44921875,76.6500015258789,1919.5999755859375,82.0071029663086,34288.640625,7442.10009765625,15937.580078125,4446.81982421875,19110.380859375,11.880000114440918,13791.650390625,33338.69921875
2023-07-06,19385.69921875,19512.19921875,19373.0,19497.30078125,268300.0,78.22696590177421,246.5063488331798,56.48286186724775,190.02348696593205,96.00585980026916,95.9700070482165,18896.422558593753,18548.368046875003,17983.151767578125,19114.20101424764,18867.69466541446,38.98210447344066,136.95860070955786,60039600.0,0.00509321758125636,0.005080291021865595,139.19921875,-111.6015625,76.5199966430664,1908.699951171875,82.39409637451172,33922.26171875,7280.5,15528.5400390625,4411.58984375,18533.05078125,11.84000015258789,13679.0400390625,32773.01953125
2023-07-07,19422.80078125,19523.599609375,19303.599609375,19331.80078125,237100.0,68.31463906338351,245.60500526168107,44.4652146365992,201.13979062508187,90.62631860557293,94.05269763778502,18931.28505859375,18578.7320703125,17990.423769531248,19147.67790147877,18902.07289621709,39.942856392040355,142.89012923030373,59802500.0,-0.00848835445771845,-0.008524585713268293,220.0,91.0,78.47000122070312,1926.199951171875,82.76840209960938,33734.87890625,7256.89990234375,15603.400390625,4398.9501953125,18365.69921875,11.529999732971191,13660.7197265625,32388.419921875
2023-07-10,19400.349609375,19435.849609375,19327.099609375,19355.900390625,268200.0,68.93198601494427,244.0223829234783,34.30607383871711,209.71630908476118,85.76072679700634,90.79763506761614,18970.91005859375,18607.549062500002,17999.549023437496,19179.71213057819,18935.689747654713,40.834983173597216,140.45154857099632,60070700.0,0.0012466303397029588,0.0012458539412885826,108.75,44.44921875,77.69000244140625,1925.0,82.61530303955078,33944.3984375,7273.7998046875,15673.16015625,4409.52978515625,18479.720703125,11.460000038146973,13685.48046875,32189.73046875
2023-07-11,19427.099609375,19515.099609375,19406.44921875,19439.400390625,251300.0,71.03754393644522,246.66252345139583,29.556971493307714,217.1055519580881,83.13387813224105,86.50697451160677,19012.805078125,18635.0370703125,18008.634775390623,19219.66417058539,18973.001647133995,41.93176413118046,141.7906678694966,60322000.0,0.004313930032438185,0.004304651710725516,108.650390625,-12.30078125,79.4000015258789,1931.300048828125,82.52529907226562,34261.421875,7282.5,15790.33984375,4439.259765625,18659.830078125,11.010000228881836,13760.7001953125,32203.5703125
2023-07-12,19497.44921875,19507.69921875,19361.75,19384.30078125,327900.0,67.7734688300398,241.52463025730322,19.535262639372064,221.98936761793115,85.12954379587785,84.67471624170841,19046.212597656253,18659.770078125002,18016.475029296875,19244.99287991841,19003.468249661106,42.43943662904007,142.087707218104,59994100.0,-0.002834429471475497,-0.00283845407345589,145.94921875,113.1484375,80.11000061035156,1956.199951171875,82.39990234375,34347.4296875,7416.10009765625,16023.0,4472.16015625,18860.94921875,10.9399995803833,13918.9599609375,31943.9296875
2023-07-13,19495.19921875,19567.0,19385.80078125,19413.75,310400.0,68.6038147015065,237.09602335016825,12.085324585789664,225.0106987643786,85.95351891790239,84.73898028200709,19079.105078125,18686.2480859375,18024.952031250003,19270.955513777117,19033.85949042695,43.13432476027321,144.9885294703823,60304500.0,0.0015192303855748879,0.0015180775225879406,181.19921875,81.44921875,81.36000061035156,1959.199951171875,82.00180053710938,34395.140625,7440.2001953125,16141.0302734375,4510.0400390625,19350.619140625,10.9399995803833,14138.5703125,32419.330078125
2023-07-14,19493.44921875,19595.349609375,19433.5,19564.5,291200.0,72.50870544369305,242.95000912548494,14.35144828888508,228.59856083659986,88.07017443366283,86.38441238248102,19122.92509765625,18712.422070312496,18034.62552734375,19316.11620396525,19073.166194839767,43.88426065275622,147.60360660642644,60595700.0,0.007765114931427508,0.007735121594226721,161.849609375,-71.05078125,79.87000274658203,1960.0999755859375,82.03079986572266,34509.03125,7434.60009765625,16105.0703125,4505.419921875,19413.779296875,10.680000305175781,14113.7001953125,32391.259765625
2023-07-17,19612.150390625,19731.849609375,19562.94921875,19711.44921875,268700.0,75.68357814449871,256.4902489451706,22.313350486856564,234.17689845831404,92.69704406920843,88.9069124735912,19167.19755859375,18745.2710546875,18046.546025390624,19376.93666777829,19120.44641883312,45.0346694518502,149.12480546489599,60864400.0,0.007511013251041421,0.007482946045497489,168.900390625,-99.298828125,78.5,1952.4000244140625,82.07679748535156,34585.3515625,7406.39990234375,16068.650390625,4522.7900390625,19413.779296875,11.319999694824219,14244.9501953125,32391.259765625
2023-07-18,19787.5,19819.44921875,19690.19921875,19749.25,286400.0,76.43740637287132,267.19118008372243,26.411425300326698,240.77975478339573,95.80545796878897,92.19089215722008,19216.88759765625,18774.968046875,18060.210771484373,19434.215641966242,19167.02446188252,46.350248019073796,147.7051765031177,61150800.0,0.001917706853032497,0.0019158704007220429,129.25,38.25,79.62999725341797,1977.199951171875,82.06159973144531,34951.9296875,7453.7001953125,16125.490234375,4554.97998046875,19015.720703125,11.710000038146973,14353.6396484375,32493.890625
2023-07-19,19802.94921875,19851.69921875,19727.44921875,19833.150390625,259700.0,78.06295074196609,279.2230954121187,30.754672502978366,248.46842290914034,96.14189524044723,94.88146575948154,19267.710156250003,18806.3120703125,18074.339521484377,19495.590218682974,19216.367123270855,47.65846173771084,146.029806752895,61410500.0,0.004248282371482448,0.00423928389630214,124.25,-30.201171875,79.45999908447266,1977.5,82.07540130615234,35061.2109375,7588.2001953125,16108.9296875,4565.72021484375,18952.310546875,11.600000381469727,14358.01953125,32896.03125
2023-07-20,19831.69921875,19991.849609375,19758.400390625,19979.150390625,274700.0,80.57439654289637,297.11450377012807,38.916864688790156,258.1976390813379,96.2512883143967,96.06621384121097,19323.8251953125,18839.5930859375,18089.942275390626,19569.98409128944,19272.86958751931,49.212434517634826,152.27405046697396,61685200.0,0.007361412439498949,0.007334449485705515,233.44921875,-147.451171875,79.63999938964844,1968.300048828125,82.06169891357422,35225.1796875,7646.10009765625,16204.2197265625,4534.8701171875,18928.01953125,11.789999961853027,14063.3095703125,32490.51953125
2023-07-21,19800.44921875,19887.400390625,19700.0,19745.0,312500.0,67.27259421859355,289.06740504041954,24.695812767265295,264.37159227315425,86.80037490158762,93.06451948547718,19372.5126953125,18868.5530859375,18104.57677734375,19596.90961570645,19307.84221066603,49.967105625980615,161.33664619254725,61372700.0,-0.011719737128305097,-0.011788954585924888,187.400390625,55.44921875,81.06999969482422,1964.300048828125,82.0823974609375,35227.69140625,7663.7001953125,16177.2197265625,4536.33984375,19075.259765625,11.489999771118164,14032.8095703125,32304.25
2023-07-24,19748.44921875,19782.75,19658.30078125,19672.349609375,265600.0,63.75569316105184,273.67300985998736,7.441134069466443,266.2318757905209,72.07389168171562,85.04185163256665,19422.855175781253,18895.7040625,18117.46677734375,19608.515768578534,19334.842758718547,50.1896243111497,158.701829946651,61107100.0,-0.0036794322929856182,-0.0036862180542648424,124.44921875,76.099609375,82.73999786376953,1960.300048828125,81.99030303955078,35411.23828125,7678.60009765625,16190.9501953125,4554.64013671875,18668.150390625,11.649999618530273,14058.8701171875,32700.939453125
2023-07-25,19729.349609375,19729.349609375,19615.94921875,19680.599609375,369700.0,63.985940558480884,259.15121295383506,-5.664530269348688,264.81574322318374,57.55828643277829,72.14418433869383,19472.3251953125,18921.3390625,18131.43302734375,19619.605590239527,19360.454377285692,49.91704026029182,155.46601285224736,61476800.0,0.0004193703428323481,0.00041928243166748923,113.400390625,48.75,83.63999938964844,1962.0999755859375,81.81420135498047,35438.0703125,7691.7998046875,16211.58984375,4567.4599609375,19434.400390625,10.239999771118164,14144.5595703125,32682.509765625
2023-07-26,19733.349609375,19825.599609375,19716.69921875,19778.30078125,244700.0,66.68507363269528,252.6142722458353,-9.76117678187876,262.37544902771407,59.10890770674416,62.913695273746015,19520.37021484375,18951.175078125,18143.95302734375,19644.02023501037,19391.405962764533,50.034987310399885,154.71844050565826,61721500.0,0.004964339187534694,0.0049520574860006375,108.900390625,-44.951171875,82.91999816894531,1968.9000244140625,81.95010375976562,35520.12109375,7676.89990234375,16131.4599609375,4566.75,19365.140625,10.460000038146973,14127.2802734375,32668.33984375
2023-07-27,19850.900390625,19867.55078125,19603.55078125,19659.900390625,334900.0,60.74364214001042,235.1688969718125,-21.765241644721243,256.93413861653374,57.937619817834886,58.20160465245244,19554.76025390625,18980.7380859375,18155.593525390625,19646.463335874156,19411.294438902343,48.96183221704363,162.52426618382555,61386600.0,-0.0059863783008722304,-0.006004368496797154,264.0,191.0,84.23999786376953,1945.4000244140625,81.97550201416016,35282.71875,7692.7998046875,16406.029296875,4537.41015625,19639.109375,10.510000228881836,14050.1103515625,32891.16015625
2023-07-28,19659.75,19695.900390625,19563.099609375,19646.05078125,258700.0,60.069447694367,217.7160683372167,-31.37445622345365,249.09052456067036,54.71874210882713,57.25508987780206,19577.61025390625,19011.060117187502,18167.25052734375,19646.399865931977,19428.68379759476,47.57610525818313,160.40116011712374,61127900.0,-0.0007044597937843067,-0.0007047080421790248,132.80078125,13.69921875,84.98999786376953,1960.4000244140625,82.3749008178711,35459.2890625,7694.2998046875,16469.75,4582.22998046875,19916.560546875,10.140000343322754,14316.66015625,32759.23046875
2023-07-31,19666.349609375,19772.75,19597.599609375,19753.80078125,295100.0,63.46677071741971,210.15654654843092,-31.147182409791554,241.30372895822248,52.468156867211796,55.0415062646246,19599.17275390625,19042.068124999998,18179.81453125,19662.92308367321,19452.76653712478,46.67313572098243,161.45467658197205,61423000.0,0.005484562836559181,0.005469577389253641,175.150390625,-87.451171875,85.55999755859375,1970.5,82.25279998779297,35559.53125,7699.39990234375,16446.830078125,4588.9599609375,20078.939453125,10.40999984741211,14346.01953125,33172.21875
2023-08-01,19784.0,19795.599609375,19704.599609375,19733.55078125,298000.0,62.39239638648355,200.22351327746583,-32.86417254460531,233.08768582207114,54.906761454511575,54.03122014351683,19616.40029296875,19070.4511328125,18193.56453125,19673.788883300407,19473.56537002294,45.94546974881282,156.42219968325978,61125000.0,-0.0010251191770254131,-0.0010256449710540406,91.0,50.44921875,84.91000366210938,1940.699951171875,82.2332992553711,35630.6796875,7666.2998046875,16240.400390625,4576.72998046875,20011.119140625,10.279999732971191,14283.91015625,33476.578125
2023-08-02,19655.400390625,19678.25,19423.55078125,19526.55078125,290700.0,52.591709560253975,173.64665230132232,-47.552826816599065,221.19947911792138,45.90819256225424,51.0943702946592,19622.80283203125,19094.0221484375,18205.579287109373,19651.136867600344,19477.49021529902,42.92990123958949,167.39204256302693,60834300.0,-0.010489749274959825,-0.010545154493387934,254.69921875,128.849609375,83.19999694824219,1937.4000244140625,82.30729675292969,35282.51953125,7561.60009765625,16020.01953125,4513.39013671875,19517.380859375,11.279999732971191,13973.4501953125,32707.689453125
2023-08-03,19463.75,19537.650390625,19296.44921875,19381.650390625,315700.0,47.02340692666681,139.28644057726342,-65.53043083252638,204.8168714097898,29.25207853171847,43.35567751616142,19617.0203125,19115.947148437503,18217.415791015625,19609.677409604137,19470.390969026874,40.37265807340109,172.66412322816785,60518600.0,-0.007420685416911321,-0.007448355676119346,241.201171875,82.099609375,85.13999938964844,1932.0,82.7332992553711,35215.890625,7529.2001953125,15893.3798828125,4501.89013671875,19420.869140625,11.1899995803833,13959.7197265625,32159.279296875
2023-08-04,19462.80078125,19538.849609375,19436.44921875,19517.0,280800.0,52.122671923274616,121.57585674841903,-66.59281172909664,188.16866847751567,20.69734147277275,31.952537522248484,19626.2802734375,19139.864140625003,18229.072294921876,19595.419346588118,19473.8434898397,37.98994638341179,171.559487194013,60799400.0,0.006983389270114548,0.006959118337332752,102.400390625,-54.19921875,86.23999786376953,1939.5999755859375,82.7843017578125,35065.62109375,7564.39990234375,15951.8603515625,4478.02978515625,19539.4609375,10.569999694824219,13909.240234375,32192.75
2023-08-07,19576.849609375,19620.44921875,19524.80078125,19597.30078125,216600.0,54.896510277043056,112.72032368594955,-60.3586758332529,173.07899951920245,29.076942521310507,26.342120841933905,19638.350292968753,19161.8231640625,18240.499794921874,19595.70879807456,19482.98847438861,35.32738234647597,166.69446801944065,61016000.0,0.004114401867602702,0.004105960861445235,95.6484375,-20.451171875,85.33999633789062,1933.5,82.69529724121094,35473.12890625,7554.5,15950.759765625,4518.43994140625,19537.919921875,11.100000381469727,13994.400390625,32254.560546875
2023-08-08,19627.19921875,19634.400390625,19533.099609375,19570.849609375,260300.0,53.79098027622814,102.387600895574,-56.55311889890277,158.94071979447676,38.14602086814869,29.306768287410645,19644.92275390625,19181.267148437502,18250.919296875,19591.8843075054,19489.496706609825,32.94806842350686,162.02349039305204,60755700.0,-0.0013497354646058168,-0.0013506471779916257,101.30078125,56.349609375,86.16999816894531,1924.0999755859375,82.74829864501953,35314.48828125,7527.39990234375,15774.9296875,4499.3798828125,19184.169921875,11.329999923706055,13884.3203125,32377.2890625
2023-08-09,19578.80078125,19645.5,19467.5,19632.55078125,266500.0,56.01609670857098,98.04738335017464,-48.7146691554417,146.76205250561634,46.5323614586535,37.91844161603756,19657.33525390625,19201.241171875,18261.520800781247,19598.140688081494,19500.09330473132,30.904625238163298,163.1646696506912,61022200.0,0.003152707884763739,0.0031477485221408875,178.0,-53.75,87.55000305175781,1915.4000244140625,82.84500122070312,35123.359375,7587.2998046875,15852.580078125,4467.7099609375,19246.029296875,11.140000343322754,13722.01953125,32204.330078125
2023-08-10,19605.55078125,19623.599609375,19495.400390625,19543.099609375,312200.0,52.09926520728826,86.39387289181468,-48.294543691041326,134.688416582856,46.5075157897608,43.728632705520994,19663.802734375,19221.415156250005,18271.416552734376,19589.67282981896,19503.278956927144,29.007142280344276,161.30650686314183,60710000.0,-0.004556268458015711,-0.004566679886024027,128.19921875,62.451171875,86.4000015258789,1914.4000244140625,82.86630249023438,35176.1484375,7618.60009765625,15996.51953125,4468.830078125,19248.259765625,11.399999618530273,13737.990234375,32473.650390625
2023-08-11,19554.25,19557.75,19412.75,19428.30078125,235500.0,47.50807213309839,67.12134282025363,-54.0536590100819,121.17500183033553,41.050148277663325,44.6966751753592,19656.9927734375,19240.226171875,18280.676552734374,19564.84636080835,19497.725017988098,27.815411481055406,160.14175637291743,60474500.0,-0.005874136161590715,-0.005891456761763215,145.0,125.94921875,86.80999755859375,1912.9000244140625,82.79989624023438,35281.3984375,7524.2001953125,15832.169921875,4464.0498046875,19075.189453125,11.520000457763672,13644.849609375,32473.650390625
2023-08-14,19383.94921875,19465.849609375,19257.900390625,19434.55078125,243900.0,47.77789303792186,51.75544213375906,-55.53564775726119,107.29108989102025,31.750485470286748,39.769383179236954,19643.1478515625,19258.235195312503,18289.195556640625,19544.800887030146,19493.045444896386,27.61133501174075,163.55657511413762,60718400.0,0.00032169565781225984,0.0003216439248586792,207.94921875,-50.6015625,86.20999908447266,1910.5999755859375,82.89730072021484,35307.62890625,7507.2001953125,15904.25,4489.72021484375,18773.55078125,12.0,13788.330078125,32059.91015625
2023-08-16,19369.0,19482.75,19317.19921875,19465.0,0.0,49.14928301780554,41.55582295335262,-52.588213550134114,94.14403650348673,28.677715910914642,33.8261165529549,19628.935351562497,19275.658203125,18298.23880859375,19532.523827487043,19490.96800453369,27.273167353666643,163.69901840955634,60718400.0,0.0015667570139761278,0.0015655309306883672,165.55078125,-96.0,83.44999694824219,1896.0999755859375,83.19419860839844,34765.73828125,7356.89990234375,15789.4501953125,4404.330078125,18329.30078125,12.130000114440918,13474.6298828125,31766.8203125
2023-08-17,19450.55078125,19461.55078125,19326.25,19365.25,268700.0,44.98187897889759,25.133832735617034,-55.20816301429575,80.34199574991278,27.636844311708806,29.355015230970064,19605.54033203125,19290.983203125004,18306.380312499998,19506.789392489034,19481.655559753417,26.959154528312116,161.9169456660166,60449700.0,-0.005124582584125403,-0.005137758290060533,135.30078125,85.30078125,84.12000274658203,1884.0999755859375,83.23699951171875,34474.828125,7310.2001953125,15676.900390625,4370.35986328125,18326.630859375,12.239999771118164,13316.9296875,31626.0
2023-08-18,19301.75,19373.80078125,19253.599609375,19310.150390625,256100.0,42.821970409520986,7.585765204792551,-58.20498443609618,65.79074964088873,21.456189714483656,25.923583312369033,19572.09033203125,19302.658203125,18313.997060546877,19476.537238356104,19468.95147315131,27.08995013182964,158.93724753808684,60193600.0,-0.0028452826260957353,-0.0028493381372506382,120.201171875,-8.400390625,84.80000305175781,1886.0999755859375,83.09829711914062,34500.66015625,7262.39990234375,15574.259765625,4369.7099609375,17950.849609375,12.140000343322754,13290.7802734375,31450.759765625
2023-08-21,19320.650390625,19425.94921875,19296.30078125,19393.599609375,262600.0,46.97475050215024,0.4077495159181126,-52.3064000999765,52.71414961589461,18.742867483853445,22.6119671700153,19554.5203125,19317.8391796875,18320.904062499998,19463.777603128245,19463.369853612327,26.69666926410828,156.84518967822348,60456200.0,0.0043215209131937105,0.0043122099570484,129.6484375,-72.94921875,84.45999908447266,1893.300048828125,83.16729736328125,34463.69140625,7257.7998046875,15603.2802734375,4399.77001953125,17623.2890625,11.960000038146973,13497.58984375,31565.640625
2023-08-22,19417.099609375,19443.5,19381.30078125,19396.44921875,208700.0,47.115998336633034,-4.993379401479615,-46.166023213899386,41.17264381241977,23.30110888197806,21.16672202677172,19540.725292968753,19334.500156250004,18327.15930664062,19453.419390146973,19458.412769548453,26.158857695169775,150.0847631833504,60664900.0,0.00014693555773015454,0.00014692476375842436,62.19921875,20.650390625,84.02999877929688,1896.4000244140625,83.1135025024414,34288.828125,7270.7998046875,15705.6201171875,4387.5498046875,17791.009765625,11.75,13505.8701171875,31856.7109375
2023-08-23,19439.19921875,19472.05078125,19366.599609375,19444.0,225200.0,49.53186702696235,-5.374903788022493,-37.23803808035381,31.863134292331317,36.0178256068663,26.020600657565932,19528.895312500004,19351.350156250002,18333.96505859375,19451.970253201285,19457.345156989308,25.37303169421808,146.89664951846822,60890100.0,0.0024515199000461063,0.0024485198272942723,105.451171875,-4.80078125,83.20999908447266,1918.5,83.07330322265625,34472.98046875,7320.5,15728.41015625,4436.009765625,17845.919921875,11.729999542236328,13721.0302734375,32010.259765625
2023-08-24,19535.150390625,19584.44921875,19369.0,19386.69921875,268300.0,46.75976684047573,-10.183568933745846,-33.63736258086173,23.453793647115887,38.72861019653405,32.68251489512613,19509.315234375004,19364.7611328125,18340.635058593747,19441.928555593393,19452.11212452714,23.616359894106946,151.79326160643478,60621800.0,-0.002946964680621278,-0.0029513155310064644,215.44921875,148.451171875,83.36000061035156,1918.199951171875,82.5447006225586,34099.421875,7333.60009765625,15621.490234375,4376.31005859375,18212.169921875,11.699999809265137,13463.9697265625,32287.2109375
2023-08-25,19297.400390625,19339.55078125,19229.69921875,19265.80078125,466500.0,41.48438706953528,-23.479309359208855,-37.54648240505979,14.06717304585094,30.409634624776402,35.05202347605892,19489.61025390625,19374.959140625,18346.378310546876,19414.83197492518,19438.311284284388,22.997469959070543,152.16517149168945,60155300.0,-0.006236153774081932,-0.0062556798015631025,109.8515625,31.599609375,84.4800033569336,1911.0999755859375,82.64140319824219,34346.8984375,7338.60009765625,15631.8203125,4405.7099609375,18119.390625,12.079999923706055,13590.650390625,31624.279296875
2023-08-28,19298.349609375,19366.849609375,19249.69921875,19306.05078125,248200.0,43.759285958727936,-30.417803318083315,-35.587981091147405,5.170177773064089,20.335854954702743,29.82469992533773,19472.61025390625,19387.3181640625,18351.894560546876,19398.09640666746,19428.514209985544,22.18251418833122,149.66411571549736,60403500.0,0.002089194238900971,0.0020870149074536447,117.150390625,-7.701171875,84.41999816894531,1917.9000244140625,82.66429901123047,34559.98046875,7338.60009765625,15792.6103515625,4433.31005859375,18130.740234375,12.399999618530273,13705.1298828125,32169.990234375
2023-08-29,19374.849609375,19377.900390625,19309.099609375,19342.650390625,307400.0,45.821860606561295,-32.58767671671012,-30.206283591819368,-2.381393124890753,18.069895251068626,22.93846161018259,19452.052734375,19397.651171875,18357.8228125,19389.566250353237,19422.153927069947,21.325369543237308,144.1059366911761,60710900.0,0.0018957584743610756,0.0018939637920959618,68.80078125,32.19921875,85.48999786376953,1936.5,82.69149780273438,34852.671875,7465.0,15930.8798828125,4497.6298828125,18484.029296875,12.229999542236328,13943.759765625,32226.970703125
2023-08-30,19433.44921875,19452.80078125,19334.75,19347.44921875,233000.0,46.10097561016112,-33.5335379425087,-24.92171585409436,-8.611822088414343,25.140203970321686,21.18198472536435,19432.74765625,19409.491171875,18364.419062499997,19383.086707029663,19416.62024497217,19.866769026654293,142.24485415966353,60943900.0,0.0002480956863764039,0.00024806491573087567,118.05078125,86.0,85.86000061035156,1944.300048828125,82.49469757080078,34890.23828125,7473.7001953125,15891.9296875,4514.8701171875,18482.859375,11.800000190734863,14019.3095703125,32333.4609375
2023-08-31,19375.55078125,19388.19921875,19223.650390625,19253.80078125,562600.0,41.597233001374285,-41.3629793536893,-26.200925812219964,-15.162053541469334,21.804880944090307,21.671660055160206,19419.11015625,19418.233203124997,18368.939570312497,19363.196564602025,19404.559543955715,19.3515260991989,143.83799515718755,60381300.0,-0.004840350603388277,-0.004852103039648143,164.548828125,121.75,86.86000061035156,1938.199951171875,82.70040130615234,34721.91015625,7439.10009765625,15947.080078125,4507.66015625,18382.060546875,12.0600004196167,14034.9697265625,32619.33984375
2023-09-01,19258.150390625,19458.55078125,19255.69921875,19435.30078125,333000.0,51.48882164276649,-32.54715163477522,-13.908078474644707,-18.63907316013051,32.30383895809248,26.416307957501488,19421.792675781253,19429.802226562497,18374.470322265624,19374.289521009407,19406.83667264418,18.271186468565325,148.18885264595988,60714300.0,0.009426710188917609,0.009382556025202547,202.8515625,-177.150390625,88.55000305175781,1939.800048828125,82.68240356445312,34837.7109375,7464.5,15840.33984375,4515.77001953125,18382.060546875,11.369999885559082,14031.8095703125,32710.619140625
2023-09-04,19525.05078125,19545.150390625,19432.849609375,19528.80078125,296800.0,55.655518190467355,-17.810566936084797,0.6628049792365722,-18.47337191532137,50.5314992953642,34.88007306584899,19422.38271484375,19444.953242187497,18380.097324218747,19398.060484123343,19415.87105105943,17.335812208754028,145.6254189748199,61011100.0,0.004810833701642592,0.004799298621963187,112.30078125,-3.75,88.55000305175781,1939.800048828125,82.6969985961914,34837.7109375,7452.7998046875,15824.849609375,4515.77001953125,18844.16015625,10.960000038146973,14031.8095703125,32939.1796875
2023-09-05,19564.650390625,19587.05078125,19525.75,19574.900390625,256800.0,57.58967621912959,-2.384378553222632,12.87119468967899,-15.255573242901622,79.96480173321929,54.26671332889198,19421.2626953125,19463.14125,18385.92357421875,19425.266623585136,19427.65100213836,16.771340242012577,139.6022305659042,61267900.0,0.0023605960187407238,0.002357814188949651,61.30078125,-10.25,90.04000091552734,1926.199951171875,82.7345962524414,34641.96875,7437.89990234375,15771.7099609375,4496.830078125,18456.91015625,10.819999694824219,14020.9501953125,33036.76171875
2023-09-06,19581.19921875,19636.44921875,19491.5,19611.05078125,287600.0,59.096335397566456,12.612630725980125,22.2945631751054,-9.681932449125274,91.69335282256645,74.06321795038332,19423.27275390625,19481.53828125,18392.259326171876,19453.84880168742,19441.23617096144,16.596051862089965,139.98415829333962,61555500.0,0.0018467726478093027,0.0018450694598145603,144.94921875,-29.8515625,90.5999984741211,1918.0999755859375,83.08609771728516,34443.19140625,7426.10009765625,15741.3701171875,4465.47998046875,18449.98046875,10.680000305175781,13872.4697265625,33241.01953125
2023-09-07,19598.650390625,19737.0,19550.05078125,19727.05078125,304900.0,63.56879703086477,33.47225189087476,34.523347472000026,-1.0510955811252671,96.18854503386791,89.28223319655122,19427.997753906253,19499.7312890625,18399.356328125003,19495.879875466282,19462.407623575407,17.080295759267496,143.33880546881537,61860400.0,0.005915032360780392,0.005897607236551244,186.94921875,-128.400390625,89.91999816894531,1917.5,83.25740051269531,34500.73046875,7441.7001953125,15718.66015625,4451.14013671875,18202.0703125,10.869999885559082,13748.830078125,32991.078125
2023-09-08,19774.80078125,19867.150390625,19727.05078125,19819.94921875,288100.0,66.70826421521944,56.84451132899994,46.316485528100166,10.528025800899774,94.85803092666154,94.24664292769863,19441.840234375,19516.68828125,18407.656328125,19545.736697509932,19488.892186180932,18.232910271558172,143.10743431925712,62148500.0,0.004709190366575022,0.004698136818212182,140.099609375,-45.1484375,90.6500015258789,1918.4000244140625,83.24150085449219,34576.58984375,7478.2001953125,15740.2998046875,4457.490234375,18202.0703125,10.779999732971191,13761.5302734375,32606.83984375
2023-09-11,19890.0,20008.150390625,19865.349609375,19996.349609375,248800.0,71.69602566324248,88.58013593774012,62.44168810947228,26.138447828267843,96.40753005247876,95.8180353376694,19470.24267578125,19532.8342578125,18416.417080078125,19615.06176087379,19526.48162493605,19.924846964315464,146.32841557323874,62397300.0,0.008900143420050854,0.008860770587058942,142.80078125,-106.349609375,90.63999938964844,1923.300048828125,83.03130340576172,34663.71875,7496.89990234375,15800.990234375,4487.4599609375,18096.44921875,11.350000381469727,13917.8896484375,32467.759765625
2023-09-12,20110.150390625,20110.349609375,19914.650390625,19993.19921875,328100.0,71.49002707518565,112.1834558413102,68.83600641043388,43.347449430876324,92.64957439416104,94.6383784577671,19498.17509765625,19546.2472265625,18425.046826171874,19673.23675439321,19561.0532985519,21.87897402915379,149.854901514436,62069200.0,-0.0001575482868895195,-0.00015756069892455075,195.69921875,116.951171875,92.05999755859375,1911.300048828125,82.94329833984375,34645.98828125,7527.5,15715.5302734375,4461.89990234375,18025.890625,11.6899995803833,13773.6103515625,32776.37109375
2023-09-13,19989.5,20096.900390625,19944.099609375,20070.0,251400.0,73.48974603691428,135.5241995026081,73.74140005738542,61.78279944522268,93.57775062203928,94.21161835622635,19528.425097656254,19559.8672265625,18432.976328124998,19734.27725371733,19598.75305421472,23.693520589360812,150.06532149554772,62320600.0,0.003841345269944396,0.003833986143147051,152.80078125,-80.5,91.87999725341797,1909.0999755859375,82.84300231933594,34575.53125,7526.0,15654.0302734375,4467.43994140625,18009.220703125,11.829999923706055,13813.58984375,32706.51953125
2023-09-14,20127.94921875,20167.650390625,20043.44921875,20103.099609375,275100.0,74.32557012328697,154.9070962870719,74.49943747347938,80.40765881359253,91.79982924319562,92.67571808646531,19565.317578125003,19573.959218750002,18440.928076171876,19791.01915458774,19636.112058300667,25.63833258908859,148.21788223693719,62595700.0,0.001649208239910216,0.0016478497893743786,124.201171875,24.849609375,93.69999694824219,1910.0,82.93679809570312,34907.109375,7673.10009765625,15805.2900390625,4505.10009765625,18047.919921875,11.319999694824219,13926.0498046875,33168.1015625
2023-09-15,20156.44921875,20222.44921875,20129.69921875,20192.349609375,438200.0,76.47898219996289,175.44746161635703,76.03184224221158,99.41561937414545,95.1992906616279,93.52562350895425,19609.427539062504,19587.8601953125,18449.076074218752,19852.762301478087,19677.31483986173,27.635052467321618,146.15586274679882,63033900.0,0.004439613877174287,0.004429787863222843,92.75,-35.900390625,93.93000030517578,1923.699951171875,83.0282974243164,34618.23828125,7711.39990234375,15893.5302734375,4450.31982421875,18182.890625,10.899999618530273,13708.330078125,33533.08984375
2023-09-18,20155.94921875,20195.349609375,20115.69921875,20133.30078125,264900.0,72.16629006205332,184.83049133597888,68.33189756946673,116.49859376651214,93.74094928606068,93.58002306362806,19646.41259765625,19603.8901953125,18456.652324218754,19895.922067596843,19711.091576260864,29.327270913852196,141.40547188095604,62769000.0,-0.002924316846098174,-0.0029286010148227575,79.650390625,22.6484375,94.43000030517578,1931.5,83.08580017089844,34624.30078125,7652.89990234375,15727.1201171875,4453.52978515625,17930.55078125,10.84000015258789,13710.240234375,33533.08984375
2023-09-20,19980.75,20050.650390625,19878.849609375,19901.400390625,378100.0,58.26929245929212,171.57636105122947,44.06221382777386,127.51414722345561,85.30578722488926,91.41534239085928,19671.66015625,19614.8001953125,18462.367578125,19896.76488652425,19725.188525473022,28.60848972400727,149.48016473767348,62390900.0,-0.011518249945432046,-0.011585098803333688,171.80078125,79.349609375,93.52999877929688,1945.5999755859375,83.19499969482422,34440.87890625,7731.7001953125,15781.58984375,4402.2001953125,17885.599609375,11.130000114440918,13469.1298828125,33023.78125
2023-09-21,19840.55078125,19848.75,19709.94921875,19742.349609375,275100.0,51.01341396295523,146.5489731665839,15.227860754502615,131.32111241208128,69.75658224876341,82.9344395865711,19686.57763671875,19620.859179687497,18467.016826171875,19873.00869003975,19726.459716873167,26.748910150213426,152.47809381891108,62115800.0,-0.007991939166498319,-0.00802404589005525,138.80078125,98.201171875,93.30000305175781,1919.199951171875,83.08699798583984,34070.421875,7678.60009765625,15571.8603515625,4330.0,17655.41015625,10.819999694824219,13223.98046875,32571.029296875
2023-09-22,19744.849609375,19798.650390625,19657.5,19674.25,246400.0,48.243401787203176,119.83809959551581,-9.186410253252376,129.0245098487682,49.58927265743627,68.21721404369632,19700.95517578125,19626.6581640625,18471.907578125,19842.430430033633,19722.592330438118,24.981945476842164,151.66897216220315,61869400.0,-0.003449417659114995,-0.0034553806166447805,141.150390625,70.599609375,93.2699966430664,1925.4000244140625,82.89129638671875,33963.83984375,7683.89990234375,15557.2900390625,4320.06005859375,18057.44921875,10.65999984741211,13211.8095703125,32402.41015625
2023-09-25,19678.19921875,19734.150390625,19601.55078125,19674.55078125,188400.0,48.256765947656596,97.56909459430244,-25.164332203572613,122.73342679787505,35.31806562469448,51.55464017696472,19721.39267578125,19631.874179687504,18476.775078125,19816.602791759226,19719.033697164923,23.683101650754907,150.30687482026008,62057800.0,1.5288066889551644e-05,1.5287950028248088e-05,132.599609375,3.6484375,93.29000091552734,1916.5999755859375,82.97480010986328,34006.87890625,7624.0,15405.490234375,4337.43994140625,17729.2890625,10.899999618530273,13271.3203125,32678.619140625
2023-09-26,19682.80078125,19699.349609375,19637.44921875,19664.69921875,204900.0,47.82121833840285,78.22409031022835,-35.60746919011737,113.83155950034572,26.436834067396816,37.11472411650919,19739.325097656252,19633.878164062502,18481.884824218752,19793.233011296266,19715.008920986038,22.477032383673883,143.99212594917006,61852900.0,-0.0005007261720755274,-0.0005008515772894238,61.900390625,18.1015625,93.95999908447266,1900.4000244140625,83.0282974243164,33618.87890625,7625.7001953125,15255.8701171875,4273.52978515625,17466.900390625,11.1899995803833,13063.6103515625,32315.05078125
2023-09-27,19637.05078125,19730.69921875,19554.0,19716.44921875,203600.0,50.35596419484913,66.30451042600544,-38.02163925947224,104.32614968547767,24.494998431453116,28.749966041181473,19758.0150390625,19633.9781640625,18487.664570312503,19781.420120135303,19715.115609709297,21.875824323760785,146.32834686351507,62056500.0,0.002631619198663282,0.002628162551917123,176.69921875,-79.3984375,96.55000305175781,1871.5999755859375,83.29869842529297,33550.26953125,7593.2001953125,15217.4501953125,4274.509765625,17611.869140625,11.59000015258789,13092.849609375,32371.900390625
2023-09-28,19761.80078125,19766.650390625,19492.099609375,19523.55078125,352800.0,42.13874101727506,40.82229173693122,-50.80308635883716,91.62537809576838,17.582808801658402,22.838213766836112,19766.8201171875,19629.4641796875,18492.23557617188,19741.747914152947,19700.925622416016,21.6772508379721,155.48709217683543,61703700.0,-0.009783629666773708,-0.009831803841213342,274.55078125,238.25,95.37999725341797,1860.4000244140625,83.22270202636719,33666.33984375,7601.89990234375,15323.5,4299.7001953125,17373.029296875,12.819999694824219,13201.2802734375,31872.51953125
2023-09-29,19581.19921875,19726.25,19551.05078125,19638.30078125,243500.0,47.615066257587316,29.546225336809584,-49.66332220716704,79.20954754397663,16.357095872239046,19.478301035116854,19786.045117187503,19625.567187500004,18497.944082031252,19725.832970629417,19696.286745292608,21.49286117259689,158.85938693206148,61947200.0,0.005877516917168757,0.005860311697675281,175.19921875,-57.1015625,95.30999755859375,1848.0999755859375,83.19300079345703,33507.5,7608.10009765625,15386.580078125,4288.0498046875,17809.66015625,11.449999809265137,13219.3203125,31857.619140625
2023-10-03,19622.400390625,19623.19921875,19479.650390625,19528.75,221700.0,43.392614996608174,11.635897597836447,-54.05891995691215,65.6948175547486,10.311456627302444,14.75045376706663,19790.717578125,19616.5591796875,18503.102080078126,19695.51251360951,19683.876616011672,21.741699300503512,158.84445862441424,61725500.0,-0.005578424654468894,-0.005594042173129665,143.548828125,93.650390625,90.91999816894531,1824.5999755859375,83.3593978881836,33002.37890625,7470.2001953125,15085.2099609375,4229.4501953125,17331.220703125,11.789999961853027,13059.4697265625,31237.939453125
2023-10-04,19446.30078125,19457.80078125,19333.599609375,19436.099609375,277100.0,40.149814337220455,-9.919927633247426,-60.49179615039682,50.5718685171494,12.719937374509346,13.129496624683611,19786.08251953125,19610.381171875,18507.242578125002,19655.60283603497,19665.522763668218,22.71239923846049,161.43773948159892,61448400.0,-0.004744307271330683,-0.004755597219883326,124.201171875,10.201171875,85.80999755859375,1818.5,83.22979736328125,33129.55078125,7412.5,15099.919921875,4263.75,17195.83984375,11.65999984741211,13236.009765625,30526.880859375
2023-10-05,19521.849609375,19576.94921875,19487.30078125,19545.75,234900.0,45.35463065052795,-17.94830737830489,-54.816140716363435,36.867833338058546,14.003271645343819,12.34488854905187,19784.625,19607.849179687502,18511.669824218752,19638.702399721897,19656.6507071002,22.568362577503645,159.96715875969903,61683300.0,0.005641584105285702,0.005625729970019748,89.6484375,-23.900390625,84.06999969482422,1816.5999755859375,83.44979858398438,33119.5703125,7451.5,15070.2197265625,4258.18994140625,17213.869140625,10.9399995803833,13219.830078125,31075.359375
2023-10-06,19621.19921875,19675.75,19589.400390625,19653.5,159100.0,49.95984967282794,-15.438367778238899,-41.84496089303796,26.40659311479906,23.79670586029314,16.839971626715435,19786.7474609375,19607.307187500002,18517.862822265626,19640.978953610836,19656.417321389075,21.67534736372984,157.82664741972053,61842400.0,0.0055127073660514725,0.005497568008546022,86.349609375,-32.30078125,84.58000183105469,1830.199951171875,83.22489929199219,33407.578125,7494.60009765625,15229.76953125,4308.5,17485.98046875,10.300000190734863,13431.33984375,30994.669921875
2023-10-09,19539.44921875,19588.94921875,19480.5,19512.349609375,165100.0,44.651249361240865,-24.555815289262682,-40.7699267232494,16.214111433986712,26.867010929467366,21.55566281170144,19776.012402343753,19601.988164062503,18524.0795703125,19621.1898237284,19645.745639017663,21.454110234791926,158.91045831831192,61677300.0,-0.00718194675884698,-0.007207861089913015,108.44921875,27.099609375,88.1500015258789,1849.5,83.12460327148438,33604.6484375,7492.2001953125,15128.1103515625,4335.66015625,17517.400390625,11.399999618530273,13484.240234375,30994.669921875
2023-10-10,19565.599609375,19717.80078125,19565.44921875,19689.849609375,216600.0,51.61398235434384,-17.25973211084056,-26.77907483586182,9.519342725021259,35.47191094756515,28.711875912441887,19769.507421875,19602.587148437502,18530.426572265627,19631.752867674033,19649.012599784874,20.337142071337226,162.2347950009325,61893900.0,0.00909680297624016,0.0090556762901256,152.3515625,-124.25,87.6500015258789,1861.0,83.27030181884766,33739.30078125,7628.2001953125,15423.51953125,4358.240234375,17664.73046875,11.270000457763672,13562.83984375,31746.529296875
2023-10-11,19767.0,19839.19921875,19756.94921875,19811.349609375,213700.0,55.720184499398016,-1.6544278301880695,-8.939016444167464,7.284588613979394,54.38841894222971,38.909113606420746,19760.257421875,19605.893125000002,18537.55681640625,19659.383135628028,19661.037563458216,19.213105059510763,161.31442459908018,62107600.0,0.006170692128707245,0.00615173136873013,82.25,-44.349609375,85.81999969482422,1872.800048828125,83.25029754638672,33804.87109375,7620.0,15460.009765625,4376.9501953125,17893.099609375,10.989999771118164,13659.6796875,31936.509765625
2023-10-12,19822.69921875,19843.30078125,19772.650390625,19794.0,217900.0,55.00239001982593,9.206789622799988,1.5377608070564746,7.669028815743514,77.58336490367773,55.81456493115753,19750.2974609375,19606.697109375003,18545.531318359375,19680.093422454484,19670.886632831684,18.193677444695545,154.83842217236017,61889700.0,-0.0008757409120068171,-0.0008761245971014768,70.650390625,28.69921875,86.0,1869.300048828125,83.21800231933594,33631.140625,7644.7998046875,15425.0302734375,4349.60986328125,18238.2109375,10.619999885559082,13574.2197265625,32494.66015625
2023-10-13,19654.55078125,19805.400390625,19635.30078125,19751.05078125,255000.0,53.17616278978684,14.185221292551432,5.212953981446335,8.972267311105098,88.32286030516511,73.43154805035752,19734.35,19607.047109375002,18553.64982421875,19691.009939192256,19676.824717899704,17.395985030637732,155.92850697254872,61634700.0,-0.0021698099802970328,-0.002172167428733089,170.099609375,-96.5,90.88999938964844,1927.4000244140625,83.26239776611328,33670.2890625,7599.60009765625,15186.66015625,4327.77978515625,17813.44921875,10.619999885559082,13407.23046875,32315.990234375
2023-10-16,19737.25,19781.30078125,19691.849609375,19731.75,181000.0,52.33521016803732,16.384383540447743,5.929692983474116,10.454690556973627,83.44771561155243,83.1179802734651,19715.782519531247,19611.15109375,18563.2745703125,19697.277640854987,19680.89325731454,16.655270646155476,151.18012589415238,61453700.0,-0.0009772027556287366,-0.0009776805295215437,89.451171875,5.5,89.6500015258789,1921.0999755859375,83.28230285644531,33984.5390625,7630.60009765625,15237.990234375,4373.6298828125,17640.359375,11.069999694824219,13567.98046875,31659.029296875
2023-10-17,19843.19921875,19849.75,19775.650390625,19811.5,185800.0,55.46891641357314,24.282480645888427,11.06223207113184,13.220248574756587,84.20166777538347,85.32408123070033,19696.740039062497,19619.7480859375,18572.259072265624,19714.850311492683,19690.567830846794,15.494755022738838,148.81011690171292,61639500.0,0.004041709427698992,0.004033563661320618,74.099609375,31.69921875,89.9000015258789,1922.699951171875,83.19950103759766,33997.6484375,7675.2001953125,15251.6904296875,4373.2001953125,17773.33984375,10.699999809265137,13533.75,32040.2890625
2023-10-18,19820.44921875,19840.94921875,19659.94921875,19671.099609375,198900.0,49.32116579909469,18.993693876403995,4.618756241317925,14.37493763508607,78.69725417907921,82.11554585533837,19673.62998046875,19622.830078125,18579.953066406248,19708.119434243807,19689.125740367403,15.136846551407318,151.10939426587626,61440600.0,-0.007086812741337156,-0.007112043473065063,181.0,149.349609375,91.5,1955.300048828125,83.26429748535156,33665.078125,7588.0,15094.91015625,4314.60009765625,17732.51953125,10.970000267028809,13314.2998046875,32042.25
2023-10-19,19545.19921875,19681.80078125,19512.349609375,19624.69921875,230300.0,47.44946724662901,10.932149504289555,-2.7542305046372135,13.686380008926768,71.45850124935829,78.11914106794032,19659.794921875,19623.378046875,18587.4640625,19695.28555493707,19684.35340543278,15.584775821873414,152.41952123795656,61210300.0,-0.0023588102112444,-0.002361596586600212,169.451171875,-79.5,92.37999725341797,1968.4000244140625,83.26860046386719,33414.171875,7499.5,15045.23046875,4278.0,17295.890625,10.899999618530273,13186.1796875,31430.619140625
2023-10-20,19542.150390625,19593.80078125,19518.69921875,19542.650390625,198300.0,44.251555037647606,-2.0536638514095102,-12.592035088269023,10.538371236859513,54.09601580208046,68.08392374350598,19649.8099609375,19622.8140625,18594.222314453124,19671.80322196598,19673.85688581739,16.000710144449076,149.10384114953112,61012000.0,-0.004180896084593599,-0.004189660467809165,75.1015625,-0.5,92.16000366210938,1982.5,83.12229919433594,33127.28125,7402.10009765625,14798.4697265625,4224.16015625,17172.130859375,10.819999694824219,12983.8095703125,31259.359375
2023-10-23,19521.599609375,19556.849609375,19257.849609375,19281.75,176000.0,35.95370041265779,-33.0168973411819,-34.844214862433134,1.8273175212512305,33.6460119463689,53.06684299926921,19630.1849609375,19615.798046875003,18600.104560546875,19611.795033971215,19644.811931312397,17.510110813266195,159.81070963885034,60836000.0,-0.013350307425555652,-0.01344022395196905,299.0,239.849609375,89.83000183105469,1976.300048828125,83.15979766845703,32936.41015625,7374.7998046875,14800.7197265625,4217.0400390625,17172.130859375,10.90999984741211,13018.330078125,30999.55078125
2023-10-25,19286.44921875,19347.30078125,19074.150390625,19122.150390625,225300.0,32.00060535923797,-69.63117279082508,-57.16679224966104,-12.464380541164031,16.909526864201805,34.883851537550385,19602.56494140625,19607.3790625,18604.72806640625,19536.465088841025,19606.09626163185,19.503318249459802,167.90640113786102,60610700.0,-0.008277236732921023,-0.008311683270009834,273.150390625,164.298828125,90.12999725341797,1984.0999755859375,82.98780059814453,33035.9296875,7414.2998046875,14892.1796875,4186.77001953125,17085.330078125,11.3100004196167,12821.2197265625,31269.919921875
2023-10-26,19027.25,19041.69921875,18837.849609375,18857.25,300400.0,26.74450464479871,-118.65570838908025,-84.95306227833296,-33.70264611074728,4.04796370819397,18.20116750625489,19562.19248046875,19595.958046875,18607.8515625,19431.970459788557,19550.626168177638,21.955918975597964,176.22028543158524,60310300.0,-0.013853064912347501,-0.013949914095014037,203.849609375,170.0,87.93000030517578,1987.199951171875,83.1709976196289,32784.30078125,7354.60009765625,14731.0498046875,4137.22998046875,17044.609375,11.729999542236328,12595.6103515625,30601.779296875
2023-10-27,18928.75,19076.150390625,18926.650390625,19047.25,205200.0,34.99209935107994,-140.55634786476367,-85.4829614032131,-55.07338646155056,9.599919539895986,10.18580337076392,19528.73251953125,19588.21203125,18612.873066406246,19372.78269674416,19513.339044608925,23.973349580376524,179.268864373972,60515500.0,0.010075700327460302,0.010025278863763394,149.5,-118.5,90.4800033569336,1988.5999755859375,83.28250122070312,32417.58984375,7291.2998046875,14687.41015625,4117.3701171875,17398.73046875,10.90999984741211,12643.009765625,30991.689453125
2023-10-30,19053.400390625,19158.5,18940.0,19140.900390625,180100.0,38.65803997099934,-148.6425003629156,-74.85529112109202,-73.78720924182358,17.519891859826966,10.38925836930564,19509.600000000002,19581.730039062502,18618.616816406247,19337.108495802753,19485.75099616567,25.230771977208175,182.07108834725972,60695600.0,0.004916740769664862,0.004904693073893485,218.5,-87.5,87.44999694824219,1996.199951171875,83.41339874267578,32928.9609375,7327.39990234375,14716.5400390625,4166.81982421875,17406.359375,11.489999771118164,12789.48046875,30696.9609375
2023-10-31,19232.94921875,19233.69921875,19056.44921875,19079.599609375,206000.0,37.18005370913438,-158.1739642106113,-67.50940397503018,-90.66456023558112,24.84438122113211,17.32139754028502,19481.664941406252,19576.01703125,18624.717568359374,19297.491744044637,19455.66570825525,25.85796860075609,181.726724893884,60489600.0,-0.0032026069828995363,-0.003207746304394414,177.25,153.349609375,87.41000366210938,1985.199951171875,83.29650115966797,33052.87109375,7321.7001953125,14810.33984375,4193.7998046875,17112.48046875,11.829999923706055,12851.240234375,30858.849609375
2023-11-01,19064.05078125,19096.05078125,18973.69921875,18989.150390625,194100.0,35.050686375531896,-171.05440531110798,-64.3118760604215,-106.74252925068649,22.930503468167554,21.76492551637554,19454.6849609375,19569.59703125,18629.15732421875,19250.054612749307,19421.109018060415,26.721083226848055,177.48564186574944,60295500.0,-0.004740624572936891,-0.004751896973195711,122.3515625,74.900390625,84.62999725341797,1978.800048828125,83.2771987915039,33274.578125,7342.39990234375,14923.26953125,4237.85986328125,17101.779296875,12.050000190734863,13061.4697265625,31601.650390625
2023-11-02,19120.0,19175.25,19064.150390625,19133.25,245600.0,40.861702238984165,-167.7014555073838,-48.76714100535784,-118.93431450202596,22.678489511857265,23.48445806705231,19439.54248046875,19564.390039062502,18635.252822265626,19232.084672326335,19399.78612783372,26.952695816852128,178.10092525926734,60541100.0,0.007588523257266999,0.007559875254064636,111.099609375,-13.25,86.8499984741211,1985.5999755859375,85.19400024414062,33839.078125,7446.5,15143.599609375,4317.77978515625,17230.58984375,11.079999923706055,13294.1904296875,31949.890625
2023-11-03,19241.0,19276.25,19210.900390625,19230.599609375,189500.0,44.47592502953858,-155.39759203002177,-29.170622022396643,-126.22697000762513,27.65262864646566,24.42054054216349,19423.784960937504,19561.073046875004,18641.92732421875,19231.85620110305,19387.253793133073,26.48467276664914,175.59371631217684,60730600.0,0.005087980838331285,0.005075080802081226,65.349609375,10.400390625,84.88999938964844,1991.5,83.24729919433594,34061.3203125,7417.7001953125,15189.25,4358.33984375,17664.119140625,10.880000114440918,13478.2802734375,31949.890625
2023-11-06,19345.849609375,19423.0,19309.69921875,19411.75,180700.0,50.534099358733066,-129.53615681094743,-2.647349442657827,-126.8888073682896,41.57361709191207,30.63491175007833,19411.697460937503,19560.428046875,18649.695078124998,19259.532170164122,19389.06832697507,25.162112562574478,176.79419304880707,60911300.0,0.00941990339899168,0.009375812778954773,113.30078125,-65.900390625,85.18000030517578,1981.5999755859375,83.15850067138672,34095.859375,7417.7998046875,15135.9697265625,4365.97998046875,17966.58984375,11.109999656677246,13518.7802734375,32708.48046875
2023-11-07,19404.05078125,19423.5,19329.099609375,19406.69921875,198700.0,50.369082451935355,-108.20106439644951,14.950194377472087,-123.1512587739216,50.74580019796005,39.990681978779264,19406.414941406252,19560.828046875,18656.94557617187,19282.17325456195,19390.3743189584,23.931100293642977,170.90892144710656,60712600.0,-0.000260191958478706,-0.0002602258142791332,94.400390625,-2.6484375,81.61000061035156,1966.800048828125,83.2228012084961,34152.6015625,7410.0,15152.6396484375,4378.3798828125,17670.16015625,11.1899995803833,13639.8603515625,32271.8203125
2023-11-08,19449.599609375,19464.400390625,19401.5,19443.5,195000.0,51.6089968403276,-87.31680073099778,28.667566434339065,-115.98436716533685,61.729322822151794,51.3495800373413,19394.0974609375,19564.382031250003,18664.688828125,19306.99275386011,19394.30955459111,22.53912898455665,163.19402638838469,60907600.0,0.0018962926582819506,0.0018944969651071763,62.900390625,6.099609375,79.54000091552734,1951.5,83.23269653320312,34112.26953125,7401.7001953125,15229.599609375,4382.77978515625,17568.4609375,11.039999961853027,13650.41015625,32166.48046875
2023-11-09,19457.400390625,19463.900390625,19378.349609375,19395.30078125,208400.0,49.85231789919655,-73.80437456027721,33.74399408404771,-107.54836864432492,67.40485053961865,59.95999118657683,19373.29501953125,19566.16703125,18671.398828125,19320.578604227787,19394.382978788064,21.37831368369103,157.6480803070715,60699200.0,-0.002478937369815082,-0.0024820150223140987,85.55078125,62.099609375,80.01000213623047,1964.199951171875,83.21769714355469,33891.94140625,7455.7001953125,15352.5400390625,4347.35009765625,17511.2890625,10.979999542236328,13521.4501953125,32646.4609375
2023-11-10,19351.849609375,19451.30078125,19329.44921875,19425.349609375,152200.0,50.972727785313,-59.979582871703315,38.055028618097296,-98.03461148980061,75.738692106714,68.29095515616147,19354.862500000003,19567.821015625002,18677.698828125,19336.697220404283,19396.676803275986,20.581926493321504,155.09118617799496,60851400.0,0.001549283945833313,0.0015480850435944918,121.8515625,-73.5,81.43000030517578,1932.5999755859375,83.31939697265625,34283.1015625,7360.60009765625,15234.3896484375,4415.240234375,17203.259765625,11.109999656677246,13798.1103515625,32568.109375
2023-11-13,19486.75,19494.400390625,19414.75,19443.55078125,189300.0,51.67699344098081,-47.012720027418254,40.817513169905894,-87.83023319732415,82.5691458245739,75.23756282363551,19339.487500000003,19569.743046875003,18684.377333984376,19353.13622976516,19400.14894979258,19.540190112546114,149.7025579242096,61040700.0,0.0009369804014345284,0.0009365417093074231,79.650390625,43.19921875,82.5199966430664,1945.5,83.29889678955078,34337.87109375,7425.7998046875,15345.0,4411.5498046875,17426.2109375,11.1899995803833,13767.740234375,32585.109375
2023-11-15,19651.400390625,19693.19921875,19579.650390625,19675.44921875,291500.0,59.63320317790407,-17.81871885280634,56.00921147561425,-73.82793032842059,90.63019077830899,82.97934290319895,19336.6724609375,19578.176015625002,18692.616328124997,19402.722843455136,19420.541562307943,18.9285414149301,156.84154932248035,61332200.0,0.011926753508604282,0.011856190289938534,113.548828125,-24.048828125,81.18000030517578,1960.0999755859375,82.98159790039062,34991.2109375,7486.89990234375,15748.169921875,4502.8798828125,18079.0,11.140000343322754,14103.83984375,33519.69921875
2023-11-16,19674.69921875,19875.25,19627.0,19765.19921875,282700.0,62.225430689027576,12.416680572918267,68.99568872107109,-56.57900814815282,92.85948956377467,88.68627538888585,19334.357421875,19584.773984375002,18700.8495703125,19458.488439654346,19446.071759081427,19.227864608313634,163.37072437087463,61614900.0,0.004561522280999375,0.004551150068331243,248.25,-90.5,77.41999816894531,1983.9000244140625,83.18620300292969,34945.46875,7411.0,15786.6103515625,4508.240234375,17832.8203125,11.649999618530273,14113.669921875,33424.41015625
2023-11-17,19674.75,19806.0,19667.44921875,19731.80078125,236800.0,60.66423295256922,33.29962037286896,71.90290281681743,-38.603282443948466,90.32845649151425,91.27271227786596,19337.392480468752,19588.833984375,18708.9170703125,19500.536492207524,19467.236871834655,19.505807573598346,161.59787129081215,61378100.0,-0.0016897597201204206,-0.0016911889743673853,138.55078125,-57.05078125,80.61000061035156,1981.5999755859375,83.12030029296875,34947.28125,7504.2998046875,15919.16015625,4514.02001953125,17454.189453125,11.829999923706055,14125.48046875,33585.19921875
2023-11-20,19731.150390625,19756.44921875,19670.5,19694.0,173800.0,58.864119153825065,46.26596820333725,67.89540051782858,-21.62943231449132,84.31876562403514,89.16890389310802,19340.85751953125,19591.2159765625,18717.92732421875,19530.30010879098,19484.034140587642,19.76389746993415,156.19439610932557,61204300.0,-0.0019157289123818977,-0.0019175662679732529,85.94921875,37.150390625,82.31999969482422,1977.699951171875,83.29149627685547,35151.0390625,7496.39990234375,15901.330078125,4547.3798828125,17778.0703125,12.149999618530273,14284.5302734375,33388.03125
2023-11-21,19770.900390625,19829.099609375,19754.05078125,19783.400390625,195000.0,61.754598056702285,63.02919532033047,67.72690210785743,-4.697706787526961,84.78991127158294,86.47904446237743,19352.89501953125,19594.662968750003,18728.822578125,19569.238613688518,19506.209418368187,20.353105857036184,154.6876256283023,61399300.0,0.0045394734754240496,0.004529201141300913,75.048828125,-12.5,82.44999694824219,1999.300048828125,83.32219696044922,35088.2890625,7482.0,15900.5302734375,4538.18994140625,17733.890625,12.229999542236328,14199.98046875,33354.140625
2023-11-22,19784.0,19825.55078125,19703.849609375,19811.849609375,184500.0,62.65390877170456,77.7139497388307,65.92932522108613,11.784624517744573,87.29706593516022,85.46858094359276,19379.4,19596.358945312502,18739.637080078122,19606.56338225567,19528.84943251684,20.486695303182966,152.3314503602093,61583800.0,0.0014380348265852216,0.0014370018446946907,121.701171875,-27.849609375,81.95999908447266,1991.4000244140625,83.345703125,35273.03125,7469.5,15957.8203125,4556.6201171875,17734.599609375,11.869999885559082,14265.8603515625,33451.828125
2023-11-23,19828.44921875,19875.150390625,19786.75,19802.0,170000.0,62.10937969373456,87.54774633037232,60.610497450102194,26.937248880270126,90.32320802398758,87.4700617435769,19413.39248046875,19595.9999609375,18750.336328125,19636.630554216335,19549.082807885963,20.86580316437439,147.7649460934086,61413800.0,-0.0004971574875239915,-0.0004972811112830416,88.400390625,26.44921875,81.37000274658203,1991.4000244140625,83.54830169677734,35273.03125,7483.60009765625,15994.73046875,4556.6201171875,17910.83984375,11.319999694824219,14265.8603515625,33451.828125
2023-11-24,19809.599609375,19832.849609375,19768.849609375,19794.69921875,145900.0,61.681459717343714,93.67219420032052,53.38795625604031,40.28423794428021,88.97156348911578,88.86394581608785,19460.26494140625,19591.966953125,18761.228320312497,19660.948810298436,19567.276616098115,21.06030945583406,141.78173565816516,61267900.0,-0.00036868908443588033,-0.0003687570669664962,64.0,14.900390625,80.58000183105469,2002.199951171875,83.34400177001953,35390.1484375,7488.2001953125,16029.490234375,4559.33984375,17559.419921875,11.329999923706055,14250.849609375,33625.53125
2023-11-28,19844.650390625,19916.849609375,19800.0,19889.69921875,229600.0,65.05530792641562,104.9814089793399,51.757736828047754,53.22367215129215,90.0373034770833,89.77735833006221,19502.387402343753,19589.896953125,18772.624814453124,19696.141180829447,19591.159771850107,21.685117009865277,140.37949672722482,61497500.0,0.004799264638990497,0.004787784883390938,116.849609375,-45.048828125,81.68000030517578,2039.699951171875,83.364501953125,35416.98046875,7455.2001953125,15992.669921875,4554.89013671875,17354.140625,12.180000305175781,14281.759765625,33408.390625
2023-11-29,19976.55078125,20104.650390625,19956.30078125,20096.599609375,236200.0,71.03652584568044,129.15041002154248,60.741390296200265,68.40901972534222,93.36639690579435,90.7917546239978,19550.17236328125,19590.428945312502,18783.837558593747,19757.750169836454,19628.59975981491,23.086773821925792,145.70604495206592,61733700.0,0.010402389113554511,0.010348656573869122,148.349609375,-120.048828125,83.0999984741211,2047.0999755859375,83.41809844970703,35430.421875,7423.5,16166.4501953125,4550.580078125,16993.439453125,12.710000038146973,14258.490234375,33321.21875
2023-11-30,20108.5,20158.69921875,20015.849609375,20133.150390625,486600.0,71.9499288016151,149.53016934210973,64.896919693414,84.63324964869572,97.0870418815892,93.4969140881556,19602.84990234375,19591.0299609375,18795.6803125,19815.50404995777,19665.97388061566,24.590914313279452,145.50201383941837,62220300.0,0.0018187545137213768,0.0018171025823992028,142.849609375,-24.650390625,82.83000183105469,2038.0999755859375,83.3302993774414,35950.890625,7453.7998046875,16215.4296875,4567.7998046875,17042.880859375,12.6899995803833,14226.2197265625,33486.890625
2023-12-01,20194.099609375,20291.55078125,20183.69921875,20267.900390625,265800.0,75.07118990910325,174.54245747825917,71.92736626365075,102.61509121460841,97.80743399878371,96.08695759538908,19666.787402343754,19592.5409765625,18808.412314453126,19885.1034869835,19710.56102950524,26.44011303387789,146.4233264669599,62486100.0,0.0066929416105065975,0.00667064331563437,107.8515625,-73.80078125,78.87999725341797,2071.0,83.35269927978516,36245.5,7529.39990234375,16397.51953125,4594.6298828125,16830.30078125,12.380000114440918,14305.0302734375,33431.51171875
2023-12-04,20601.94921875,20702.650390625,20507.75,20686.80078125,381100.0,81.83734719171679,225.56644706523002,98.36108468049729,127.20536238473274,97.7433959969001,97.54595729242433,19744.46494140625,19603.6109765625,18822.487822265626,20008.441532255267,19782.875085190037,29.127431303931825,167.01808886217705,62867200.0,0.020668169003769332,0.020457480483773903,194.900390625,-84.8515625,78.02999877929688,2024.0999755859375,83.21859741210938,36204.44140625,7513.0,16404.759765625,4569.77978515625,16646.05078125,12.989999771118164,14185.490234375,33231.26953125
2023-12-05,20808.900390625,20864.05078125,20711.150390625,20855.099609375,421000.0,83.7461135470121,276.3974970243653,119.35370771170602,157.04378931265927,98.5380765345834,98.02963551008907,19825.68994140625,19622.6849609375,18837.29607421875,20138.696621042916,19862.29912401855,31.889555679290787,167.74893965773583,63288200.0,0.008135565760247543,0.008102650447744338,152.900390625,-46.19921875,77.19999694824219,2018.5,83.41709899902344,36124.55859375,7489.7998046875,16533.109375,4567.18017578125,16327.8603515625,13.460000038146973,14229.91015625,32775.8203125
2023-12-06,20950.75,20961.94921875,20852.150390625,20937.69921875,359200.0,84.6014461214396,319.66170731828606,130.0943344045014,189.56737291378465,98.75196071514569,98.34447774887639,19901.98740234375,19646.591953125,18852.7020703125,20261.62009761324,19941.958390294953,34.6006018755548,163.60964597682613,63647400.0,0.003960643244200535,0.003952820545223537,109.798828125,13.05078125,74.30000305175781,2030.5,83.31590270996094,36054.4296875,7515.39990234375,16656.439453125,4549.33984375,16463.259765625,13.739999771118164,14146.7099609375,33445.8984375
2023-12-07,20932.400390625,20941.25,20850.80078125,20901.150390625,275000.0,82.5318782864475,346.99972388254173,125.94588077500566,221.05384310753607,97.59661115075072,98.29554946682659,19976.7099609375,19671.1299609375,18868.3533203125,20360.009373461202,20013.00964957866,37.10656364840453,158.38390117491,63372400.0,-0.0017455990623970186,-0.0017471243957791426,90.44921875,31.25,74.05000305175781,2029.9000244140625,83.28959655761719,36117.37890625,7513.7001953125,16628.990234375,4585.58984375,16345.8896484375,12.670000076293945,14339.990234375,32858.30859375
2023-12-08,20934.099609375,21006.099609375,20862.69921875,20969.400390625,292400.0,83.35091996609452,369.9084294655622,119.08366908642091,250.8247603791413,96.91299229944491,97.75385472178044,20053.00498046875,19697.026953125,18883.55107421875,20453.761837640246,20083.853408174684,39.53426219972911,157.31365042134502,63664800.0,0.003265370504707432,0.0032600507599202964,143.400390625,-35.30078125,75.83999633789062,1998.300048828125,83.35489654541016,36247.87109375,7554.5,16759.220703125,4604.3701171875,16334.3701171875,12.470000267028809,14403.9697265625,32307.859375
2023-12-11,20965.30078125,21026.099609375,20923.69921875,20997.099609375,212900.0,83.68526084198322,385.8509891307149,108.02098300125886,277.830006129456,96.78743138767507,97.09901161262354,20133.094921875003,19723.6749609375,18898.45732421875,20537.352264060977,20151.501274930262,41.81996869023477,153.39127472160607,63877700.0,0.001320935183362959,0.001320063516009915,102.400390625,-31.798828125,76.02999877929688,1978.0,83.43009948730469,36404.9296875,7544.89990234375,16794.4296875,4622.43994140625,16201.490234375,12.760000228881836,14432.490234375,32791.80078125
2023-12-12,21018.55078125,21037.900390625,20867.150390625,20906.400390625,244900.0,78.15106117539769,386.7091709722881,87.10333187426568,299.60583909802244,95.06726726111425,96.25589698274473,20207.1474609375,19747.473984375003,18912.810078125,20594.128898916977,20207.41972794469,43.39989232061842,154.6311836700628,63632800.0,-0.004319607014175553,-0.004328963470418101,170.75,112.150390625,73.23999786376953,1977.800048828125,83.34349822998047,36577.94140625,7542.7998046875,16791.740234375,4643.7001953125,16374.5,12.710000038146973,14533.400390625,32843.69921875
2023-12-13,20929.75,20950.0,20769.5,20926.349609375,260300.0,78.48803255149444,384.5659842131572,67.96811609210778,316.59786812104943,93.05315894663315,94.96928586514082,20281.28740234375,19775.5299609375,18927.720830078124,20645.23977744898,20260.673793235823,43.97609126434205,156.47895626505832,63893100.0,0.0009542158562574343,0.0009537608817135473,180.5,3.400390625,74.26000213623047,1982.300048828125,83.39600372314453,37090.23828125,7548.39990234375,16766.05078125,4707.08984375,16228.75,12.069999694824219,14733.9599609375,32926.3515625
2023-12-14,21110.400390625,21210.900390625,21074.44921875,21182.69921875,334400.0,82.2717592140087,398.953872437909,65.88480345348762,333.0690689844214,93.13235949267182,93.75092856680641,20356.64990234375,19806.4179296875,18944.411328125,20727.925845341448,20328.97197290354,45.13370700964433,165.62694376398272,64227500.0,0.012250087289956912,0.012175662163725103,136.451171875,-72.298828125,76.61000061035156,2030.199951171875,83.2853012084961,37248.3515625,7649.0,16752.23046875,4719.5498046875,16402.189453125,12.319999694824219,14761.5595703125,32686.25
2023-12-15,21287.44921875,21492.30078125,21235.30078125,21456.650390625,508800.0,85.25626443063625,427.53360629703457,75.57162985009052,351.96197644694405,95.71588395498588,93.96713413143029,20441.222460937504,19844.9759375,18962.561083984372,20840.03731384661,20412.503707549575,46.6995152345535,175.91084510226966,64736300.0,0.012932779200891975,0.012849864921501506,257.0,-169.201171875,76.55000305175781,2021.0999755859375,83.29660034179688,37305.16015625,7576.39990234375,16751.439453125,4719.18994140625,16792.189453125,13.130000114440918,14813.919921875,32970.55078125
2023-12-18,21434.80078125,21482.80078125,21365.349609375,21418.650390625,249700.0,83.16484283007138,442.0216187929691,72.04771387682001,369.9739049161491,97.04760016754867,95.29861453840212,20525.56494140625,19884.626953125,18981.882832031246,20929.054710274057,20487.033091481087,48.1534800148263,171.7351541574647,64486600.0,-0.0017710126840955187,-0.0017725827811074615,117.451171875,16.150390625,77.94999694824219,2026.300048828125,83.04170227050781,37306.01953125,7614.5,16650.55078125,4740.56005859375,16629.23046875,13.899999618530273,14904.8095703125,32758.98046875
2023-12-19,21477.650390625,21505.05078125,21337.75,21453.099609375,249800.0,83.55860537814253,451.0834281553907,64.88761859139333,386.1958095639974,96.53663465939148,96.43337292730867,20613.519921875,19922.773945312503,19001.592080078124,21009.677002443434,20558.593574288043,49.27383437592059,171.41841323550292,64736400.0,0.0016083748565725031,0.001607082806947435,167.30078125,24.55078125,79.2300033569336,2038.4000244140625,83.11119842529297,37557.921875,7638.0,16744.41015625,4768.3701171875,16505.0,13.869999885559082,15003.2197265625,33219.390625
2023-12-20,21543.5,21593.0,21087.349609375,21150.150390625,363900.0,68.40602120758298,428.8756952124968,34.14390851879949,394.7317866936973,86.76439000707,93.44954161133671,20681.857421875,19952.706953125,19020.013828125,21031.288292932906,20602.41259772041,48.461158683051494,195.2921259061813,64372500.0,-0.01412146609423337,-0.014222122733049722,505.650390625,393.349609375,79.69999694824219,2034.5,83.09159851074219,37082.0,7715.7001953125,16733.05078125,4698.35009765625,16613.810546875,14.449999809265137,14777.9404296875,33675.94140625
2023-12-21,21033.94921875,21288.349609375,20976.80078125,21255.05078125,277500.0,70.40714666086036,414.9571242647871,16.180270056871848,398.7768542079153,77.9826330199483,87.09455256213658,20754.017480468752,19987.560976562498,19039.3255859375,21065.713291135537,20650.75616687075,47.016934957154305,203.59617606466836,64650000.0,0.004959794076523361,0.004947534816775346,311.548828125,-221.1015625,79.38999938964844,2039.0999755859375,83.26719665527344,37404.3515625,7694.7001953125,16687.419921875,4746.75,16621.130859375,13.760000228881836,14963.8701171875,33140.46875
2023-12-22,21295.849609375,21390.5,21232.44921875,21349.400390625,284700.0,72.11773582189667,406.8498694352129,6.458412181838071,400.3914572533748,69.93757056858091,78.22819786519973,20831.3875,20020.7519921875,19059.552841796874,21109.35746028776,20702.507590852547,46.00970619148013,200.34293357790634,64934700.0,0.004438926556610712,0.004429103580375731,158.05078125,-53.55078125,79.06999969482422,2057.10009765625,83.13159942626953,37385.96875,7697.5,16706.1796875,4754.6298828125,16340.41015625,13.710000038146973,14992.9697265625,33169.05078125
2023-12-26,21365.19921875,21477.150390625,21329.44921875,21441.349609375,219500.0,73.71251491582858,403.1965462703338,2.2440712135671674,400.9524750567666,74.27357342534873,74.06459233795931,20913.720019531247,20053.351992187498,19079.505087890626,21160.43317553195,20757.236629261617,45.343513017743255,196.58280774198445,65154200.0,0.004306875934107168,0.004297627887901326,147.701171875,-76.150390625,81.06999969482422,2058.199951171875,83.17230224609375,37545.328125,7697.5,16706.1796875,4774.75,16340.41015625,14.680000305175781,15074.5703125,33305.8515625
2023-12-27,21497.650390625,21675.75,21495.80078125,21654.75,256500.0,77.00045298349556,412.76281658963853,9.448273226297488,403.31454336334104,83.8812323881387,76.03079212735611,21001.97255859375,20090.5669921875,19101.1693359375,21236.481917757803,20823.719101168164,45.2754786396431,199.28406366219986,65410700.0,0.0099527499207277,0.009903547502138933,179.94921875,-157.099609375,79.6500015258789,2081.89990234375,83.18280029296875,37656.51953125,7725.0,16742.0703125,4781.580078125,16624.83984375,15.5600004196167,15099.1796875,33681.23828125
2023-12-28,21715.0,21801.44921875,21678.0,21778.69921875,393100.0,78.66928730337014,425.4415949271024,17.701641251009107,407.7399536760933,92.35428159863271,83.50302913737337,21086.0775390625,20131.1199609375,19122.09108398437,21319.899964064294,20894.45836913719,45.51664397054484,195.52800331132843,65803800.0,0.005723881307796219,0.0057075621422148105,123.44921875,-63.69921875,78.38999938964844,2073.89990234375,83.26719665527344,37710.1015625,7722.7001953125,16701.55078125,4783.35009765625,17043.529296875,15.140000343322754,15095.1396484375,33539.62109375
2023-12-29,21737.650390625,21770.30078125,21676.900390625,21731.400390625,270900.0,76.3914130091147,426.75364756412455,15.210955110425004,411.54269245369954,96.2300605393252,90.82185817536553,21165.9900390625,20171.11296875,19142.19083984375,21383.20772199671,20956.454074432586,45.73292438968001,188.83306222659067,65532900.0,-0.0021717930740454694,-0.0021741548367498844,93.400390625,6.25,77.04000091552734,2062.39990234375,82.302001953125,37689.5390625,7733.2001953125,16751.640625,4769.830078125,17047.390625,14.5,15011.349609375,33464.171875
2024-01-01,21727.75,21834.349609375,21680.849609375,21741.900390625,154000.0,76.55371438096846,423.75592643855634,9.770587187885383,413.98533925067096,94.10850639754933,94.23094951183575,21239.6900390625,20209.7209765625,19162.12833984375,21438.391209477988,21014.63528303943,46.09285313686096,186.3092720675485,65686900.0,0.00048317180721269004,0.0004830551173010514,153.5,-14.150390625,77.04000091552734,2062.39990234375,83.24859619140625,37689.5390625,7733.2001953125,16751.640625,4769.830078125,17047.390625,14.5,15011.349609375,33464.171875
2024-01-02,21751.349609375,21755.599609375,21555.650390625,21665.80078125,263700.0,72.65522070364781,410.5075330545478,-2.7822449568985235,413.28977801144634,89.56722294388508,93.3019299602532,21288.6400390625,20249.614999999998,19182.509345703125,21473.377297442912,21062.869764388364,45.52767452663882,187.2835539734379,65423200.0,-0.003500136051024061,-0.0035062758581720864,199.94921875,85.548828125,75.88999938964844,2064.39990234375,83.20259857177734,37715.0390625,7721.5,16769.359375,4742.830078125,16788.55078125,14.579999923706055,14765.9404296875,33464.171875
2024-01-03,21661.099609375,21677.0,21500.349609375,21517.349609375,311900.0,65.6335224026871,383.60733041830827,-23.745958074510497,407.35328849281876,79.50795162837785,87.7278936566041,21321.7525390625,20287.468007812502,19203.031591796876,21480.142268509386,21096.534938091077,44.625751283189636,186.52404230569235,65111300.0,-0.00685186637566948,-0.006875448193459907,176.650390625,143.75,78.25,2034.199951171875,83.25700378417969,37430.19140625,7682.2998046875,16538.390625,4704.81005859375,16646.41015625,14.100000381469727,14592.2099609375,33464.171875
2024-01-04,21605.80078125,21685.650390625,21564.55078125,21658.599609375,339200.0,68.73016081255123,369.4278858409889,-30.34032212146394,399.76820796245283,75.5704329572497,81.54853584317087,21357.79755859375,20329.786992187503,19225.5530859375,21507.597244027173,21138.169358186184,43.818902325503565,185.22238080171434,65450500.0,0.006564470186349425,0.006543017882762483,121.099609375,-52.798828125,77.58999633789062,2042.300048828125,83.31809997558594,37440.33984375,7723.10009765625,16617.2890625,4688.68017578125,16645.98046875,13.329999923706055,14510.2998046875,33288.2890625
2024-01-05,21705.75,21749.599609375,21629.19921875,21710.80078125,309300.0,69.81273031755941,358.2728260414806,-33.1963055367778,391.4691315782584,76.04416961801404,77.04085140121386,21398.280078124997,20378.368007812503,19248.8905859375,21538.859326676837,21180.586500635356,43.300401531700835,180.59223864623476,65759800.0,0.002410182228605562,0.0024072823978970102,120.400390625,-5.05078125,78.76000213623047,2042.4000244140625,83.2406005859375,37466.109375,7689.60009765625,16594.2109375,4697.240234375,16535.330078125,12.630000114440918,14524.0703125,33377.421875
2024-01-08,21747.599609375,21763.94921875,21492.900390625,21513.0,231500.0,61.17087017969546,329.67124591603715,-49.43830852977703,379.1095544458142,75.87509822008131,75.82990026511501,21425.46005859375,20426.185,19271.594833984374,21534.880968726553,21205.209722810516,41.84278345430806,187.05342360900372,65528300.0,-0.00911070868564301,-0.009152465005292239,271.048828125,234.599609375,76.12000274658203,2026.5999755859375,83.19110107421875,37683.01171875,7694.2001953125,16716.470703125,4763.5400390625,16224.4501953125,13.460000038146973,14843.76953125,33377.421875
2024-01-09,21653.599609375,21724.44921875,21517.849609375,21544.849609375,228600.0,61.9868276369915,306.04637282298427,-58.45054529826393,364.4969181212482,71.45358128447192,74.45761637418909,21452.847558593752,20479.9369921875,19294.391083984374,21536.41460574939,21230.368232926405,40.48928095387192,188.79598040478916,65756900.0,0.0014804820050666745,0.001479387172036867,206.599609375,108.75,77.58999633789062,2026.4000244140625,83.05069732666016,37525.16015625,7684.0,16688.359375,4756.5,16190.01953125,13.260000228881836,14857.7099609375,33763.1796875
2024-01-10,21529.30078125,21641.849609375,21448.650390625,21618.69921875,217000.0,63.88205644262718,289.94028584469197,-59.64530582124496,349.58559166593693,67.87354947445138,71.73407632633487,21488.4625,20531.365976562498,19316.984326171874,21549.07377698025,21259.13349113556,38.74398743516767,189.1104974294471,65973900.0,0.0034277152411805734,0.003421854015216792,193.19921875,-89.3984375,76.80000305175781,2021.699951171875,83.131103515625,37695.73046875,7651.7998046875,16689.810546875,4783.4501953125,16097.2802734375,12.970000267028809,14969.650390625,34441.71875
2024-01-11,21688.0,21726.5,21593.75,21647.19921875,212500.0,64.61526052944083,276.2908982025001,-58.635754770749486,334.9266529732496,70.00014605063886,69.77575893652072,21524.50498046875,20581.491953124998,19340.2783203125,21564.16999879098,21287.87910058848,37.532891905676145,185.08474761305803,66186400.0,0.0013183031833516878,0.001317434984659037,132.75,40.80078125,77.41000366210938,2014.300048828125,83.02559661865234,37711.01953125,7576.60009765625,16547.029296875,4780.240234375,16302.0400390625,12.770000457763672,14970.1904296875,35049.859375
2024-01-12,21773.55078125,21928.25,21715.150390625,21894.55078125,294700.0,70.2583987759058,282.1800678765394,-42.197268077368165,324.37733595390756,79.37722135895956,72.41697229468326,21560.097558593752,20637.7909765625,19364.21357421875,21614.997811476987,21332.817743600448,37.24157133496652,191.93946430141102,66481100.0,0.011426492637705898,0.011361703346499745,213.099609375,-121.0,78.29000091552734,2046.699951171875,83.07610321044922,37592.98046875,7624.89990234375,16704.560546875,4783.830078125,16244.580078125,13.100000381469727,14972.759765625,35577.109375
2024-01-15,22053.150390625,22115.55078125,21963.55078125,22097.44921875,345500.0,73.93102974353948,299.76399277356177,-19.690674544276703,319.45466731783847,86.85489431454289,78.74408724138043,21592.1375,20699.956953124998,19388.941318359375,21689.221104903605,21389.457112130043,37.58790620946329,194.01521685131024,66826600.0,0.009267074694848665,0.009224398809286917,152.0,-44.298828125,78.29000091552734,2046.699951171875,82.87210083007812,37592.98046875,7594.89990234375,16622.220703125,4783.830078125,16216.330078125,13.789999961853027,14972.759765625,35901.7890625
2024-01-16,22080.5,22124.150390625,21969.80078125,22032.30078125,292400.0,70.90348538660356,304.92743187779706,-11.62178835203315,316.5492202298302,92.68688501161395,86.30633356170546,21622.820019531246,20757.937968749997,19413.7183203125,21742.00259357228,21437.075161694484,37.93587564177147,191.18195917443094,66534200.0,-0.0029482333845447517,-0.002952587985615914,154.349609375,48.19921875,78.29000091552734,2026.0,82.8593978881836,37361.12109375,7558.2998046875,16571.6796875,4765.97998046875,15865.919921875,13.569999694824219,14944.349609375,35619.1796875
2024-01-17,21647.25,21851.5,21550.44921875,21571.94921875,456000.0,54.05768934014116,268.77470331983204,-38.21961352799855,306.9943168478306,67.31380402334584,82.28519444983422,21628.7625,20804.7649609375,19436.852812499998,21715.840535907315,21447.065832587483,35.70654942346151,211.9440736976859,66078200.0,-0.020894393512082443,-0.021115770473744744,301.05078125,75.30078125,77.87999725341797,2002.5999755859375,83.08899688720703,37266.671875,7446.2998046875,16431.689453125,4739.2099609375,15276.900390625,15.079999923706055,14855.6201171875,35477.75
2024-01-18,21414.19921875,21539.400390625,21285.55078125,21462.25,387300.0,50.95115213307862,228.63602157704008,-62.68663621663245,291.32265779367253,41.90881461631285,67.30316788375754,21644.367480468754,20845.774960937502,19459.23556640625,21676.82660730619,21448.19058572915,33.786908416191,217.26224254070834,65690900.0,-0.0050852715087356115,-0.0050982455047793645,253.849609375,-48.05078125,79.0999984741211,2018.5999755859375,83.17759704589844,37468.609375,7459.10009765625,16567.349609375,4780.93994140625,15391.7900390625,14.069999694824219,15055.650390625,35466.171875
2024-01-19,21615.19921875,21670.599609375,21575.0,21622.400390625,343100.0,55.01550221474529,207.35832747995664,-67.17146425097275,274.5297917309294,26.49727694344451,45.239965194367734,21662.7349609375,20890.088984375,19482.589072265626,21668.453343201392,21461.095015721436,31.443593409317742,216.6256258860149,66034000.0,0.00746195718645537,0.007434254509367264,95.599609375,-7.201171875,78.55999755859375,2026.5,83.16059875488281,37863.80078125,7461.89990234375,16555.130859375,4839.81005859375,15308.6904296875,13.880000114440918,15310.9697265625,35963.26953125
2024-01-23,21716.69921875,21750.25,21192.599609375,21238.80078125,449700.0,45.3270465266032,157.7241729240668,-93.4444950454901,251.1686679695569,22.066152091981476,30.157414550579613,21657.20498046875,20925.995000000003,19503.379580078123,21602.352949055025,21444.628776130958,30.573509512777598,240.98453765308528,65584300.0,-0.01774084294273448,-0.017900098054810153,557.650390625,477.8984375,79.55000305175781,2023.699951171875,83.09510040283203,37905.44921875,7485.7001953125,16627.08984375,4864.60009765625,15353.98046875,14.850000381469727,15425.9404296875,36517.5703125
2024-01-24,21185.25,21482.349609375,21137.19921875,21453.94921875,407500.0,50.58342732626035,134.20242664324905,-93.57299306104628,227.77541970429533,25.740497861331608,24.767975632252533,21657.8349609375,20967.16796875,19523.850576171877,21579.52160593117,21445.319179287922,29.927045471218957,248.42495572250778,65991800.0,0.010129971071150878,0.010079006802925212,345.150390625,-268.69921875,80.04000091552734,2013.9000244140625,83.22139739990234,37806.390625,7527.7001953125,16889.919921875,4868.5498046875,15899.8701171875,14.380000114440918,15481.919921875,36226.48046875
2024-01-25,21454.599609375,21459.0,21247.05078125,21352.599609375,418100.0,48.23103666009108,106.15946653983337,-97.2927625315696,203.45222907140297,19.626070522485623,22.4775734919329,21642.727441406252,21005.71296875,19543.6233203125,21544.610529537913,21438.45106299808,29.32675743262879,245.81954593875722,65573700.0,-0.004724053755400193,-0.004735247364061254,211.94921875,102.0,82.43000030517578,2016.9000244140625,83.09760284423828,38049.12890625,7529.7001953125,16906.919921875,4894.16015625,16211.9599609375,13.869999885559082,15510.5,36236.46875
2024-01-29,21433.099609375,21763.25,21429.599609375,21737.599609375,376700.0,56.505804717356106,113.69094262360159,-71.80902915824112,185.4999717818427,38.25082109848762,27.872463160768284,21640.6724609375,21051.5939453125,19564.526064453123,21574.30115720516,21460.610214581557,27.455647451779914,257.5931777020603,65950400.0,0.018030591452244726,0.01786996821930258,333.650390625,-304.5,82.4000015258789,2025.199951171875,83.12129974365234,38333.44921875,7632.7001953125,16941.7109375,4927.93017578125,16077.240234375,15.680000305175781,15628.0400390625,36026.94140625
2024-01-30,21775.75,21813.05078125,21501.80078125,21522.099609375,375100.0,51.53987102184335,101.10516528041262,-67.51584520114406,168.62101048155668,40.552535461098174,32.80980902735713,21630.207421875002,21088.526953125,19584.140810546873,21566.27014984667,21465.164984566258,25.526769805012286,261.42580786619885,65575300.0,-0.009913698102483215,-0.009963166019046519,311.25,253.650390625,82.87000274658203,2031.5,83.1530990600586,38467.30859375,7666.2998046875,16972.33984375,4924.97021484375,15703.4501953125,16.100000381469727,15509.900390625,36065.859375
2024-01-31,21487.25,21741.349609375,21448.849609375,21725.69921875,410600.0,55.51739170302719,106.33388218070468,-49.8297026406816,156.16358482138628,53.153618473347194,43.98565834431099,21629.397363281252,21127.736953125,19604.649052734374,21590.797698908722,21484.463816728017,23.94112541554467,263.6453930186132,65985900.0,0.009460025419002926,0.009415559590485083,292.5,-238.44921875,81.70999908447266,2048.39990234375,83.10970306396484,38150.30078125,7630.60009765625,16903.759765625,4845.64990234375,15485.0703125,16.049999237060547,15164.009765625,36286.7109375
2024-02-01,21780.650390625,21832.94921875,21658.75,21697.44921875,332500.0,54.84474181810528,106.96511186405405,-39.35877836586579,146.32389022991984,51.79757737191754,48.50124376878763,21630.979785156254,21167.049921875,19624.524794921876,21607.205625038147,21500.240513174092,22.370342093838804,257.25638057085513,65653400.0,-0.0013003033741542103,-0.00130114950214822,174.19921875,83.201171875,78.69999694824219,2053.0,83.05359649658203,38519.83984375,7622.2001953125,16859.0390625,4906.18994140625,15566.2099609375,14.460000038146973,15361.6396484375,36011.4609375
2024-02-02,21812.75,22126.80078125,21805.55078125,21853.80078125,442800.0,57.88601095645737,118.71317871723659,-22.088569210146602,140.8017479273832,62.935647494848766,55.96228111337116,21647.80234375,21210.2459375,19644.731796875,21645.143341378433,21526.430162661196,21.962274161458176,269.54889356579406,66096200.0,0.007205988175093214,0.007180149098767169,321.25,-41.05078125,77.33000183105469,2036.0999755859375,82.92759704589844,38654.421875,7615.5,16918.2109375,4958.60986328125,15533.5595703125,14.699999809265137,15628.9501953125,36158.01953125
2024-02-05,21921.05078125,21964.30078125,21726.94921875,21771.69921875,440800.0,55.76217904609525,120.01523546867611,-16.629209966965675,136.64444543564179,64.4318598673575,59.7216949113746,21653.45732421875,21250.011914062503,19664.45029296875,21664.613476358674,21544.598240889998,21.23822219497652,267.24908420395167,65655400.0,-0.0037568550808078083,-0.0037639297855089193,237.3515625,149.3515625,77.98999786376953,2025.699951171875,82.99929809570312,38380.12109375,7612.89990234375,16904.060546875,4942.81005859375,15510.009765625,15.619999885559082,15597.6796875,36354.16015625
2024-02-06,21825.19921875,21951.400390625,21737.55078125,21929.400390625,371000.0,58.88278138620613,132.24782087400672,-3.5172996493080575,135.76512052331478,72.19413063443568,66.52054599888065,21664.3873046875,21292.3629296875,19685.563046875,21705.349924707338,21573.10210383333,20.565888226100693,263.4348360018837,66026400.0,0.007243402101531293,0.007217294659854949,213.849609375,-104.201171875,78.58999633789062,2034.5,83.10369873046875,38521.359375,7681.0,17033.240234375,4954.22998046875,16136.8701171875,15.789999961853027,15609.0,36160.66015625
2024-02-07,22045.05078125,22053.30078125,21860.150390625,21930.5,346300.0,58.90454979289312,140.4123757613852,3.71780419045632,136.69457157092887,74.7776356751323,70.46787539230849,21685.2623046875,21334.9329296875,19706.914794921875,21739.988397829286,21599.5760220679,20.310804251951065,258.4145184749635,66372700.0,5.014315737827957e-05,5.014190025218764e-05,193.150390625,114.55078125,79.20999908447266,2035.199951171875,83.07060241699219,38677.359375,7628.7998046875,16921.9609375,4995.06005859375,16081.8896484375,15.510000228881836,15756.6396484375,36119.921875
2024-02-08,22009.650390625,22011.05078125,21665.30078125,21717.94921875,491100.0,53.057234911210834,128.25334788669352,-6.7529789473882715,135.0063268340818,72.967142710529,73.31296967336566,21693.917285156247,21373.397929687504,19727.410791015624,21736.59775489401,21608.344407007316,19.173766669407975,264.6527671553232,65881600.0,-0.009692017110872975,-0.009739290405751649,345.75,291.701171875,81.62999725341797,2032.199951171875,83.01260375976562,38726.328125,7595.5,16963.830078125,4997.91015625,15878.0703125,15.829999923706055,15793.7099609375,36863.28125
2024-02-09,21727.0,21804.44921875,21629.900390625,21782.5,349200.0,54.533362700273855,122.41481745340207,-10.073207504543774,132.48802495794584,68.01901017612833,71.92126285392987,21702.10732421875,21411.2539453125,19748.201044921876,21743.65963875647,21621.24482130307,17.964037125656652,258.21677151030013,66230800.0,0.0029722318898448563,0.0029678235415700974,174.548828125,-55.5,82.19000244140625,2023.300048828125,82.98529815673828,38671.69140625,7572.60009765625,16926.5,5026.60986328125,15746.580078125,15.449999809265137,15990.66015625,36897.421875
2024-02-12,21800.80078125,21831.69921875,21574.75,21616.05078125,287400.0,50.15386189914159,103.16742923696438,-23.456476576785178,126.62390581374956,57.42723160362835,66.13779483009523,21700.54990234375,21441.64296875,19768.16104492188,21724.027506832397,21620.860077595433,16.765491709095734,258.12623202742157,65943400.0,-0.0076414194307357075,-0.007670764664605448,256.94921875,184.75,82.0,2018.199951171875,83.0145034790039,38797.37890625,7573.7001953125,17037.349609375,5021.83984375,15746.580078125,16.059999465942383,15942.5498046875,36897.421875
2024-02-13,21664.30078125,21766.80078125,21543.349609375,21743.25,365800.0,53.244061129265496,97.05881570001657,-23.652072090986408,120.71088779100297,58.27945274692308,61.24189817555992,21692.98486328125,21473.844960937502,19788.16029296875,21726.984813473566,21629.92599777355,15.794498280421069,255.6494420165343,66309200.0,0.005884480011507653,0.005867234081485647,223.451171875,-78.94921875,82.7699966430664,1992.9000244140625,82.99019622802734,38272.75,7512.2998046875,16880.830078125,4953.169921875,15746.580078125,15.8100004196167,15655.599609375,37963.96875
2024-02-14,21578.150390625,21870.849609375,21530.19921875,21840.05078125,359100.0,55.50478428204204,98.88878119728179,-17.457685274976967,116.34646647225875,59.011910089303754,58.23953147995172,21680.114941406253,21505.287968750003,19808.514296875,21744.379577746862,21645.49079654958,14.933215987075599,261.7209383457104,66668300.0,0.004451992284961959,0.004442111482625561,340.650390625,-261.900390625,81.5999984741211,1990.300048828125,83.07460021972656,38424.26953125,7568.39990234375,16945.48046875,5000.6201171875,15879.3798828125,15.4399995803833,15859.150390625,37703.3203125
2024-02-15,21906.55078125,21953.849609375,21794.80078125,21910.75,345400.0,57.13495945426278,104.8354008894712,-9.208852466230056,114.04425335570126,65.88637082237335,61.05924455286673,21674.037402343747,21529.766953125,19829.000048828126,21769.975027324268,21665.139626434797,14.507452828884903,254.38721618708823,67013700.0,0.0032371361888359207,0.003231907943473083,159.048828125,-4.19921875,82.86000061035156,2002.0999755859375,83.04309844970703,38773.12109375,7597.5,17046.689453125,5029.72998046875,15944.6298828125,15.229999542236328,15906.169921875,38157.94140625
2024-02-16,22020.30078125,22068.650390625,21968.94921875,22040.69921875,343900.0,60.033384487123605,118.66604743304924,3.6974352618783826,114.96861217117086,74.57231804807657,66.49019965325122,21697.474902343747,21553.4789453125,19849.628291015626,21811.62490292823,21692.95885549518,14.59940470325648,247.4953000755105,67357600.0,0.005930843022260657,0.005913324803860001,99.701171875,-20.3984375,83.47000122070312,2011.5,83.00959777832031,38627.98828125,7711.7001953125,17117.439453125,5005.56982421875,16339.9599609375,15.220000267028809,15775.650390625,38487.23828125
2024-02-19,22103.44921875,22186.650390625,22021.05078125,22122.25,0.0,61.77996669058466,134.6551798682376,15.749254157653397,118.90592571058421,82.5275815870576,74.32875681916917,21730.47490234375,21577.1699609375,19869.914541015627,21859.413379400812,21724.758199532575,15.145548607249182,241.6456078826169,67357600.0,0.0037000088082788096,0.0036931806134258504,165.599609375,-18.80078125,83.47000122070312,2011.5,83.01599884033203,38627.98828125,7728.5,17092.259765625,5005.56982421875,16155.6103515625,15.220000267028809,15775.650390625,38470.37890625
2024-02-20,22099.19921875,22215.599609375,22045.849609375,22196.94921875,295700.0,63.359489114554414,151.60665800271818,26.16058583370716,125.44607216901102,91.94998304950465,83.01662756154627,21759.202343750003,21603.0859375,19890.161035156252,21911.34197006992,21759.7353120672,15.762861294854801,236.51020731957286,67653300.0,0.0033766555730090353,0.003370967472487328,169.75,-97.75,82.33999633789062,2027.5,83.02100372314453,38563.80078125,7719.2001953125,17068.4296875,4975.509765625,16247.509765625,16.06999969482422,15630.7802734375,38363.609375
2024-02-21,22248.849609375,22249.400390625,21997.94921875,22055.05078125,364500.0,58.420414306214475,151.84048593711123,21.115531014480155,130.72495492263107,87.175742146658,87.21776892774008,21800.014843750003,21624.798945312497,19909.987041015625,21933.45101794378,21781.610532006667,16.03418855091317,237.57741907353193,67288800.0,-0.006392700010330099,-0.006413220819374543,251.451171875,193.798828125,83.02999877929688,2022.300048828125,82.8291015625,38612.23828125,7662.5,17118.119140625,4981.7998046875,16503.099609375,15.930000305175781,15580.8701171875,38262.16015625
2024-02-22,22081.55078125,22252.5,21875.25,22217.44921875,343500.0,62.06511313363647,163.24816966420258,26.018571793257195,137.22959787094538,88.46775521339805,89.1978268031869,21838.189843750002,21649.2059375,19929.795283203122,21977.143048837042,21813.89487917284,15.551012151971674,247.5540319968511,67632300.0,0.0073633218581414805,0.007336344949249518,377.25,-135.8984375,83.66999816894531,2019.699951171875,82.93840026855469,39069.109375,7684.5,17370.44921875,5087.02978515625,16742.94921875,15.199999809265137,16041.6201171875,39098.6796875
2024-02-23,22290.0,22297.5,22186.099609375,22212.69921875,226000.0,61.894218659178485,169.94651822914238,26.173536286557606,143.77298194258478,85.69084315291083,87.11144683765562,21881.19482421875,21675.3319140625,19950.513779296874,22013.38245959288,21843.43594136374,15.315435342440896,237.82877189886176,67406300.0,-0.0002137959201901074,-0.000213818777795819,111.400390625,77.30078125,81.62000274658203,2038.5999755859375,82.87229919433594,39131.53125,7706.2998046875,17419.330078125,5088.7998046875,16725.859375,14.970000267028809,15996.8203125,39098.6796875
2024-02-26,22169.19921875,22202.150390625,22075.150390625,22122.05078125,207800.0,58.57927711882276,166.02658527313542,17.802882664440517,148.2237026086949,87.07658134057789,87.07839323562892,21900.417382812502,21699.2459375,19969.80203125,22030.100662924746,21864.07407765161,14.452889521522366,230.66591877215737,67198500.0,-0.004080928508836235,-0.004089278221713085,127.0,47.1484375,82.52999877929688,2028.5,82.88179779052734,39069.23046875,7684.2998046875,17423.23046875,5069.52978515625,16634.740234375,15.600000381469727,15976.25,39233.7109375
2024-02-27,22090.19921875,22218.25,22085.650390625,22198.349609375,252200.0,60.49705157306111,167.14988807514965,15.14094837316378,152.00893970198587,84.38680982271796,85.71807810540221,21934.2298828125,21719.5589453125,19989.464033203127,22055.985116224787,21888.835228149637,13.737600237955084,223.66118238664615,67450700.0,0.003448994348646428,0.003443060208267885,132.599609375,-108.150390625,83.6500015258789,2034.0,82.85199737548828,38972.41015625,7683.0,17556.490234375,5078.18017578125,16790.80078125,15.729999542236328,16035.2998046875,39239.51953125
2024-02-28,22214.099609375,22229.150390625,21915.849609375,21951.150390625,203000.0,52.08325707723414,146.4055307909657,-4.482727128816123,150.88825791978184,73.0245194616545,81.49597020831678,21945.50244140625,21729.448945312502,20007.644287109375,22039.85669690174,21893.451166110775,13.359714787891802,230.06401087688573,67247700.0,-0.011135927809948543,-0.011198396451173726,313.30078125,262.94921875,83.68000030517578,2033.0,82.94819641113281,38949.01953125,7625.0,17601.220703125,5069.759765625,16536.849609375,16.329999923706055,15947.740234375,39208.03125
2024-02-29,21935.19921875,22060.55078125,21860.650390625,21982.80078125,360200.0,52.98485343670356,131.0092076034598,-15.903240253057646,146.91244785651745,66.97517508446649,74.79550145627965,21959.77001953125,21740.731953125003,20026.073291015622,22031.07886372455,21900.06965612109,13.279599221810638,227.9094665731796,67607900.0,0.0014418556686905948,0.0014408171929075416,199.900390625,-47.6015625,83.62000274658203,2045.699951171875,82.91190338134766,38996.390625,7630.0,17678.189453125,5096.27001953125,16511.439453125,15.569999694824219,16091.919921875,39166.19140625
2024-03-01,22048.30078125,22353.30078125,22047.75,22338.75,351500.0,61.71050965680675,145.84838828158536,-0.8512476599456704,146.69963594153103,70.69323268427377,70.23097574346491,21984.01748046875,21758.4449609375,20046.193037109373,22078.412884690002,21932.564496408417,12.9902489068344,238.09450467509535,67959400.0,0.016192168700068565,0.0160624736924449,305.55078125,-290.44921875,83.55000305175781,2086.89990234375,82.910400390625,39087.37890625,7682.5,17735.0703125,5137.080078125,16589.439453125,15.239999771118164,16274.9404296875,39910.8203125
2024-03-04,22403.5,22440.900390625,22358.30078125,22405.599609375,298800.0,63.095771733713875,161.1451694663665,11.556426819868364,149.58874264649813,84.447393179009,74.03860031591641,22015.7125,21783.553945312502,20066.22678710937,22128.749303872308,21967.60413440594,13.09797783765203,228.38421081437426,68258200.0,0.0029925402887358565,0.0029880715530739466,82.599609375,-2.099609375,82.80000305175781,2117.699951171875,82.84609985351562,38989.828125,7640.2998046875,17716.169921875,5130.9501953125,16595.970703125,14.920000076293945,16207.509765625,40109.23046875
2024-03-05,22371.25,22416.900390625,22269.150390625,22356.30078125,296200.0,61.33350142835504,167.3607448522671,14.217601764615154,153.14314308765194,93.75402839957512,82.96488475428595,22037.057519531252,21805.578945312503,20086.575791015624,22163.757223468878,21996.39647861661,12.7087630176236,222.62462432763323,67962000.0,-0.00220029050703785,-0.0022027147028049303,147.75,14.94921875,82.04000091552734,2133.5,82.9104995727539,38585.19140625,7646.2001953125,17698.400390625,5078.64990234375,16162.6396484375,14.380000114440918,15939.58984375,40097.62890625
2024-03-06,22327.5,22497.19921875,22224.349609375,22474.05078125,312300.0,63.92520396783477,179.71641508506582,21.258617597931107,158.4577974871347,93.13111029753429,90.44417729203946,22064.235058593753,21828.071953125,20108.037294921873,22211.49469389674,22031.778278811675,12.709130353658496,226.212123259588,68274300.0,0.005266971542034149,0.0052531495595052715,272.849609375,-146.55078125,82.95999908447266,2150.300048828125,82.88480377197266,38661.05078125,7679.2998046875,17716.7109375,5104.759765625,16438.08984375,14.300000190734863,16031.5400390625,40090.78125
2024-03-07,22505.30078125,22525.650390625,22430.0,22493.55078125,379900.0,64.3513435281924,188.9042887422729,24.357193004110542,164.54709573816237,92.8141806651287,93.23310645407938,22103.015136718754,21849.1159765625,20129.855302734373,22254.887938104934,22065.98364936266,12.837271235400268,216.8862852142603,68654200.0,0.0008676673462120199,0.0008672911404987264,95.650390625,11.75,82.95999908447266,2158.0,82.81909942626953,38791.3515625,7692.5,17842.849609375,5157.35986328125,16229.7802734375,13.609999656677246,16273.3798828125,39598.7109375
2024-03-11,22517.5,22526.599609375,22307.25,22332.650390625,277900.0,58.23821922699758,181.11465103077353,13.254044234088923,167.8606067966846,87.47090427064623,91.1387317444364,22130.522656250003,21862.673984375004,20150.501552734375,22266.85139233879,22085.736741308017,12.245047213873535,217.06223694002742,68376300.0,-0.007153178801771132,-0.007178885448103384,219.349609375,184.849609375,82.20999908447266,2182.5,82.7520980834961,38769.66015625,7669.2001953125,17746.26953125,5117.93994140625,16587.5703125,14.0,16019.26953125,38820.48828125
2024-03-12,22334.44921875,22452.55078125,22256.0,22335.69921875,299200.0,58.319017872195815,173.19088525502593,4.2642227666730435,168.9266624883529,79.1277860291649,86.47095698831328,22166.505078125,21873.813984375003,20170.608046875,22277.443365632822,22104.252480377796,11.414135551148922,215.59713296216833,68675500.0,0.0001365188668460693,0.00013650954899359894,196.55078125,-1.25,81.91999816894531,2160.39990234375,82.7782974243164,39005.48828125,7747.7998046875,17965.109375,5175.27001953125,17093.5,13.640000343322754,16265.6396484375,38797.51171875
2024-03-13,22432.19921875,22446.75,21905.650390625,21997.69921875,493300.0,47.37569720387037,138.04615839077815,-24.7044032780598,162.75056166883795,54.26327942766532,73.62065657582548,22179.2275390625,21879.1399609375,20188.85654296875,22234.405804573926,22096.359646183148,12.114046112991241,238.84730984879917,68182200.0,-0.015132725270416536,-0.015248393356596964,541.099609375,434.5,84.02999877929688,2175.39990234375,82.83509826660156,39043.3203125,7772.2001953125,17961.380859375,5165.31005859375,17082.109375,14.430000305175781,16177.76953125,38695.96875
2024-03-14,21982.55078125,22204.599609375,21917.5,22146.650390625,426700.0,51.6788620602434,120.82008514653353,-33.54438121784355,154.36446636437708,44.95326024686723,59.44810856789915,22194.55751953125,21887.2349609375,20208.162792968753,22220.904971658707,22100.084886512173,12.763963063273396,242.29390267209922,68608900.0,0.006771215952804832,0.006748394232673185,287.099609375,-164.099609375,85.41999816894531,2163.0,82.83110046386719,38905.66015625,7743.2001953125,17942.0390625,5150.47998046875,16961.66015625,13.619999885559082,16128.5302734375,38807.37890625
2024-03-15,22064.849609375,22120.900390625,21931.69921875,22023.349609375,661500.0,48.16760014674975,96.11104709025676,-46.602735419296266,142.71378250955303,29.31895457807132,42.84516475086795,22200.1875,21894.385937500003,20226.6737890625,22190.511838999675,22094.40079190942,13.367457374249682,240.34085047230644,67947400.0,-0.005567468627318717,-0.005583024746448362,189.201171875,41.5,85.33999633789062,2157.300048828125,82.9655990600586,38714.76953125,7727.39990234375,17936.650390625,5117.08984375,16720.890625,13.6899995803833,15973.169921875,38707.640625
2024-03-18,21990.099609375,22123.69921875,21916.55078125,22055.69921875,356300.0,49.143895605960516,78.23742717191635,-51.58108427010933,129.81851144202568,32.22207883875029,35.49809788789628,22200.937499999996,21905.1529296875,20244.455537109374,22169.77143588434,22091.534008712424,13.993007186121314,237.96996383142744,68303700.0,0.0014688778023679294,0.001467800056624233,207.1484375,-65.599609375,86.88999938964844,2160.699951171875,82.88890075683594,38790.4296875,7722.60009765625,17932.6796875,5149.419921875,16737.119140625,13.899999618530273,16103.4501953125,39740.44140625
2024-03-19,21946.44921875,21978.30078125,21793.099609375,21817.44921875,344200.0,42.756412528143564,44.3365861855018,-68.38554020521912,112.72212639072092,19.013221939350572,26.85141845205739,22185.697460937496,21908.329921875,20260.54953125,22115.568017863672,22071.23143167817,15.0869938388011,239.7292242273969,67959500.0,-0.010802196640288697,-0.010860963960358783,185.201171875,129.0,87.37999725341797,2156.300048828125,82.86360168457031,39110.76171875,7738.2998046875,17987.490234375,5178.509765625,16529.48046875,14.109999656677246,16166.7900390625,40003.6015625
2024-03-20,21843.900390625,21930.900390625,21710.19921875,21839.099609375,312400.0,43.47538997598658,18.997934679780883,-74.97935336875203,93.97728804853291,16.132453386765345,22.4559180549554,22167.804980468747,21910.8958984375,20276.57578125,22073.03441655772,22054.036481877938,16.418619248691748,238.37007763079714,68271900.0,0.0009923428906801757,0.0009918508439663014,220.701171875,4.80078125,85.94999694824219,2157.89990234375,83.04239654541016,39512.12890625,7737.39990234375,18015.130859375,5224.6201171875,16543.0703125,13.470000267028809,16369.41015625,40003.6015625
2024-03-21,21989.900390625,22080.94921875,21941.30078125,22011.94921875,353200.0,48.98445965121393,12.71778698664275,-65.00760084951214,77.7253878361549,18.68984897737488,17.945174767830267,22165.64990234375,21920.874882812503,20293.963525390624,22063.63669381807,22050.918906831426,16.61723141293278,238.61861561252593,68625100.0,0.0079146856998078,0.007883528864675105,139.6484375,-22.048828125,85.77999877929688,2182.39990234375,83.05460357666016,39781.37109375,7882.60009765625,18179.25,5241.52978515625,16863.099609375,12.510000228881836,16401.83984375,40815.66015625
2024-03-22,21932.19921875,22180.69921875,21883.30078125,22096.75,388700.0,51.48280520721193,14.417245993598044,-50.64651347404548,65.06375946764352,33.36602894279145,22.729443768977223,22159.614941406253,21931.912890625,20312.00852539062,22068.73104861529,22054.31380262169,16.18714446612268,242.81717431877408,69013800.0,0.0038524885010076115,0.0038450866714008036,297.3984375,-164.55078125,85.43000030517578,2158.10009765625,83.22660064697266,39475.8984375,7930.89990234375,18205.939453125,5234.18017578125,16499.470703125,12.220000267028809,16428.8203125,40888.4296875
2024-03-26,21947.900390625,22073.19921875,21947.55078125,22004.69921875,328400.0,48.69509550276993,8.241349605956202,-45.45792788934986,53.69927749530606,40.127401233342184,30.727759717836168,22149.21494140625,21939.632890625002,20329.3615234375,22058.87999786678,22050.638648260825,15.787778015513304,236.13017749243306,68685400.0,-0.00416580634029895,-0.004174507484794188,125.6484375,-56.798828125,86.25,2175.60009765625,83.41739654541016,39282.328125,7931.0,18384.349609375,5203.580078125,16618.3203125,12.819999694824219,16315.7001953125,40398.03125
2024-03-27,22053.94921875,22193.599609375,22052.849609375,22123.650390625,409100.0,52.290256590487076,12.7977482027527,-32.7212234340427,45.5189716367954,44.68811977119452,39.39384998244272,22149.294921875,21949.161914062504,20347.01052734375,22068.84467367574,22056.046925472987,14.692034013334375,232.75662128761644,69094500.0,0.005405716783151604,0.005391158338500764,140.75,-69.701171875,86.08999633789062,2190.60009765625,83.34549713134766,39760.078125,7932.0,18477.08984375,5248.490234375,16392.83984375,12.699999809265137,16399.51953125,40762.73046875
2024-03-28,22163.599609375,22516.0,22163.599609375,22326.900390625,410500.0,57.73954898182682,32.435408092522266,-10.466850835418512,42.90225892794078,54.085077165625584,46.30019939005409,22155.7224609375,21957.80890625,20365.650029296878,22108.545553206397,22076.110145113875,15.111964165251026,244.15612043671527,69505000.0,0.009187001078543977,0.009145057280234776,352.400390625,-163.30078125,87.4800033569336,2217.39990234375,83.36499786376953,39807.37109375,7952.60009765625,18492.490234375,5254.35009765625,16541.419921875,12.829999923706055,16379.4599609375,40168.0703125
2024-04-01,22455.0,22529.94921875,22427.75,22462.0,0.0,60.93361901342306,58.2285815962714,12.261058134664495,45.9675234616069,72.6310760320855,57.134757656301865,22181.264941406254,21965.099921875,20384.32802734375,22162.923160405415,22104.694578809143,15.556681249212332,241.21988527159274,69505000.0,0.006050979178091831,0.006032745520934439,102.19921875,-7.0,87.41999816894531,2236.5,83.36479949951172,39566.8515625,7952.60009765625,18492.490234375,5243.77001953125,16541.419921875,12.079999923706055,16396.830078125,39803.08984375
2024-04-02,22458.80078125,22497.599609375,22388.150390625,22453.30078125,289500.0,60.61592583402269,77.07938006392214,24.88948528185219,52.189894782069956,85.96660685263632,70.8942533501158,22204.789941406256,21973.519921875002,20403.42177734375,22207.59664053535,22130.517260471428,15.721121314075443,231.8076948057647,69215500.0,-0.0003872860275131451,-0.00038736104211539534,109.44921875,5.5,88.91999816894531,2261.0,83.40969848632812,39170.23828125,7935.10009765625,18283.130859375,5205.81005859375,16931.51953125,11.649999618530273,16240.4501953125,39838.91015625
2024-04-03,22385.69921875,22521.099609375,22346.5,22434.650390625,309600.0,59.89492903455381,89.48234622018572,29.8339611504926,59.64838506969312,90.24513634746366,82.9476064107285,22209.5849609375,21990.773945312503,20422.778027343746,22242.52798670299,22153.045640482804,15.60899988459616,227.72140298928153,68905900.0,-0.0008306302403686683,-0.0008309754048160305,174.599609375,-48.951171875,89.3499984741211,2294.39990234375,83.35030364990234,39127.140625,7937.39990234375,18367.720703125,5211.490234375,16725.099609375,11.369999885559082,16277.4599609375,39451.8515625
2024-04-04,22592.099609375,22619.0,22303.80078125,22514.650390625,401000.0,61.9837563332662,104.56179439138577,35.93072745735412,68.63106693403165,89.18076827686349,88.46417049232116,22215.0375,22011.821953125,20442.343779296873,22284.39297192176,22179.831177530374,15.957150201212352,233.96981840076143,69306900.0,0.003565912488363576,0.0035595696965144527,315.19921875,77.44921875,90.6500015258789,2288.800048828125,83.37329864501953,38596.98046875,7975.89990234375,18403.130859375,5147.2099609375,16725.099609375,11.220000267028809,16049.080078125,39773.140625
2024-04-05,22486.400390625,22537.599609375,22427.599609375,22513.69921875,242200.0,61.942447274282394,115.10871250254058,37.182116454807144,77.92659604773344,88.43524739455921,89.28705067296212,22222.907421875,22029.6479296875,20461.331523437497,22319.670856049182,22204.562143546642,16.280432638070245,225.11483137213563,69064700.0,-4.224679746289706e-05,-4.22476898839797e-05,110.0,-27.298828125,91.16999816894531,2325.699951171875,83.47779846191406,38904.0390625,7911.2001953125,18175.0390625,5204.33984375,16723.919921875,11.34000015258789,16248.51953125,38992.078125
2024-04-08,22578.349609375,22697.30078125,22550.349609375,22666.30078125,227600.0,65.87216058795826,134.23353125056383,45.04554816226431,89.18798308829952,91.26352905496529,89.626514908796,22232.519921875,22058.1979296875,20480.88352539062,22372.998536849307,22238.765005598743,17.276101332864258,222.14959788126882,69292300.0,0.006778164752814453,0.006755296273493474,146.951171875,-87.951171875,90.37999725341797,2331.699951171875,83.29679870605469,38892.80078125,7943.5,18318.970703125,5202.39013671875,16732.849609375,11.609999656677246,16253.9599609375,39347.0390625
2024-04-09,22765.099609375,22768.400390625,22612.25,22642.75,232400.0,64.76077925521359,145.80894195057772,45.29676708982255,100.51217486075517,91.13291598967334,90.27723081306594,22239.979882812502,22081.9739453125,20500.65677734375,22414.498761949413,22268.689819998835,18.477041788829048,217.43536879153532,69059900.0,-0.0010390218270411866,-0.0010395619844089984,156.150390625,122.349609375,89.41999816894531,2343.5,83.26959991455078,38883.671875,7934.7998046875,18076.689453125,5209.91015625,16828.0703125,11.359999656677246,16306.6396484375,39773.12890625
2024-04-10,22720.25,22775.69921875,22673.69921875,22753.80078125,276800.0,67.54169605220517,162.07510733434174,49.25034597886926,112.82476135547248,94.31010176680222,92.23551560381361,22261.03740234375,22109.99796875,20520.29578125,22466.69907261104,22304.6239652767,19.62088639050147,211.40064378856852,69336700.0,0.0049044741142307835,0.004892486360835239,102.0,-33.55078125,90.4800033569336,2329.60009765625,83.22429656982422,38461.51171875,7961.2001953125,18097.30078125,5160.64013671875,17139.169921875,11.109999656677246,16170.3603515625,39581.80859375
2024-04-12,22677.400390625,22726.44921875,22503.75,22519.400390625,357200.0,57.2686338347407,154.27363757279454,33.15910097385765,121.1145365989369,85.78352972566,90.40884916071185,22270.222460937497,22125.633984375003,20539.115537109374,22474.80696769011,22320.533330117316,19.409811152602188,214.1613678929565,68979500.0,-0.010301592814249916,-0.01035502147176367,222.69921875,158.0,90.44999694824219,2356.199951171875,83.34929656982422,37983.23828125,7995.60009765625,17930.3203125,5123.41015625,16721.689453125,11.529999732971191,16175.08984375,39523.55078125
2024-04-15,22339.05078125,22427.44921875,22259.55078125,22272.5,355500.0,48.84174512244169,126.70751315052621,4.474381241271445,122.23313190925477,70.94575611655543,83.67979586967255,22283.9625,22140.6419921875,20556.394541015623,22443.68281881471,22316.975305664182,18.25119750922966,217.42481371310248,68624000.0,-0.010963897188301042,-0.011024443666037696,167.8984375,66.55078125,90.0999984741211,2365.800048828125,83.61109924316406,37735.109375,7965.5,18026.580078125,5061.81982421875,16600.4609375,12.470000267028809,15885.01953125,39232.80078125
2024-04-16,22125.30078125,22213.75,22079.44921875,22147.900390625,317300.0,45.22507176120171,93.72659197894973,-22.805231944244042,116.53182392319377,46.361656817946034,67.69698088672048,22284.025,22149.086015625,20572.849794921873,22398.17782986245,22304.4512378835,17.998758266325062,215.68381139430946,68306700.0,-0.005594325260972033,-0.005610032105390299,134.30078125,-22.599609375,90.0199966430664,2390.800048828125,83.50599670410156,37798.96875,7820.39990234375,17766.23046875,5051.41015625,16248.9697265625,12.619999885559082,15865.25,38471.19921875
2024-04-18,22212.349609375,22326.5,21961.69921875,21995.849609375,456900.0,41.214344164270635,54.689322562710004,-49.47400108838703,104.16332365109703,24.00019130081943,47.102534745106965,22282.65,22155.0540234375,20588.97279296875,22336.28118055669,22281.59185799398,18.235567291950495,226.33502352685878,67849800.0,-0.0068652458503182245,-0.006888920065700564,364.80078125,216.5,87.11000061035156,2382.300048828125,83.5958023071289,37775.37890625,7877.10009765625,17837.400390625,5011.1201171875,16385.869140625,13.039999961853027,15601.5,38079.69921875
2024-04-19,21861.5,22179.55078125,21777.650390625,22147.0,362500.0,46.3115274607083,35.538908197417186,-54.89953236294387,90.43844056036106,21.79834121724646,30.720063112003974,22287.215039062503,22160.9180078125,20606.380292968748,22307.160998932584,22271.622090735167,19.102981713985987,238.87540689101172,68212300.0,0.0068717686886063944,0.006848265696137249,401.900390625,-285.5,87.29000091552734,2398.39990234375,83.54499816894531,37986.3984375,7895.89990234375,17737.359375,4967.22998046875,16224.1396484375,13.460000038146973,15282.009765625,37068.3515625
2024-04-22,22336.900390625,22375.650390625,22198.150390625,22336.400390625,279300.0,51.93545827377398,35.23888356566749,-44.15964559575485,79.39852916142235,32.39559427719999,26.06470893175529,22313.16259765625,22172.21203125,20624.606298828126,22311.659366885266,22276.420483319598,18.8210796881595,238.14504858629658,68491600.0,0.008551965982977361,0.008515605079627573,177.5,0.5,87.0,2332.199951171875,83.38529968261719,38239.98046875,8023.89990234375,17860.80078125,5010.60009765625,16511.689453125,12.699999809265137,15451.3095703125,37438.609375
2024-04-23,22447.05078125,22447.55078125,22349.44921875,22368.0,231500.0,52.82337315231892,37.123005373374326,-33.820419030438416,70.94342440381274,50.713925543524695,34.96928701265705,22339.607617187503,22180.9840234375,20642.359296875,22320.327156595224,22283.20415122185,18.196806545794775,229.0740015890611,68723100.0,0.0014147135985376202,0.0014137138340638612,98.1015625,79.05078125,88.41999816894531,2327.699951171875,83.38619995117188,38503.69140625,8044.7998046875,18137.650390625,5070.5498046875,16828.9296875,10.199999809265137,15696.6396484375,37552.16015625
2024-04-24,22421.55078125,22476.44921875,22384.0,22402.400390625,235900.0,53.82345220886676,40.92030569567214,-24.018494966512492,64.93880066218463,59.24391537394251,47.45114506488906,22359.13017578125,22190.42203125,20659.510800781252,22332.95380798442,22292.03350228875,17.469939489633283,220.45794567198533,68959000.0,0.0015379287654238016,0.001536747364098986,92.44921875,19.150390625,88.0199966430664,2324.5,83.2833023071289,38460.921875,8040.39990234375,18088.69921875,5071.6298828125,17201.26953125,10.279999732971191,15712.75,38460.078125
2024-04-25,22316.900390625,22625.94921875,22305.25,22570.349609375,475000.0,58.4540344412781,56.826728746527806,-6.489657532525463,63.31638627905327,67.0574682502252,59.005103055897465,22382.81015625,22207.4700390625,20676.417294921877,22369.47623896759,22312.64951022106,16.377844024386658,227.61803660612924,69434000.0,0.0074969296067168845,0.007468967297299811,320.69921875,-253.44921875,89.01000213623047,2329.800048828125,83.3405990600586,38085.80078125,8078.89990234375,17917.279296875,5048.419921875,17284.5390625,10.729999542236328,15611.759765625,37628.48046875
2024-04-26,22620.400390625,22620.400390625,22385.55078125,22419.94921875,329900.0,53.29946224859131,56.64367600150581,-5.338168222037972,61.98184422354378,68.79249420907851,65.03129261108207,22403.572656250002,22220.2190234375,20691.904287109377,22377.24131278027,22320.597636778763,15.36375537808622,228.13457751819143,69104100.0,-0.006663626980883297,-0.006685928069119567,234.849609375,200.451171875,89.5,2334.800048828125,83.30180358886719,38239.66015625,8139.7998046875,18161.009765625,5099.9599609375,17651.150390625,10.930000305175781,15927.900390625,37934.76171875
2024-04-29,22475.55078125,22655.80078125,22441.900390625,22643.400390625,292000.0,59.07375025231201,73.6799113394336,9.358453692711848,64.32145764672175,76.8415325997405,70.89716501968141,22429.56015625,22240.766015625,20708.176289062503,22418.188863217918,22344.508951878484,14.59873014693965,228.68579073117775,69396100.0,0.00996662256880243,0.009917283345523465,213.900390625,-167.849609375,88.4000015258789,2345.39990234375,83.40229797363281,38386.08984375,8147.0,18118.3203125,5116.169921875,17746.91015625,12.239999771118164,15983.080078125,37934.76171875
2024-04-30,22679.650390625,22783.349609375,22568.400390625,22604.849609375,361900.0,57.74714322152285,83.11245606186276,15.03279873211281,68.07965732974995,77.78361961954205,74.47254880945368,22443.4576171875,22257.9980078125,20724.208037109376,22446.905901088237,22363.793445026375,14.49670430502725,227.7046070182365,69034200.0,-0.00170251731563964,-0.0017039682453004383,214.94921875,74.80078125,87.86000061035156,2291.39990234375,83.45110321044922,37815.921875,8144.10009765625,17932.169921875,5035.68994140625,17763.029296875,12.869999885559082,15657.8203125,38405.66015625
2024-05-02,22567.849609375,22710.5,22567.849609375,22648.19921875,445900.0,58.86577652130274,93.01356442915494,19.947125679523992,73.06643874963095,85.18565236846261,79.93693486258172,22452.767578125004,22274.160976562496,20739.962529296874,22477.87410380543,22384.860539376274,14.398609486502457,221.62930584729102,69480100.0,0.0019177127972140884,0.0019158763335262374,142.650390625,-80.349609375,83.66999816894531,2299.199951171875,83.40640258789062,38225.66015625,8172.2001953125,17896.5,5064.2001953125,18207.130859375,13.449999809265137,15840.9599609375,38236.0703125
2024-05-03,22766.349609375,22794.69921875,22348.05078125,22475.849609375,438100.0,52.87241330611882,85.96217263653307,10.316587109521691,75.64558552701138,79.154077344048,80.70778311068422,22453.89501953125,22285.46296875,20755.6827734375,22477.562643123823,22391.60047048729,13.65632840108535,237.70210096534169,69042000.0,-0.007609859296553445,-0.0076389620148829334,446.6484375,290.5,82.95999908447266,2299.0,83.40630340576172,38675.6796875,8213.5,18001.599609375,5127.7900390625,18475.919921875,14.619999885559082,16156.330078125,38236.0703125
2024-05-06,22561.599609375,22588.80078125,22409.44921875,22442.69921875,320300.0,51.780379753960204,76.81347642281253,0.9343127166409175,75.87916370617161,73.53371213866215,79.29114728372426,22454.2974609375,22293.50296875,20771.116767578125,22472.199039374005,22395.385562951193,12.967067393198038,233.53420536067443,68721700.0,-0.0014749338156797576,-0.0014760226012829026,179.3515625,118.900390625,83.33000183105469,2321.60009765625,83.37999725341797,38852.26953125,8213.5,18175.2109375,5180.740234375,18578.30078125,16.600000381469727,16349.25,38236.0703125
2024-05-07,22489.75,22499.05078125,22232.05078125,22302.5,297800.0,47.32823961520972,57.58634397419519,-14.634255785581146,72.22059975977633,61.881580118129264,71.5231232002798,22443.68994140625,22297.10796875,20785.432265625,22446.09149485493,22388.505150880734,13.178265389815712,235.9246192634834,68423900.0,-0.006246985595782073,-0.0062665796554610105,267.0,187.25,83.16000366210938,2315.199951171875,83.4728012084961,38884.26171875,8313.7001953125,18430.05078125,5187.7001953125,18479.369140625,17.010000228881836,16332.5595703125,38835.1015625
2024-05-08,22231.19921875,22368.650390625,22185.19921875,22302.5,277400.0,47.32823961520972,41.86609668283927,-24.28360246154965,66.14969914438892,56.20012200844073,63.87180475507738,22433.12998046875,22299.218984375,20800.02326171875,22424.00049564648,22382.13439896364,13.57919460191404,232.17651587859174,68423900.0,0.0,0.0,183.451171875,-71.30078125,83.58000183105469,2313.60009765625,83.46990203857422,39056.390625,8354.099609375,18498.380859375,5187.669921875,18313.859375,17.079999923706055,16302.759765625,38202.37109375
2024-05-09,22224.80078125,22307.75,21932.400390625,21957.5,331300.0,38.002925089252585,1.5511895835370524,-51.67880764868149,53.229997232218544,40.29792848103332,52.79321020253444,22397.68994140625,22297.26796875,20812.74201171875,22352.231188623944,22350.679999040407,14.91090771447256,242.40316541404945,68092600.0,-0.01546911781190452,-0.015590012996666094,375.349609375,267.30078125,83.87999725341797,2332.10009765625,83.46430206298828,39387.76171875,8381.400390625,18686.599609375,5214.080078125,18537.810546875,18.200000762939453,16346.259765625,38073.98046875
2024-05-10,21990.94921875,22131.30078125,21950.30078125,22055.19921875,265800.0,41.51714078284537,-22.2585713442204,-60.39085486115116,38.13228351693076,27.8431662558665,41.447072248446844,22368.31240234375,22294.02296875,20825.1955078125,22306.53396248949,22328.79253383371,16.147498461848325,238.01722502733162,68358400.0,0.0044494691449390444,0.004439599522660019,181.0,-64.25,82.79000091552734,2367.300048828125,83.45939636230469,39512.83984375,8433.7998046875,18772.849609375,5222.68017578125,18963.6796875,18.469999313354492,16340.8701171875,38229.109375
2024-05-13,22027.94921875,22131.650390625,21821.05078125,22104.05078125,278200.0,43.24934907432289,-36.76229276802769,-59.91566102796676,23.15336825993907,20.33009265551584,29.490395797471884,22335.824902343753,22291.85,20837.158515625,22275.382703837262,22312.14499660529,17.72815640816767,243.2016810521651,68636600.0,0.0022149680905385605,0.002212518664983643,310.599609375,-76.1015625,83.36000061035156,2336.10009765625,83.5248031616211,39431.51171875,8415.0,18742.220703125,5221.419921875,19115.060546875,20.600000381469727,16388.240234375,38179.4609375
2024-05-14,22112.900390625,22270.05078125,22081.25,22217.849609375,230200.0,47.174523439659005,-38.62869457137276,-49.42565026504947,10.796955693676706,28.020202993105052,25.397820634829127,22320.74736328125,22293.7659765625,20849.501513671872,22266.531458535377,22305.16015310675,18.273622887092944,239.3159024948676,68866800.0,0.005148324587705533,0.005135117275633606,188.80078125,-104.94921875,82.37999725341797,2353.39990234375,83.50550079345703,39558.109375,8428.099609375,18716.419921875,5246.68017578125,19073.7109375,20.200000762939453,16511.1796875,38356.05859375
2024-05-15,22255.599609375,22297.55078125,22151.75,22200.55078125,231900.0,46.64635866727365,-41.030725640132005,-41.46214506704697,0.4314194269149638,36.265616599934205,28.205304082851697,22317.14990234375,22293.81,20861.338515625,22256.380585106857,22297.41131074699,18.60470701407409,232.63625097737707,68634900.0,-0.0007786004689536163,-0.0007789037357247285,145.80078125,55.048828125,82.75,2388.699951171875,83.52420043945312,39908.0,8445.7998046875,18869.359375,5308.14990234375,19073.7109375,20.270000457763672,16742.390625,38385.73046875
2024-05-16,22319.19921875,22432.25,22054.55078125,22403.849609375,368900.0,53.26818028218245,-26.227501861925703,-21.32713703107253,-4.90036483085317,46.52937699428427,36.938398862441176,22329.94736328125,22302.863984375002,20873.46201171875,22279.068127301955,22305.29562916388,18.08990449692545,242.99789153256444,69003800.0,0.009157377676264788,0.00911570311987133,377.69921875,-84.650390625,83.2699966430664,2380.0,83.40509796142578,39869.37890625,8438.7001953125,18738.810546875,5297.10009765625,19376.529296875,20.0,16698.3203125,38920.26171875
2024-05-17,22415.25,22502.150390625,22345.650390625,22466.099609375,242700.0,55.105544623330054,-9.364833638406708,-3.57157504604283,-5.793258592363878,55.028337893607855,45.941110495942105,22353.459863281252,22312.529960937503,20887.067509765628,22307.842201467036,22317.207035105443,17.216113025808266,236.81947070880983,69246500.0,0.0027785403439750667,0.0027746873362616406,156.5,-50.849609375,83.9800033569336,2412.199951171875,83.47010040283203,40003.58984375,8420.2998046875,18704.419921875,5303.27001953125,19553.609375,19.799999237060547,16685.970703125,38787.37890625
2024-05-21,22404.55078125,22591.099609375,22404.55078125,22529.05078125,347600.0,56.94892816709058,8.97512621493297,11.814707845837479,-2.839581630904508,66.27469702926865,55.944137305720254,22372.56240234375,22316.335976562506,20901.351015625,22341.874290664415,22332.89916444948,16.05053437901719,233.228710524252,69594100.0,0.002802051667603722,0.002798133238882937,186.548828125,-124.5,82.87999725341797,2421.699951171875,83.31500244140625,39872.98828125,8416.5,18726.759765625,5321.41015625,19220.619140625,21.809999465942383,16832.619140625,38946.9296875
2024-05-22,22576.599609375,22629.5,22483.150390625,22597.80078125,290300.0,58.93218152873843,28.726090473643126,25.252537683638106,3.473552790005019,72.91471083045138,64.73924858444263,22385.632421875,22320.180000000004,20915.937021484373,22381.24759690835,22352.521506434707,15.172165079611073,227.02306044216257,69884400.0,0.0030516154749500313,0.0030469687473969323,146.349609375,-21.201171875,81.9000015258789,2389.199951171875,83.31680297851562,39671.0390625,8370.2998046875,18680.19921875,5307.009765625,19195.599609375,21.469999313354492,16801.5390625,38617.1015625
2024-05-23,22614.099609375,22993.599609375,22577.44921875,22967.650390625,369800.0,67.58373898718482,73.37680235897642,55.92259965517712,17.4542027037993,83.42679320095732,74.20540035355911,22415.614941406253,22332.406992187505,20931.883769531247,22471.463411326295,22398.086608967318,15.91933072772604,240.5321554552224,70254200.0,0.01636661960848307,0.01623413013834582,416.150390625,-353.55078125,81.36000061035156,2335.0,83.26709747314453,39065.26171875,8339.2001953125,18691.3203125,5267.83984375,18868.7109375,21.3799991607666,16736.029296875,39103.21875
2024-05-24,22930.75,23026.400390625,22908.0,22957.099609375,261900.0,67.14915138848768,106.6816931966714,71.38199239429768,35.29970080237372,90.60492014147779,82.31547472429548,22443.34990234375,22342.06796875,20948.369765625,22546.176672564558,22439.494979367886,16.727751048926866,231.8084579673494,69992300.0,-0.0004593757337192361,-0.00045948127907615604,118.400390625,-26.349609375,82.12000274658203,2332.5,83.2863998413086,39069.58984375,8317.599609375,18693.369140625,5304.72021484375,18608.939453125,21.709999084472656,16920.7890625,38646.109375
2024-05-27,23038.94921875,23110.80078125,22871.19921875,22932.44921875,260000.0,66.08002467507272,129.59310992054088,75.43472729453373,54.15838262600715,92.73637421869061,88.92269585370857,22461.4548828125,22350.845937500002,20964.8017578125,22605.603218131546,22476.010108211005,17.771667190389394,232.36510829111018,69732300.0,-0.0010737589261899938,-0.0010743358183047916,239.6015625,106.5,82.12000274658203,2332.5,83.05220031738281,39069.58984375,8317.599609375,18774.7109375,5304.72021484375,18827.349609375,23.190000534057617,16920.7890625,38900.01953125
2024-05-28,22977.150390625,22998.55078125,22858.5,22888.150390625,217900.0,64.1047302202709,142.5329958803195,70.69969060344988,71.83330527686962,87.71970590685459,90.35366675567433,22484.864941406253,22361.9559375,20980.473505859376,22649.072013899768,22506.539018019448,18.656024648737947,225.77122778817375,69514400.0,-0.0019317094176221072,-0.00193357757447097,140.05078125,89.0,84.22000122070312,2355.199951171875,83.14569854736328,38852.859375,8254.2001953125,18677.869140625,5306.0400390625,18821.16015625,24.200000762939453,17019.880859375,38855.37109375
2024-05-29,22762.75,22825.5,22685.44921875,22704.69921875,269900.0,56.56398017225063,136.4124940082911,51.663350985137185,84.74914302315392,79.14056947405828,86.53221653320117,22487.929882812503,22369.3359375,20995.329248046877,22657.630045415186,22521.217551406895,18.386269653138143,224.1233666515185,69244500.0,-0.008015115627261094,-0.0080474093408375,140.05078125,58.05078125,83.5999984741211,2340.300048828125,83.20649719238281,38441.5390625,8183.10009765625,18473.2890625,5266.9501953125,18477.009765625,24.18000030517578,16920.580078125,38556.87109375
2024-05-30,22617.44921875,22705.75,22417.0,22488.650390625,373400.0,49.22072554075455,112.82800632070939,22.463090638044378,90.36491568266501,67.67067664922143,78.17698401004476,22482.119921875004,22379.1549609375,21010.13974609375,22631.633175447463,22518.805169126754,17.355134260575667,228.7395547478386,68871100.0,-0.009515599658179275,-0.00956116224385675,288.75,128.798828125,81.86000061035156,2342.89990234375,83.3656005859375,38111.48046875,8231.099609375,18496.7890625,5235.47998046875,18230.189453125,24.18000030517578,16737.080078125,38054.12890625
2024-05-31,22568.099609375,22653.75,22465.099609375,22530.69921875,572100.0,50.565849677089325,96.41866457749711,4.842999115865666,91.57566546163144,58.43242190023906,68.4145560078396,22476.244921875004,22386.8359375,21025.88499023438,22616.104874417084,22519.686209839587,16.39765139605337,225.87604302477874,69443200.0,0.0018697799732139142,0.0018680341105537352,188.650390625,37.400390625,81.62000274658203,2322.89990234375,83.3208999633789,38686.3203125,8275.400390625,18497.939453125,5277.509765625,18079.609375,24.600000381469727,16735.01953125,38487.8984375
2024-06-03,23337.900390625,23338.69921875,23062.30078125,23263.900390625,569400.0,66.98728347795905,140.9525368703944,39.50149712701037,101.45103974338403,66.98644285141289,64.3631804669578,22515.6474609375,22411.646953125004,21044.6194921875,22715.765723064455,22574.81318619406,17.36933450852844,267.45632566586596,70012600.0,0.03254231769535276,0.03202403067452011,276.3984375,74.0,78.36000061035156,2346.60009765625,83.45079803466797,38571.03125,8262.7998046875,18608.16015625,5283.39990234375,18403.0390625,20.940000534057617,16828.669921875,38923.03125
2024-06-04,23179.5,23179.5,21281.44921875,21884.5,1006100.0,40.03944533485666,64.19981264123635,-29.800981681718156,94.0007943229545,59.50361041947748,61.640825057043145,22487.737500000003,22408.22296875,21056.05548828125,22587.878688746845,22523.67887610561,18.421299549602047,389.9559575379469,69006500.0,-0.05929359941641077,-0.06112419596275757,1898.05078125,1295.0,77.5199966430664,2325.5,83.09339904785156,38711.2890625,8232.0,18405.640625,5291.33984375,18444.109375,26.75,16857.05078125,38837.4609375
2024-06-05,22128.349609375,22670.400390625,21791.94921875,22620.349609375,638500.0,51.295454988576076,62.03454383472854,-25.573000390580773,87.60754422530931,62.85690240991182,63.11565189360073,22503.62998046875,22424.2809765625,21071.30298828125,22592.87421499733,22530.8396711626,19.398124230598967,424.84847284773645,69645000.0,0.033624236760035675,0.03307130264902321,878.451171875,-492.0,78.41000366210938,2354.10009765625,83.62940216064453,38807.328125,8247.0,18575.939453125,5354.02978515625,18424.9609375,18.889999389648438,17187.900390625,38490.171875
2024-06-06,22798.599609375,22910.150390625,22642.599609375,22821.400390625,480400.0,53.84486799650947,75.66940075174352,-9.55051477885263,85.21991553059615,56.41677552963098,59.59242945300676,22529.575,22443.926992187502,21087.247236328127,22628.032088170818,22552.362687419074,19.650304433302068,415.20220916218386,70125400.0,0.008888049244237806,0.008848783029735371,267.55078125,-22.80078125,79.87000274658203,2370.300048828125,83.38079833984375,38886.171875,8285.2998046875,18652.669921875,5352.9599609375,18476.80078125,16.799999237060547,17173.119140625,38703.51171875
2024-06-07,22821.849609375,23320.19921875,22789.05078125,23290.150390625,473600.0,59.206334928593975,122.88281399724656,30.13031877332031,92.75249522392625,79.1923317434277,66.15533656099016,22596.20751953125,22469.491015625004,21105.982490234375,22729.896442394536,22607.01362839729,18.88922151712801,423.484082614885,70599000.0,0.020539931466807104,0.02033183181806326,531.1484375,-468.30078125,79.62000274658203,2305.199951171875,83.47309875488281,38798.98828125,8245.400390625,18557.26953125,5346.990234375,18366.94921875,16.8799991607666,17133.130859375,38683.9296875
2024-06-10,23319.150390625,23411.900390625,23227.150390625,23259.19921875,304400.0,58.72129248851892,156.00396662979256,50.60117712469304,105.40278950509952,88.44246612580389,74.68385779962085,22656.40751953125,22492.74,21125.13698242188,22811.327638756913,22655.32367212712,17.975623870207123,406.4316481423932,70294600.0,-0.0013289382574128705,-0.0013298220789751808,184.75,59.951171875,81.62999725341797,2307.699951171875,83.52760314941406,38868.0390625,8228.5,18494.890625,5360.7900390625,18366.94921875,16.399999618530273,17192.529296875,39038.16015625
2024-06-11,23283.75,23389.44921875,23206.650390625,23264.849609375,305200.0,58.787670583472746,180.62650806834426,60.17897485059579,120.44753321774847,94.52340967820723,87.3860691824796,22714.447460937503,22517.9430078125,21144.288476562502,22881.100249621235,22700.47374155289,17.169918742058755,390.457875284008,70599800.0,0.0002429314342191624,0.00024290193115634738,182.798828125,18.900390625,81.91999816894531,2307.5,83.52980041503906,38747.421875,8147.7998046875,18369.939453125,5375.31982421875,18176.33984375,14.770000457763672,17343.55078125,39134.7890625
2024-06-12,23344.44921875,23441.94921875,23295.94921875,23322.94921875,295600.0,59.508678556076994,202.493977942504,65.6371557798044,136.8568221626996,93.47404477970107,92.14664019457072,22769.70244140625,22541.928984375,21163.57822265625,22949.077014102586,22746.583036160082,16.290456245169704,375.2179991476503,70895400.0,0.002497312914139238,0.002494199810096445,146.0,21.5,82.5999984741211,2336.0,83.5968017578125,38712.2109375,8215.5,18630.859375,5421.02978515625,17937.83984375,14.390000343322754,17608.439453125,38876.7109375
2024-06-13,23480.94921875,23481.05078125,23353.900390625,23398.900390625,268300.0,60.48199457472679,223.37777029612698,69.21675850674191,154.16101178938507,94.61830005414348,94.20525150401726,22829.619921875,22563.368984375003,21183.746474609376,23018.28061049065,22794.90284019452,15.371718239062776,359.7096822442467,71163700.0,0.0032564994745150067,0.0032512085635553246,127.150390625,82.048828125,82.75,2300.199951171875,83.5343017578125,38647.1015625,8163.7001953125,18265.6796875,5433.740234375,18112.630859375,13.489999771118164,17667.560546875,38720.46875
2024-06-14,23464.94921875,23490.400390625,23334.25,23465.599609375,223100.0,61.36040095805479,242.51483565527815,70.68305909271444,171.8317765625637,96.54483018114583,94.87905833833011,22882.707421875,22583.440976562502,21204.523720703128,23087.098918011317,22844.58408235604,14.569119609456633,345.169732842872,71386800.0,0.0028505279152657437,0.0028464728647632507,156.150390625,-0.650390625,82.62000274658203,2331.39990234375,83.52210235595703,38589.16015625,8146.89990234375,18002.01953125,5431.60009765625,17941.779296875,12.819999694824219,17688.880859375,38814.55859375
2024-06-18,23570.80078125,23579.05078125,23499.69921875,23557.900390625,272200.0,62.599337534830596,262.1075863850383,72.22064785797966,189.88693852705865,98.07397755496937,96.41236926341956,22937.297460937498,22605.532968749998,21225.345224609377,23159.529913798036,22897.422327412998,13.56829660110978,328.6184070594526,71659000.0,0.003933450786960613,0.0039257349959185015,79.3515625,12.900390625,85.33000183105469,2330.39990234375,83.51010131835938,38834.859375,8191.2998046875,18131.970703125,5487.02978515625,17915.55078125,12.970000267028809,17862.23046875,38482.109375
2024-06-19,23629.849609375,23664.0,23412.900390625,23516.0,328800.0,61.633222770605016,271.1285697686362,64.99330499326206,206.13526477537417,97.24829596834432,97.28903456815317,22986.644921875,22627.159960937497,21245.942978515624,23214.371465521413,22943.242895752777,12.887284172109624,323.0813500819917,71330200.0,-0.0017786131162043084,-0.0017801967265448713,251.099609375,113.849609375,85.33000183105469,2330.39990234375,83.37409973144531,38834.859375,8205.099609375,18067.91015625,5487.02978515625,18430.390625,13.710000038146973,17862.23046875,38570.76171875
2024-06-20,23586.150390625,23624.0,23442.599609375,23567.0,280300.0,62.393992111763296,279.1748835903345,58.431695051968234,220.74318853836627,96.26545373019128,97.19590908450165,23035.1048828125,22648.206953125,21266.55797851563,23268.622009287352,22989.447125697017,12.25491548803805,312.9612815493494,71610500.0,0.0021687361796223215,0.0021663878659495613,181.400390625,19.150390625,85.70999908447266,2353.800048828125,83.41950225830078,39134.76171875,8272.5,18254.1796875,5473.169921875,18335.3203125,13.350000381469727,17721.58984375,38633.01953125
2024-06-21,23661.150390625,23667.099609375,23398.19921875,23501.099609375,609900.0,60.718579498101214,277.0404842430544,45.03783656375046,232.00264767930392,94.25287771356133,95.92220913736563,23061.77734375,22667.954960937503,21287.12998046875,23304.38779391622,23027.347309673165,11.806996258506043,309.814075054753,71000600.0,-0.00279629951309035,-0.0028002164622532473,268.900390625,160.05078125,85.23999786376953,2316.39990234375,83.60160064697266,39150.328125,8237.7001953125,18163.51953125,5464.6201171875,18028.51953125,13.180000305175781,17689.359375,38596.46875
2024-06-24,23382.30078125,23558.099609375,23350.0,23537.849609375,239400.0,61.34198777505205,275.14270145822957,34.51204302314051,240.63065843508906,94.51755106405199,95.01196083593486,23090.81484375,22685.3859375,21308.490224609377,23340.304996294493,23065.162294836264,11.546888866742634,302.5487560776278,71240000.0,0.00156375661610908,0.0015625352218749532,208.099609375,-155.548828125,86.01000213623047,2330.0,83.5625,39411.2109375,8281.599609375,18325.580078125,5447.8701171875,18027.7109375,14.0600004196167,17496.8203125,38804.6484375
2024-06-25,23577.099609375,23754.150390625,23562.05078125,23721.30078125,298100.0,64.3808870765228,285.1545867597706,35.61914265974522,249.5354441000254,95.3165998911815,94.69567622293161,23130.257421875,22706.956953125,21330.566474609375,23398.919732441496,23113.765145681726,10.851678603036076,296.38818644708294,71538100.0,0.007793879853915442,0.007763664467508334,192.099609375,-144.201171875,85.01000213623047,2316.60009765625,83.46040344238281,39112.16015625,8247.7998046875,18177.619140625,5469.2998046875,18072.900390625,14.3100004196167,17717.650390625,39173.1484375
2024-06-26,23723.099609375,23889.900390625,23670.44921875,23868.80078125,287800.0,66.65084515052425,301.5154132865064,41.58397534918481,259.93143793732156,97.0721494231611,95.63543345946485,23179.289941406252,22729.256953125005,21353.1972265625,23471.20912456588,23169.693711279375,10.657565758229214,290.8926854062199,71825900.0,0.006218040121837909,0.006198787876631016,219.451171875,-145.701171875,85.25,2299.199951171875,83.41459655761719,39127.80078125,8225.2998046875,18155.240234375,5477.89990234375,18089.9296875,14.050000190734863,17805.16015625,39667.0703125
2024-06-27,23881.55078125,24087.44921875,23805.400390625,24044.5,515200.0,69.17115793722184,324.91354367598615,51.98568459093167,272.9278590850545,97.77546559820429,96.72140497084897,23246.279980468753,22759.758945312504,21376.68248046875,23559.407720786516,23234.49417711053,11.078608387166234,290.2609813147042,72341100.0,0.007361040898544724,0.007334080659762657,282.048828125,-162.94921875,86.38999938964844,2324.5,83.58039855957031,39164.05859375,8179.7001953125,18210.55078125,5482.8701171875,17716.470703125,14.149999618530273,17858.6796875,39341.5390625
2024-06-28,24085.900390625,24174.0,23985.80078125,24010.599609375,354800.0,68.10174021803547,336.8383891030571,51.12842401440207,285.70996508865505,92.70298740936181,95.8502008102424,23322.377441406254,22794.5209375,21400.466474609377,23628.821857492436,23291.98346838938,11.716603211326802,282.9708554172254,71986300.0,-0.0014099020825968367,-0.0014108969297394127,188.19921875,75.30078125,86.41000366210938,2327.699951171875,83.45089721679688,39118.859375,8164.10009765625,18235.44921875,5460.47998046875,17718.609375,13.800000190734863,17732.599609375,39583.078125
2024-07-01,23992.94921875,24164.0,23992.69921875,24141.94921875,0.0,70.03481250892587,352.82063411312265,53.68853521957408,299.1320988935486,92.16244218479716,94.21363173078774,23402.93994140625,22834.4019140625,21423.999716796876,23707.76452845514,23354.943894342017,12.309026976618759,274.9944215481379,71986300.0,0.005470484349075377,0.00545557559691747,171.30078125,-149.0,86.5999984741211,2327.60009765625,83.36750030517578,39169.51953125,8166.7998046875,18290.66015625,5475.08984375,17718.609375,13.829999923706055,17879.30078125,39631.05859375
2024-07-02,24228.75,24236.349609375,24056.400390625,24123.849609375,0.0,69.41060066114032,359.87774459407956,48.59651656042479,311.28122803365477,89.27739943349695,91.38094300921864,23445.93740234375,22876.9619140625,21446.9749609375,23771.77761782743,23411.89987323335,13.07982764053911,268.205478491128,71986300.0,-0.0007497161563467802,-0.0007499973340487516,179.94921875,104.900390625,86.23999786376953,2323.0,83.44129943847656,39331.8515625,8121.2001953125,18164.060546875,5509.009765625,17769.140625,13.640000343322754,18028.759765625,40074.69140625
2024-07-03,24291.75,24309.150390625,24207.099609375,24286.5,0.0,71.83960026721084,374.2806088145553,50.39950462472041,323.8811041898349,94.13346629353026,91.85776930394145,23566.03740234375,22919.7519140625,21470.532958984375,23850.96567662321,23476.685067808656,14.016248058897055,262.283714402476,71986300.0,0.006742306607722792,0.006719678910168409,102.05078125,5.25,87.33999633789062,2359.800048828125,83.4791030883789,39308.0,8171.10009765625,18374.529296875,5537.02001953125,17978.5703125,13.210000038146973,18188.30078125,40580.76171875
2024-07-04,24369.94921875,24401.0,24281.0,24302.150390625,251200.0,72.06942204099292,382.54806227003064,46.93356646415657,335.61449580587407,92.14907640345521,91.85331404349414,23650.12744140625,22959.0669140625,21493.98845703125,23920.378709546563,23537.830647276533,15.15867440866973,252.1205919451563,72237500.0,0.0006444070008029268,0.0006441994597673961,120.0,67.798828125,87.33999633789062,2359.800048828125,83.49120330810547,39308.0,8241.2998046875,18450.48046875,5537.02001953125,18028.279296875,12.859999656677246,18188.30078125,40913.6484375
2024-07-05,24213.349609375,24363.0,24168.849609375,24323.849609375,298400.0,72.4056823562378,386.396881575376,40.62590861560159,345.77097295977444,93.68985119041788,93.32413129580112,23725.24990234375,22998.18390625,21516.972451171874,23982.451155674018,23596.054274098642,15.627713275737314,247.97986327943084,72535900.0,0.0008928929498506211,0.0008924945580705119,194.150390625,-110.5,86.54000091552734,2388.5,83.49340057373047,39375.87109375,8203.900390625,18475.44921875,5567.18994140625,17799.609375,12.699999809265137,18352.759765625,40912.37109375
2024-07-08,24329.44921875,24344.599609375,24240.55078125,24320.55078125,266300.0,72.2632484294293,384.7458006499255,31.179862152120847,353.56593849780467,91.91278920053726,92.58390559813678,23776.769921875,23036.5469140625,21539.475458984372,24034.466482685704,23649.72068203578,16.063249366585783,237.69907505411436,72269600.0,-0.00013562113637344275,-0.0001356303337513403,104.048828125,8.8984375,85.75,2355.199951171875,83.47209930419922,39344.7890625,8193.5,18472.05078125,5572.85009765625,17524.060546875,13.600000381469727,18403.740234375,40780.69921875
2024-07-09,24351.0,24443.599609375,24331.900390625,24433.19921875,250500.0,74.13441829147226,388.05385134195603,27.590330275321094,360.46352106663494,94.68459030600746,93.42907689898753,23835.469921875,23073.803906250003,21561.65970703125,24095.80998054175,23707.756129199795,16.81010020279367,229.50977170203478,72520100.0,0.004631820986013446,0.00462112711188291,111.69921875,-82.19921875,84.66000366210938,2360.10009765625,83.45760345458984,39291.96875,8139.7998046875,18236.189453125,5576.97998046875,17523.23046875,14.279999732971191,18429.2890625,41580.171875
2024-07-10,24459.849609375,24461.05078125,24141.80078125,24324.44921875,292300.0,69.27564148170597,377.5481491622959,13.667702476528689,363.8804466857672,93.0332092879004,93.21019626481504,23888.44990234375,23111.89390625,21583.31595703125,24130.985247958404,23753.43709879611,16.487727112264565,235.9197880090323,72227800.0,-0.004450911197766749,-0.004460845993233708,319.25,135.400390625,85.08000183105469,2372.199951171875,83.49299621582031,39721.359375,8193.5,18407.220703125,5633.91015625,17471.669921875,14.430000305175781,18647.44921875,41831.98828125
2024-07-11,24396.55078125,24402.650390625,24193.75,24315.94921875,306400.0,68.89556353943233,364.3365802276676,0.3649068335203083,363.9716733941473,91.2314394828056,92.98307969223782,23938.09990234375,23145.3448828125,21604.545703125,24159.441243464804,23795.104663237136,16.188380671058965,233.98983105302997,71921400.0,-0.0003494426502141934,-0.0003495037195243165,208.900390625,80.6015625,85.4000015258789,2415.0,83.49590301513672,39753.75,8223.2998046875,18534.560546875,5584.5400390625,17832.330078125,14.0,18283.41015625,42224.01953125
2024-07-12,24387.94921875,24592.19921875,24331.150390625,24502.150390625,325800.0,72.46009691439224,364.6873068218738,0.57250674218119,364.1148000796926,88.63466571661287,90.96643816243962,23993.26240234375,23183.290898437503,21626.540957031248,24212.165727643296,23847.478420821422,16.631080894570186,237.00841454924213,72247200.0,0.007657573644356042,0.007628403248955412,261.048828125,-114.201171875,85.02999877929688,2414.0,83.51850128173828,40000.8984375,8252.900390625,18748.1796875,5615.35009765625,18293.380859375,13.729999542236328,18398.44921875,41190.6796875
2024-07-15,24587.599609375,24635.05078125,24522.75,24586.69921875,305400.0,73.92150892767994,367.55074777235495,2.7487581541298596,364.8019896182251,91.06207036335802,90.30939185425882,24049.317382812496,23222.0608984375,21648.512705078123,24269.786264736635,23902.23551696428,17.193199394410424,229.572127126082,72552600.0,0.003450669707641296,0.0034447298074261035,112.30078125,0.900390625,84.8499984741211,2422.89990234375,83.52030181884766,40211.71875,8183.0,18590.890625,5631.22021484375,18015.939453125,14.1899995803833,18472.5703125,41190.6796875
2024-07-16,24615.900390625,24661.25,24587.650390625,24613.0,283200.0,74.37700629930045,367.70363992418424,2.321320244767321,365.3823196794169,93.5361293661632,91.07762181537802,24102.072363281248,23264.80390625,21670.911201171875,24322.588377854074,23954.88473792989,17.810200712324715,218.49917384921898,72835800.0,0.0010697158254551198,0.0010691440871768358,73.599609375,2.900390625,83.7300033569336,2462.39990234375,83.58760070800781,40954.48046875,8164.89990234375,18518.029296875,5667.2001953125,17727.98046875,14.220000267028809,18509.33984375,41275.078125
2024-07-18,24543.80078125,24837.75,24504.44921875,24800.849609375,350900.0,77.41169033248137,378.6182263759147,10.5887253571982,368.0295010187165,95.00614770038679,93.20144914330267,24166.31484375,23311.966914062497,21695.408447265625,24396.167028857293,24017.54880248138,18.983677789502906,226.69928866356048,73186700.0,0.007632129743428306,0.007603152387120198,333.30078125,-257.048828125,85.11000061035156,2451.800048828125,83.57209777832031,40665.01953125,8204.900390625,18354.759765625,5544.58984375,17778.41015625,14.510000228881836,17871.220703125,40126.3515625
2024-07-19,24853.80078125,24854.80078125,24508.150390625,24530.900390625,343800.0,65.42069519875946,361.3203923124456,-5.367286965016717,366.68767927746234,84.1533375658195,90.89853821078982,24214.50986328125,23356.534921874998,21719.351201171878,24416.89523836002,24055.574846047573,20.128085524120493,235.26722451794902,72842900.0,-0.010884676251089243,-0.010944347737899481,346.650390625,322.900390625,82.62999725341797,2395.5,83.67430114746094,40287.53125,8155.7001953125,18171.9296875,5505.0,17417.6796875,14.829999923706055,17726.939453125,40063.7890625
2024-07-22,24445.75,24595.19921875,24362.30078125,24509.25,324200.0,64.55700028282122,341.9232502206978,-19.811543245411656,361.73479346610947,71.60576604174248,83.58841710264959,24264.917382812502,23400.669921875,21743.526201171873,24431.10366322771,24089.180413007012,20.2557283497633,235.09802544523836,72518700.0,-0.0008825762723847497,-0.0008829659721330775,232.8984375,-63.5,82.4000015258789,2392.0,83.73030090332031,40415.44140625,8198.7998046875,18407.0703125,5564.41015625,17635.880859375,15.4399995803833,18007.5703125,39599.0
2024-07-23,24568.900390625,24582.55078125,24074.19921875,24479.05078125,436400.0,63.30162174490008,320.42044337991683,-33.051480068954106,353.47192344887094,57.004211734389294,70.92110511398376,24311.977441406252,23451.1009375,21767.548701171876,24438.480142923447,24118.05969954353,18.885199356877333,254.6161352348642,72082300.0,-0.0012321559717249908,-0.0012329157000276177,508.3515625,89.849609375,81.01000213623047,2404.60009765625,83.67130279541016,40358.08984375,8167.39990234375,18557.69921875,5555.740234375,17469.359375,12.75,17997.349609375,39594.390625
2024-07-24,24444.94921875,24504.25,24307.25,24413.5,366600.0,60.54925071421652,294.6928777681351,-47.02323654458871,341.7161143127238,50.683412373474354,59.76446338320204,24346.58740234375,23498.266953125,21791.292705078125,24434.637044012146,24139.94416624401,17.612565292054647,250.5006970038025,71715700.0,-0.002677831825905974,-0.00268142363114976,197.0,31.44921875,81.70999908447266,2413.300048828125,83.70680236816406,39853.87109375,8153.7001953125,18387.4609375,5427.1298828125,17311.05078125,11.760000228881836,17342.41015625,39154.8515625
2024-07-25,24230.94921875,24426.150390625,24210.80078125,24406.099609375,391800.0,60.23085105299231,270.5872851988679,-56.90306329108472,327.4903484899526,45.94972160226321,51.212448570042284,24373.452343750003,23544.3079296875,21814.74095703125,24430.246669452583,24159.659384253715,16.72765908378382,247.9899050303166,71323900.0,-0.0003031269840456652,-0.0003031729363163769,215.349609375,-175.150390625,82.37000274658203,2351.89990234375,83.74299621582031,39935.0703125,8186.39990234375,18298.720703125,5399.22021484375,17021.91015625,12.619999885559082,17181.720703125,37869.51171875
2024-07-26,24423.349609375,24861.150390625,24410.900390625,24834.849609375,383800.0,70.05546628315032,282.81980059105626,-35.7364383191171,318.55623891017336,60.88100223409047,52.50471206994267,24412.96982421875,23596.6479296875,21841.297451171875,24492.493275594494,24209.673475003437,16.90474683341014,262.77996761743685,71707700.0,0.01756732976027453,0.01741480789992859,450.25,-411.5,81.12999725341797,2380.0,83.73760223388672,40589.33984375,8285.7001953125,18417.55078125,5459.10009765625,17021.310546875,12.25,17357.880859375,37667.41015625
2024-07-29,24943.30078125,24999.75,24774.599609375,24836.099609375,355000.0,70.07867443975388,289.2803776009896,-23.420689047347025,312.7010666483366,73.83167450784308,60.22079944806558,24454.244824218753,23649.35890625,21867.2864453125,24545.355788483805,24256.075410882815,17.495015755365916,260.09214068940565,72062700.0,5.03324972633834e-05,5.0331230625744864e-05,225.150390625,107.201171875,79.77999877929688,2377.300048828125,83.72779846191406,40539.9296875,8292.400390625,18320.669921875,5463.5400390625,17238.33984375,12.949999809265137,17370.19921875,38468.62890625
2024-07-30,24839.400390625,24971.75,24798.650390625,24857.30078125,385000.0,70.49634460629473,292.7367023298466,-15.971491454792044,308.70819378463864,87.86191061697727,74.19152911963693,24490.01240234375,23698.4279296875,21893.92919921875,24593.347325832452,24300.610623502605,18.04312261146771,253.8783884526624,72447700.0,0.0008536433743000504,0.0008532792280141148,173.099609375,-17.900390625,78.62999725341797,2405.0,83.75050354003906,40743.328125,8274.400390625,18411.1796875,5436.43994140625,17002.91015625,12.880000114440918,17147.419921875,38525.94921875
2024-07-31,24886.69921875,24984.599609375,24856.5,24951.150390625,333600.0,72.33714584882676,299.595196784594,-7.290397600035703,306.8855943846297,87.22565251827811,82.97307921436615,24531.37744140625,23748.1289453125,21921.504453125,24648.393951185153,24348.79875440056,18.594152786619173,244.89418994711508,72781300.0,0.00377553501085659,0.0037684255675633532,128.099609375,-64.451171875,80.72000122070312,2426.5,83.73899841308594,40842.7890625,8368.0,18508.650390625,5522.2998046875,17344.599609375,13.25,17599.400390625,39101.8203125
2024-08-01,25030.94921875,25078.30078125,24956.400390625,25010.900390625,431300.0,73.47196405084908,306.32085259062296,-0.45179343520544535,306.7726460258284,90.88195206005024,88.65650506510187,24567.5974609375,23797.7659375,21948.830205078124,24704.164172637436,24397.843320046813,19.414547820571624,236.48391856696404,73212600.0,0.0023946791656728195,0.002391816490734086,121.900390625,20.048828125,79.5199966430664,2435.0,83.7177963256836,40347.96875,8283.400390625,18083.05078125,5446.68017578125,17304.9609375,12.930000305175781,17194.150390625,38126.328125
2024-08-02,24789.0,24851.900390625,24686.849609375,24717.69921875,345000.0,60.38173193805473,284.7101378436055,-17.650006545778353,302.36014438938383,84.0412500144968,87.38295153094171,24588.37490234375,23840.163906250003,21974.151201171873,24706.246487423985,24421.53634958038,18.756646363756683,242.7386944728952,72867600.0,-0.011722935491954689,-0.011792190883304469,165.05078125,71.30078125,76.80999755859375,2425.699951171875,83.743896484375,39737.26171875,8174.7001953125,17661.220703125,5346.56005859375,16945.509765625,14.319999694824219,16776.16015625,35909.69921875
2024-08-05,24302.849609375,24350.05078125,23893.69921875,24055.599609375,487000.0,42.128375810519046,211.71704334416063,-72.51448083617856,284.2315241803392,57.01390361479622,77.31236856311442,24574.96240234375,23861.922890625003,21996.867451171875,24606.14696772414,24394.42992437998,19.256027932929104,284.25735915340266,72380600.0,-0.02678645789462286,-0.02715175314145156,456.3515625,247.25,76.30000305175781,2401.699951171875,83.73529815673828,38703.26953125,8008.2001953125,17339.0,5186.330078125,16698.359375,20.3700008392334,16200.080078125,31458.419921875
2024-08-06,24189.849609375,24382.599609375,23960.400390625,23992.55078125,312300.0,40.861625071244106,147.08645545748368,-109.71605497828443,256.8025104357681,28.699642641252293,56.584932090181766,24558.562402343752,23882.631914062502,22018.38095703125,24511.747554420428,24364.661098962944,19.592082062583053,294.1103491245882,72068300.0,-0.0026209626510589334,-0.0026244033870099497,422.19921875,197.298828125,76.4800033569336,2389.10009765625,84.00260162353516,38997.66015625,8026.7001953125,17354.3203125,5240.02978515625,16647.33984375,18.739999771118164,16366.849609375,34675.4609375
2024-08-07,24289.400390625,24337.69921875,24184.900390625,24297.5,317600.0,48.869729540209306,119.1001894584333,-110.16185678186787,229.26204624030117,18.699754004840763,34.80443342029643,24551.77744140625,23909.9329296875,22040.811708984376,24478.7863922019,24359.686202743465,19.90413232583315,297.75592686568905,72385900.0,0.012710162480444431,0.012630066341245293,152.798828125,-8.099609375,78.33000183105469,2390.5,83.93489837646484,38763.44921875,8166.89990234375,17615.150390625,5199.5,16877.859375,16.170000076293945,16195.8095703125,35089.62109375
2024-08-08,24248.55078125,24340.5,24079.69921875,24117.0,311900.0,44.9866329163498,81.41750026306545,-118.27563678178859,199.69313704485404,20.427490783425334,22.60896247650613,24541.404980468753,23934.509921875004,22062.426708984378,24423.126947247758,24341.709446984692,20.468616232471547,295.1162736074255,72074000.0,-0.007428747813561065,-0.007456478381555143,260.80078125,131.55078125,79.16000366210938,2422.199951171875,83.94239807128906,39446.48828125,8145.0,17680.400390625,5319.31005859375,16891.830078125,16.600000381469727,16660.01953125,34831.1484375
2024-08-09,24386.849609375,24419.75,24311.19921875,24367.5,215100.0,50.826279177798675,70.94909704432939,-102.99523200041972,173.9443290447491,30.978133030840628,23.368459273035576,24543.98251953125,23967.7659375,22085.508955078127,24414.568955363487,24343.619858319158,20.63293946643307,295.6615397783237,72289100.0,0.010386864037815746,0.010333291215294636,108.55078125,19.349609375,79.66000366210938,2432.10009765625,83.98899841308594,39497.5390625,8168.10009765625,17722.880859375,5344.16015625,17090.23046875,15.34000015258789,16745.30078125,35025.0
2024-08-12,24320.05078125,24472.80078125,24212.099609375,24347.0,279900.0,50.35520048921879,60.303492277009354,-90.91266941419181,151.21616169120117,32.371006425771675,27.925543413345878,24536.225000000002,24004.9329296875,22108.585205078125,24404.173731461415,24343.870239184405,21.063587513240005,293.16437064237203,72009200.0,-0.0008412844977941925,-0.0008416385761983504,260.701171875,-26.94921875,82.30000305175781,2462.39990234375,83.94979858398438,39357.01171875,8210.2998046875,17726.470703125,5344.39013671875,17111.650390625,15.869999885559082,16780.609375,35025.0
2024-08-13,24342.349609375,24359.94921875,24116.5,24139.0,239700.0,45.72448479764929,34.68310686355835,-93.22644386211425,127.9095507256726,32.990061267963256,32.113066908191854,24513.840039062503,24037.0989453125,22130.222705078126,24363.377772775042,24328.694665911484,21.72413966219442,289.61328836434546,71769500.0,-0.008543146999630324,-0.00857984886239657,243.44921875,203.349609375,80.69000244140625,2466.699951171875,83.88999938964844,39765.640625,8235.2001953125,17812.05078125,5434.43017578125,17174.060546875,16.170000076293945,17187.609375,36232.51171875
2024-08-14,24184.400390625,24196.5,24099.69921875,24143.75,303300.0,45.84695814925859,14.59382362665201,-90.65258167921648,105.24640530586849,26.693992134310278,30.685019942681734,24490.3775390625,24054.6959375,22152.58595703125,24329.588884655805,24314.995061029153,22.3839506284429,275.84096642760653,72072800.0,0.00019677699987563635,0.0001967576418212346,96.80078125,40.650390625,79.76000213623047,2439.39990234375,83.88200378417969,40008.390625,8281.099609375,17885.599609375,5455.2099609375,17113.359375,15.4399995803833,17192.599609375,36442.4296875
2024-08-16,24334.849609375,24563.900390625,24204.5,24541.150390625,271600.0,54.996569238506474,30.389500985180348,-59.88552345655053,90.27502444173088,32.15716210839175,30.613738503555094,24477.392578125004,24107.828945312503,22177.168212890625,24362.136808651063,24331.747307665883,21.311555006046135,286.1487824417061,72344400.0,0.016459762490292462,0.016325768935141063,359.400390625,-206.30078125,79.68000030517578,2498.60009765625,83.94830322265625,40659.76171875,8311.400390625,18322.400390625,5554.25,17430.16015625,14.399999618530273,17631.720703125,38062.671875
2024-08-19,24636.349609375,24638.80078125,24522.94921875,24572.650390625,243600.0,55.63641218535446,44.931533092461905,-36.274793079415176,81.20632617187708,44.35958820542244,34.40358081604148,24479.480078125005,24146.8749609375,22202.318212890626,24394.52351357013,24349.591980477668,20.023986084646502,273.98469530301276,72588000.0,0.0012835584110202358,0.0012827353541420893,115.8515625,63.69921875,77.66000366210938,2501.800048828125,83.88980102539062,40896.53125,8356.900390625,18421.689453125,5608.25,17569.5703125,14.319999694824219,17876.76953125,37388.62109375
2024-08-20,24648.900390625,24734.30078125,24607.19921875,24698.849609375,238300.0,58.200481933353856,65.87999697318082,-12.261063358957003,78.14106033213783,59.97945643643366,45.49873558341595,24488.96005859375,24184.4239453125,22229.403710937502,24441.342912924723,24375.462915951543,18.72527669541318,265.96081639744045,72826300.0,0.005135759339910173,0.0051226163083365125,127.1015625,-49.94921875,77.19999694824219,2511.300048828125,83.87860107421875,40834.96875,8273.2998046875,18357.51953125,5597.1201171875,17511.080078125,13.819999694824219,17816.939453125,38062.921875
2024-08-21,24680.55078125,24787.94921875,24654.5,24770.19921875,257100.0,59.62141583691283,87.23354865923466,7.273990661677459,79.9595579975572,66.42462853411946,56.92122439199185,24503.51748046875,24214.024921875,22257.64395507813,24491.936190743996,24404.70264208476,17.723770602857215,256.49570227976614,73083400.0,0.0028887826964991703,0.0028846181820890576,133.44921875,-89.6484375,76.05000305175781,2508.39990234375,83.77940368652344,40890.48828125,8283.400390625,18448.94921875,5620.85009765625,17391.009765625,13.329999923706055,17918.990234375,37951.80078125
2024-08-22,24863.400390625,24867.349609375,24784.44921875,24811.5,220300.0,60.459327062691656,106.26407399834716,21.043612800631962,85.2204611977152,78.74101727473615,68.38170074842975,24523.41748046875,24245.0709375,22287.415205078127,24541.09985370646,24434.83577970811,17.096096563116557,245.11389430442568,73303700.0,0.001667357653657442,0.0016659691560852782,82.900390625,51.900390625,77.22000122070312,2478.89990234375,83.88860321044922,40712.78125,8288.0,18493.390625,5570.64013671875,17641.0,13.0,17619.349609375,38211.01171875
2024-08-23,24845.400390625,24858.400390625,24771.650390625,24823.150390625,206800.0,60.70702859760844,120.89241904040682,28.537566274153292,92.35485276625353,87.90516036859582,77.69026872581713,24544.27001953125,24276.236953124997,22316.29470703125,24584.49224400162,24463.599824961213,16.453727439969583,233.8021875683953,73510500.0,0.00046955607782672715,0.0004694458708691634,86.75,22.25,79.0199966430664,2508.39990234375,83.94059753417969,41175.078125,8327.7998046875,18633.099609375,5634.60986328125,17612.099609375,13.550000190734863,17877.7890625,38364.26953125
2024-08-26,24906.099609375,25043.80078125,24874.69921875,25010.599609375,210300.0,64.55448544764045,145.92889577945243,42.859234410559125,103.0696613688933,95.55327472322323,87.39981745551839,24553.05751953125,24309.9899609375,22345.643203125,24650.047223289832,24504.11832751038,16.55711247751482,232.86277350100994,73720800.0,0.007551387144671073,0.007523018148105455,169.1015625,-104.5,81.43000030517578,2517.699951171875,83.81379699707031,41240.51953125,8327.7998046875,18617.01953125,5616.83984375,17798.73046875,13.800000190734863,17725.76953125,38110.21875
2024-08-27,25024.80078125,25073.099609375,24973.650390625,25017.75,223300.0,64.69649173312494,164.45176318007725,49.10568144894715,115.3460817311301,95.60806568048503,93.02216692410136,24562.1400390625,24342.366953124998,22375.333955078124,24706.616881245245,24542.165118065168,16.75762526613114,223.33323387593782,73944100.0,0.0002858944102370753,0.0002858535502177548,99.44921875,7.05078125,79.55000305175781,2516.0,83.88369750976562,41250.5,8345.5,18681.810546875,5625.7998046875,17874.669921875,13.630000114440918,17754.8203125,38288.62109375
2024-08-28,25030.80078125,25129.599609375,24964.650390625,25052.349609375,220400.0,65.41845774278644,179.84996986085025,51.60311050377612,128.24685935707413,94.6686310246293,95.27665714277919,24571.89248046875,24374.101953125,22405.649951171876,24759.806531726746,24579.956561865896,17.1493844684117,219.16294708122797,74164500.0,0.0013830024432652799,0.0013820469762269526,164.94921875,-21.548828125,78.6500015258789,2501.0,83.92160034179688,41091.421875,8343.900390625,18782.2890625,5592.18017578125,17692.44921875,13.949999809265137,17556.029296875,38371.76171875
2024-08-29,25035.30078125,25192.900390625,24998.5,25151.94921875,354000.0,67.48012635178691,197.80978758241326,55.650342580271285,142.15944500214198,94.44148003811615,94.90605891441015,24581.932421874997,24405.9829296875,22435.743447265628,24820.13617588417,24622.326388301757,17.742463048657623,217.39419304864026,74518500.0,0.00397565940632294,0.003967777356455909,194.400390625,-116.6484375,79.94000244140625,2525.699951171875,83.94149780273438,41335.05078125,8379.599609375,18912.5703125,5591.9599609375,17786.3203125,13.789999961853027,17516.4296875,38362.53125
2024-08-30,25249.69921875,25268.349609375,25199.400390625,25235.900390625,638200.0,69.1496347999601,216.32358682914128,59.33131346159942,156.99227336754186,95.37317730635488,94.8277627897001,24593.182421874997,24440.3809375,22465.769951171875,24884.099901228914,24667.776314399773,18.561158850234154,210.18035001838024,75156700.0,0.003337760073577778,0.003332202116407902,68.94921875,13.798828125,78.80000305175781,2493.800048828125,83.89510345458984,41563.078125,8376.599609375,18906.919921875,5648.39990234375,17989.0703125,13.390000343322754,17713.619140625,38647.75
2024-09-02,25333.599609375,25333.650390625,25235.5,25278.69921875,222800.0,69.99533863395828,231.77762566968886,59.8282818417176,171.94934382797126,96.34136774316794,95.38534169587965,24621.232421875,24474.614921875,22495.104697265626,24944.80748853985,24713.02986287016,19.547953732332978,202.17821006171022,75379500.0,0.001695950113232314,0.0016945136137639853,98.150390625,54.900390625,78.80000305175781,2493.800048828125,83.86380004882812,41563.078125,8363.7998046875,18930.849609375,5648.39990234375,17691.970703125,14.0600004196167,17713.619140625,38700.87109375
2024-09-03,25313.400390625,25321.69921875,25235.80078125,25279.849609375,212100.0,70.01912895900107,241.33591944738873,55.509260495533965,185.82665895185477,96.13668290390886,95.95040931781055,24682.444921875,24510.189921875,22524.470449218752,24996.352430206796,24755.016510759408,20.46426326571046,193.87251202158805,75591600.0,4.550829989491412e-05,4.550726442364936e-05,85.8984375,33.55078125,73.75,2489.89990234375,83.92729949951172,40936.9296875,8298.5,18747.109375,5528.93017578125,17651.490234375,13.84000015258789,17136.30078125,38686.30859375
2024-09-04,25089.94921875,25216.0,25083.80078125,25198.69921875,253800.0,66.04120394411295,239.60080883080082,43.01931990315683,196.581488927644,93.07837384432074,95.18547483046584,24742.752343750002,24543.4069140625,22553.2464453125,25027.48270536729,24787.881896536488,20.29482941374322,194.02796317183177,75337800.0,-0.0032100820170585243,-0.003215245383183467,132.19921875,-108.75,72.69999694824219,2493.39990234375,83.95030212402344,40974.96875,8269.599609375,18591.849609375,5520.06982421875,17457.33984375,14.380000114440918,17084.30078125,37047.609375
2024-09-05,25250.5,25275.44921875,25127.75,25145.099609375,222200.0,63.476095180304995,231.2351458183075,27.722925512530793,203.5122203057767,86.81021659722778,92.00842444848578,24785.13232421875,24571.882890625,22581.995439453123,25045.577613676167,24814.34246785786,20.391843479460817,190.71876714170094,75115600.0,-0.0021270784221717465,-0.0021293438665674616,147.69921875,105.400390625,72.69000244140625,2511.39990234375,83.98249816894531,40755.75,8241.7001953125,18576.5,5503.41015625,17444.30078125,14.210000038146973,17127.66015625,36657.08984375
2024-09-06,25093.69921875,25168.75,24801.30078125,24852.150390625,311700.0,51.664723969881024,198.67652463110062,-3.8685565397408936,202.5450811708415,66.16985580480753,82.01948208211869,24821.88984375,24591.5498828125,22609.129443359372,25015.819579360603,24817.143054729502,19.16573215781042,203.342370828008,74803900.0,-0.011650350298901935,-0.011718747382249265,367.44921875,241.548828125,71.05999755859375,2493.5,83.98359680175781,40345.41015625,8181.5,18301.900390625,5408.419921875,17444.30078125,15.220000267028809,16690.830078125,36391.46875
2024-09-09,24823.400390625,24957.5,24753.150390625,24936.400390625,254400.0,54.29852281377261,177.6243111695403,-19.93661600104099,197.5609271705813,50.6563118955233,67.87879476585286,24850.334863281252,24609.387890625,22636.593691406248,25003.601242632045,24825.976931462505,18.24468550398618,203.41431643850743,75058300.0,0.003390048695012693,0.003384315433638339,204.349609375,-113.0,71.83999633789062,2501.800048828125,83.98259735107422,40829.58984375,8270.7998046875,18443.560546875,5471.0498046875,17196.9609375,14.239999771118164,16884.599609375,36215.75
2024-09-10,24999.400390625,25130.5,24896.80078125,25041.099609375,251300.0,57.40478046240824,167.45827748975353,-24.082119744662236,191.54039723441576,41.610110746033655,52.812092815454825,24885.03984375,24629.997890625,22663.421943359375,25009.37022213096,24841.911944641208,17.31736844982667,205.5775237464712,75309600.0,0.0041986500501236534,0.0041898603137641086,233.69921875,-41.69921875,69.19000244140625,2512.300048828125,83.98090362548828,40736.9609375,8206.0,18265.919921875,5495.52001953125,17234.08984375,13.359999656677246,17025.880859375,36159.16015625
2024-09-11,25034.0,25113.69921875,24885.150390625,24918.44921875,279200.0,52.871245618534736,147.80100310399575,-34.99151530433602,182.79251840833177,39.86223542722283,44.042886022926595,24924.0123046875,24645.527890625002,22689.188193359376,24995.382375456968,24847.58137235297,16.397572082951108,207.2183312020804,75030400.0,-0.004897963449619458,-0.004909997784499106,228.548828125,115.55078125,70.61000061035156,2512.10009765625,83.98200225830078,40861.7109375,8193.900390625,18330.26953125,5554.1298828125,17108.7109375,13.630000114440918,17395.529296875,35619.76953125
2024-09-12,25059.650390625,25433.349609375,24941.44921875,25388.900390625,380100.0,64.46402227463878,168.24453114957942,-11.638389807001914,179.88292095658133,57.18139007805242,46.21791208376963,24986.269824218754,24670.82890625,22717.47369140625,25055.92360855974,24887.67907741016,16.823186705428498,229.19562116086038,75410500.0,0.01887963282727112,0.018703624424743968,491.900390625,-329.25,71.97000122070312,2551.199951171875,83.99259948730469,41096.76953125,8241.0,18518.390625,5595.759765625,17240.390625,13.180000305175781,17569.6796875,36833.26953125
2024-09-13,25430.44921875,25430.5,25292.44921875,25356.5,250800.0,63.30900789754008,179.75957716222183,-0.09867503548761647,179.85825219770945,70.21413727594715,55.7525875937408,25027.037304687503,24692.22890625,22745.78619140625,25102.16613031978,24922.406553157558,17.218400283443216,222.6852754529418,75159700.0,-0.0012761636040355961,-0.0012769785942554214,138.05078125,73.94921875,71.61000061035156,2581.300048828125,83.93479919433594,41393.78125,8273.099609375,18699.400390625,5626.02001953125,17369.08984375,12.550000190734863,17683.98046875,36581.76171875
2024-09-16,25406.650390625,25445.69921875,25336.19921875,25383.75,168700.0,63.89492899661198,188.9065838426468,7.2386653159498735,181.66791852669692,91.07401888799124,72.8231820806636,25067.592285156254,24713.8608984375,22773.787939453123,25145.4867256552,24956.580141812552,17.642137736918166,214.60061292058882,75328400.0,0.0010746751326089488,0.0010740980826790941,109.5,22.900390625,72.75,2580.39990234375,83.88480377197266,41622.078125,8278.400390625,18633.109375,5633.08984375,17422.119140625,12.460000038146973,17592.130859375,36581.76171875
2024-09-17,25416.900390625,25441.650390625,25352.25,25418.55078125,216000.0,64.67085442900223,196.69639118379928,12.022778125681867,184.6736130581174,91.94557214186395,84.41124276860077,25103.577343750003,24735.754921875,22801.8214453125,25187.49658036209,24990.80018917829,18.035608229430622,205.65773989947533,75544400.0,0.0013709866056039743,0.0013700476615561017,89.400390625,-1.650390625,73.69999694824219,2564.300048828125,83.88400268554688,41606.1796875,8309.900390625,18726.080078125,5634.580078125,17660.01953125,12.59000015258789,17628.060546875,36203.21875
2024-09-18,25402.400390625,25482.19921875,25285.55078125,25377.55078125,215700.0,62.954303268339096,197.2873070073947,10.09095515942181,187.1963518479729,90.9269047125207,91.31549858079195,25133.944921875,24756.894921875,22829.699199218754,25216.735688191,25019.448381183603,17.96552036201252,205.01421829951283,75328700.0,-0.0016129951842196455,-0.0016142974615182065,196.6484375,24.849609375,73.6500015258789,2570.699951171875,83.77059936523438,41503.1015625,8253.7001953125,18711.490234375,5618.259765625,17660.01953125,13.369999885559082,17573.30078125,36380.171875
2024-09-19,25487.05078125,25611.94921875,25376.05078125,25415.80078125,314500.0,63.91655437862426,198.5532688975909,9.085533639694404,189.4677352578965,86.29532014563677,89.72259900000714,25164.159960937504,24776.546953125,22857.804707031253,25247.36108712315,25048.80781822556,18.45713207472527,207.2202339566905,75643200.0,0.0015072376499098983,0.0015061029073179838,235.8984375,71.25,74.87999725341797,2588.0,83.69170379638672,42025.19140625,8328.7001953125,19002.380859375,5713.64013671875,18013.16015625,12.470000267028809,18013.98046875,37155.328125
2024-09-20,25525.94921875,25849.25,25426.599609375,25790.94921875,533100.0,71.68485227383721,227.2087751489198,30.19283191281866,197.01594323610115,85.8290350262651,87.68375329480752,25212.54990234375,24805.876953125,22887.31095703125,25330.99003045036,25103.78125530144,19.75192287686769,223.37944715621262,76176300.0,0.014760441377741573,0.014652566289984728,422.650390625,-265.0,74.48999786376953,2619.89990234375,83.61470031738281,42063.359375,8230.0,18720.009765625,5702.5498046875,18258.5703125,12.789999961853027,17948.3203125,37723.91015625
2024-09-23,25872.55078125,25956.0,25847.349609375,25939.05078125,209200.0,74.0591904561488,258.88476622732196,49.49505839297663,209.38970783434533,90.14404058345136,87.42279858511773,25258.972460937504,24838.338984375,22916.52321289062,25424.537838265693,25165.65307203837,21.272820168750595,219.21311387719743,76385500.0,0.005742385099666292,0.005725960454112572,108.650390625,-66.5,73.9000015258789,2626.5,83.48709869384766,42124.6484375,8259.7001953125,18846.7890625,5718.56982421875,18247.109375,13.789999961853027,17974.26953125,37723.91015625
2024-09-24,25921.44921875,26011.55078125,25886.849609375,25940.400390625,384100.0,74.08052007806047,280.85954555538774,57.17587017683391,223.68367537855383,95.87264863991423,90.61524141654357,25305.104980468754,24867.103984375,22945.559462890626,25503.901307859433,25223.041762304045,22.844772349441136,212.46226087704048,76769600.0,5.2030021699067674e-05,5.20286681844374e-05,124.701171875,-18.951171875,75.16999816894531,2651.199951171875,83.55960083007812,42208.21875,8282.7998046875,18996.630859375,5732.93017578125,19000.560546875,13.390000343322754,18074.51953125,37940.58984375
2024-09-25,25899.44921875,26032.80078125,25871.349609375,26004.150390625,278500.0,75.12112794501051,299.9610445097933,61.021895304991546,238.93914920480174,96.89931785642366,94.30533569326309,25352.695019531253,24895.453007812503,22974.240712890627,25580.862705207983,25280.90166069819,24.366759846539168,208.81861166260902,77048100.0,0.0024575565157058943,0.0024545416621303915,161.451171875,-104.701171875,73.45999908447266,2659.199951171875,83.56759643554688,41914.75,8268.7001953125,18918.5,5722.259765625,19129.099609375,12.739999771118164,18082.2109375,37870.26171875
2024-09-26,26005.400390625,26250.900390625,25998.400390625,26216.05078125,370900.0,78.24728342892668,328.4119817517385,71.57826603754938,256.8337157141891,96.59341495002263,96.45512714878683,25405.900097656253,24927.514023437503,23001.886962890625,25678.583947675987,25350.171965924248,26.35968730278494,211.9387108295655,77419000.0,0.008148714241454025,0.008115692736807522,252.5,-210.650390625,71.5999984741211,2669.89990234375,83.62409973144531,42175.109375,8284.900390625,19238.359375,5745.3701171875,19924.580078125,12.0,18190.2890625,38925.62890625
2024-09-27,26248.25,26277.349609375,26151.400390625,26178.94921875,490300.0,76.43625847605487,344.0003466079397,69.73330471500049,274.26704189293923,96.12209906354161,96.53827728999596,25453.052539062504,24955.076015625,23028.5062109375,25755.56322014891,25411.56287354097,28.27376012362998,205.79660425245368,76928700.0,-0.0014152231703233875,-0.0014162255444679923,125.94921875,69.30078125,71.9800033569336,2644.300048828125,83.61710357666016,42313.0,8320.7998046875,19473.630859375,5738.169921875,20632.30078125,11.960000038146973,18119.58984375,39829.55859375
2024-09-30,26061.30078125,26134.69921875,25794.099609375,25810.849609375,343100.0,61.28168539418512,322.92914970344646,38.929686248405744,283.9994634550407,85.6990283423732,92.80484745197913,25479.660058593752,24980.675,23052.871962890626,25764.068818491385,25441.13966878794,27.718948016683726,218.58610461834985,76585600.0,-0.014060900852023384,-0.014160691857076434,340.599609375,250.451171875,71.7699966430664,2636.10009765625,83.71640014648438,42330.1484375,8237.0,19324.9296875,5762.47998046875,21133.6796875,12.789999961853027,18189.169921875,37919.55078125
2024-10-01,25788.44921875,25907.599609375,25739.19921875,25796.900390625,247400.0,60.789822149361065,301.6275147389206,14.10244102710385,287.52507371181673,74.48647773671324,85.43586838087602,25505.512597656252,25006.4280078125,23077.350712890628,25769.119829588864,25467.492314849944,26.910471140847083,215.001410761682,76338200.0,-0.0005404401234794243,-0.0005405862138807384,168.400390625,-8.451171875,73.55999755859375,2667.300048828125,83.82730102539062,42156.96875,8276.7001953125,19213.140625,5708.75,21133.6796875,11.989999771118164,17910.359375,38651.96875
2024-10-03,25452.849609375,25639.44921875,25230.30078125,25250.099609375,423400.0,45.40529649321509,237.8814134591521,-39.714928202131716,277.5963416612838,44.139444202683066,68.10831676058983,25508.082617187505,25021.848984375003,23098.754208984377,25689.27056494058,25451.389151481428,25.927109499985466,240.11556780549043,75914800.0,-0.021196375260987388,-0.02142424417261006,409.1484375,202.75,77.62000274658203,2657.10009765625,83.91960144042969,42011.58984375,8282.5,19015.41015625,5699.93994140625,22113.509765625,13.170000076293945,17918.48046875,38552.05859375
2024-10-04,25181.900390625,25485.05078125,24966.80078125,25014.599609375,374900.0,40.63544629347809,166.44066273044882,-88.92454314466801,255.36520587511683,23.191235182314188,47.27238570723683,25501.557617187504,25033.870976562503,23118.84170898438,25585.475033315106,25419.034370584657,25.7831762621602,259.9823129622411,75539900.0,-0.009326695880144675,-0.009370461848646757,518.25,167.30078125,78.05000305175781,2645.800048828125,84.0093994140625,42352.75,8280.599609375,19120.9296875,5751.06982421875,22736.869140625,14.130000114440918,18137.849609375,38635.62109375
2024-10-07,25084.099609375,25143.0,24694.349609375,24795.75,374300.0,36.769744217927204,91.11371639479694,-131.40119158425594,222.51490797905288,3.98124619771163,23.770641860902963,25498.73759765625,25041.663984375,23138.288457031253,25463.978874343553,25372.865157948756,26.308812419059294,273.45860422386676,75165600.0,-0.008748875168602677,-0.008787371273170997,448.650390625,288.349609375,80.93000030517578,2644.800048828125,84.02780151367188,41954.23828125,8303.599609375,19104.099609375,5695.93994140625,23099.779296875,15.079999923706055,17923.900390625,39332.73828125
2024-10-08,24832.19921875,25044.0,24756.80078125,25013.150390625,333200.0,42.61032871658273,48.40102645068691,-139.2911052226928,187.69213167337972,10.063949068651855,12.412143482892557,25502.57509765625,25045.230000000003,23158.7224609375,25394.62064607916,25346.219619628475,26.796903136179882,274.44007669001917,75498800.0,0.00876764730346924,0.008729434677965052,287.19921875,-180.951171875,77.18000030517578,2615.0,83.96410369873047,42080.37109375,8190.60009765625,19066.470703125,5751.1298828125,20926.7890625,14.59000015258789,18182.919921875,38937.5390625
2024-10-09,25065.80078125,25234.05078125,24947.69921875,24981.94921875,290600.0,42.01055822574789,11.896107211559865,-140.6368195694559,152.53292678101576,14.904206806696145,9.649800691019875,25499.617578125,25048.146992187503,23177.718710937505,25331.13273418237,25319.23662697081,26.40022939506908,275.2908971050178,75208200.0,-0.0012473907279866303,-0.0012481693673798233,286.3515625,83.8515625,76.58000183105469,2606.0,83.91459655761719,42512.0,8243.7001953125,19254.9296875,5792.0400390625,20637.240234375,14.119999885559082,18291.619140625,39277.9609375
2024-10-10,25067.05078125,25134.05078125,24979.400390625,24998.44921875,261400.0,42.47171580701558,-15.523941847150127,-134.44549490253272,118.92155305538259,19.172457359444092,14.713537744930697,25503.617578125,25050.969960937502,23195.427705078127,25279.950654885084,25295.474596732234,26.031889492609046,266.67371807073084,75469600.0,0.0006604768849507447,0.0006602588660852999,154.650390625,68.6015625,79.4000015258789,2620.60009765625,83.94219970703125,42454.12109375,8237.7001953125,19210.900390625,5780.0498046875,21251.98046875,13.5,18282.05078125,39380.890625
2024-10-11,24985.30078125,25028.650390625,24920.05078125,24964.25,210500.0,41.73095889447003,-39.55811805443591,-126.78373688785481,87.2256188334189,18.1427586728785,17.406474279672913,25482.38505859375,25051.231953125003,23213.155703125,25231.3813233643,25270.939441418737,25.866228911693057,255.38271030675008,75259100.0,-0.0013680536120755926,-0.0013689902517646816,108.599609375,21.05078125,79.04000091552734,2657.60009765625,83.94599914550781,42863.859375,8253.7001953125,19373.830078125,5815.02978515625,21251.98046875,13.220000267028809,18342.939453125,39605.80078125
2024-10-14,25023.44921875,25159.75,25017.5,25127.94921875,206400.0,46.537577318166356,-44.87888118772389,-105.68360001691424,60.80471882919035,21.217090111076015,19.510768714466202,25470.95751953125,25053.5729296875,23231.529951171877,25215.46869188518,25260.347573072904,25.09909226061528,251.10537385626796,75465500.0,0.006557345754428789,0.006535939888908111,142.25,-104.5,77.45999908447266,2647.800048828125,84.16829681396484,43065.21875,8292.7001953125,19508.2890625,5859.85009765625,21092.869140625,13.0,18502.689453125,39605.80078125
2024-10-15,25186.30078125,25212.05078125,25008.150390625,25057.349609375,257200.0,44.82038958499787,-54.16800768175017,-91.97818120875242,37.81017352700225,22.45735944409349,20.605736076016,25454.637500000004,25060.3659375,23251.065947265626,25191.142679191307,25245.310686873057,24.14864491629742,247.73358933974882,75208300.0,-0.0028096049048969007,-0.0028135592532655376,203.900390625,128.951171875,74.25,2661.39990234375,84.04850006103516,42740.421875,8249.2998046875,19486.189453125,5815.259765625,20318.7890625,13.0,18315.58984375,39910.55078125
2024-10-16,25008.55078125,25093.400390625,24908.44921875,24971.30078125,226800.0,42.74988451668984,-67.69280808810436,-84.40238529208528,16.709577203980928,22.605828200673827,22.093425918614443,25432.275,25078.6799609375,23269.64719726563,25157.3208487388,25225.013656826904,23.619594547145457,243.24913094940962,74981500.0,-0.0034340754096676696,-0.003439985380697183,184.951171875,37.25,74.22000122070312,2674.0,84.05619812011719,43077.69921875,8329.099609375,19432.810546875,5842.47021484375,20286.849609375,13.050000190734863,18367.080078125,39180.30078125
2024-10-17,25027.400390625,25029.5,24728.900390625,24749.849609375,252800.0,37.89776019205523,-95.18335421885786,-89.51434513827103,-5.669009080586829,14.644160283743945,19.90244930950375,25400.889941406254,25093.8259375,23286.649443359376,25094.632965759756,25189.816319978614,23.711952263643788,247.34559369409465,74728700.0,-0.008868227322834543,-0.008907784090014885,300.599609375,277.55078125,74.44999694824219,2691.0,84.03929901123047,43239.05078125,8385.099609375,19583.390625,5841.47021484375,20079.099609375,13.390000343322754,18373.609375,38911.19140625
2024-10-18,24664.94921875,24886.19921875,24567.650390625,24854.05078125,290900.0,41.275275058454966,-107.3244766022799,-81.32437401735446,-26.000102584925443,13.09258507712108,16.780857853846282,25372.802441406253,25104.956953125,23303.712949218752,25057.620321989027,25164.944798591307,24.262647333762267,252.4315390105879,75019600.0,0.004210173941240125,0.004201335956550517,318.548828125,-189.1015625,73.05999755859375,2713.699951171875,84.05380249023438,43275.91015625,8358.2998046875,19657.369140625,5864.669921875,20804.109375,13.039999961853027,18489.55078125,38981.75
2024-10-21,24956.150390625,24978.30078125,24679.599609375,24781.099609375,242000.0,39.64945822556654,-121.4331477177584,-76.34643610626637,-45.086711611492035,12.570689631600342,13.435811664155121,25322.3099609375,25118.2389453125,23319.344697265624,25015.07867389456,25136.51182161232,24.298800413617585,255.73651278661734,74777600.0,-0.00293518237799828,-0.002939498473548445,298.701171875,175.05078125,74.29000091552734,2723.10009765625,84.0687026977539,42931.6015625,8318.2001953125,19461.189453125,5853.97998046875,20478.4609375,13.760000228881836,18540.009765625,38954.6015625
2024-10-22,24798.650390625,24882.0,24445.80078125,24472.099609375,279500.0,33.6104354343133,-155.7526689880906,-88.53276590127884,-67.21990308681175,12.13643275757584,12.599902488765753,25248.96240234375,25120.330937500003,23332.81169921875,24931.543433199244,25087.296102187334,24.98562591164776,268.62670606971614,74498100.0,-0.012469180337869368,-0.012547572909439223,436.19921875,326.55078125,76.04000091552734,2744.199951171875,84.07350158691406,42924.890625,8306.5,19421.91015625,5851.2001953125,20498.94921875,14.399999618530273,18579.76953125,38411.9609375
2024-10-23,24378.150390625,24604.25,24378.099609375,24435.5,284600.0,32.969890544623404,-183.78585057182136,-93.25275798800769,-90.53309258381367,7.772776562813556,10.826632983996578,25173.7173828125,25122.1009375,23346.332197265623,24855.229058860896,25039.014909432717,25.79580568436126,265.59268353795073,74213500.0,-0.001495564743491773,-0.0014966842167451323,226.150390625,-57.349609375,74.95999908447266,2714.39990234375,84.08399963378906,42514.94921875,8258.599609375,19377.619140625,5797.419921875,20760.150390625,14.619999885559082,18276.650390625,38104.859375
2024-10-24,24412.69921875,24480.650390625,24341.19921875,24399.400390625,216700.0,32.31570668460328,-206.53448474771358,-92.80111373111993,-113.73337101659365,4.635750608960035,8.181653309783144,25093.4798828125,25127.3089453125,23359.619697265625,24785.101571439987,24991.6360561877,26.64357469745727,256.5825755620257,73996800.0,-0.0014773427748562273,-0.0014784351216731097,139.451171875,13.298828125,74.37999725341797,2734.89990234375,84.06759643554688,42374.359375,8269.400390625,19443.0,5809.85986328125,20489.619140625,13.970000267028809,18415.490234375,38143.2890625
2024-10-25,24418.05078125,24440.25,24073.900390625,24180.80078125,372600.0,28.61331729331861,-239.44196486703004,-100.56687508034909,-138.87508978668095,6.9727924956641765,6.460439889145922,24991.7173828125,25128.049960937497,23372.19469726563,24692.132219103063,24931.574183970093,28.057259718110842,264.42307797723817,73624200.0,-0.008959220549493163,-0.00899959570008371,366.349609375,237.25,76.05000305175781,2740.89990234375,84.08180236816406,42114.3984375,8248.7998046875,19463.58984375,5808.1201171875,20590.150390625,14.630000114440918,18518.609375,37913.921875
2024-10-28,24251.099609375,24492.599609375,24134.900390625,24339.150390625,278600.0,34.47011395368279,-249.8636176044747,-88.79082225423502,-161.0727953502397,12.865447809210341,8.157996971278184,24899.72744140625,25124.009960937496,23386.303701171877,24637.82732241413,24887.690940018605,29.06851942092192,271.08565946100686,73902800.0,0.0065485676346082045,0.006527218917237164,357.69921875,-88.05078125,71.41999816894531,2742.89990234375,84.10199737548828,42387.5703125,8285.599609375,19531.619140625,5823.52001953125,20599.359375,14.289999961853027,18567.189453125,38605.53125
2024-10-29,24328.849609375,24484.5,24140.849609375,24466.849609375,332000.0,38.82870897917901,-244.99444924942873,-67.13732311935121,-177.85712613007752,22.2010057107564,14.013082005210306,24832.52744140625,25121.8939453125,23400.344951171875,24611.52305886965,24856.51750811908,30.007546287817924,276.26885454414924,74234800.0,0.0052466588480091225,0.0052329430871703615,343.650390625,-138.0,71.12000274658203,2768.39990234375,84.10279846191406,42233.05078125,8219.599609375,19478.0703125,5832.919921875,20701.140625,14.520000457763672,18712.75,38903.6796875
2024-10-30,24371.44921875,24498.19921875,24307.30078125,24340.849609375,285200.0,36.265589585652535,-248.43889627325916,-56.46541611454529,-191.97348015871387,26.947771101526946,20.67140820716456,24759.72490234375,25114.7339453125,23413.4951953125,24569.88098971663,24818.319885989888,30.79141897205297,270.1709676124243,73949600.0,-0.005149825253829232,-0.00516313130612327,190.8984375,30.599609375,72.55000305175781,2788.5,84.08930206298828,42141.5390625,8159.60009765625,19257.33984375,5813.669921875,20380.640625,15.510000228881836,18607.9296875,39277.390625
2024-10-31,24349.849609375,24372.44921875,24172.599609375,24205.349609375,287000.0,33.69003487446707,-259.1154414198718,-53.71356900892633,-205.40187241094546,23.176423279043174,24.108400030442173,24707.48740234375,25103.436953124998,23426.956943359375,24513.79923889484,24772.914680314712,31.87381429944189,265.1480134526083,73662600.0,-0.005566773640794054,-0.00558232586918934,199.849609375,144.5,73.16000366210938,2738.300048828125,84.08910369873047,41763.4609375,8110.10009765625,19077.5390625,5705.4501953125,20317.330078125,15.550000190734863,18095.150390625,39081.25
2024-11-01,24302.75,24368.25,24280.19921875,24304.349609375,38800.0,37.19933768460591,-256.6299375726885,-40.98245212939443,-215.64748544329407,18.417239684955774,22.84714468850863,24671.974902343754,25093.2939453125,23440.75444335938,24481.576218968712,24738.2061565414,32.87889567487446,257.84461182206485,73701400.0,0.004090004961616156,0.004081663627652918,88.05078125,-1.599609375,73.0999984741211,2738.60009765625,84.09149932861328,42052.19140625,8177.2001953125,19254.970703125,5728.7998046875,20506.4296875,15.899999618530273,18239.919921875,38053.671875
2024-11-04,24315.75,24316.75,23816.150390625,23995.349609375,285500.0,31.581350870126766,-276.4076204551202,-48.60810800946089,-227.7995124456593,15.275716099876266,18.956459687958404,24631.9548828125,25076.7379296875,23452.637695312504,24406.772125185067,24683.179745640187,34.783229314482305,275.18425450441737,73415900.0,-0.0127137736646451,-0.012795285302364113,500.599609375,320.400390625,75.08000183105469,2736.10009765625,84.13359832763672,41794.6015625,8184.2001953125,19147.849609375,5712.68994140625,20567.51953125,16.690000534057617,18179.98046875,38053.671875
2024-11-05,23916.5,24229.05078125,23842.75,24213.30078125,289500.0,38.62245015274729,-271.3665933848897,-34.853664751384315,-236.5129286335054,22.336504203171824,18.676486662667955,24591.96240234375,25060.791953125,23465.468203125,24377.00730304121,24648.3738964261,36.5515391226896,283.121149271959,73705400.0,0.00908305881860727,0.009042055940529129,386.30078125,-296.80078125,75.52999877929688,2740.300048828125,84.15249633789062,42221.87890625,8172.39990234375,19256.26953125,5782.759765625,21006.970703125,16.1200008392334,18439.169921875,38474.8984375
2024-11-06,24308.75,24537.599609375,24204.05078125,24484.05078125,351100.0,46.05008699728606,-242.72628336251728,-4.970683783209495,-237.75559957930778,34.74429951622437,24.11883993975749,24567.06748046875,25050.11796875,23478.415703125,24393.475530457945,24636.201813820462,36.34248647021613,286.72312633289044,74056500.0,0.011181870759630508,0.011119815807918394,333.548828125,-175.30078125,74.91999816894531,2667.60009765625,84.11630249023438,43729.9296875,8166.7001953125,19039.310546875,5929.0400390625,20538.380859375,14.869999885559082,18983.470703125,39480.671875
2024-11-07,24489.599609375,24503.349609375,24179.05078125,24199.349609375,322200.0,40.49997954974209,-240.23238713145474,-1.9814300417175446,-238.2509570897372,41.05870228282423,32.713168667406805,24527.1125,25033.05796875,23488.925205078125,24363.610004137492,24603.842391268947,36.21462519196146,289.40710503232685,73734300.0,-0.011628025706147627,-0.011696159889418445,324.298828125,290.25,75.62999725341797,2698.39990234375,84.2511978149414,43729.33984375,8140.7001953125,19362.51953125,5973.10009765625,20953.33984375,14.9399995803833,19269.4609375,39381.41015625
2024-11-08,24207.69921875,24276.150390625,24066.650390625,24148.19921875,298700.0,39.577070377078705,-239.62116184779006,-1.0961638064422914,-238.52499804134777,40.532603923193875,38.77853524074749,24486.3099609375,25012.982968750002,23499.504697265627,24330.469883308644,24570.091045156434,36.39218164569949,283.69945467287494,73435600.0,-0.002113709312467793,-0.0021159463488489003,209.5,59.5,73.87000274658203,2687.5,84.306396484375,43988.98828125,8072.39990234375,19215.48046875,5995.5400390625,20728.189453125,14.470000267028809,19286.779296875,39500.37109375
2024-11-11,24087.25,24336.80078125,24004.599609375,24141.30078125,273400.0,39.44651365227022,-236.96185885519662,1.250511348920952,-238.21237020411758,35.128085189860435,38.90646379862618,24436.9775390625,24991.090976562504,23512.351455078126,24301.36694453039,24538.328803385586,36.71604707341084,287.1638630444553,73162200.0,-0.00028567088740283353,-0.00028571169910344984,332.201171875,-54.05078125,71.83000183105469,2611.199951171875,84.38289642333984,44293.12890625,8125.2001953125,19448.599609375,6001.35009765625,20426.9296875,14.270000457763672,19298.759765625,39533.3203125
2024-11-12,24225.80078125,24242.0,23839.150390625,23883.44921875,255800.0,34.822498498116,-252.74729472874242,-11.627939619699873,-241.11935510904254,27.246416336159932,34.30236848307141,24378.282519531254,24963.1859765625,23524.457451171875,24237.071909794948,24489.81920452369,37.41519715943811,295.4271306394942,72906400.0,-0.010680930776533315,-0.010738381367723213,402.849609375,342.3515625,71.88999938964844,2600.0,84.39649963378906,43910.98046875,8025.7998046875,19033.640625,5983.990234375,19846.880859375,14.59000015258789,19281.400390625,39376.08984375
2024-11-13,23822.44921875,23873.599609375,23509.599609375,23559.05078125,304600.0,30.049971847465063,-288.11242845042943,-37.5944586731095,-250.51796977731993,18.465411129837165,26.94663755195251,24307.67001953125,24928.77,23534.140703125002,24132.760966941878,24420.873395392307,38.70799431491343,301.0287362634589,72601800.0,-0.013582562322921432,-0.013675649189030194,364.0,263.3984375,72.27999877929688,2580.800048828125,84.39530181884766,43958.19140625,8030.2998046875,19003.109375,5985.3798828125,19823.44921875,15.4399995803833,19230.720703125,38721.66015625
2024-11-14,23542.150390625,23675.900390625,23484.150390625,23532.69921875,257700.0,29.69395643299279,-314.6389407286624,-51.29677676107394,-263.3421639675885,6.249089224872999,17.320305563623364,24246.8125,24895.45,23545.6101953125,24040.44377491236,24355.082715641023,39.95234253202584,293.2231122446404,72344100.0,-0.0011185324376894457,-0.0011191584619590343,191.75,9.451171875,72.55999755859375,2568.199951171875,84.4229965209961,43750.859375,8071.2001953125,19263.69921875,5949.169921875,19435.810546875,14.779999732971191,19107.650390625,38535.69921875
2024-11-18,23605.30078125,23606.80078125,23350.400390625,23453.80078125,263300.0,28.60136399080694,-338.13008421470295,-59.830336197691565,-278.2997480170114,6.042863861680216,10.252454738796793,24176.800000000003,24861.6240234375,23555.609453125,23950.191006656612,24288.321090871315,41.33504240399411,290.59291784323756,72080800.0,-0.0033527151631265184,-0.003358348106569627,256.400390625,151.5,73.30000305175781,2610.60009765625,84.47750091552734,43389.6015625,8109.2998046875,19189.189453125,5893.6201171875,19576.609375,15.170000076293945,18791.810546875,38220.8515625
2024-11-19,23529.55078125,23780.650390625,23464.80078125,23518.5,297500.0,30.848388190509212,-347.5203007298114,-55.37644217024001,-292.1438585595714,9.159169765617593,7.1503742840569355,24113.67001953125,24834.951015625,23566.438955078123,23883.777005632517,24231.29730636233,41.570364359749526,293.18268152407774,72378300.0,0.002758581406631766,0.002754783503889256,315.849609375,11.05078125,73.30999755859375,2627.10009765625,84.39849853515625,43268.94140625,8099.0,19060.310546875,5916.97998046875,19663.669921875,15.65999984741211,18987.470703125,38414.4296875
2024-11-21,23488.44921875,23507.30078125,23263.150390625,23349.900390625,420300.0,28.34495599867079,-364.36650415213444,-57.77811647405042,-306.588387678084,9.891937464020593,8.364657030439467,24057.56005859375,24803.221015625,23574.500458984374,23801.642141785207,24166.00864593734,42.197143175079326,290.48031922771503,71958000.0,-0.007168807933116472,-0.007194627306794726,244.150390625,138.548828125,74.2300033569336,2672.10009765625,84.38310241699219,43870.3515625,8149.2998046875,19146.169921875,5948.7099609375,19601.109375,15.989999771118164,18972.419921875,38026.171875
2024-11-22,23411.80078125,23956.099609375,23359.0,23907.25,367600.0,44.40638237375874,-328.9518342433912,-17.89075725224575,-311.06107699114546,23.835217914864902,14.29544171483436,24031.14755859375,24780.5440234375,23586.426210937498,23817.88950458748,24146.841338830873,40.64914997565134,313.0316691935925,72325600.0,0.023869464111237804,0.02358904203763299,597.099609375,-495.44921875,75.16999816894531,2709.89990234375,84.48829650878906,44296.51171875,8262.099609375,19322.58984375,5969.33984375,19229.970703125,16.100000381469727,19003.650390625,38283.8515625
2024-11-25,24253.55078125,24351.55078125,24135.44921875,24221.900390625,687200.0,51.073886866181375,-272.35624307706894,30.963867131261225,-303.32011020833016,44.19162894101517,25.972928106633553,24022.27255859375,24766.613046874998,23598.907216796873,23880.04502551633,24152.4012685934,37.8480847687372,322.40803434047876,73012800.0,0.013161295867362366,0.013075438521712217,216.1015625,31.650390625,73.01000213623047,2616.800048828125,84.43599700927734,44736.5703125,8291.7001953125,19405.19921875,5987.3701171875,19150.990234375,15.300000190734863,19054.83984375,38780.140625
2024-11-26,24343.30078125,24343.30078125,24125.400390625,24194.5,230700.0,50.50582839263796,-227.0969792436008,60.97850477178349,-288.0754840153843,66.2822072852141,44.769684713698055,24022.95751953125,24742.7250390625,23611.392470703126,23928.422713898435,24155.519693142036,35.27748192777581,314.943202646516,72782100.0,-0.0011312238174179257,-0.0011318641340202825,217.900390625,148.80078125,72.80999755859375,2620.300048828125,84.37750244140625,44860.30859375,8258.599609375,19295.98046875,6021.6298828125,19159.19921875,15.3100004196167,19174.30078125,38442.0
2024-11-27,24204.80078125,24354.55078125,24145.650390625,24274.900390625,295000.0,52.1863052083218,-182.63573591403474,84.35179848107964,-266.9875343951144,75.89813614337075,62.12399078986667,24019.74501953125,24721.093046875,23623.49796875,23981.72697185637,24164.362707770404,32.85283001539837,307.36871607355056,73077100.0,0.003323085437806128,0.0033175761911502914,208.900390625,-70.099609375,72.83000183105469,2639.89990234375,84.33910369873047,44722.05859375,8274.7998046875,19261.75,5998.740234375,19603.130859375,14.630000114440918,19060.48046875,38134.96875
2024-11-28,24274.150390625,24345.75,23873.349609375,23914.150390625,366700.0,44.831159200808955,-174.49788731208173,73.99171766642613,-248.48960497850786,68.31913301675317,70.166492148446,23992.11005859375,24691.701054687503,23634.21022460938,23971.33057474385,24145.82846205593,31.43928952558731,319.1566928272255,72710400.0,-0.014861029054492936,-0.0149725605075969,472.400390625,360.0,72.83000183105469,2639.89990234375,84.42030334472656,44722.05859375,8281.2001953125,19425.73046875,5998.740234375,19366.9609375,15.210000038146973,19060.48046875,38349.05859375
2024-11-29,23927.150390625,24188.44921875,23927.150390625,24131.099609375,282100.0,49.44570772896234,-148.82700970585574,79.7300762181217,-228.55708592397744,70.46833281296881,71.56186732436424,23981.62255859375,24665.952031250003,23645.218720703124,23995.910426225564,24144.73743593142,30.126716213619897,315.9525596342094,72992500.0,0.009072001940535257,0.009031098528695802,261.298828125,-203.94921875,72.94000244140625,2657.0,84.47160339355469,44910.6484375,8287.2998046875,19626.44921875,6032.3798828125,19423.609375,14.430000305175781,19218.169921875,38208.03125
2024-12-02,24140.849609375,24301.69921875,24008.650390625,24276.05078125,220400.0,52.315565158801675,-115.4554080162925,90.48134232614797,-205.93675034244046,74.94172301790948,71.24306294921048,23985.1576171875,24643.92203125,23656.946474609373,24039.00894238317,24154.464350399463,28.46988086583248,314.31657881212305,73212900.0,0.006006820004948565,0.005988850983542634,293.048828125,-135.201171875,71.83000183105469,2634.89990234375,84.55699920654297,44782.0,8312.900390625,19933.619140625,6047.14990234375,19550.2890625,14.699999809265137,19403.94921875,38513.01953125
2024-12-03,24367.5,24481.349609375,24280.0,24457.150390625,339500.0,55.69927842085147,-73.54714260547917,105.91168618956905,-179.45882879504822,90.11570923561099,78.50858835549643,23992.79765625,24624.7490234375,23670.64248046875,24103.33839595884,24176.88553856432,26.588931303065195,306.5295966201857,73552400.0,0.007460011144599932,0.007432322879372628,201.349609375,-89.650390625,73.62000274658203,2644.699951171875,84.73709869384766,44705.53125,8359.400390625,20016.75,6049.8798828125,19746.3203125,14.369999885559082,19480.91015625,39248.859375
2024-12-04,24488.75,24573.19921875,24366.30078125,24467.44921875,348000.0,55.89096840304825,-39.05332851460844,112.32440022435182,-151.37772873896026,94.2495710158448,86.43566775645509,24016.40263671875,24598.2790234375,23684.067226562503,24159.355445619018,24198.408774133626,25.15415039375454,299.41308525445817,73900400.0,0.00042109681465385407,0.0004210081782723239,206.8984375,21.30078125,72.30999755859375,2653.800048828125,84.68309783935547,45014.0390625,8335.7998046875,20232.140625,6086.490234375,19742.4609375,14.449999809265137,19735.119140625,39276.390625
2024-12-05,24539.150390625,24857.75,24295.55078125,24708.400390625,361500.0,60.22709403050948,7.637967786096851,127.21255722004568,-119.57458943394883,93.52511471346237,92.63013165497271,24041.157617187502,24573.666015625,23699.528974609377,24243.82389869686,24236.185930910764,24.687006819736446,318.1835233612826,74261900.0,0.009847825562885104,0.009799651742121284,562.19921875,-169.25,72.08999633789062,2626.60009765625,84.70700073242188,44765.7109375,8349.400390625,20358.80078125,6075.10986328125,19560.439453125,14.529999732971191,19700.259765625,39395.6015625
2024-12-06,24729.44921875,24751.05078125,24620.5,24677.80078125,226700.0,59.42811058882326,41.691430888800824,129.01281625819973,-87.3213853693989,90.42563442678416,92.73344005203043,24050.845117187502,24548.4140234375,23714.201728515625,24310.589572935805,24268.898142047005,24.2532306438625,304.78118463904815,74035200.0,-0.0012384293961259507,-0.0012391968835286232,130.55078125,51.6484375,71.12000274658203,2638.60009765625,84.68379974365234,44642.51953125,8308.599609375,20384.609375,6090.27001953125,19865.849609375,14.140000343322754,19859.76953125,39091.171875
2024-12-09,24633.900390625,24705.0,24580.05078125,24619.0,248100.0,57.84019463156993,63.20571793919589,120.42168264687584,-57.215964707679944,88.12557031484441,90.69210648503031,24071.82763671875,24520.711015625,23728.096474609374,24358.03733094568,24294.831613006485,23.673277024559596,291.93604421840183,73787100.0,-0.0023827399277279726,-0.002385583169878571,124.94921875,14.900390625,72.13999938964844,2664.89990234375,84.66600036621094,44401.9296875,8352.099609375,20345.9609375,6052.85009765625,20414.08984375,14.109999656677246,19736.689453125,39160.5
2024-12-10,24652.650390625,24677.80078125,24510.650390625,24610.05078125,261000.0,57.587989327079995,78.62744996797846,108.67473174052674,-30.047281772548267,86.0696809911383,88.20696191092229,24094.92021484375,24488.591015625003,23741.592978515626,24396.808630992502,24318.181181024524,22.826170912676172,283.0227832474446,73526100.0,-0.0003635086213900074,-0.00036357470666444975,167.150390625,42.599609375,72.19000244140625,2697.60009765625,84.84729766845703,44247.828125,8280.400390625,20329.16015625,6034.91015625,20311.279296875,13.779999732971191,19687.240234375,39367.578125
2024-12-11,24620.5,24691.75,24583.849609375,24641.80078125,187300.0,58.282983244826376,92.34672776866864,97.91520763297353,-5.568479864304887,85.02844557404183,86.40789896000817,24119.94521484375,24457.848046875,23754.598486328126,24434.499731032116,24342.153003263447,22.089887213934524,270.51404091726994,73713400.0,0.0012901233029631864,0.0012892918089711122,107.900390625,-21.30078125,73.5199966430664,2733.800048828125,84.8740005493164,44148.55859375,8301.599609375,20399.16015625,6084.18994140625,20155.05078125,13.270000457763672,20034.890625,39372.23046875
2024-12-12,24604.44921875,24675.25,24527.94921875,24548.69921875,266100.0,55.41537172670089,94.61616005959877,80.14771193912293,14.468448120475845,79.55430737653205,83.55081131390405,24153.207714843753,24432.605039062502,23766.730732421875,24452.068882988715,24357.452722929116,21.13837161894684,261.7130937981792,73447300.0,-0.003778196379659149,-0.003785351792322941,147.30078125,55.75,73.41000366210938,2687.5,84.85710144042969,43914.12109375,8311.7998046875,20426.26953125,6051.25,20397.05078125,13.1899995803833,19902.83984375,39849.140625
2024-12-13,24498.349609375,24792.30078125,24180.80078125,24768.30078125,310100.0,60.36852653391503,112.83403182531765,78.69246696387344,34.14156486144421,81.70329423829305,82.09534906295563,24213.67021484375,24412.033046875003,23779.587490234375,24500.719944259683,24387.885912434365,20.418068531038564,286.697872812595,73757400.0,0.008945547808588916,0.008905773422254015,611.5,-269.951171875,74.48999786376953,2656.0,84.83920288085938,43828.05859375,8300.2998046875,20405.919921875,6051.08984375,19971.240234375,13.050000190734863,19926.720703125,39470.44140625
2024-12-16,24753.400390625,24781.25,24601.75,24668.25,187600.0,57.248007273484134,117.84017636455246,66.9588892024866,50.88128716206586,80.08940245588903,80.44900135690472,24270.44775390625,24400.396054687502,23792.653486328127,24526.493798988966,24408.653622624413,19.749215663695164,279.04088189740963,73569800.0,-0.004039468921733236,-0.004047649614185296,179.5,85.150390625,73.91000366210938,2651.39990234375,84.802001953125,43717.48046875,8262.099609375,20313.810546875,6074.080078125,19795.490234375,14.020000457763672,20173.890625,39457.48828125
2024-12-17,24584.80078125,24624.099609375,24303.44921875,24336.0,264900.0,48.31621896637755,93.9151878825869,34.427120576416826,59.48806730617008,72.88707500269504,78.2265905656257,24314.55771484375,24386.8240625,23803.246240234374,24497.187060682973,24403.271872800386,20.10467493410381,285.16658899402324,73304900.0,-0.013468730047733413,-0.01356025614827435,320.650390625,248.80078125,73.19000244140625,2644.39990234375,84.91729736328125,43449.8984375,8195.2001953125,20246.369140625,6050.60986328125,19700.48046875,14.489999771118164,20109.060546875,39364.6796875
2024-12-18,24297.94921875,24394.44921875,24149.849609375,24198.849609375,235300.0,45.18246625478437,63.159508333952544,2.9371528222259684,60.222355511726576,52.31468039657404,68.43038595171936,24348.5751953125,24374.8860546875,23813.176992187502,24451.288991250978,24388.129482917026,20.857030615168917,282.2689475926644,73069600.0,-0.005635699812006956,-0.005651640286891943,244.599609375,99.099609375,73.38999938964844,2636.5,84.91539764404297,42326.87109375,8199.099609375,20242.5703125,5872.16015625,19864.55078125,14.369999885559082,19392.689453125,39081.7109375
2024-12-19,23877.150390625,24004.900390625,23870.30078125,23951.69921875,271100.0,40.13117311099331,18.62771104987769,-33.27571556947911,51.9034266193568,28.145880651991366,51.11587868375348,24378.66513671875,24353.657031250004,23822.325234375,24374.42902625083,24355.80131520095,22.216574824146146,285.5746533449741,72798500.0,-0.010213311567061067,-0.01026582529903898,134.599609375,-74.548828125,72.87999725341797,2592.199951171875,85.16549682617188,42342.23828125,8105.2998046875,19969.859375,5867.080078125,19752.509765625,14.510000228881836,19372.76953125,38813.578125
2024-12-20,23960.69921875,24065.80078125,23537.349609375,23587.5,442700.0,34.08408056579313,-45.52708445531243,-77.94440885973539,32.417324404422956,13.74585646555714,31.402139171374177,24362.67763671875,24325.768046875004,23829.270986328127,24253.363022212237,24298.89010666755,24.106321000055246,302.9229760971188,72355800.0,-0.01520556915080562,-0.015322359236337606,528.451171875,373.19921875,72.94000244140625,2628.699951171875,85.27940368652344,42840.26171875,8084.60009765625,19884.75,5930.85009765625,19720.69921875,15.069999694824219,19572.599609375,38701.8984375
2024-12-23,23738.19921875,23869.55078125,23647.19921875,23753.44921875,189800.0,38.62240474205816,-82.03387163794469,-91.56095683389411,9.527085195949429,9.46921394121818,17.120317019588896,24339.255078125,24300.868046875003,23838.28248046875,24176.453206294973,24258.487077932918,25.861085306256555,301.4321050366103,72545600.0,0.0070354729729729115,0.007010839504245724,222.3515625,-15.25,72.62999725341797,2612.300048828125,84.94499969482422,42906.94921875,8102.7001953125,19848.76953125,5974.06982421875,19883.130859375,13.520000457763672,19764.880859375,39161.33984375
2024-12-24,23769.099609375,23867.650390625,23685.150390625,23727.650390625,177700.0,38.182279273287016,-111.75922256720514,-97.02904621052366,-14.730176356681486,11.525564126648373,11.58021151114123,24315.91259765625,24276.1360546875,23847.006728515626,24107.406619268826,24219.16584183603,27.490509304872056,292.93695467685245,72367900.0,-0.0010861087115143775,-0.0010866989549987555,182.5,41.44921875,73.58000183105469,2620.0,85.0988998413086,43297.03125,8137.0,19848.76953125,6040.0400390625,20098.2890625,13.180000305175781,20031.130859375,39036.8515625
2024-12-26,23775.80078125,23854.5,23653.599609375,23750.19921875,177700.0,38.83831174342229,-131.97593888566553,-93.79661002318723,-38.1793288624783,15.913120186860555,12.302632751575702,24289.6775390625,24248.5810546875,23854.063974609377,24052.451634573623,24184.42757345929,29.06586556700446,286.36291438743444,72545600.0,0.0009503186263191132,0.0009498673594489271,200.900390625,25.6015625,73.26000213623047,2638.800048828125,85.41339874267578,43325.80078125,8137.0,19848.76953125,6037.58984375,20098.2890625,14.039999961853027,20020.359375,39568.05859375
2024-12-27,23801.400390625,23938.849609375,23800.599609375,23813.400390625,176800.0,40.73669566867471,-141.2695583145396,-82.47218356164905,-58.79737475289056,17.790025451540668,15.076236588349865,24284.6400390625,24223.7020703125,23861.102978515628,24015.67452011999,24156.944078434528,30.03031722496078,279.38344840440345,72722400.0,0.002661079652128029,0.002657545248501766,138.25,-12.0,74.16999816894531,2617.199951171875,85.26090240478516,42992.2109375,8149.7998046875,19984.3203125,5970.83984375,20090.4609375,13.239999771118164,19722.029296875,40281.16015625
2024-12-30,23796.900390625,23915.349609375,23599.30078125,23644.900390625,364900.0,37.40339094958178,-160.38257002303362,-81.26815621611445,-79.11441380691917,15.842612983469124,16.515252873956783,24260.330078125,24197.174062500002,23867.5459765625,23958.63234635153,24119.014916374563,31.365116117221817,282.00240409873174,72357500.0,-0.007075847935867907,-0.007101000468431965,316.048828125,152.0,74.38999938964844,2606.10009765625,85.38600158691406,42573.73046875,8121.0,19909.140625,5906.93994140625,20041.419921875,13.970000267028809,19486.7890625,39894.5390625
2024-12-31,23560.599609375,23689.849609375,23460.44921875,23644.80078125,193600.0,37.40144261936684,-173.53737629723037,-75.53836999224895,-97.99900630498142,14.80293357853742,16.1451906711824,24228.767578125,24175.0730859375,23873.3997265625,23910.350567105143,24083.887943402373,32.87445301607245,278.2451174220366,72163900.0,-4.212721278373799e-06,-4.2127301519090045e-06,229.400390625,-84.201171875,74.63999938964844,2629.199951171875,85.7865982055664,42544.21875,8173.0,19909.140625,5881.6298828125,20059.94921875,14.449999809265137,19310.7890625,39894.5390625
2025-01-01,23637.650390625,23822.80078125,23562.80078125,23742.900390625,154900.0,40.678724635396556,-174.0406046667922,-60.833278689448605,-113.2073259773436,14.539757664711155,15.061768075572564,24193.055078125,24152.850078124997,23879.646474609377,23884.58900149281,24058.629606159604,33.50687512485662,276.941894749034,72318800.0,0.004148887118253564,0.004140304217561321,260.0,-105.25,74.63999938964844,2629.199951171875,85.7865982055664,42544.21875,8173.0,19909.140625,5881.6298828125,20059.94921875,14.449999809265137,19310.7890625,39894.5390625
2025-01-02,23783.0,24226.69921875,23751.55078125,24188.650390625,283200.0,52.7767417795872,-136.89309863534436,-18.94861812640059,-117.94448050894377,29.90833563080846,19.750342291352343,24179.11513671875,24141.001093749997,23888.926474609376,23931.367676743917,24068.26077537926,32.19440468023571,291.71738999017447,72602000.0,0.018774033191665485,0.018599976157659907,475.1484375,-405.650390625,75.93000030517578,2658.89990234375,85.78569793701172,42392.26953125,8260.099609375,20024.66015625,5868.5498046875,19623.3203125,13.739999771118164,19280.7890625,39894.5390625
2025-01-03,24196.400390625,24196.44921875,23976.0,24004.75,312300.0,48.39191438339517,-120.89900856215536,-2.363622442569266,-118.5353861195861,39.03105485250184,27.826382716007146,24143.9326171875,24131.6541015625,23897.271728515625,23942.65726493716,24063.556273499315,30.975682124516283,286.626806330162,72289700.0,-0.007602755327609123,-0.007631803596810856,220.44921875,191.650390625,76.51000213623047,2645.0,85.80400085449219,42732.12890625,8224.0,19906.080078125,5942.47021484375,19760.26953125,13.539999961853027,19621.6796875,39894.5390625
2025-01-06,24045.80078125,24089.94921875,23551.900390625,23616.05078125,278100.0,40.6957448112294,-137.99760491721463,-15.569775038102819,-122.42782987911181,36.41920212232807,35.11953086854612,24090.8451171875,24115.2651171875,23905.363486328126,23892.410113600672,24030.407718517887,30.97161813722472,304.5855221726505,72011600.0,-0.016192595996625703,-0.016325128725884954,538.048828125,429.75,76.30000305175781,2638.39990234375,85.75900268554688,42706.55859375,8249.7001953125,20216.189453125,5975.3798828125,19688.2890625,15.649999618530273,19864.98046875,39307.05078125
2025-01-07,23679.900390625,23795.19921875,23637.80078125,23707.900390625,262300.0,43.00252274397806,-142.49428444847217,-16.053163655488277,-126.4411207929839,27.025152383754207,34.1584697861947,24045.29013671875,24101.435117187502,23913.169736328124,23864.024002373648,24006.51828682212,30.967844434739696,295.62573041031834,72273900.0,0.0038892874268343647,0.0038817437019732417,157.3984375,-28.0,77.05000305175781,2656.699951171875,85.68070220947266,42528.359375,8245.2998046875,20340.5703125,5909.02978515625,19447.580078125,14.65999984741211,19489.6796875,40083.30078125
2025-01-08,23746.650390625,23751.849609375,23496.150390625,23688.94921875,266400.0,42.63403772368976,-145.9052318724098,-15.571288863540701,-130.33394300886908,23.228701407323435,28.891018637801906,23999.235058593753,24091.5980859375,23921.497734375,23837.0894202777,23982.99465215011,31.29598839151838,292.7738367202956,72007500.0,-0.0007993610384197103,-0.0007996806978147784,255.69921875,57.701171875,76.16000366210938,2664.5,85.80650329589844,42635.19921875,8251.0,20329.939453125,5918.25,19279.83984375,14.470000267028809,19478.880859375,39981.05859375
2025-01-09,23674.75,23689.5,23503.05078125,23526.5,269200.0,39.508780497282835,-159.87380092965395,-23.631886336627872,-136.24191459302608,21.644753404371787,23.96620239848314,23943.470019531247,24075.345078125,23928.85173828125,23789.30643254267,23949.180233472325,31.600693494241447,285.1792211509888,71738300.0,-0.006857594959147506,-0.006881216315863482,186.44921875,148.25,76.91999816894531,2683.800048828125,85.90750122070312,42635.19921875,8319.7001953125,20317.099609375,5918.25,19240.890625,14.65999984741211,19478.880859375,39605.08984375
2025-01-10,23551.900390625,23596.599609375,23344.349609375,23431.5,261000.0,37.76531607919731,-176.57426043684973,-32.265876675058905,-144.30838376179082,16.105880098224734,20.326444969973316,23887.61005859375,24054.6380859375,23936.921992187497,23734.259289074565,23910.833549511415,32.25331722200954,282.8271339259182,71477300.0,-0.004037999702463213,-0.004046174437066828,252.25,120.400390625,79.76000213623047,2708.5,85.91999816894531,41938.44921875,8248.5,20214.7890625,5827.0400390625,19064.2890625,14.920000076293945,19161.630859375,39190.3984375
2025-01-13,23195.400390625,23340.94921875,23047.25,23085.94921875,316500.0,32.19936124944938,-215.21172823665256,-56.7226755798894,-158.48905265676316,7.259403988541766,15.003345830379429,23803.49248046875,24029.540078125,23943.156240234377,23634.5192782554,23849.731006492053,33.44924724935383,290.0716243597812,71160800.0,-0.014747275302477436,-0.014857097422370331,293.69921875,109.451171875,81.01000213623047,2673.5,86.18800354003906,42297.12109375,8224.2001953125,20132.849609375,5836.22021484375,18874.140625,16.0,19088.099609375,39190.3984375
2025-01-14,23165.900390625,23264.94921875,23134.150390625,23176.05078125,311200.0,34.893834032486,-235.84310425374133,-61.88324127758253,-173.9598629761588,8.026208529195278,10.463830871987257,23728.88251953125,24008.9541015625,23948.97674804688,23563.985663331492,23799.828767585233,34.55975370331638,282.13793690551114,71472000.0,0.003902874499386977,0.003895278043635164,130.798828125,-10.150390625,79.91999816894531,2677.5,86.65059661865234,42518.28125,8201.5,20271.330078125,5842.91015625,19219.779296875,15.470000267028809,19044.390625,38474.30078125
2025-01-15,23250.44921875,23293.650390625,23146.44921875,23213.19921875,228000.0,36.02274203299743,-246.35620891951112,-57.91707675468183,-188.4391321648293,9.423868176463898,8.236493564733646,23672.74248046875,23987.131093750002,23954.55899414063,23510.01851801126,23756.37472693077,35.42732135574011,272.4995965461889,71700000.0,0.0016028803979861728,0.0016015971562733668,147.201171875,37.25,82.02999877929688,2712.5,86.535400390625,43221.55078125,8301.099609375,20574.6796875,5949.91015625,19286.0703125,15.260000228881836,19511.23046875,38444.578125
2025-01-16,23377.25,23391.650390625,23272.05078125,23311.80078125,299400.0,39.04395367256445,-243.91984196055637,-44.38456783658165,-199.53527412397472,15.806835155445304,11.085637287034826,23628.3900390625,23973.460117187504,23961.09450195313,23479.523481586453,23723.44332354701,35.67222293019286,265.78185192681826,71999400.0,0.004247650725383689,0.004238654922064901,119.599609375,65.44921875,81.29000091552734,2746.39990234375,86.43099975585938,43153.12890625,8391.900390625,20655.390625,5937.33984375,19522.890625,15.470000267028809,19338.2890625,38572.6015625
2025-01-17,23277.099609375,23292.099609375,23100.349609375,23203.19921875,272900.0,36.972969322240026,-247.89466665698637,-38.6875140264093,-209.20715263057707,16.57409830020854,13.934933877372579,23590.9650390625,23953.2580859375,23966.492246093752,23437.01205653469,23684.906723191678,36.300126020546756,261.90108906597413,71726500.0,-0.004658651792672774,-0.004669537131428157,191.75,73.900390625,80.79000091552734,2744.300048828125,86.6061019897461,43487.828125,8505.2001953125,20903.390625,5996.66015625,19584.060546875,15.75,19630.19921875,38451.4609375
2025-01-20,23290.400390625,23391.099609375,23170.650390625,23344.75,301500.0,41.34037178592106,-236.89203489029023,-22.147905807770513,-214.74412908251972,20.291957426279257,17.557630293977702,23578.8275390625,23930.4720703125,23971.581494140628,23422.817893990894,23659.709928881184,36.327281248592094,258.9402411862617,72028000.0,0.006100485537167577,0.006081952909099664,220.44921875,-54.349609375,80.79000091552734,2744.300048828125,86.56900024414062,43487.828125,8520.5,20990.310546875,5996.66015625,19925.810546875,16.420000076293945,19630.19921875,38902.5
2025-01-21,23421.650390625,23426.30078125,22976.849609375,23024.650390625,312900.0,35.371321822943074,-251.10712659142155,-29.09039800712145,-222.0167285843001,14.090122553185477,16.98539275989109,23542.38759765625,23906.978085937502,23974.39474609375,23361.561355011527,23612.66848160295,36.81377629122804,272.54816480688584,71715100.0,-0.013711845677293555,-0.013806721311582606,449.451171875,397.0,79.29000091552734,2755.0,86.21109771728516,44025.80859375,8548.2998046875,21042.0,6049.240234375,20106.55078125,17.059999465942383,19756.779296875,39027.98046875
2025-01-22,23099.150390625,23169.55078125,22981.30078125,23155.349609375,276000.0,39.22961608322069,-248.95653851862153,-21.551847947457134,-227.4046905711644,14.561370474872003,16.31448348477891,23513.77255859375,23887.12109375,23977.904990234376,23329.836471067443,23578.793009586065,37.26552168796142,266.5268673206797,71991100.0,0.0056764909144164655,0.0056604403518015324,188.25,-56.19921875,79.0,2767.60009765625,86.45189666748047,44156.73046875,8545.099609375,21254.26953125,6086.3701171875,19778.76953125,16.770000457763672,20009.33984375,39646.25
2025-01-23,23128.30078125,23270.80078125,23090.650390625,23205.349609375,275600.0,40.68840145121706,-240.44588930467216,-10.432958986806199,-230.01293031786597,12.996245055381603,13.88257936114636,23486.530078125,23868.402070312502,23981.758486328126,23310.684646191683,23551.130535496355,37.08995628682346,260.357118985274,72266700.0,0.0021593282262408753,0.0021570002277194853,180.150390625,-77.048828125,78.29000091552734,2763.10009765625,86.47270202636719,44565.0703125,8565.2001953125,21411.529296875,6118.7099609375,19700.560546875,16.700000762939453,20053.6796875,39958.87109375
2025-01-24,23183.900390625,23347.30078125,23050.0,23092.19921875,264300.0,38.439610262588396,-240.06411963642677,-8.040951454848624,-232.02316818157814,16.419869153792902,14.659161561348835,23450.470019531254,23852.5770703125,23984.646230468752,23277.07150350835,23517.135623144775,36.491555506609934,262.995952004183,72002400.0,-0.004876047658393667,-0.00488797436469754,297.30078125,91.701171875,78.5,2777.300048828125,86.44020080566406,44424.25,8502.400390625,21394.9296875,6101.240234375,20066.189453125,16.75,19954.30078125,39931.98046875
2025-01-27,22940.150390625,23007.44921875,22786.900390625,22829.150390625,257400.0,33.76722285951797,-258.01319100447654,-20.792018258318706,-237.22117274615783,13.000708437381656,14.138940882185388,23409.682519531252,23837.979062500002,23986.223486328126,23208.160563064757,23466.173754069234,36.66630333585763,266.0175860128128,71745000.0,-0.011391241935562957,-0.011456619090824587,220.548828125,111.0,77.08000183105469,2737.5,86.2030029296875,44713.578125,8503.7001953125,21282.1796875,6012.27978515625,20197.76953125,18.1299991607666,19341.830078125,39565.80078125
2025-01-28,22960.44921875,23137.94921875,22857.650390625,22957.25,361900.0,37.736311781805085,-258.9167602343805,-17.35646999057812,-241.56029024380237,12.449027871546114,13.956535154240223,23375.304980468754,23826.470078125003,23987.678232421873,23169.558937977872,23428.475698212253,36.12227970458005,269.07338902082614,72106900.0,0.005611229817278129,0.005595545512054291,280.298828125,3.19921875,77.48999786376953,2766.800048828125,86.46839904785156,44850.3515625,8533.900390625,21430.580078125,6067.7001953125,20225.109375,18.200000762939453,19733.58984375,39016.87109375
2025-01-29,23026.75,23183.349609375,22976.5,23163.099609375,226300.0,43.586719627282086,-240.25301503434457,1.0458201675662622,-241.29883520191083,23.237763162717087,16.229166490548284,23346.31494140625,23820.656054687504,23990.279980468753,23168.56519511589,23408.818210150235,35.377714430839795,266.00383333183856,72333200.0,0.008966649288351114,0.008926687592645893,206.849609375,-136.349609375,76.58000183105469,2769.10009765625,86.58460235595703,44713.51953125,8557.7998046875,21637.529296875,6039.31005859375,20225.109375,18.639999389648438,19632.3203125,39414.78125
2025-01-30,23169.5,23322.05078125,23139.19921875,23249.5,361900.0,45.885082730260116,-216.00015769061793,20.23894200903436,-236.2390996996523,45.89459756850906,27.193796200924083,23299.357421875,23815.2760546875,23992.7584765625,23181.016703559602,23397.01686125022,33.979538082204286,260.0643854152787,72695100.0,0.003730087599762788,0.003723148074350194,182.8515625,-80.0,76.87000274658203,2823.0,86.6406021118164,44882.12890625,8646.900390625,21727.19921875,6071.169921875,20225.109375,17.389999389648438,19681.75,39513.96875
2025-01-31,23296.75,23546.80078125,23277.400390625,23508.400390625,304900.0,52.173067704667254,-173.88406840917378,49.88402503238282,-223.7680934415566,71.25240916029125,46.79492329717246,23274.53994140625,23818.446054687498,23997.7034765625,23231.38342464659,23405.267493055762,31.682183900946892,262.72412797490165,73000000.0,0.011135740150325812,0.011074194280356322,269.400390625,-211.650390625,76.76000213623047,2812.5,86.64700317382812,44544.66015625,8674.0,21732.05078125,6040.52978515625,20225.109375,16.25,19627.439453125,39572.48828125
2025-02-01,23528.599609375,23632.44921875,23318.30078125,23482.150390625,281000.0,51.5194155316323,-140.99956463129638,66.21482304820819,-207.21438767950457,83.1734427262262,66.7734831516755,23267.844921875003,23809.9440625,24003.751728515625,23269.96295787404,23410.962522505335,29.63287649604221,266.3972929409801,72719000.0,-0.0011166221250199504,-0.001117246011978889,314.1484375,46.44921875,76.76000213623047,2812.5,86.64700317382812,44544.66015625,8674.0,21732.05078125,6040.52978515625,20225.109375,16.25,19627.439453125,39572.48828125
2025-02-03,23319.349609375,23381.599609375,23222.0,23361.05078125,329700.0,48.50054117517337,-123.28888732377163,67.14040028458638,-190.429287608358,81.69134838472382,78.70573342374709,23250.50244140625,23792.727070312503,24009.81748046875,23283.976469162648,23407.26535648642,27.700466535752003,265.9510856326958,72389300.0,-0.005157091976693451,-0.005170435671733403,159.599609375,-41.701171875,75.95999908447266,2833.89990234375,86.55400085449219,44421.91015625,8583.599609375,21428.240234375,5994.56982421875,20217.259765625,14.350000381469727,19391.9609375,38520.08984375
2025-02-04,23509.900390625,23762.75,23423.150390625,23739.25,376700.0,56.9790043233531,-77.83826073156888,90.07282150143132,-167.9110822330002,82.57307749745748,82.47928953613584,23253.017480468752,23783.6220703125,24018.534482421874,23354.018550829933,23431.8568115615,26.910450123150046,275.6473808553604,72766000.0,0.016189306820631133,0.016059657410686868,339.599609375,-229.349609375,76.19999694824219,2853.300048828125,86.94339752197266,44556.0390625,8570.7998046875,21505.69921875,6037.8798828125,20789.9609375,14.020000457763672,19654.01953125,38798.37109375
2025-02-05,23801.75,23807.30078125,23680.44921875,23696.30078125,267000.0,55.85442173344421,-44.76789825070591,98.51454718583545,-143.28244543654137,84.87214937584804,83.04552508600977,23261.50751953125,23772.050078125,24026.28098632812,23406.677355509943,23451.44525376065,26.314055405386604,265.0191081156918,72499000.0,-0.001809207062143936,-0.0018108456539069108,126.8515625,105.44921875,74.61000061035156,2871.60009765625,87.13009643554688,44873.28125,8623.2998046875,21585.9296875,6061.47998046875,20597.08984375,14.079999923706055,19692.330078125,38831.48046875
2025-02-06,23761.94921875,23773.55078125,23556.25,23603.349609375,307000.0,53.39809276651803,-25.762802915262,94.0157140170235,-119.7785169322855,88.90879736434101,85.45134141254883,23270.1,23765.8340625,24032.615732421873,23436.934625335336,23462.697428250598,25.212345282865428,261.61065619671376,72192000.0,-0.003922602634608197,-0.003930316218479903,217.30078125,158.599609375,74.29000091552734,2856.0,87.33409881591797,44747.62890625,8727.2998046875,21902.419921875,6083.56982421875,20891.619140625,14.180000305175781,19791.990234375,39066.53125
2025-02-07,23649.5,23694.5,23443.19921875,23559.94921875,368100.0,52.24283431917497,-14.041317184757645,84.5897597980223,-98.63107698277994,81.6313040926158,85.13741694426828,23293.8,23754.4110546875,24038.575478515624,23455.859947399127,23469.901264583885,23.71694138562807,260.8742365576628,71823900.0,-0.0018387386257991967,-0.0018404311807618838,251.30078125,89.55078125,74.66000366210938,2867.300048828125,87.58830261230469,44303.3984375,8700.5,21787.0,6025.990234375,21133.5390625,13.6899995803833,19523.400390625,38787.01953125
2025-02-10,23543.80078125,23568.599609375,23316.30078125,23381.599609375,234200.0,47.677907674858766,-18.92512122428161,63.764764606798664,-82.68988583108028,71.35098750426678,80.63036298707453,23304.07744140625,23736.522031250002,24043.471474609374,23444.4352800108,23463.36040123508,22.21826861406875,260.2617073839012,71589700.0,-0.007570033692307909,-0.0075988318246352615,252.298828125,162.201171875,75.87000274658203,2914.300048828125,87.51309967041016,44470.41015625,8767.7998046875,21911.740234375,6066.43994140625,21521.98046875,14.449999809265137,19714.26953125,38801.171875
2025-02-11,23383.55078125,23390.05078125,22986.650390625,23071.80078125,268000.0,40.979573662485436,-47.249089353827,28.35263718180262,-75.60172653562962,53.98692685354439,68.98973948347566,23297.007519531253,23708.8150390625,24045.978730468752,23387.10689558606,23434.355984939888,21.926696458030726,270.48589904397966,71321700.0,-0.013249684936046169,-0.013338245144624153,403.400390625,311.75,77.0,2912.5,87.49009704589844,44593.6484375,8777.400390625,22037.830078125,6068.5,21294.859375,14.869999885559082,19643.859375,38801.171875
2025-02-12,23050.80078125,23144.69921875,22798.349609375,23045.25,279700.0,40.45500291853248,-71.01979235442559,3.6655473449632296,-74.68533969938882,37.173290968427295,54.17040177541282,23283.679980468747,23680.3710546875,24049.105234375,23334.51352703436,23405.533319388785,22.174951658459424,275.90473549619537,71042000.0,-0.0011507892904301098,-0.001151451956867338,346.349609375,5.55078125,75.18000030517578,2909.0,86.81120300292969,44368.55859375,8807.400390625,22148.029296875,6051.97021484375,21857.919921875,14.899999618530273,19649.94921875,38963.69921875
2025-02-13,23055.75,23235.5,22992.19921875,23031.400390625,265700.0,40.16617312560998,-89.93903229245188,-12.202954074450446,-77.73607821800144,25.44574220456273,38.868653342178135,23275.0900390625,23646.8310546875,24051.045234375,23287.880736817533,23377.819769109985,22.010804421846217,273.5758816214671,70776300.0,-0.0006009745771905495,-0.0006011552347958088,243.30078125,24.349609375,75.0199966430664,2925.89990234375,86.8740005493164,44711.4296875,8764.7001953125,22612.01953125,6115.06982421875,21814.369140625,14.960000038146973,19945.640625,39461.46875
2025-02-14,23096.44921875,23133.69921875,22774.849609375,22929.25,254500.0,38.010605132317295,-111.88560149839759,-27.319618624316917,-84.56598287408067,21.123838624829542,27.914290599273187,23254.3150390625,23611.8600390625,24052.667236328125,23232.706777307143,23344.59237880554,22.4421201371833,279.6668621752909,70521800.0,-0.004435266153706374,-0.00444513112662715,358.849609375,167.19921875,74.73999786376953,2883.60009765625,86.75409698486328,44546.078125,8732.5,22513.419921875,6114.6298828125,22620.330078125,15.020000457763672,20026.76953125,39149.4296875
2025-02-17,22809.900390625,22974.19921875,22725.44921875,22959.5,207400.0,39.053687809893574,-125.39205199880234,-32.660855299777324,-92.73119669902502,19.895779972329503,22.15512026724059,23251.057519531252,23578.670039062505,24054.223740234374,23190.674965413735,23316.067017412537,22.967809796329107,277.45851487705585,70729200.0,0.0013192755977626813,0.001318406118349223,248.75,-149.599609375,74.73999786376953,2883.60009765625,86.43460083007812,44546.078125,8768.0,22798.08984375,6114.6298828125,22616.23046875,15.720000267028809,20026.76953125,39174.25
2025-02-18,22963.650390625,22992.5,22801.5,22945.30078125,210600.0,38.72429913969448,-135.67776084386423,-34.357251315871366,-101.32050952799287,18.970268374481982,19.99662899054701,23240.555078125002,23545.3750390625,24056.570996093753,23152.925090927005,23288.60285177087,23.36672001438255,271.28290667155187,70518600.0,-0.0006184463402948426,-0.0006186376571162799,191.0,18.349609375,75.83999633789062,2931.60009765625,86.85479736328125,44556.33984375,8766.7001953125,22844.5,6129.580078125,22976.810546875,15.670000076293945,20041.259765625,39270.3984375
2025-02-19,22847.25,23049.94921875,22814.849609375,22932.900390625,207000.0,38.41954165138872,-143.17938428122943,-33.48709980258924,-109.69228447864019,20.3772106559212,19.747753000910894,23226.9326171875,23511.19703125,24059.022001953126,23119.07513703439,23262.25452131562,23.44779829465466,268.69838543608387,70311600.0,-0.0005404326900405598,-0.0005405787764224007,235.099609375,-85.650390625,76.04000091552734,2919.39990234375,86.88719940185547,44627.58984375,8712.5,22433.630859375,6144.14990234375,22944.240234375,15.420000076293945,20056.25,39164.609375
2025-02-20,22821.099609375,22923.849609375,22812.75,22913.150390625,240800.0,37.907840631392396,-149.00054926171288,-31.446611826458152,-117.55393743525472,18.949115496917656,19.432198175773614,23217.98017578125,23478.486054687502,24062.075253906252,23087.394406817562,23236.394956079275,23.529765055703326,258.0878143781493,70070800.0,-0.0008612081186238907,-0.0008615791713867465,111.099609375,-92.05078125,76.4800033569336,2940.0,86.872802734375,44176.6484375,8663.0,22314.650390625,6117.52001953125,22576.98046875,14.680000305175781,19962.359375,38678.0390625
2025-02-21,22857.19921875,22921.0,22720.30078125,22795.900390625,242800.0,34.933210082534615,-161.2165554514213,-34.930094412933244,-126.28646103848806,14.493482022799462,17.939936058546103,23216.31767578125,23439.038046875,24064.54225585938,23042.549173557167,23203.765729008588,23.90468083298517,253.98862897613864,69828000.0,-0.005117148798882476,-0.005130286241460248,200.69921875,61.298828125,74.43000030517578,2937.60009765625,86.45120239257812,43428.01953125,8659.400390625,22287.560546875,6013.1298828125,23477.919921875,14.529999732971191,19524.009765625,38776.94140625
2025-02-24,22609.349609375,22668.05078125,22518.80078125,22553.349609375,214300.0,29.73507526032391,-188.29905503935152,-49.610075200690744,-138.68897983866077,8.995400184364009,14.145999234693708,23196.12265625,23396.740039062504,24067.521503906253,22967.287702144524,23155.586757183875,24.838945049412974,255.63941329034301,69613700.0,-0.010640105330068539,-0.010697116011174177,149.25,56.0,74.77999877929688,2947.89990234375,86.52940368652344,43461.2109375,8659.0,22425.9296875,5983.25,23341.609375,14.4399995803833,19286.9296875,38776.94140625
2025-02-25,22516.44921875,22625.30078125,22513.900390625,22547.55078125,250300.0,29.621589949443177,-207.83426402517216,-55.3162273492091,-152.51803667596306,4.102538188469702,9.197140131877724,23165.34521484375,23360.9710546875,24069.98326171875,22902.712791237675,23110.547055262847,25.72001745887173,245.33662595710425,69363400.0,-0.00025711604818956513,-0.00025714910818764225,111.400390625,-31.1015625,73.0199966430664,2904.5,86.69010162353516,43621.16015625,8668.7001953125,22410.26953125,5955.25,23034.01953125,13.720000267028809,19026.390625,38237.7890625
2025-02-27,22568.94921875,22613.30078125,22508.400390625,22545.05078125,289200.0,29.569194380891556,-220.9705757488191,-54.76203125828482,-166.20854449053428,2.8142404458966204,5.3040596062434435,23130.122753906253,23327.895078125002,24072.18826171875,22847.687866624186,23068.658442373006,26.55441512375239,235.30546629052537,69074200.0,-0.00011087678764998277,-0.00011088293493540093,104.900390625,23.8984375,74.04000091552734,2883.199951171875,87.16220092773438,43239.5,8756.2001953125,22550.890625,5861.56982421875,23718.2890625,13.3100004196167,18544.419921875,38256.171875
2025-02-28,22433.400390625,22450.349609375,22104.849609375,22124.69921875,551300.0,22.395982591185852,-262.2766930451362,-76.85451884368152,-185.42217420145468,2.3724929990417047,3.0964238778026756,23060.937695312503,23291.355078125,24071.722509765626,22736.458843874312,22998.73553691945,28.324388273539498,249.94087383227355,68522900.0,-0.018644959666695105,-0.01882096814125905,345.5,308.701171875,73.18000030517578,2836.800048828125,87.3270034790039,43840.91015625,8809.7001953125,22551.4296875,5954.5,22941.3203125,13.90999984741211,18847.279296875,37155.5
2025-03-03,22194.55078125,22261.55078125,22004.69921875,22119.30078125,282400.0,22.32109158151538,-292.080772060257,-85.32687828704184,-206.75389377321517,4.239484355358369,3.1420726000988983,22992.795214843754,23261.99109375,24071.316259765626,22641.511449624417,22933.592221684674,30.163101646477386,250.43449445139686,68240500.0,-0.00024400049223838316,-0.0002440302652016664,256.8515625,75.25,71.62000274658203,2890.199951171875,87.46399688720703,43191.23828125,8871.2998046875,23147.01953125,5849.72021484375,23006.26953125,13.760000228881836,18350.189453125,37785.46875
2025-03-04,21974.44921875,22105.05078125,21964.599609375,22082.650390625,253300.0,21.788394870595123,-315.02666829506416,-86.61821961747916,-228.408448677585,6.30573736536085,4.305904906586974,22928.875195312503,23228.5751171875,24069.710263671877,22555.532825162965,22870.55949345803,31.94803070977195,243.59639998165423,67987200.0,-0.0016569416451024388,-0.001658315891150207,140.451171875,-108.201171875,71.04000091552734,2909.60009765625,87.32959747314453,42520.98828125,8759.0,22326.810546875,5778.14990234375,22941.76953125,13.829999923706055,18285.16015625,37331.1796875
2025-03-05,22073.05078125,22394.900390625,22067.80078125,22337.30078125,305900.0,33.63870834413679,-309.10018354831845,-64.55338789658674,-244.5467956517317,15.628963601221447,8.724728440646889,22858.777734375002,23200.768125000002,24069.06626953125,22521.95866456097,22831.05884810929,31.883244078619175,249.5609149383218,68293100.0,0.011531695069225467,0.01146571185468711,327.099609375,-264.25,69.30000305175781,2915.300048828125,87.21700286865234,43006.58984375,8755.7998046875,23081.029296875,5842.6298828125,23594.2109375,13.670000076293945,18552.73046875,37418.23828125
2025-03-06,22476.349609375,22556.44921875,22245.849609375,22544.69921875,372100.0,41.42319750114419,-284.38981235302344,-31.874413361033362,-252.51539899199008,29.4112860243612,17.115328996981162,22801.197656250002,23176.658125,24069.144511718747,22525.457211359284,22809.847023712307,31.024494952985506,253.9208216837988,68665200.0,0.009284847776867,0.00924200854408832,310.599609375,-68.349609375,69.45999908447266,2916.60009765625,86.88929748535156,42579.078125,8682.7998046875,23419.48046875,5738.52001953125,24369.7109375,13.729999542236328,18069.259765625,37704.9296875
2025-03-07,22508.650390625,22633.80078125,22464.75,22552.5,289800.0,41.70021013694145,-261.1666408341698,-6.920993473743778,-254.24564736042603,44.37067350216958,29.803641042584076,22748.65517578125,23151.4401171875,24068.9180078125,22529.61764038093,22790.7842812151,29.866302443877668,247.85867593852745,68955000.0,0.00034601398645017767,0.00034595413741610534,169.05078125,-43.849609375,70.36000061035156,2904.699951171875,87.12879943847656,42801.71875,8679.900390625,23008.939453125,5770.2001953125,24231.30078125,13.470000267028809,18196.220703125,36887.171875
2025-03-10,22521.849609375,22676.75,22429.05078125,22460.30078125,293900.0,39.332650351402414,-247.35051375148396,5.516106887153683,-252.86662063863764,49.81943002520799,41.20046318391292,22693.67275390625,23127.748125,24066.38125976562,22518.95350820694,22766.304021958425,28.5892750636863,247.84728613934695,68661100.0,-0.004088203913091726,-0.004096583464717347,247.69921875,61.548828125,69.27999877929688,2891.0,87.07379913330078,41911.7109375,8600.2001953125,22620.94921875,5614.56005859375,23783.490234375,13.989999771118164,17468.3203125,37028.26953125
2025-03-11,22345.94921875,22522.099609375,22314.69921875,22497.900390625,347900.0,40.80856868752833,-230.70770444879236,17.72713295187623,-248.43483740066858,49.65841819642168,47.94950724126642,22649.48779296875,23104.810117187502,24064.085263671877,22515.71456704049,22746.422271489282,27.817338919295533,244.95822217403645,69009000.0,0.0016740474556060647,0.0016726478000064651,207.400390625,-151.951171875,69.55999755859375,2912.89990234375,87.3551025390625,41433.48046875,8496.0,22328.76953125,5572.06982421875,23782.140625,14.069999694824219,17436.099609375,36793.109375
2025-03-12,22536.349609375,22577.400390625,22329.55078125,22470.5,369700.0,40.04402357092675,-217.22510490880813,24.96778599348835,-242.19289090229648,49.18250010395693,49.5534494418622,22619.42275390625,23079.362109375004,24061.775517578124,22508.75847980349,22725.9835847123,26.821647019750444,245.16474983124814,68639300.0,-0.0012179087892316698,-0.001218651042867137,247.849609375,65.849609375,70.94999694824219,2939.10009765625,87.20010375976562,41350.9296875,8541.0,22676.41015625,5599.2998046875,23600.310546875,13.6899995803833,17648.44921875,36819.08984375
2025-03-13,22541.5,22558.05078125,22377.349609375,22397.19921875,287500.0,37.99335294462253,-210.0336706691196,25.727376186541534,-235.76104685566114,49.03584465451432,49.29225431829764,22587.02021484375,23043.533085937503,24059.32076171875,22491.595516564492,22701.62918723361,25.89707597017286,240.560208548659,68351800.0,-0.003262089461738671,-0.00326742167482874,180.701171875,144.30078125,69.87999725341797,2984.300048828125,87.3405990600586,40813.5703125,8542.599609375,22567.140625,5521.52001953125,23462.650390625,13.279999732971191,17303.009765625,36790.03125
2025-03-17,22353.150390625,22577.0,22353.150390625,22508.75,251100.0,42.794496696252644,-193.10717216885678,34.1230997494435,-227.23027191830028,58.126899399189796,52.11508138588701,22560.8876953125,23013.613085937504,24058.341015625003,22494.234667862263,22687.34184003112,25.140327305354397,239.36659432196907,68602900.0,0.004980568336268254,0.004968206335327962,223.849609375,-155.599609375,71.06999969482422,3000.0,86.93900299072266,41841.62890625,8680.2998046875,23154.5703125,5675.1201171875,24145.5703125,13.420000076293945,17808.66015625,37396.51953125
2025-03-18,22662.25,22857.80078125,22599.19921875,22834.30078125,272600.0,53.99095131343237,-151.6751560684388,60.44409267988917,-212.11924874832798,73.00351737469123,60.05542047613177,22556.140234375,22997.978085937502,24060.06926757813,22546.552531460376,22698.227687528815,23.662634221134102,247.2011791025427,68875500.0,0.01446329899483545,0.014359703182661372,258.6015625,-172.05078125,70.55999755859375,3035.10009765625,86.91639709472656,41581.30859375,8705.2001953125,23380.69921875,5614.66015625,24740.5703125,13.210000038146973,17504.119140625,37845.421875
2025-03-19,22874.94921875,22940.69921875,22807.94921875,22907.599609375,324000.0,56.07550215188362,-111.63848302174665,80.38461258126509,-192.02309560301174,90.12916121747318,73.75319266378473,22553.545214843747,22981.9720703125,24061.953769531254,22602.098235754933,22713.73671877668,22.643049025144354,239.02609488093253,69199500.0,0.0032100316461272094,0.0032048904937790478,132.75,-32.650390625,70.77999877929688,3035.89990234375,86.57610321044922,41964.62890625,8706.7001953125,23288.060546875,5675.2900390625,24771.140625,13.300000190734863,17750.7890625,37751.87890625
2025-03-20,23036.599609375,23216.69921875,22973.94921875,23190.650390625,313700.0,63.03950616692798,-56.41893631255152,108.48332743236818,-164.9022637449197,97.29919820204,86.81062559806813,22565.8126953125,22972.006093750002,24061.587519531255,22692.64472111956,22749.06365743211,22.707741188914213,244.03134591622307,69513200.0,0.012356195589090069,0.012280480863664548,242.75,-154.05078125,72.0,3040.0,86.33709716796875,41953.3203125,8702.0,22999.150390625,5662.89013671875,24219.94921875,12.600000381469727,17691.630859375,37751.87890625
2025-03-21,23168.25,23402.69921875,23132.80078125,23350.400390625,541000.0,66.28810828496115,0.23078189336956711,132.10643651063143,-131.87565461726186,96.96397280981822,94.7974440764438,22586.6876953125,22968.4841015625,24068.917021484376,22793.837901043473,22793.607119150103,23.3240703747337,245.8789953150643,70054200.0,0.0068885519512889015,0.0068649342763162065,269.8984375,-182.150390625,72.16000366210938,3018.199951171875,86.33609771728516,41985.3515625,8646.7998046875,22891.6796875,5667.56005859375,23689.720703125,12.579999923706055,17784.05078125,37677.05859375
2025-03-24,23515.400390625,23708.75,23433.5,23658.349609375,311900.0,71.49017819078648,69.17758389922528,160.84259081318973,-91.66500691396445,97.13108143272794,97.1314174815287,22623.94765625,22973.02109375,24074.10702148438,22926.839702325247,22857.662118426022,24.64629874684656,253.9126106050597,70366100.0,0.013188177230298859,0.013101970335000056,275.25,-142.94921875,73.0,3013.10009765625,85.98699951171875,42583.3203125,8638.0,22852.66015625,5767.56982421875,23905.560546875,13.699999809265137,18188.58984375,37608.48828125
2025-03-25,23751.5,23869.599609375,23601.400390625,23668.650390625,338200.0,71.64777807768955,123.22909982803685,171.91528539360104,-48.68618556556419,94.10698535317934,96.0673465319085,22667.58515625,22984.6751171875,24078.343271484377,23040.96442360213,22917.735323774094,26.20499527174771,254.9330826154126,70704300.0,0.00043539728764163677,0.0004353025297464832,268.19921875,82.849609375,73.0199966430664,3023.699951171875,85.53209686279297,42587.5,8663.7998046875,23109.7890625,5776.64990234375,23344.25,13.640000343322754,18271.859375,37780.5390625
2025-03-26,23700.94921875,23736.5,23451.69921875,23486.849609375,278600.0,64.83561129118522,149.6702069679559,158.68511402681605,-9.014907058860175,87.46188001311899,92.89998226634208,22714.26015625,22990.891093750004,24079.326767578128,23109.562144490264,22959.89193752231,26.878908388316184,257.0664896607403,70425700.0,-0.007681079328545448,-0.007710730752587225,284.80078125,214.099609375,73.79000091552734,3020.89990234375,85.59040069580078,42454.7890625,8689.599609375,22839.029296875,5712.2001953125,23483.3203125,13.470000267028809,17899.01953125,38027.2890625
2025-03-27,23433.94921875,23646.44921875,23412.19921875,23591.94921875,510300.0,66.80078267379496,177.06454513919743,148.86356175844608,28.20098338075135,82.47294902686966,88.013938131056,22766.480078125,22998.46609375,24080.990517578128,23183.775540530223,23006.710995391026,27.30534095830403,255.43674039925884,70936000.0,0.004474827877002596,0.004464845602965276,234.25,-158.0,74.02999877929688,3060.199951171875,86.09539794921875,42299.69921875,8666.099609375,22678.740234375,5693.31005859375,23578.80078125,13.300000190734863,17804.029296875,37799.96875
2025-03-28,23600.400390625,23649.19921875,23450.19921875,23519.349609375,295400.0,64.13449559532964,190.7180942959967,130.01368873219627,60.70440556380042,78.6819961471621,82.87227506238358,22815.195019531253,23002.617070312503,24082.263017578123,23235.4023203525,23044.684226056503,27.708701931999297,251.40554465645465,70640600.0,-0.0030773044101545244,-0.003082049047667123,199.0,81.05078125,73.62999725341797,3086.5,85.69490051269531,41583.8984375,8658.900390625,22461.51953125,5580.93994140625,23426.599609375,12.720000267028809,17322.990234375,37120.328125
2025-04-01,23341.099609375,23565.150390625,23136.400390625,23165.69921875,314300.0,53.03057738437464,171.03046667045055,88.2608488853201,82.76961778513045,71.44938695580629,77.53477737661268,22867.24501953125,23001.867070312503,24081.476767578126,23224.678766259807,23053.648299589357,26.571838509785703,264.0730057524222,70326300.0,-0.015036571865236992,-0.015150767296533939,428.75,175.400390625,74.48999786376953,3118.89990234375,85.46810150146484,41989.9609375,8634.7998046875,22539.98046875,5633.06982421875,23206.83984375,13.779999732971191,17449.890625,35624.48046875
2025-04-02,23192.599609375,23350.0,23158.44921875,23332.349609375,341000.0,56.82410136218972,166.95067029948768,67.34484201148578,99.6058282880019,65.77312591685846,71.96816967327561,22927.8974609375,23001.6190625,24081.144013671874,23241.24351135445,23074.29284105496,25.516179617730224,258.8928468593921,70667300.0,0.0071938424586863725,0.007168090205371445,191.55078125,-139.75,74.94999694824219,3139.89990234375,85.61009979248047,42225.3203125,8608.5,22390.83984375,5670.97021484375,23202.529296875,13.720000267028809,17601.05078125,35725.87109375
2025-04-03,23150.30078125,23306.5,23145.80078125,23250.099609375,283200.0,54.48515606278791,155.29042333877078,44.54767604061509,110.74274729815569,59.66430851521672,65.62894046262716,22986.269921875002,23006.128046875005,24080.066513671874,23242.605987972995,23087.315564634224,24.47695429351162,253.72541694979265,70384100.0,-0.0035251486188494496,-0.003531376595912815,160.69921875,-99.798828125,70.13999938964844,3097.0,85.65119934082031,40545.9296875,8474.7001953125,21717.390625,5396.52001953125,22849.810546875,13.600000381469727,16550.609375,34735.9296875
2025-04-04,23190.400390625,23214.69921875,22857.44921875,22904.44921875,466800.0,45.92930540883511,116.81196024745441,4.855370359438965,111.95658988801544,53.53910569548873,59.65884670918797,23014.62734375,23001.1100390625,24076.799257812498,23190.581869630994,23073.76990938354,23.161772068973924,263.6486293551646,69917300.0,-0.014866619775066536,-0.014978235581472139,357.25,285.951171875,65.58000183105469,3012.0,85.28289794921875,38314.859375,8055.0,20641.720703125,5074.080078125,22849.810546875,13.760000228881836,15587.7900390625,33780.578125
2025-04-07,21758.400390625,22254.0,21743.650390625,22161.599609375,647100.0,33.68632486681098,26.07516750214927,-68.70513790869295,94.78030541084222,38.38733049072687,50.53024823381077,22995.47236328125,22980.2350390625,24070.027255859375,23032.276906514686,23006.201739012537,24.555072540187865,327.73078641015286,69270200.0,-0.03243254628305536,-0.032970136904421674,510.349609375,-403.19921875,64.20999908447266,2951.300048828125,85.529296875,37965.6015625,7702.10009765625,19789.619140625,5062.25,19828.30078125,22.790000915527344,15603.259765625,31136.580078125
2025-04-08,22446.75,22697.19921875,22270.849609375,22535.849609375,468300.0,42.065143844970315,-15.45736433536149,-88.19013579696296,72.73277146160147,31.092440134361606,41.006292106859064,22994.63984375,22969.108046875,24064.87150390625,22955.903476185504,22971.360840520865,24.390693974395504,342.57855947907046,69738500.0,0.016887318902814252,0.01674631338889978,426.349609375,-89.099609375,62.81999969482422,2968.39990234375,86.0270004272461,37645.58984375,7910.5,20280.259765625,4982.77001953125,20127.6796875,20.440000534057617,15267.91015625,33012.578125
2025-04-09,22460.30078125,22468.69921875,22353.25,22399.150390625,383800.0,40.07343790123171,-58.72572593927907,-105.16679792070444,46.44107198142537,29.252006916028318,32.910592513705595,22991.58232421875,22960.508046875002,24059.361757812498,22870.249155330042,22928.97488126932,24.238056734731167,331.15149161449403,69354700.0,-0.006065856008070525,-0.006084328049671031,115.44921875,61.150390625,65.4800033569336,3056.5,86.435302734375,40608.44921875,7679.5,19670.880859375,5456.89990234375,20264.490234375,21.43000030517578,17124.970703125,31714.029296875
2025-04-11,22695.400390625,22923.900390625,22695.400390625,22828.55078125,402200.0,48.34678565823745,-57.7020381894763,-83.31448813672134,25.612449947245036,39.70931489549092,33.351253981960284,23008.11484375,22957.934062500004,24055.815263671873,22863.83402085619,22921.536059045666,22.824683794065436,344.979956499173,69756900.0,0.019170387409190415,0.018988950673859396,228.5,-133.150390625,64.76000213623047,3222.199951171875,86.2603988647461,40212.7109375,7964.2001953125,20374.099609375,5363.35986328125,20914.689453125,20.110000610351562,16724.4609375,33585.578125
2025-04-15,23368.349609375,23368.349609375,23207.0,23328.55078125,388300.0,55.96947218223872,-16.35639065684518,-33.57507248327217,17.218681826426995,52.138291167732056,40.36653765975043,23051.017382812497,22961.2430859375,24053.851513671874,22935.328907070623,22951.68529772747,21.867132269342626,358.8955901867321,70145200.0,0.02190239778210845,0.02166598602930882,161.349609375,39.798828125,64.66999816894531,3218.699951171875,86.0447998046875,40368.9609375,8249.099609375,21253.69921875,5396.6298828125,21466.26953125,16.1299991607666,16823.169921875,34267.5390625
2025-04-16,23344.099609375,23452.19921875,23273.05078125,23437.19921875,348400.0,57.439271118169536,24.890432374781085,6.137400438683272,18.753031936097813,68.41413976232431,53.42058194184909,23103.017382812497,22964.9970703125,24051.693505859374,23012.539724252067,22987.649291877286,21.14794623404774,346.05650785196553,70493600.0,0.004657316201027051,0.004646504460063537,179.1484375,-93.099609375,65.8499984741211,3326.60009765625,85.72669982910156,39669.390625,8275.599609375,21311.01953125,5275.7001953125,21056.98046875,15.869999885559082,16307.16015625,33920.3984375
2025-04-17,23401.849609375,23872.349609375,23298.55078125,23851.650390625,505300.0,62.57186388467556,89.98429965881951,56.98501417817735,32.99928548064216,84.41289678890428,68.3217759063202,23170.16240234375,22971.8620703125,24050.729257812498,23141.633672924825,23051.649373266006,21.26233878933543,362.3238164428966,70998900.0,0.017683476937954135,0.017528943393621495,573.798828125,-449.80078125,67.95999908447266,3308.699951171875,85.62049865722656,39142.23046875,8275.7001953125,21205.859375,5282.7001953125,21395.140625,15.470000267028809,16286.4501953125,34377.6015625
2025-04-21,23949.150390625,24189.55078125,23903.650390625,24125.55078125,406100.0,65.53034405201471,161.807910034815,103.04689964333826,58.761010391476724,92.02394006342561,81.61699220488472,23234.724902343754,22984.730078125,24051.304013671874,23293.00553574408,23131.197625709265,21.874497863825315,360.57928602733256,71405000.0,0.011483498464016417,0.011418063566753105,285.900390625,-176.400390625,66.26000213623047,3406.199951171875,85.62049865722656,38170.41015625,8275.7001953125,21205.859375,5158.2001953125,21395.140625,15.520000457763672,15870.900390625,34279.921875
2025-04-22,24185.400390625,24242.599609375,24072.0,24167.25,440900.0,65.97134066227866,219.56243806404382,128.64114213805368,90.92129592599015,97.79857893890639,91.41180526374542,23297.707421875,23000.854062500002,24051.430517578126,23427.504684091142,23207.942246027098,22.524353550455093,347.0093091235945,71845900.0,0.0017284255654137493,0.0017269335569158489,170.599609375,18.150390625,67.44000244140625,3400.800048828125,85.15889739990234,39186.98046875,8328.599609375,21293.529296875,5287.759765625,21562.3203125,15.229999542236328,16300.419921875,34220.6015625
2025-04-23,24357.599609375,24359.30078125,24119.94921875,24328.94921875,415000.0,67.69719155420326,275.20865909191707,147.42989053274152,127.77876855917555,97.7359139853854,95.85281099590578,23354.622363281247,23012.648046875,24052.456015625,23566.188458654044,23290.979799562127,23.310522161647242,339.31947007905205,72260900.0,0.006690840652122221,0.006668556323176313,239.3515625,28.650390625,66.12000274658203,3276.300048828125,85.2323989868164,39606.5703125,8403.2001953125,21961.970703125,5375.85986328125,22072.619140625,15.960000038146973,16708.05078125,34868.62890625
2025-04-24,24277.900390625,24347.849609375,24216.150390625,24246.69921875,358800.0,65.8672360069573,309.10859113264814,145.06385805877807,164.04473307387008,97.1731496270072,97.56921418376632,23399.4373046875,23023.656015624998,24052.25701171875,23670.88242174573,23361.77383061308,24.040535872039946,324.4894521269769,71902100.0,-0.0033807460922566923,-0.0033864737270896763,131.69921875,31.201171875,66.55000305175781,3332.0,85.4999008178711,40093.3984375,8407.400390625,22064.509765625,5484.77001953125,21909.759765625,16.25,17166.0390625,35039.1484375
2025-04-25,24289.0,24365.44921875,23847.849609375,24039.349609375,387700.0,61.36389528963377,315.6050523411068,121.24825541378937,194.35679692731742,94.03223008751033,96.3137645666343,23418.4873046875,23032.376015625,24050.9430078125,23727.569681381,23411.964629039892,23.579141692817725,338.28303478755,71514400.0,-0.00855166336268387,-0.008588438645809417,517.599609375,249.650390625,66.87000274658203,3282.39990234375,85.2573013305664,40113.5,8415.2998046875,22242.44921875,5525.2099609375,21980.740234375,17.15999984741211,17382.939453125,35705.73828125
2025-04-28,24070.25,24355.099609375,24054.05078125,24328.5,320500.0,64.96152009314285,340.16436163017715,116.64605176228778,223.51830986788937,93.9492551117493,95.05154494208894,23451.479785156247,23047.74703125,24050.966259765624,23820.020499630074,23479.856137999897,23.150704240682803,336.673532302725,71834900.0,0.012028211882747275,0.011956447831200931,301.048828125,-258.25,65.86000061035156,3332.5,85.38490295410156,40227.58984375,8417.2998046875,22271.669921875,5528.75,21971.9609375,16.940000534057617,17366.130859375,35839.98828125
2025-04-29,24370.69921875,24457.650390625,24290.75,24335.94921875,357600.0,65.05180577924878,356.1237084477689,106.08431886390358,250.0393895838653,93.88949410810562,93.95699310245507,23493.934765625003,23066.8340234375,24051.043251953124,23899.39414872545,23543.27044027768,22.97151438001426,324.5468793257446,72192500.0,0.0003061930965739812,0.00030614622903455367,166.900390625,34.75,64.25,3318.800048828125,85.1603012084961,40527.62109375,8463.5,22425.830078125,5560.830078125,22008.109375,17.3700008392334,17461.3203125,35839.98828125
2025-04-30,24342.05078125,24396.150390625,24198.75,24334.19921875,424500.0,65.00942567900059,364.4294792199762,91.5120717088887,272.9174075110875,96.15373534913202,94.66416152299564,23531.047265625002,23092.0819921875,24050.548251953125,23966.287236421533,23601.857757201557,22.506630773886155,315.46498727569144,71768000.0,-7.191007773188485e-05,-7.191266338548166e-05,197.400390625,7.8515625,63.119998931884766,3305.0,85.1707992553711,40669.359375,8494.900390625,22496.98046875,5569.06005859375,22119.41015625,18.219999313354492,17446.33984375,36045.37890625
2025-05-02,24311.900390625,24589.150390625,24238.5,24346.69921875,421100.0,65.18390314793311,367.7809579820205,75.89084037674638,291.8901176052741,93.0089850838026,94.35073818034675,23572.41474609375,23118.1109765625,24050.659501953123,24024.81215677976,23657.03119879774,22.508010966563162,317.97823037207064,72189100.0,0.0005136803511647248,0.0005135484625769229,350.650390625,-34.798828125,61.290000915527344,3231.89990234375,84.69670104980469,41317.4296875,8596.400390625,23086.650390625,5686.669921875,22504.6796875,18.260000228881836,17977.73046875,36830.69140625
2025-05-05,24419.5,24526.400390625,24400.650390625,24461.150390625,291500.0,66.81552010810763,375.34553245533607,66.76433188004955,308.5812005752865,92.25069291655852,93.80447111649771,23637.187304687497,23146.7059765625,24051.3855078125,24091.941115832873,23716.595583377537,22.50929257404896,308.1012976222799,72480600.0,0.004700890697612925,0.004689876016656186,125.75,-41.650390625,60.22999954223633,3311.300048828125,84.52629852294922,41218.828125,8596.400390625,23344.5390625,5650.3798828125,22504.6796875,18.34000015258789,17844.240234375,36830.69140625
2025-05-06,24500.75,24509.650390625,24331.80078125,24379.599609375,302400.0,64.49617871491147,370.48927597482543,49.526460319631155,320.9628156551943,89.07871705696118,91.4461316857741,23689.5498046875,23175.71296875,24050.77275390625,24136.196268685508,23765.706992710682,22.255353030176188,298.79760560461705,72178200.0,-0.0033338898599493128,-0.0033394596535795407,177.849609375,121.150390625,62.150001525878906,3411.39990234375,84.2208023071289,40829.0,8597.400390625,23249.650390625,5606.91015625,22662.7109375,19.0,17689.66015625,36830.69140625
2025-05-07,24233.30078125,24449.599609375,24220.0,24414.400390625,330100.0,65.05366541032494,365.2385473108952,35.42058532456076,329.81796198633447,88.26727984358473,89.86556327236815,23747.76484375,23204.810976562498,24049.911259765624,24178.996902830044,23813.75835551915,21.607410426810638,293.8548915882158,72508300.0,0.0014274549954715887,0.001426437150093386,229.599609375,-181.099609375,61.119998931884766,3381.39990234375,84.79319763183594,41113.96875,8559.2998046875,23115.9609375,5631.27978515625,22691.880859375,19.059999465942383,17738.16015625,36779.66015625
2025-05-08,24431.5,24447.25,24150.19921875,24273.80078125,411400.0,60.89350403072259,345.74654265470235,12.74286453469432,333.00367812000803,82.37552223321467,86.57383971125353,23816.232421875,23231.3809765625,24048.215263671875,24193.582114894652,23847.83557223995,20.75041174126206,294.0831694212004,72096900.0,-0.005758880297096702,-0.005775526588332327,297.05078125,157.69921875,62.84000015258789,3296.60009765625,84.81719970703125,41368.44921875,8531.599609375,23352.689453125,5663.93994140625,22775.919921875,21.010000228881836,17928.140625,36928.62890625
2025-05-09,23935.75,24164.25,23935.75,24008.0,335600.0,53.87874581502479,305.3314163695977,-22.137809400328308,327.469225769926,61.29724994973907,77.31335067551282,23908.55244140625,23252.882968750004,24044.251015625,24165.031020295475,23859.699603925877,19.32258405526777,297.22371312325754,71761300.0,-0.0109501096942064,-0.011010503428714508,228.5,-72.25,63.90999984741211,3335.39990234375,86.08219909667969,41249.37890625,8554.7998046875,23499.3203125,5659.91015625,22867.740234375,21.6299991607666,17928.919921875,37503.328125
2025-05-12,24420.099609375,24944.80078125,24378.849609375,24924.69921875,368700.0,67.69893245502726,343.3145865437182,12.676288619033699,330.6382979246845,65.11237546252453,69.59504921515942,24027.994921875,23293.1139453125,24046.220009765624,24281.90305082694,23938.58846428322,19.835096930244774,342.9077894180249,72130000.0,0.038183073090219954,0.03747214018466671,565.951171875,-504.599609375,64.95999908447266,3220.0,85.4083023071289,42410.1015625,8605.0,23566.5390625,5844.18994140625,23549.4609375,18.389999389648438,18708.33984375,37644.26171875
2025-05-13,24864.05078125,24973.80078125,24547.5,24578.349609375,423000.0,60.341875347119526,341.5320349460235,8.714989617071183,332.8170453289523,61.54998486876584,62.65320342700981,24136.9548828125,23328.762929687502,24046.5655078125,24327.510213680485,23985.978178734462,20.367221644308042,348.8644316917374,71707000.0,-0.01389583907654357,-0.013993290077199355,426.30078125,285.701171875,66.62999725341797,3240.300048828125,84.9656982421875,42140.4296875,8602.900390625,23638.560546875,5886.5498046875,23108.26953125,18.200000762939453,19010.08984375,38183.26171875
2025-05-14,24613.80078125,24767.55078125,24535.55078125,24666.900390625,345500.0,61.494035088152124,343.30722595984116,8.392144504711041,334.9150814551301,78.596332112531,68.41956414794045,24228.87236328125,23371.033945312498,24047.504755859376,24379.724087056566,24036.416861096724,20.81834089175227,340.51697228518475,72052500.0,0.0036027960647213586,0.003596321541244558,232.0,-53.099609375,66.08999633789062,3181.39990234375,85.060302734375,42051.05859375,8585.0,23527.009765625,5892.580078125,23640.650390625,17.229999542236328,19146.810546875,38128.12890625
2025-05-15,24694.44921875,25116.25,24494.44921875,25062.099609375,500800.0,66.21196820845032,372.3115756748266,29.91719537575716,342.39438029906944,77.78410089582319,72.64347262570666,24315.5498046875,23421.324921875,24050.747753906253,24484.70493664402,24112.393360969192,21.914850132438186,360.6086729255287,72553300.0,0.01602143814146184,0.015894449466611917,621.80078125,-367.650390625,64.52999877929688,3220.699951171875,85.48760223388672,42322.75,8633.7998046875,23695.58984375,5916.93017578125,23453.16015625,16.889999389648438,19112.3203125,37755.51171875
2025-05-16,25064.650390625,25070.0,24953.05078125,25019.80078125,432700.0,65.28989232498522,387.4186488412706,36.01941483376095,351.3992340075097,86.76787418364837,81.04943573066751,24394.6798828125,23470.819921875,24053.816259765626,24567.02737427571,24179.60872543444,22.93303728450368,343.2044261987052,72120600.0,-0.0016877607536591732,-0.0016891866264205442,116.94921875,44.849609375,65.41000366210938,3182.0,85.44490051269531,42654.73828125,8684.599609375,23767.4296875,5958.3798828125,23345.05078125,16.549999237060547,19211.099609375,37753.71875
2025-05-19,25005.349609375,25062.94921875,24916.650390625,24945.44921875,255300.0,63.61293486524877,388.908468714224,30.007387765371448,358.90108094885255,91.03070003792513,85.19422503913222,24449.36982421875,23527.234921875002,24054.369257812497,24625.246119579446,24236.33765086522,23.728483404652856,329.13974062201197,71865300.0,-0.0029717088137536374,-0.002976133107706799,146.298828125,59.900390625,65.54000091552734,3228.89990234375,85.50029754638672,42792.0703125,8699.2998046875,23934.98046875,5963.60009765625,23332.720703125,17.360000610351562,19215.4609375,37498.62890625
2025-05-20,24996.19921875,25010.349609375,24669.69921875,24683.900390625,414800.0,57.97211062596074,364.77940718347236,4.702660987695822,360.07674619577654,80.24566964915996,86.01474795691115,24477.2873046875,23578.5269140625,24053.60826171875,24634.269853586455,24269.490446402982,23.497279219377987,329.9619299079397,71450500.0,-0.010484831354666824,-0.010540184450815589,340.650390625,312.298828125,65.37999725341797,3280.300048828125,85.37210083007812,42677.23828125,8781.099609375,24036.109375,5940.4599609375,23681.48046875,17.389999389648438,19142.7109375,37529.48828125
2025-05-21,24744.25,24946.19921875,24685.349609375,24813.44921875,332700.0,59.87025369286226,352.05222096640136,-6.419620183500172,358.47184114990154,74.41899839404206,81.89845602704239,24509.597265625,23633.142890625,24053.38900390625,24661.83590976546,24309.78368879906,23.282589618765613,325.1288512091583,71783200.0,0.00524831270888626,0.0052345883147392296,260.849609375,-69.19921875,64.91000366210938,3309.300048828125,85.53610229492188,41860.44140625,8786.5,24122.400390625,5844.60986328125,23827.779296875,17.549999237060547,18872.640625,37298.98046875
2025-05-22,24733.94921875,24737.5,24462.400390625,24609.69921875,403300.0,55.61584948411545,321.81522639785544,-29.325291801636922,351.14051819949236,64.93855225540025,73.20107343286742,24523.634765625,23678.590859375,24051.681748046874,24653.814880378464,24331.99965398061,22.258111871943104,326.9802781317184,71379900.0,-0.008211272774042211,-0.008245170966734258,275.099609375,124.25,64.44000244140625,3292.300048828125,85.60030364990234,41859.08984375,8739.2998046875,23999.169921875,5842.009765625,23544.310546875,17.260000228881836,18925.740234375,36985.87109375
2025-05-23,24639.5,24909.05078125,24614.05078125,24853.150390625,270500.0,59.33424377417408,313.8784697042902,-29.809638796161778,343.68810850045196,69.71760068120852,69.69171711021694,24553.95732421875,23724.759882812497,24050.892998046875,24684.481881954853,24370.603412250563,21.785508767286213,325.00679844373855,71650400.0,0.009892488718005854,0.009843878373448323,295.0,-213.650390625,64.77999877929688,3363.60009765625,85.97489929199219,41603.0703125,8718.0,23629.580078125,5802.81982421875,23601.259765625,17.280000686645508,18737.2109375,37160.46875
2025-05-26,24919.349609375,25079.19921875,24900.5,25001.150390625,302800.0,61.44871101091153,315.8895182240958,-22.23887222108499,338.1283904451808,75.01764788931243,69.89126694197373,24602.047363281254,23773.732890624997,24052.31025390625,24733.200114057952,24417.310595833856,21.785816609074725,317.9383719924001,71953200.0,0.005954979456279652,0.0059373186446142635,178.69921875,-81.80078125,64.77999877929688,3363.60009765625,85.19930267333984,41603.0703125,8718.0,24027.650390625,5802.81982421875,23282.330078125,18.020000457763672,18737.2109375,37531.53125
2025-05-27,24956.650390625,25062.900390625,24704.099609375,24826.19921875,525700.0,57.633760663807216,299.9090266501662,-30.57549103601167,330.48451768617787,81.13087674714104,75.28870843922067,24626.932324218753,23821.050859375,24056.163251953123,24747.50766862596,24447.598641975794,21.063442400646878,320.8571155108001,71427500.0,-0.0069977248703164685,-0.00702232377173064,358.80078125,130.451171875,64.08999633789062,3299.10009765625,85.158203125,42343.6484375,8778.099609375,24226.490234375,5921.5400390625,23381.990234375,18.540000915527344,19199.16015625,37724.109375
2025-05-28,24832.5,24864.25,24737.05078125,24752.44921875,684400.0,56.0539247194338,278.08774092528984,-41.917421408710425,320.00516233400026,78.28741573132854,78.14531345592734,24647.757324218754,23866.141835937502,24059.962744140623,24748.26790710658,24470.18016618129,20.392666349963875,307.02440859931437,70743100.0,-0.0029706520659956714,-0.002975073210803887,127.19921875,80.05078125,64.9000015258789,3293.60009765625,85.3604965209961,42098.69921875,8726.0,24038.189453125,5888.5498046875,23258.310546875,18.020000457763672,19100.939453125,37722.3984375
2025-05-29,24825.099609375,24892.599609375,24677.30078125,24833.599609375,345400.0,57.43649028891687,264.2957363653404,-44.56754077492792,308.86327714026834,68.76055540736151,76.05961596194369,24672.727343750004,23913.403828125003,24062.6432421875,24761.39586130172,24497.10012493638,19.542665635496512,300.4725814225776,71088500.0,0.003278479228775888,0.003273116733106363,215.298828125,-8.5,64.1500015258789,3317.10009765625,85.38590240478516,42215.73046875,8716.5,23933.23046875,5912.169921875,23573.380859375,16.420000076293945,19175.869140625,38432.98046875
2025-05-30,24812.599609375,24863.94921875,24717.400390625,24750.69921875,853900.0,55.51504944363493,243.8649809894232,-51.99863692067612,295.8636179100993,58.31478624692487,68.45425246187163,24692.92734375,23960.473828125003,24065.81173828125,24759.75022398607,24515.885242996646,18.753379257776817,289.4780276156078,70234600.0,-0.00333823496911434,-0.0033438193068198903,146.548828125,61.900390625,63.900001525878906,3288.89990234375,85.36129760742188,42270.0703125,8772.400390625,23997.48046875,5911.68994140625,23289.76953125,16.079999923706055,19113.76953125,37965.1015625
2025-06-02,24669.69921875,24754.400390625,24526.150390625,24716.599609375,311100.0,54.70438932267896,222.35869405257108,-58.80393908602264,281.1626331385937,48.21306575435078,58.429469136212376,24705.6998046875,24004.6308203125,24067.557236328124,24753.11166789206,24530.752973839488,17.548092040560814,285.10459707163585,69923500.0,-0.0013777230725331435,-0.001378673005562118,228.25,-46.900390625,64.62999725341797,3370.60009765625,85.52429962158203,42305.48046875,8774.2998046875,23930.669921875,5935.93994140625,23157.970703125,17.15999984741211,19242.609375,37470.671875
2025-06-03,24786.30078125,24845.099609375,24502.150390625,24542.5,349300.0,50.638617561206104,189.08674890629118,-73.66070738584204,262.7474562921332,31.740104927447916,46.08931897624119,24713.84482421875,24038.794804687503,24068.534736328125,24720.709872831743,24531.623123925452,16.499186562527232,289.2363557629476,69574200.0,-0.007043833380258491,-0.007068758288164619,342.94921875,243.80078125,65.62999725341797,3350.199951171875,85.36370086669922,42519.640625,8787.0,24091.619140625,5970.3701171875,23512.490234375,16.559999465942383,19398.9609375,37446.80859375
2025-06-04,24560.44921875,24644.25,24530.44921875,24620.19921875,280900.0,52.3410460021076,167.0623791460239,-76.5480617168875,243.6104408629114,25.570434020415412,35.17453490073803,24724.134765625,24073.046796875,24070.940732421874,24705.246695280704,24538.18431613468,15.52520290435319,276.705243297737,69855100.0,0.003165904807986175,0.0031609038835467354,113.80078125,-59.75,64.86000061035156,3373.5,85.70880126953125,42427.73828125,8801.2998046875,24276.48046875,5970.81005859375,23654.029296875,15.75,19460.490234375,37747.44921875
2025-06-05,24691.19921875,24899.849609375,24613.099609375,24750.900390625,388400.0,55.143596910772224,158.32927832506175,-68.22493003027972,226.55420835534147,28.202579791984405,28.504372913282573,24747.98974609375,24104.251796875,24073.976484374998,24712.270340718285,24553.941062393224,15.537047834036395,277.4227259193272,70243500.0,0.005308696762106768,0.005294655304090157,286.75,-59.701171875,65.33999633789062,3350.699951171875,85.9041976928711,42319.73828125,8811.0,24323.580078125,5939.2998046875,23906.970703125,15.079999923706055,19298.44921875,37554.48828125
2025-06-06,24748.69921875,25029.5,24671.44921875,25003.05078125,335600.0,60.02718057973716,169.79734413257393,-45.40549137821404,215.20283551078796,53.337175415319564,35.703396409239794,24797.74228515625,24137.304804687505,24076.285986328126,24757.005793107783,24587.20844897521,15.953234808095893,283.181872728661,70579100.0,0.01018752395450262,0.010135980900817266,358.05078125,-254.3515625,66.47000122070312,3322.699951171875,85.87750244140625,42762.87109375,8837.900390625,24304.4609375,6000.35986328125,23792.5390625,14.630000114440918,19529.94921875,37741.609375
2025-06-09,25160.099609375,25160.099609375,25077.150390625,25103.19921875,279200.0,61.80579135541008,184.83633265261233,-24.29320228654052,209.12953493915285,75.4241924293996,52.32131587890119,24806.66728515625,24166.201796875,24078.938730468748,24810.26632012966,24625.429987477048,16.721781981413777,274.1723695426852,70858300.0,0.004005448710087123,0.003997448256890138,82.94921875,56.900390625,67.04000091552734,3332.10009765625,85.7853012084961,42761.76171875,8832.2998046875,24174.3203125,6005.8798828125,24181.4296875,14.6899995803833,19591.240234375,38088.5703125
2025-06-10,25196.05078125,25199.30078125,25055.44921875,25104.25,307300.0,61.82498459031922,194.59644201843184,-11.62647433657682,206.22291635500866,88.86669642980235,72.54268809150716,24832.9623046875,24194.913789062502,24080.965732421875,24855.49457857125,24660.89813655282,17.548065255969775,264.8637404682077,71165600.0,4.18584595869298e-05,4.18575835460567e-05,143.8515625,91.80078125,66.87000274658203,3320.89990234375,85.75599670410156,42866.87109375,8853.099609375,23987.560546875,6038.81005859375,24162.869140625,14.020000457763672,19714.990234375,38211.51171875
2025-06-11,25134.150390625,25222.400390625,25081.30078125,25141.400390625,301200.0,62.541680143068874,202.98919200426462,-2.586979480595261,205.57617148485988,89.23324785456288,84.50804557125494,24856.6873046875,24228.0048046875,24082.82173828125,24899.480088117984,24696.49089611372,18.384323255142565,256.0234453901214,71466800.0,0.0014798446727146697,0.001478750781646587,141.099609375,-7.25,69.7699966430664,3321.300048828125,85.65280151367188,42865.76953125,8864.400390625,23948.900390625,6022.240234375,24366.939453125,13.670000076293945,19615.880859375,38421.19140625
2025-06-12,25164.44921875,25196.19921875,24825.900390625,24888.19921875,328300.0,54.967302975487364,187.05305714838323,-14.81849146918131,201.87154861756454,76.48481941771546,84.86158790069356,24847.99228515625,24253.9298046875,24083.205234375,24897.74456975368,24710.691512605295,17.884747808227363,264.18597272832704,71138500.0,-0.010071084662786611,-0.010122141121121413,370.298828125,276.25,69.36000061035156,3380.89990234375,85.46980285644531,42967.62109375,8884.900390625,23771.44921875,6045.259765625,24035.380859375,14.020000457763672,19662.490234375,38173.08984375
2025-06-13,24473.0,24754.349609375,24473.0,24718.599609375,318700.0,50.55107393706859,158.90650906729206,-34.37203164021798,193.27854070751005,58.375334198087444,74.69780049012192,24832.9322265625,24277.9148046875,24082.68248046875,24870.183806618494,24711.2772975512,17.150951026078797,274.97263315844657,70819800.0,-0.006814458847919758,-0.006837783295332098,281.349609375,-245.599609375,74.2300033569336,3431.199951171875,85.68840026855469,42197.7890625,8850.599609375,23516.23046875,5976.97021484375,23892.560546875,15.079999923706055,19406.830078125,37834.25
2025-06-16,24732.349609375,24967.099609375,24703.599609375,24946.5,305800.0,55.70147800480522,153.22355801011872,-32.04398615791308,185.2675441680318,49.85198173440341,61.5707117834021,24832.984765625,24313.530820312502,24082.361982421873,24881.924759446418,24728.7012014363,16.148614590583733,274.1531593614147,71125600.0,0.00921979376770854,0.00917755091754434,263.5,-214.150390625,73.2300033569336,3396.39990234375,86.24919891357422,42515.08984375,8875.2001953125,23699.119140625,6033.10986328125,24060.990234375,14.84000015258789,19701.2109375,38311.328125
2025-06-17,24977.849609375,24982.05078125,24813.69921875,24853.400390625,242400.0,53.260965990923815,139.59821659911177,-36.535462055136065,176.13367865424783,48.90576580755969,52.37769391335017,24841.459765624997,24343.951835937503,24081.540234375,24877.53639501235,24737.93817841324,15.269702673782291,266.5959024427422,70883200.0,-0.0037319707924959866,-0.0037389519699400583,168.3515625,124.44921875,76.44999694824219,3386.60009765625,86.10420227050781,42215.80078125,8834.0,23434.650390625,5982.72021484375,23980.30078125,14.399999618530273,19521.08984375,38536.73828125
2025-06-18,24788.349609375,24947.55078125,24750.44921875,24812.05078125,237600.0,52.167704147410134,124.03368435716766,-41.67999543766416,165.71367979483182,53.06247442616883,50.606740656043975,24841.38984375,24375.190859375,24080.338740234372,24867.461685202758,24743.42800084559,14.20882708221641,261.6320210182606,70645600.0,-0.0016637405234334324,-0.0016651260767121068,197.1015625,-23.701171875,76.69999694824219,3389.800048828125,86.36270141601562,42171.66015625,8843.5,23317.810546875,5980.8701171875,23710.689453125,14.279999732971191,19546.26953125,38885.1484375
2025-06-19,24803.25,24863.099609375,24733.400390625,24793.25,274600.0,51.64859008825799,108.92598356239978,-45.430156985945644,154.35614054834542,46.24591361670224,49.404717950143585,24850.5673828125,24412.966875000002,24078.545244140623,24856.04450286387,24747.11851930147,13.232141761537257,252.20824942767058,70371000.0,-0.0007577278241026608,-0.0007580150449296773,129.69921875,10.0,76.69999694824219,3389.800048828125,86.61360168457031,42171.66015625,8791.7998046875,23057.380859375,5980.8701171875,23237.740234375,14.260000228881836,19546.26953125,38488.33984375
2025-06-20,24787.650390625,25136.19921875,24783.650390625,25112.400390625,574700.0,59.09057245226435,121.30743451592934,-26.438964825932885,147.74639934186223,57.7662349847404,52.35820767587049,24863.5298828125,24471.982890625,24077.927744140623,24895.483870211738,24774.17643569581,13.258734111773098,259.375433620337,70945700.0,0.01287247095983779,0.012790324902965947,352.548828125,-324.75,77.01000213623047,3368.10009765625,86.58380126953125,42206.8203125,8774.7001953125,23350.55078125,5967.83984375,23530.48046875,13.670000076293945,19447.41015625,38403.23046875
2025-06-23,24939.75,25057.0,24824.849609375,24971.900390625,248500.0,55.071964062988286,118.41760338817039,-23.463036762953493,141.88064015112388,64.87634645406614,56.296165018502926,24862.0673828125,24520.703906249997,24076.393750000003,24907.240257967624,24788.822654579453,13.283427008420663,261.3879584510272,70697200.0,-0.0055948454872697395,-0.005610555258512813,232.150390625,-32.150390625,71.4800033569336,3377.699951171875,86.5802993774414,42581.78125,8758.0,23269.009765625,6025.169921875,23689.130859375,14.050000190734863,19630.970703125,38354.08984375
2025-06-24,25179.900390625,25317.69921875,24999.69921875,25044.349609375,450200.0,56.706963482282404,120.58342718108906,-17.03777037602785,137.62119755711691,73.17809640166448,65.273559280157,24872.97490234375,24573.607890624997,24075.21625,24928.33400433799,24807.7505771569,14.13778381995901,267.4173062848824,71147400.0,0.0029012296868362597,0.0028970292423300638,318.0,135.55078125,67.13999938964844,3317.39990234375,86.23300170898438,43089.01953125,8759.0,23641.580078125,6092.18017578125,24177.0703125,13.640000343322754,19912.529296875,38790.55859375
2025-06-25,25150.349609375,25266.80078125,25125.05078125,25244.75,260600.0,60.941142761338696,136.89248351108108,-0.5829712368286835,137.47545474790977,75.19219108237795,71.08221131270285,24897.58994140625,24621.931875000002,24075.446503906252,24977.013388285992,24840.12090477491,14.931115144958904,264.2054395413194,71408000.0,0.008001820520425307,0.00796997571939643,141.75,-94.400390625,67.68000030517578,3327.10009765625,85.90480041503906,42982.4296875,8718.7998046875,23498.330078125,6092.16015625,24474.669921875,12.960000038146973,19973.55078125,38942.0703125
2025-06-26,25268.94921875,25565.30078125,25259.900390625,25549.0,428900.0,66.32587616044496,172.38086116550767,27.924325134078316,144.45653603142935,85.83698757683537,78.06909168695925,24933.3599609375,24666.340859375,24077.466005859376,25065.011328549685,24892.630467384177,16.478124827240542,268.23010680622514,71836900.0,0.012052010814129765,0.011979963629751521,305.400390625,-280.05078125,67.7300033569336,3333.5,86.006103515625,43386.83984375,8735.599609375,23649.30078125,6141.02001953125,24325.400390625,12.59000015258789,20167.91015625,39584.578125
2025-06-27,25576.650390625,25654.19921875,25523.55078125,25637.80078125,564000.0,67.72446175241916,205.30451439999524,48.6783826948527,156.62613170514254,96.16108687271432,85.73008851064253,24977.715039062503,24710.352890625,24081.3942578125,25153.13278281127,24947.828268411275,18.124858417344015,258.40284471292335,72400900.0,0.003475704773181043,0.00346967847107354,130.6484375,-61.150390625,67.7699966430664,3273.699951171875,85.66639709472656,43819.26953125,8798.900390625,24033.220703125,6173.06982421875,24284.150390625,12.390000343322754,20273.4609375,40150.7890625
2025-06-30,25661.650390625,25669.349609375,25473.30078125,25517.05078125,271000.0,63.84160323498923,219.12726819453746,50.000909191515916,169.12635900302155,94.79636128411126,92.2648119112203,25017.73759765625,24743.6608984375,24084.297509765624,25209.12016718646,24989.99289899192,19.380112319300867,253.94898638521454,72129900.0,-0.004709842354665206,-0.004720968611190444,196.048828125,144.599609375,67.61000061035156,3294.39990234375,85.4552993774414,44094.76953125,8761.0,23909.609375,6204.9501953125,24072.279296875,12.789999961853027,20369.73046875,40487.390625
2025-07-01,25551.349609375,25593.400390625,25501.80078125,25541.80078125,260700.0,64.29348643788431,229.43424318234975,48.24630734346255,181.1879358388872,91.73997237485626,94.23247351056061,25067.70263671875,24771.985898437502,24086.801015625,25260.301800119312,25030.867556936963,20.5457052282608,242.35260231305637,72390600.0,0.0009699396772837598,0.0009694695897414579,91.599609375,9.548828125,67.11000061035156,3336.699951171875,85.71399688720703,44494.94140625,8785.2998046875,23673.2890625,6198.009765625,24072.279296875,12.529999732971191,20202.890625,39986.328125
2025-07-02,25588.30078125,25608.099609375,25378.75,25453.400390625,309800.0,61.34460656020462,227.84299022342748,37.32404350763221,190.51894671579527,86.18584202268946,90.90739189388566,25109.3626953125,24797.70890625,24089.475771484373,25290.009275581728,25062.1662853583,20.926414429949862,241.4238171031952,72080800.0,-0.0034610085397696055,-0.0034670116851196766,229.349609375,134.900390625,69.11000061035156,3348.0,85.6427993774414,44484.421875,8774.7001953125,23790.109375,6227.419921875,24221.41015625,12.449999809265137,20393.130859375,39762.48046875
2025-07-03,25505.099609375,25587.5,25384.349609375,25405.30078125,293400.0,59.73906851786323,220.16277487556727,23.715062527817565,196.4477123477497,81.31549913503515,86.41377117752695,25142.082714843753,24819.2359375,24089.557773437497,25307.74643029992,25087.583655424354,21.279930117232563,238.69000092618126,71787400.0,-0.00188971251922454,-0.0018915002785163046,203.150390625,99.798828125,68.80000305175781,3331.60009765625,85.69409942626953,44828.53125,8823.2001953125,23934.130859375,6279.35009765625,24069.939453125,12.390000343322754,20601.099609375,39785.8984375
2025-07-04,25428.849609375,25470.25,25331.650390625,25461.0,193500.0,61.0116094494705,216.0797771685502,15.7056518566404,200.3741253119098,77.44907241435412,81.65013785735957,25164.980175781253,24843.521953125,24090.080273437503,25331.32390256147,25115.24412539292,21.29614634002695,231.540687243954,71980900.0,0.0021924250859925998,0.0021900252291445488,138.599609375,-32.150390625,68.29000091552734,3332.5,85.31909942626953,44828.53125,8822.900390625,23787.44921875,6279.35009765625,23916.060546875,12.319999694824219,20601.099609375,39810.87890625
2025-07-07,25450.44921875,25489.80078125,25407.25,25461.30078125,196100.0,61.01877467340441,210.44239368392664,8.05461469761346,202.38777898631318,76.05641687034583,78.27366280657836,25182.88525390625,24871.9609765625,24090.46802734375,25351.32034543663,25140.877951752704,21.38788308040176,220.89855110152874,72177000.0,1.1813410706551508e-05,1.181334092876479e-05,82.55078125,-10.8515625,69.58000183105469,3332.199951171875,85.49629974365234,44406.359375,8806.5,24073.669921875,6229.97998046875,23887.830078125,12.5600004196167,20412.51953125,39587.6796875
2025-07-08,25427.849609375,25548.05078125,25424.150390625,25522.5,210400.0,62.52775632585915,208.5094252850431,4.897317038983942,203.61210824605917,79.94022055928626,77.81523661466207,25203.797753906252,24895.8409765625,24090.9877734375,25377.655676907918,25169.146251622875,21.705533399565322,213.970111067491,72387400.0,0.0024036171315751087,0.0024007330644550996,123.900390625,-94.650390625,70.1500015258789,3307.0,85.89199829101562,44240.76171875,8854.2001953125,24206.91015625,6225.52001953125,24148.0703125,12.199999809265137,20418.4609375,39688.80859375
2025-07-09,25514.599609375,25548.69921875,25424.349609375,25476.099609375,239100.0,60.61196895138957,200.91735990517918,-2.155798672704009,203.0731585778832,80.0875078343484,78.6947150879935,25220.53271484375,24918.643984375,24091.480517578126,25392.80089728747,25191.88353738229,22.003162782243475,207.5686466608845,72148300.0,-0.00181801902732881,-0.0018196736296237606,124.349609375,38.5,70.19000244140625,3311.60009765625,85.7073974609375,44458.30078125,8867.0,24549.560546875,6263.259765625,23892.3203125,11.9399995803833,20611.33984375,39821.28125
2025-07-10,25511.650390625,25524.05078125,25340.44921875,25355.25,219600.0,55.81533787047571,183.0390793308652,-16.027263397614405,199.0663427284796,75.09920298593352,78.3756437931894,25243.88525390625,24939.065000000002,24091.177763671876,25387.02383616632,25203.984756835456,21.68987715416775,205.8567120779642,71928700.0,-0.004743646446198069,-0.004754933244868607,183.6015625,156.400390625,68.63999938964844,3317.39990234375,85.70850372314453,44650.640625,8975.7001953125,24456.810546875,6280.4599609375,24028.369140625,11.670000076293945,20630.66015625,39646.359375
2025-07-11,25255.5,25322.44921875,25129.0,25149.849609375,250000.0,48.75340513349061,150.5607476705809,-38.804476046318996,189.3652237168999,54.469909034728694,69.88553995167021,25265.44775390625,24955.1280078125,24087.972265625,25350.53549358304,25199.97474591246,20.151694124416284,207.31337550096677,71678700.0,-0.008100901810276007,-0.00813389240519248,193.44921875,105.650390625,70.36000061035156,3356.0,85.73480224609375,44371.51171875,8941.099609375,24255.310546875,6259.75,24139.5703125,11.819999694824219,20585.529296875,39569.6796875
2025-07-14,25149.5,25151.099609375,25001.94921875,25082.30078125,259500.0,46.66247728261689,118.0104588251088,-57.08381191343287,175.09427073854167,32.42271018106554,53.99727406724258,25272.23779296875,24967.551015625002,24083.688515625,25309.26861476257,25191.258155937463,19.35858986283428,203.15887658125487,71419200.0,-0.002685854157148504,-0.0026894675348791744,149.150390625,67.19921875,69.20999908447266,3351.5,85.82129669189453,44459.6484375,8998.099609375,24160.640625,6268.56005859375,24203.3203125,11.979999542236328,20640.330078125,39459.62109375
2025-07-15,25089.5,25245.19921875,25088.44921875,25195.80078125,241300.0,50.50370054123228,100.21737829004996,-59.90151395879337,160.11889224884334,21.169152328045,36.020590514613076,25289.357812500002,24983.875039062503,24079.965517578123,25291.812024991406,25191.594646701356,18.105483180495504,200.2831309325938,71660500.0,0.004525103218794291,0.004514895720960817,156.75,-106.30078125,68.70999908447266,3329.800048828125,85.96839904785156,44023.2890625,8938.2998046875,24060.2890625,6243.759765625,24590.119140625,11.479999542236328,20677.80078125,39678.01953125
2025-07-16,25196.599609375,25255.30078125,25121.05078125,25212.05078125,228800.0,51.04727094755348,86.43114848862024,-58.9501950081785,145.38134349679873,24.188612727983944,25.92682507903149,25309.357812500002,24999.828046875,24076.00501953125,25279.541064415804,25193.109915927183,16.886541445976995,195.56647872312283,71889300.0,0.0006449487413033861,0.0006447408512447503,134.25,-15.451171875,68.5199966430664,3352.5,85.99310302734375,44254.78125,8926.599609375,24009.380859375,6263.7001953125,24517.759765625,11.239999771118164,20730.490234375,39663.3984375
2025-07-17,25230.75,25238.349609375,25101.0,25111.44921875,243400.0,47.564670806663734,66.61980507167755,-63.00923074009694,129.6290358117745,25.644432348382196,23.667399134803713,25325.267773437503,25016.581015625,24070.48201171875,25253.680780467217,25187.06097539554,15.867809536168899,191.40813091254265,71645900.0,-0.003990217351728331,-0.003998199509757984,137.349609375,119.30078125,69.5199966430664,3340.10009765625,85.88520050048828,44484.48828125,8972.599609375,24370.9296875,6297.35986328125,24498.94921875,11.239999771118164,20885.650390625,39901.19140625
2025-07-18,25108.55078125,25144.599609375,24918.650390625,24968.400390625,317000.0,43.06557167403083,38.927594680091715,-72.56115290534623,111.48874758543795,18.36781164628034,22.733618907548824,25318.067773437502,25035.7890234375,24064.429267578125,25209.791489722258,25170.863895042166,15.864451212250268,193.87535147236102,71328900.0,-0.0056965580472427835,-0.005712845317742711,225.94921875,140.150390625,69.27999877929688,3353.0,86.04650115966797,44342.19140625,8992.099609375,24289.509765625,6296.7900390625,24825.66015625,11.390000343322754,20895.650390625,39819.109375
2025-07-21,24999.0,25111.400390625,24882.30078125,25090.69921875,305200.0,47.62671342785274,26.543831007995323,-67.95593326195412,94.49976426994944,17.445274284185935,20.485839426282823,25324.00771484375,25039.1090234375,24060.828515625,25191.469601880373,25164.925770872378,16.03131748599636,196.3913698939781,71634100.0,0.004898144302865282,0.004886187422514114,229.099609375,-91.69921875,69.20999908447266,3401.89990234375,86.14859771728516,44323.0703125,9013.0,24307.80078125,6305.60009765625,24994.140625,11.199999809265137,20974.1796875,39819.109375
2025-07-22,25166.650390625,25182.0,25035.55078125,25060.900390625,483700.0,46.64614935509851,14.161843767655228,-64.27033640183537,78.4321801694906,20.418333792865237,18.743806574443838,25324.835253906247,25048.7600390625,24057.148515625,25171.38203091801,25157.220187150353,15.714894759710754,192.82407338369396,71150400.0,-0.0011876443882732346,-0.0011883501967580668,146.44921875,105.75,68.58999633789062,3439.199951171875,86.19529724121094,44502.44140625,9023.7998046875,24041.900390625,6309.6201171875,25130.029296875,10.75,20892.689453125,39774.921875
2025-07-23,25139.349609375,25233.5,25085.5,25219.900390625,271500.0,52.2904868164586,16.98322876434031,-49.15916112412023,66.14238988846054,34.89980691457079,24.254471663873986,25323.5927734375,25059.8200390625,24056.99751953125,25178.846393949854,25161.863165185514,15.086139315293359,191.37946881164441,71421900.0,0.006344544590244583,0.006324502693684897,148.0,-80.55078125,68.51000213623047,3394.10009765625,86.3427963256836,45010.2890625,9061.5,24240.8203125,6358.91015625,25538.0703125,10.520000457763672,21020.01953125,41171.3203125
2025-07-24,25243.30078125,25246.25,25018.69921875,25062.099609375,338700.0,46.97865309389379,6.4120780065932195,-47.78424950549386,54.19632751208708,34.32237509109086,29.880171932842295,25299.247753906253,25059.8200390625,24057.235019531254,25160.88535016911,25154.473272162515,14.87090888328729,193.96313398581268,71083200.0,-0.006256994627491075,-0.006276651657225533,227.55078125,181.201171875,69.18000030517578,3371.0,86.39869689941406,44693.91015625,9138.400390625,24295.9296875,6363.35009765625,25667.1796875,10.720000267028809,21057.9609375,41826.33984375
2025-07-25,25010.349609375,25010.349609375,24806.349609375,24837.0,278100.0,40.63711089796765,-19.899898725336243,-59.276980989938664,39.37708226460242,27.256613005105592,32.159598336922414,25259.207714843753,25056.1640234375,24057.44126953125,25111.056834758474,25130.95673348381,15.672868751093034,198.37648155825462,70805100.0,-0.008981674037030651,-0.009022252428611252,204.0,173.349609375,68.44000244140625,3334.0,86.4302978515625,44901.921875,9120.2998046875,24217.5,6388.64013671875,25388.349609375,11.279999732971191,21108.3203125,41456.23046875
2025-07-28,24782.44921875,24889.19921875,24646.599609375,24680.900390625,262100.0,36.915625531516795,-52.740306328982115,-73.69391087486763,20.953604545885515,11.637280737925591,24.405422944707347,25217.400195312504,25050.873046875,24055.780019531252,25044.8789202764,25097.61922660538,17.02164865931999,201.5352764023079,70543000.0,-0.006284962329387578,-0.006304795850755804,242.599609375,101.548828125,70.04000091552734,3309.10009765625,86.506103515625,44837.55859375,9081.400390625,23970.359375,6389.77001953125,25562.130859375,12.0600004196167,21178.580078125,40998.26953125
2025-07-29,24609.650390625,24847.150390625,24598.599609375,24821.099609375,284700.0,42.04878219312465,-66.68495801184326,-70.11085004618302,3.4258920343397588,10.657829938281308,16.517241227104165,25181.36513671875,25053.617031249996,24054.975771484373,25010.451333983878,25077.13629199572,18.441012060425358,204.89352674857162,70827700.0,0.005680474234370125,0.005664401180259817,248.55078125,-211.44921875,72.51000213623047,3323.39990234375,86.77760314941406,44632.98828125,9136.2998046875,24217.369140625,6370.85986328125,25524.44921875,11.529999732971191,21098.2890625,40674.55078125
2025-07-30,24890.400390625,24902.30078125,24771.94921875,24855.05078125,243900.0,43.25298490084109,-74.14195678176475,-62.0542790528836,-12.087677728881143,21.09114890370763,14.462086526638178,25151.44765625,25054.4490625,24054.258779296877,24986.5435566402,25060.685513421966,19.34523558825851,199.5691007308165,71071600.0,0.001367835124523431,0.001366900490246142,130.3515625,35.349609375,73.23999786376953,3295.800048828125,87.06320190429688,44461.28125,9136.900390625,24262.220703125,6362.89990234375,25176.9296875,11.210000038146973,21129.669921875,40654.69921875
2025-07-31,24642.25,24956.5,24635.0,24768.349609375,346300.0,40.91483312731572,-86.05574495014298,-59.17445377700947,-26.881291173133512,28.44000493084827,20.062994590945735,25119.60009765625,25057.6220703125,24053.279277343754,24952.975257060938,25039.03100201108,20.685161420768008,208.27845067861534,70725300.0,-0.0034882717656889994,-0.003494369971240235,321.5,-126.099609375,72.52999877929688,3293.199951171875,87.714599609375,44130.98046875,9132.7998046875,24065.470703125,6339.39013671875,24773.330078125,11.539999961853027,21122.44921875,41069.8203125
2025-08-01,24734.900390625,24784.150390625,24535.05078125,24565.349609375,263400.0,36.00690532484156,-110.60294941311076,-66.9773265919818,-43.62562282112897,21.828132458207488,23.78642876425446,25074.817578125003,25051.8660546875,24050.466279296874,24893.340542032332,25003.943491445443,22.25648254810467,211.1942477283571,70461900.0,-0.008195943742782208,-0.008229715141942045,249.099609375,169.55078125,69.66999816894531,3347.699951171875,87.4894027709961,43588.578125,9068.599609375,23425.970703125,6238.009765625,24507.810546875,11.979999542236328,20650.130859375,40799.6015625
2025-08-04,24596.05078125,24736.25,24554.0,24722.75,259300.0,41.83313364666909,-116.01850067283522,-57.914302281364996,-58.10419839147022,18.705297562462114,22.99114498383929,25037.8900390625,25046.298046875003,24048.79328125,24867.09584325813,24983.114343930964,23.715566452060145,209.1268014620459,70721200.0,0.006407415043054421,0.006386974825463857,182.25,-126.69921875,68.76000213623047,3374.39990234375,87.24530029296875,44173.640625,9128.2998046875,23757.689453125,6329.93994140625,24733.44921875,11.970000267028809,21053.580078125,40290.69921875
2025-08-05,24720.25,24733.099609375,24590.30078125,24649.55078125,251800.0,40.00883628523376,-124.77855970056771,-53.33948904727799,-71.43907065328972,15.455521625985554,18.662983882218384,24994.242578125002,25042.765078124998,24047.18453125,24833.627372179955,24958.405931880523,25.070430077161657,204.38908908082834,70469400.0,-0.0029608040671041946,-0.0029651959185494695,142.798828125,70.69921875,67.63999938964844,3381.89990234375,87.89330291748047,44111.73828125,9142.7001953125,23846.0703125,6299.18994140625,24902.529296875,11.710000038146973,20916.55078125,40549.5390625
2025-08-06,24641.349609375,24671.400390625,24539.19921875,24574.19921875,225100.0,38.16383067098533,-136.23082677698767,-51.83340489895835,-84.39742187802932,15.888140656087842,16.68298661484517,24949.14755859375,25039.200078125,24046.306279296874,24793.715348575348,24929.946175352336,26.513216395524974,199.23280928041203,70244300.0,-0.003056914228121266,-0.003061596134311999,132.201171875,67.150390625,66.88999938964844,3380.0,87.72309875488281,44193.12109375,9164.2998046875,23924.359375,6345.06005859375,24910.630859375,11.960000038146973,21169.419921875,40794.859375
2025-08-07,24464.19921875,24634.19921875,24344.150390625,24596.150390625,616700.0,39.045684014607296,-141.89982200891973,-46.00192010471231,-95.89790190420742,16.51298853136983,15.95221693781441,24911.192578125,25034.45109375,24045.01677734375,24763.32073965991,24905.22056166883,28.4644921912905,205.71966776931117,70861000.0,0.0008932609229541644,0.0008928622028389917,290.048828125,-131.951171875,66.43000030517578,3400.300048828125,87.76249694824219,43968.640625,9100.7998046875,24192.5,6340.0,25081.630859375,11.6899995803833,21242.69921875,41059.1484375
2025-08-08,24544.25,24585.5,24337.5,24363.30078125,312600.0,33.57575097294782,-163.29914811503477,-53.92099696866188,-109.37815114637289,12.092849490515306,14.831326225990992,24871.86513671875,25026.703125,24042.927783203126,24701.779207596846,24865.07835571188,30.295225455976652,209.50043368757468,70548400.0,-0.009466912735407229,-0.00951200879308063,248.0,180.94921875,66.58999633789062,3439.10009765625,87.43319702148438,44175.609375,9095.7001953125,24162.859375,6389.4501953125,24858.8203125,12.029999732971191,21450.01953125,41820.48046875
2025-08-11,24371.5,24600.849609375,24347.44921875,24585.05078125,241100.0,41.92035488205785,-160.51458425954115,-40.90914649053461,-119.60543776900654,19.338260903149912,15.981366308345017,24847.00263671875,25024.072148437503,24043.4925390625,24683.82098815887,24844.33557241841,31.841128161441173,212.6361448973908,70789500.0,0.009101804471857822,0.009060632685991908,253.400390625,-213.55078125,66.62999725341797,3353.10009765625,87.48829650878906,43975.08984375,9129.7001953125,24081.33984375,6373.4501953125,24906.810546875,12.220000267028809,21385.400390625,41820.48046875
2025-08-12,24563.349609375,24702.599609375,24465.650390625,24487.400390625,237000.0,39.563315735042124,-164.29349463048493,-35.75044548918271,-128.54304914130222,15.525060178817057,15.65205685749409,24811.5826171875,25022.970156249998,24043.752041015625,24653.60243469212,24817.895929322603,32.29069586630955,214.37279302972001,70552500.0,-0.003971941790719136,-0.003979850901478695,236.94921875,75.94921875,66.12000274658203,3348.89990234375,87.66449737548828,44458.609375,9147.7998046875,24024.779296875,6445.759765625,24969.6796875,12.229999542236328,21681.900390625,42718.171875
2025-08-13,24586.19921875,24664.55078125,24535.25,24619.349609375,236000.0,44.134250238544794,-154.85602525294962,-21.05038088931792,-133.8056443636317,28.54165863136339,21.134993237776783,24781.94755859375,25022.9531640625,24044.85178710937,24648.33276925872,24803.18879451167,32.70815159225875,211.71405000081145,70788500.0,0.005388453516712133,0.0053739877432256436,129.30078125,-33.150390625,65.62999725341797,3358.699951171875,87.59559631347656,44922.26953125,9165.2001953125,24185.58984375,6466.580078125,25613.669921875,12.140000343322754,21713.140625,43274.671875
2025-08-14,24607.25,24673.650390625,24596.900390625,24631.30078125,270200.0,44.5433660148787,-144.74388567365168,-8.750593048015958,-135.99329262563572,35.28265063927946,26.449789816486632,24757.940136718753,25020.561171875,24047.104287109374,24645.712463411226,24790.456349084878,33.0036886544181,202.0737607150392,71058700.0,0.00048543816407109475,0.00048532037708285097,76.75,-24.05078125,66.83999633789062,3335.199951171875,87.44999694824219,44911.26171875,9177.2001953125,24377.5,6468.5400390625,25519.3203125,12.359999656677246,21710.669921875,42649.26171875
2025-08-18,24938.19921875,25022.0,24852.849609375,24876.94921875,363100.0,52.279037025776724,-115.5758794713729,16.33393052341026,-131.90980999478316,56.05398633145329,39.959431867365375,24753.367578125002,25018.039140625,24049.79328125,24681.28734884796,24796.863228319333,30.73070714373694,215.54700771753642,71421800.0,0.009973019276634965,0.009923616908863717,169.150390625,61.25,66.5999984741211,3331.699951171875,87.51280212402344,44911.8203125,9157.7001953125,24314.76953125,6449.14990234375,25176.849609375,12.34000015258789,21629.76953125,43714.30859375
2025-08-19,24891.349609375,25012.650390625,24873.94921875,24980.650390625,252300.0,55.12484004969342,-83.13389076478416,39.02073538399921,-122.15462614878336,73.41072143810185,54.9157861362782,24747.86513671875,25015.5881640625,24052.36228515625,24727.343201429045,24810.47709219383,28.62008145524729,210.05801944306953,71674100.0,0.004168564680625764,0.004159900285259885,138.701171875,-89.30078125,65.79000091552734,3313.39990234375,87.29509735107422,44922.26953125,9189.2001953125,24423.0703125,6411.3701171875,25122.900390625,11.789999961853027,21314.94921875,43546.2890625
2025-08-20,24965.80078125,25088.69921875,24929.69921875,25050.55078125,287100.0,56.98683155132611,-51.19288394178875,56.769393765595694,-107.96227770738444,89.23001625685843,72.89824134213785,24747.34765625,25014.514179687503,24055.910791015627,24777.067444478424,24828.260328420212,27.124188853222048,206.41101805427886,71961200.0,0.0027981813736617234,0.002794273751954044,159.0,-84.75,66.83999633789062,3343.39990234375,87.0791015625,44938.30859375,9288.099609375,24276.970703125,6395.77978515625,25165.939453125,11.789999961853027,21172.859375,42888.55078125
2025-08-21,25142.0,25153.650390625,25054.900390625,25083.75,226500.0,57.88072452069734,-22.936113180847315,68.0209316212297,-90.95704480207702,93.43872238554553,85.35982002683527,24740.54013671875,25013.361171875003,24060.302792968752,24824.249376097127,24847.185489277974,26.111112671851835,199.03163172004466,72187700.0,0.0013252889742787488,0.0013244115539841486,98.75,58.25,67.66999816894531,3336.89990234375,87.01820373535156,44785.5,9309.2001953125,24293.33984375,6370.169921875,25104.609375,11.369999885559082,21100.310546875,42610.171875
2025-08-22,25064.150390625,25084.849609375,24859.150390625,24870.099609375,210200.0,50.59383482021024,-17.57957336750769,58.70197714765547,-76.28155051516316,83.87151624107993,88.84675162782796,24730.940136718753,25012.999179687504,24063.131542968753,24831.303258139877,24848.882831507384,24.581347734466377,200.93645936504146,71977500.0,-0.008517482060098724,-0.008553963109247331,225.69921875,194.05078125,67.7300033569336,3374.39990234375,87.29340362548828,45631.73828125,9321.400390625,24363.08984375,6466.91015625,25339.140625,11.729999542236328,21496.5390625,42633.2890625
2025-08-25,24949.150390625,25021.55078125,24894.349609375,24967.75,213000.0,53.47675872041683,-5.392742371386703,56.71104651502117,-62.10378888640787,77.97172479094326,85.09398780585624,24737.47763671875,25017.9821875,24067.993544921876,24852.295064579896,24857.687806951282,23.160851721179878,197.40179597289563,72190500.0,0.003926417350905487,0.003918729092601476,127.201171875,-18.599609375,68.80000305175781,3373.800048828125,87.3301010131836,45282.46875,9321.400390625,24273.119140625,6439.31982421875,25829.91015625,11.760000228881836,21449.2890625,42807.8203125
2025-08-26,24899.5,24919.650390625,24689.599609375,24712.05078125,750500.0,45.92062070464328,-16.180858130872366,36.738344604428406,-52.91920273530077,62.790731066434695,74.87799069948596,24739.03515625,25013.293203125002,24070.487294921877,24830.719020990684,24846.899879121556,22.92595288781642,203.16955273376024,71440000.0,-0.010241179872034878,-0.010293981565065833,230.05078125,187.44921875,67.22000122070312,3388.60009765625,87.60859680175781,45418.0703125,9265.7998046875,24152.869140625,6465.93994140625,25524.919921875,12.1899995803833,21544.26953125,42394.3984375
2025-08-28,24695.80078125,24702.650390625,24481.599609375,24500.900390625,326600.0,40.79455491107538,-41.29259413895488,9.30128687707672,-50.5938810160316,47.71184270668559,62.82476618802118,24723.0251953125,25006.243203125,24070.57154296875,24779.977693242115,24821.27028738107,23.557050153162,205.11823981527735,71113400.0,-0.008544430103923584,-0.00858114302373062,221.05078125,194.900390625,68.62000274658203,3431.800048828125,87.65910339355469,45636.8984375,9216.7998046875,24039.919921875,6501.85986328125,24998.8203125,12.180000305175781,21705.16015625,42828.7890625
2025-08-29,24466.69921875,24572.44921875,24404.69921875,24426.849609375,325500.0,39.14424033865326,-66.4036451380016,-12.647811297575984,-53.75583384042561,25.620310033367712,45.374294602162664,24701.615136718752,24998.5391796875,24071.709042968752,24725.6502957241,24792.0539408621,24.414956638200024,202.44907982847184,70787900.0,-0.0030223697933294824,-0.003026946376657732,167.75,39.849609375,68.12000274658203,3473.699951171875,87.5916976928711,45544.87890625,9187.2998046875,23902.2109375,6460.259765625,25077.619140625,11.75,21455.55078125,42718.46875
2025-09-01,24432.69921875,24635.599609375,24432.69921875,24625.05078125,229300.0,45.499407988756566,-69.5098891029229,-12.603244209997825,-56.90664489292507,21.800614677061294,31.71092247237153,24694.450195312504,24995.175195312502,24074.09330078125,24710.17344734347,24779.683336446393,24.756349950228593,202.89914555500957,71017200.0,0.008114070174605414,0.008081328102276956,202.900390625,-192.3515625,68.12000274658203,3473.699951171875,88.17430114746094,45544.87890625,9196.2998046875,24037.330078125,6460.259765625,25617.419921875,11.289999961853027,21455.55078125,42188.7890625
2025-09-02,24653.0,24756.099609375,24522.349609375,24579.599609375,271600.0,44.35548649233295,-74.77715504720254,-14.296408123421969,-60.48074692378057,22.91122854504303,23.444051085157344,24695.1626953125,24984.5191796875,24076.28479492187,24690.08516457909,24764.862319626292,24.260400970596358,205.10277801536603,70745600.0,-0.0018457290617897026,-0.0018474345185382894,233.75,73.400390625,69.13999938964844,3549.39990234375,88.00140380859375,45295.80859375,9116.7001953125,23487.330078125,6415.5400390625,25496.55078125,11.399999618530273,21279.630859375,42310.48828125
2025-09-03,24616.5,24737.05078125,24533.19921875,24715.05078125,340300.0,48.51013770913216,-67.2465473605589,-5.412640349422659,-61.83390701113625,33.07471776451067,25.928853662204997,24694.777734375,24979.3821875,24080.442802734375,24693.926028682305,24761.172576042864,23.799876918080713,205.01340547855418,71085900.0,0.0055107151470170646,0.005495586709857895,203.8515625,-98.55078125,67.5999984741211,3593.199951171875,87.99829864501953,45271.23046875,9178.0,23594.80078125,6448.259765625,25343.4296875,10.930000305175781,21497.73046875,41938.890625
2025-09-04,24980.75,24980.75,24708.19921875,24734.30078125,314100.0,49.0918817132508,-59.044543647538376,2.231490690878303,-61.27603433841668,36.2664281386557,30.750791482736464,24699.015234375,24973.181210937502,24086.319052734376,24700.137529077336,24759.182072724874,22.268578392608966,209.83750374794317,71400000.0,0.0007788776228048189,0.0007785744550393448,272.55078125,246.44921875,66.98999786376953,3565.800048828125,88.072998046875,45621.2890625,9216.900390625,23770.330078125,6502.080078125,25058.509765625,10.850000381469727,21707.689453125,42580.26953125
2025-09-05,24818.849609375,24832.349609375,24621.599609375,24741.0,210100.0,49.30653634290071,-51.411189457594446,7.8918759046577875,-59.303065362252234,43.449824363758694,37.59699008897502,24707.355273437504,24963.106210937498,24092.360556640626,24706.42406306544,24757.835252523033,20.958953303577132,209.90268205166151,71610100.0,0.00027084730671167456,0.0002708106342015157,210.75,77.849609375,65.5,3613.199951171875,88.19290161132812,45400.859375,9208.2001953125,23596.98046875,6481.5,25417.98046875,10.779999732971191,21700.390625,43018.75
2025-09-08,24802.599609375,24885.5,24751.55078125,24773.150390625,213200.0,50.3876949225524,-42.28005527649657,13.618408068604538,-55.898463345101106,46.03564533388271,41.9172992787657,24716.205273437503,24947.58921875,24098.9573046875,24716.689651920755,24758.96970719725,19.470894556007874,205.23106190511427,71823300.0,0.0012994782193525012,0.0012986346282709543,133.94921875,29.44921875,66.0199966430664,3638.10009765625,88.1863021850586,45514.94921875,9221.400390625,23807.130859375,6495.14990234375,25633.91015625,10.84000015258789,21798.69921875,43643.80859375
2025-09-09,24864.099609375,24891.80078125,24814.0,24868.599609375,226900.0,53.554708558654085,-27.03002608587485,23.094749807381007,-50.12477589325586,52.01284087382615,47.166103523822514,24741.47021484375,24932.2051953125,24105.707802734374,24740.060414606025,24767.0904406919,18.124525506083778,199.04672824224897,72050200.0,0.003852930178235292,0.0038455266535053208,77.80078125,-4.5,66.38999938964844,3643.300048828125,87.98049926757812,45711.33984375,9242.5,23718.44921875,6512.60986328125,25938.130859375,10.6899995803833,21879.490234375,43459.2890625
2025-09-10,24991.0,25035.69921875,24915.05078125,24973.099609375,244100.0,56.80569817314367,-6.437780696232949,34.94959615761833,-41.38737685385128,62.34282490531463,53.463770371007826,24760.87265625,24921.326171875004,24113.823798828125,24775.912598416635,24782.350379112868,17.646429946610727,196.76479118030264,72294300.0,0.0042020862308871365,0.004193282121674665,120.6484375,17.900390625,67.48999786376953,3643.60009765625,88.21829986572266,45490.921875,9225.400390625,23632.94921875,6532.0400390625,26200.259765625,10.539999961853027,21886.060546875,43837.671875
2025-09-11,24945.5,25037.30078125,24940.150390625,25005.5,224600.0,57.79217192425278,12.353756461707235,42.99290665244681,-30.639150190739578,75.38879159579159,63.248152458310784,24786.77763671875,24910.600156250002,24119.315048828124,24811.23373712177,24798.879980660062,17.210721125626677,189.64947685492388,72518900.0,0.0012974116602184615,0.0012965707489705478,97.150390625,-60.0,66.37000274658203,3636.89990234375,88.05339813232422,46108.0,9297.599609375,23703.650390625,6587.47021484375,26086.3203125,10.359999656677246,22043.0703125,44372.5
2025-09-12,25074.44921875,25139.44921875,25038.05078125,25114.0,225700.0,61.00393865631344,35.59095786508624,52.984086444660655,-17.393128579574416,86.92090442979773,74.88417364363465,24811.51015625,24903.8121484375,24123.775546875,24857.81316217996,24822.222204314872,17.324789474168604,185.67088699028648,72744600.0,0.004339045410009845,0.004329658895022681,101.3984375,-39.55078125,66.98999786376953,3649.39990234375,88.2676010131836,45834.21875,9283.2998046875,23698.150390625,6584.2900390625,26388.16015625,10.119999885559082,22141.099609375,44768.12109375
2025-09-15,25118.900390625,25138.44921875,25048.75,25069.19921875,185400.0,59.007309823263896,49.81729598322636,53.76833965024062,-3.951043667014261,91.76959597870203,84.69309733476378,24833.405078125,24897.0901171875,24128.149042968747,24890.334093959962,24840.516797976736,17.430710083528965,178.815767830266,72559200.0,-0.0017838966811339896,-0.001785489719644452,89.69921875,49.701171875,67.44000244140625,3682.199951171875,88.27729797363281,45883.44921875,9277.0,23748.859375,6615.27978515625,26446.560546875,10.399999618530273,22348.75,44768.12109375
2025-09-16,25073.599609375,25261.400390625,25070.44921875,25239.099609375,240100.0,63.84071075378266,73.94887642783578,62.31993607588004,11.628940351955748,94.79072292004194,91.16040777618056,24851.51259765625,24892.652109374998,24132.9700390625,24943.99032710074,24870.041450672903,18.125320203430604,179.7718681191756,72799300.0,0.006777256391098607,0.0067543940269436074,190.951171875,-165.5,68.47000122070312,3688.89990234375,88.12349700927734,45757.8984375,9195.7001953125,23329.240234375,6606.759765625,26438.509765625,10.270000457763672,22333.9609375,44902.26953125
2025-09-17,25276.599609375,25346.5,25275.349609375,25330.25,268900.0,66.14689374967337,99.28391931688384,70.12398317194247,29.15993614494137,95.37013587928057,93.97681825934151,24868.992578125,24890.031093750003,24140.050537109375,25003.414892162164,24904.13097284528,19.140677604143022,174.6024768695916,73068200.0,0.003611475529465391,0.003604969810507005,71.150390625,-53.650390625,67.94999694824219,3681.800048828125,87.88459777832031,46018.3203125,9208.400390625,23359.1796875,6600.35009765625,26908.390625,10.25,22261.330078125,44790.37890625
2025-09-18,25441.05078125,25448.94921875,25329.75,25423.599609375,272200.0,68.37168175556903,125.44856370354682,77.03090204688436,48.41766165666246,97.72568544224048,95.96218141385432,24887.64501953125,24888.0530859375,24146.513037109376,25068.05869481029,24942.610131106743,20.491818492245045,170.64510128962078,73340400.0,0.0036853015416349333,0.0036785274558399,119.19921875,17.451171875,67.44000244140625,3643.699951171875,87.91069793701172,46142.421875,9228.099609375,23674.529296875,6631.9599609375,26544.849609375,9.890000343322754,22470.720703125,45303.4296875
2025-09-19,25410.19921875,25428.75,25286.30078125,25327.05078125,380400.0,63.70825654961921,136.81641488308742,70.71900258113996,66.09741230194746,94.20823196317501,95.76801776156535,24899.81005859375,24885.072109375003,24151.768037109374,25107.90363118563,24971.08721630254,21.38006965599524,168.6311096796479,72960000.0,-0.0037976065391384095,-0.0038048357551339826,142.44921875,83.1484375,66.68000030517578,3671.5,88.20690155029297,46315.26953125,9216.7001953125,23639.41015625,6664.35986328125,26545.099609375,9.970000267028809,22631.48046875,45045.80859375
2025-09-22,25238.099609375,25331.69921875,25151.05078125,25202.349609375,254500.0,58.18787074992007,134.21601773876318,54.494884349452576,79.72113338931061,85.80713653180946,92.58035131240831,24916.42255859375,24882.0141015625,24155.494033203126,25122.4337816763,24988.217763937537,21.153276373114334,169.48949023824449,72705500.0,-0.004923635718664832,-0.00493579674708062,180.6484375,35.75,66.56999969482422,3740.699951171875,88.09919738769531,46381.5390625,9226.7001953125,23527.05078125,6693.75,26344.140625,10.5600004196167,22788.98046875,45493.66015625
2025-09-23,25209.0,25261.900390625,25084.650390625,25169.5,299200.0,56.79181169085924,128.02866062154135,38.64602178578458,89.38263883575677,75.37979973418307,85.13172274305583,24926.51005859375,24882.407109375003,24159.004287109376,25129.674738341484,25001.646077719943,20.475620337848607,170.04381236408418,72406300.0,-0.0013034343973540308,-0.001304284606843299,177.25,39.5,67.62999725341797,3780.60009765625,88.30439758300781,46292.78125,9223.2998046875,23611.330078125,6656.919921875,26159.119140625,10.630000114440918,22573.470703125,45493.66015625
2025-09-24,25108.75,25149.849609375,25027.44921875,25056.900390625,244400.0,52.17125828213855,112.73969505965943,18.685644979122117,94.05405008053731,63.96958164765559,75.0521726378827,24943.7525390625,24881.8991015625,24160.746787109376,25118.478684846643,25005.738989786983,19.45701446046143,168.0443101416496,72161900.0,-0.00447365300760838,-0.004483689738311146,122.400390625,51.849609375,69.30999755859375,3732.10009765625,88.80799865722656,46121.28125,9250.400390625,23666.810546875,6637.97021484375,26518.650390625,10.520000457763672,22497.859375,45630.30859375
2025-09-25,25034.5,25092.69921875,24878.30078125,24890.849609375,342500.0,46.20154475689295,86.2301617697558,-6.259110648625224,92.48927241838102,46.270505259924306,61.873295547254315,24963.25,24875.800078125,24161.81203125,25083.458827081777,24997.22866531202,18.537865615760857,171.35531923867464,71819400.0,-0.006626948212322681,-0.006649003929024595,214.3984375,143.650390625,69.41999816894531,3736.89990234375,88.77860260009766,45947.3203125,9214.0,23534.830078125,6604.72021484375,26484.6796875,10.779999732971191,22384.69921875,45754.9296875
2025-09-26,24818.55078125,24868.599609375,24629.44921875,24654.69921875,291500.0,39.31214549350087,45.639696700513014,-37.4796605742944,83.11935727480741,25.22303324009858,45.15437338255949,24974.64248046875,24864.653046875,24161.990527343747,25017.49581041535,24971.856113714835,18.872294472602487,177.7871100519836,71527900.0,-0.009487437927231501,-0.009532730366893805,239.150390625,163.8515625,70.12999725341797,3775.300048828125,88.77310180664062,46247.2890625,9284.7998046875,23739.470703125,6643.7001953125,26128.19921875,11.430000305175781,22484.0703125,45354.98828125
2025-09-29,24728.55078125,24791.30078125,24606.19921875,24634.900390625,394400.0,38.789894877388086,11.738546078457148,-57.104648957080215,68.84319503553736,8.820290103157511,26.771276201060132,24975.134960937503,24855.1220703125,24162.114775390626,24958.63497660145,24946.896430522993,19.279350714598394,178.30957094112762,71133500.0,-0.0008030448049409777,-0.0008033674181471517,185.1015625,93.650390625,67.97000122070312,3820.89990234375,88.67680358886719,46316.0703125,9299.7998046875,23745.060546875,6661.2099609375,26622.880859375,11.369999885559082,22591.150390625,45043.75
2025-09-30,24691.94921875,24731.80078125,24587.69921875,24611.099609375,303000.0,38.13404936736561,-16.854594891290617,-68.5582319414624,51.70363705017177,3.067943410927976,12.37042225139469,24976.7099609375,24847.976054687497,24161.961269531253,24905.167997028148,24922.022591919438,19.737373459404264,175.86614176676136,70830500.0,-0.0009661407544825362,-0.0009666077692868598,144.1015625,80.849609375,67.0199966430664,3840.800048828125,88.70449829101562,46397.890625,9350.400390625,23880.720703125,6688.4599609375,26855.560546875,11.069999694824219,22660.009765625,44932.62890625
2025-10-01,24620.55078125,24867.94921875,24605.94921875,24836.30078125,308900.0,47.226178718824734,-21.0997874115601,-58.2427395693855,37.1429521578254,11.662628794979573,7.8502874363550195,24982.7724609375,24842.8880859375,24163.39927734375,24894.573040754585,24915.672828166145,19.21694390026366,182.0185602119927,71139400.0,0.009150390492475902,0.009108779315782467,262.0,-215.75,65.3499984741211,3867.5,88.8406982421875,46441.1015625,9446.400390625,24113.619140625,6711.2001953125,26855.560546875,10.289999961853027,22755.16015625,44550.8515625
2025-10-03,24759.55078125,24904.80078125,24747.55078125,24894.25,365900.0,49.291356895891646,-19.562609828732093,-45.36444958924599,25.801839760513904,22.391978108369614,12.374183438092388,24990.769921875,24839.555078125,24164.0290234375,24894.52334217696,24914.08595200569,18.494399532373958,180.24937733970754,71505300.0,0.0023332467769816567,0.0023305289834215856,157.25,-134.69921875,64.52999877929688,3880.800048828125,88.72019958496094,46758.28125,9491.2998046875,24378.80078125,6715.7900390625,27140.919921875,10.0600004196167,22780.509765625,45769.5
2025-10-06,24916.55078125,25095.94921875,24881.650390625,25077.650390625,268800.0,55.25874763461641,-3.5051021019753534,-23.445553489991408,19.940451388016054,40.449095911949684,24.834567605099622,25007.60244140625,24836.710078124997,24166.076025390626,24922.69673424589,24926.201836347864,17.635096407847886,182.68148096722845,71774100.0,0.007367178791287232,0.007340173682814145,214.298828125,-161.099609375,65.47000122070312,3948.5,88.73509979248047,46694.96875,9479.099609375,24378.2890625,6740.27978515625,26957.76953125,10.1899995803833,22941.669921875,47944.76171875
2025-10-07,25085.30078125,25220.900390625,25076.30078125,25108.30078125,288000.0,56.1867067151653,11.560555934396689,-6.7039163628954945,18.264472297292183,50.976430212868884,37.93916807772939,25024.3599609375,24837.6341015625,24169.937529296876,24951.251203015752,24939.690647081356,17.44695072935711,179.96134728206928,72062100.0,0.0012222193924698033,0.0012214730903828323,144.599609375,-23.0,65.44999694824219,3976.60009765625,88.72109985351562,46602.98046875,9483.599609375,24385.779296875,6714.58984375,26957.76953125,10.050000190734863,22788.359375,47950.87890625
2025-10-08,25079.75,25192.5,25008.5,25046.150390625,227400.0,53.752208103653125,18.274524022046535,0.008041379803479742,18.266482642243055,56.85549709724238,49.42700774068698,25033.2375,24841.817109375,24174.174033203126,24965.85107803256,24947.576554010513,16.856324730974112,180.24982247620719,71834700.0,-0.0024752925801897474,-0.0024783611817054724,184.0,33.599609375,66.25,4043.300048828125,88.74259948730469,46601.78125,9548.900390625,24597.130859375,6753.72021484375,26829.4609375,10.3100004196167,23043.380859375,47734.98828125
2025-10-09,25074.30078125,25199.25,25024.30078125,25181.80078125,286300.0,58.0269361912463,34.14761252778408,12.704903908432815,21.44270861935126,61.43870822242316,56.42354517751147,25043.672558593753,24851.8351171875,24180.324541015623,24999.07410929678,24964.926496768996,16.342913060438665,179.87120792433524,72121000.0,0.005416017571936882,0.005401403691044332,174.94921875,-107.5,65.22000122070312,3946.300048828125,88.7771987915039,46358.421875,9509.400390625,24611.25,6735.10986328125,26752.58984375,10.119999885559082,23024.630859375,48580.44140625
2025-10-10,25167.650390625,25330.75,25156.849609375,25285.349609375,232900.0,60.99102273468495,54.454951776977396,26.409794526100907,28.04515725087649,72.54637745505376,63.613527591573096,25057.665039062504,24861.1201171875,24188.8137890625,25043.116493924197,24988.66154214722,16.52269950519568,179.4447209743827,72353900.0,0.0041120501676790155,0.004103618794970308,173.900390625,-117.69921875,62.72999954223633,3975.89990234375,88.86540222167969,45479.6015625,9427.5,24241.4609375,6552.509765625,26290.3203125,10.100000381469727,22204.4296875,48088.80078125
2025-10-13,25177.30078125,25267.30078125,25152.30078125,25227.349609375,234300.0,58.49908729206814,65.11791042774712,29.658202541496507,35.45970788625061,83.49752368916748,72.4942031222148,25063.332519531254,24868.56609375,24196.183291015623,25071.460050147398,25006.34213971965,16.65758404633089,176.13072862799822,72119600.0,-0.0022938183927065925,-0.0022964532241035664,115.0,-50.048828125,63.31999969482422,4108.60009765625,88.7573013305664,46067.578125,9442.900390625,24387.9296875,6654.72021484375,25889.48046875,11.010000228881836,22694.609375,48088.80078125
2025-10-14,25277.55078125,25310.349609375,25060.55078125,25145.5,292100.0,55.079051695103004,66.20068229313256,24.592779525505556,41.607902767627,84.9745188281843,80.33947332413518,25067.14755859375,24876.1091015625,24203.2725390625,25082.850811663182,25016.65012937005,16.141662107327964,181.39273573492693,71827500.0,-0.003244479132464395,-0.0032497538671527296,249.798828125,132.05078125,62.38999938964844,4138.7001953125,88.66510009765625,46270.4609375,9452.7998046875,24236.939453125,6644.31005859375,25441.349609375,11.15999984741211,22521.69921875,46847.3203125
2025-10-15,25181.94921875,25365.150390625,25159.349609375,25323.55078125,289900.0,60.4902973842534,80.49806522421204,31.112129965268025,49.385935258944016,85.26752486031185,84.57985579255454,25071.370117187504,24891.273125,24211.139296875,25119.881576215,25039.38351099079,15.96336050854321,184.12542536993215,72117400.0,0.007080820872521931,0.007055869574947451,205.80078125,-141.6015625,61.90999984741211,4176.89990234375,88.78250122070312,46253.30859375,9424.7998046875,24181.369140625,6671.06005859375,25910.599609375,10.529999732971191,22670.080078125,47672.671875
2025-10-16,25394.900390625,25625.400390625,25376.849609375,25585.30078125,372800.0,66.81839556675563,111.66270352948413,49.821414616432094,61.84128891305204,88.61798575854068,86.2866764823456,25084.12265625,24908.524140625002,24219.998798828125,25191.48453083577,25079.821827306285,16.98274180348721,192.5342956560084,72490200.0,0.010336228211479837,0.010283174673804386,248.55078125,-190.400390625,61.060001373291016,4280.2001953125,87.80950164794922,45952.23828125,9436.099609375,24272.189453125,6629.06982421875,25888.509765625,10.869999885559082,22562.5390625,48277.73828125
2025-10-17,25546.849609375,25781.5,25508.599609375,25709.849609375,422100.0,69.33518796509603,144.74245255321875,66.32093091213338,78.42152164108538,94.92769564549855,89.60440208811701,25098.43515625,24929.7301171875,24230.323544921874,25271.233004457186,25126.490551903968,18.47941788020233,198.2747310109364,72912300.0,0.004867983737610659,0.0048561734175648985,272.900390625,-163.0,61.290000915527344,4189.89990234375,87.9906997680664,46190.609375,9354.599609375,23830.990234375,6664.009765625,25247.099609375,11.630000114440918,22679.970703125,47582.1484375
2025-10-20,25824.599609375,25926.19921875,25788.5,25843.150390625,301100.0,71.80048567853984,179.64382875354568,80.97784568996823,98.66598306357744,94.64307861216457,92.72958667206794,25124.240136718752,24955.109140625,24241.31529296875,25359.22029463685,25179.576465883303,20.309230436941476,199.56579375122666,73213400.0,0.005184813729964155,0.0051714188632333265,137.69921875,-18.55078125,61.0099983215332,4336.39990234375,88.0022964477539,46706.578125,9403.599609375,24258.80078125,6735.1298828125,25858.830078125,11.359999656677246,22990.5390625,49185.5
2025-10-21,25901.19921875,25934.349609375,25825.80078125,25868.599609375,42500.0,72.25902567129567,206.97112580504108,86.6441141931709,120.32701161187018,94.28131573762093,94.61736333176134,25157.552636718752,24980.558125000003,24251.9437890625,25437.5863430581,25230.61521725306,22.03224123549786,193.0645819207819,73255900.0,0.0009847568259027106,0.000984272270986046,108.548828125,32.599609375,61.31999969482422,4087.699951171875,87.87999725341797,46924.73828125,9427.0,24330.029296875,6735.35009765625,26027.55078125,11.300000190734863,22953.669921875,49316.05859375
2025-10-23,26057.19921875,26104.19921875,25862.44921875,25891.400390625,448400.0,72.68753127418799,227.84162170515992,86.01168807463179,141.82993363052813,91.05339693029944,93.32593042669498,25193.647656250003,25011.1201171875,24260.457539062503,25507.403888837624,25279.562267132464,24.10219288412182,196.5421117835832,73704300.0,0.0008814076368377499,0.0008810194252249848,241.75,165.798828125,65.98999786376953,4125.5,87.74030303955078,46734.609375,9578.599609375,24207.7890625,6738.43994140625,25967.98046875,11.729999542236328,22941.80078125,48641.609375
2025-10-24,25935.099609375,25944.150390625,25718.19921875,25795.150390625,284900.0,67.91820855540553,233.91860143653685,73.67093424480697,160.24766719172987,84.69525064554263,90.00998777115433,25230.560156250005,25035.322109375,24269.40954101563,25551.6725814203,25317.75397998376,24.97022535407934,198.64275893297014,73419400.0,-0.0037174505259611745,-0.0037243774174138414,225.951171875,139.94921875,65.94000244140625,4118.39990234375,87.77899932861328,47207.12109375,9645.599609375,24239.890625,6791.68994140625,26160.150390625,11.59000015258789,23204.869140625,49299.6484375
2025-10-27,25843.19921875,26005.94921875,25827.0,25966.05078125,266300.0,71.494643054077,249.64710843904686,71.5195529978536,178.12755544119327,82.14235642434204,85.96366800006138,25284.320214843752,25064.8951171875,24281.159541015626,25615.42307370179,25365.775965262743,25.972683460371783,199.51104958954372,73685700.0,0.006625291500029773,0.00660344071508198,178.94921875,-122.8515625,65.62000274658203,4001.89990234375,87.8290023803711,47544.58984375,9653.7998046875,24308.779296875,6875.16015625,26433.69921875,11.859999656677246,23637.4609375,50512.3203125
2025-10-28,25939.94921875,26041.69921875,25810.05078125,25936.19921875,395200.0,70.02618737966469,256.7437102679214,62.89292386138251,193.8507864065389,82.26000745344074,83.0325381744418,25348.395214843753,25091.232109375,24292.301035156248,25664.773249863054,25408.029539595133,27.01756609637003,201.80657729743348,73290500.0,-0.001149638146805021,-0.0011502994876563522,231.6484375,3.75,64.4000015258789,3966.199951171875,88.22209930419922,47706.37109375,9696.7001953125,24278.630859375,6890.89013671875,26346.140625,11.949999809265137,23827.490234375,50219.1796875
2025-10-29,25982.0,26097.849609375,25960.30078125,26053.900390625,321900.0,72.43062066172783,268.7671389698262,59.93308205062982,208.83405691919637,89.13378117116865,84.51204834965047,25419.34521484375,25119.6841015625,24304.125791015627,25724.63896382643,25455.871824856604,28.167678513704185,198.93827824940252,73612400.0,0.0045381040946781415,0.004527837947802368,137.548828125,-71.900390625,64.91999816894531,3983.699951171875,88.22550201416016,47632.0,9756.099609375,24124.2109375,6890.58984375,26346.140625,11.970000267028809,23958.470703125,51307.6484375
2025-10-30,25984.400390625,26032.05078125,25845.25,25877.849609375,257400.0,64.14245920648965,261.0803938477329,41.797069542829234,219.2833243049037,86.1070958659651,85.83362816352482,25482.68271484375,25139.702109375,24315.882539062502,25748.209832372366,25487.129438524633,28.36116184048048,199.6320005619452,73355000.0,-0.0067571756478100875,-0.006780108726120027,186.80078125,106.55078125,65.0,4001.300048828125,88.34559631347656,47522.12109375,9760.099609375,24118.890625,6822.33984375,26282.689453125,12.069999694824219,23581.140625,51325.609375
2025-10-31,25863.80078125,25953.75,25711.19921875,25722.099609375,334400.0,57.83700241291372,239.65823862275647,16.299931454282216,223.35830716847425,79.01401807877299,84.75163170530224,25526.97265625,25154.53109375,24327.335537109375,25744.192874988155,25504.5346363654,27.634679380144917,202.69762775394912,73020600.0,-0.006018660837397216,-0.006036845980053782,242.55078125,141.701171875,65.06999969482422,3982.199951171875,88.6344985961914,47562.87109375,9717.2998046875,23958.30078125,6840.2001953125,25906.650390625,12.149999618530273,23724.9609375,52411.33984375
2025-11-03,25696.849609375,25803.099609375,25645.5,25763.349609375,23300.0,58.98693853744321,223.43394904622983,0.060513502204457836,223.37343554402537,69.68012106966496,78.26707833813435,25570.42763671875,25168.7870703125,24340.722539062503,25747.14006489382,25523.70611584759,26.54919911100705,199.47634072688132,73043900.0,0.0016036793506921665,0.001602394830084992,157.599609375,-66.5,64.88999938964844,4000.300048828125,88.77539825439453,47336.6796875,9701.400390625,24132.41015625,6851.97021484375,26158.359375,12.670000076293945,23834.720703125,52411.33984375
2025-11-04,25744.75,25787.400390625,25578.400390625,25597.650390625,305100.0,52.7618767800577,194.95818393304216,-22.73220128878657,217.69038522182873,59.03902706205414,69.24438873683069,25596.427636718752,25179.065078125,24352.830537109377,25724.14165346785,25529.183469534808,25.133166568273793,200.15660210353263,72738800.0,-0.006431586779760301,-0.006452358545521922,209.0,147.099609375,64.44000244140625,3947.699951171875,88.72339630126953,47085.23828125,9715.0,23949.109375,6771.5498046875,25952.400390625,12.649999618530273,23348.640625,51497.19921875
2025-11-06,25593.349609375,25679.150390625,25491.55078125,25509.69921875,371900.0,49.76012274075014,163.41031796620518,-43.42405380449884,206.83437177070402,43.99795999507761,57.572369375598896,25616.497558593754,25191.8570703125,24364.31303710938,25691.1505096651,25527.740191698897,23.36181877205842,199.25967405149459,72366900.0,-0.0034359080045569534,-0.0034418242922323408,187.599609375,83.650390625,63.380001068115234,3979.89990234375,88.55690002441406,46912.30078125,9735.7998046875,23734.01953125,6720.31982421875,26485.900390625,12.40999984741211,23053.990234375,50883.6796875
2025-11-07,25433.80078125,25551.25,25318.44921875,25492.30078125,305600.0,49.16424448426641,135.44319357092536,-57.112942559822926,192.55613613074829,28.926288238817726,43.98775843198315,25638.805078125002,25202.348085937498,24375.215537109376,25660.558243755087,25525.115050184162,22.602032275117168,201.6554674228164,72061300.0,-0.0006820322478444663,-0.0006822649376453303,232.80078125,-58.5,63.630001068115234,3999.39990234375,88.6729965209961,46987.1015625,9682.599609375,23569.9609375,6728.7998046875,26241.830078125,12.5600004196167,23004.5390625,50276.37109375
2025-11-10,25503.5,25653.44921875,25503.5,25574.349609375,243600.0,52.07866251233541,118.53332235871494,-59.21825101762667,177.7515733763416,24.31936917479141,32.41453913622891,25658.432519531252,25219.5940625,24387.0712890625,25647.29537692738,25528.762054568666,21.306686562800564,198.76210814261523,72304900.0,0.0032185728871263475,0.0032134043686110675,149.94921875,-70.849609375,64.05999755859375,4111.7998046875,88.65799713134766,47368.62890625,9787.2001953125,23959.990234375,6832.43017578125,26649.060546875,12.300000190734863,23527.169921875,50911.76171875
2025-11-11,25617.0,25715.80078125,25449.25,25694.94921875,297700.0,56.065650816614166,113.55452232938842,-51.35764083756257,164.912163166951,34.203073629228975,29.149577014279366,25678.9125,25243.4750390625,24398.82228515625,25654.626737207782,25541.072214878393,19.808349499401096,203.60415622171413,72602600.0,0.0047156471705849246,0.004704563337770722,266.55078125,-77.94921875,65.16000366210938,4106.7998046875,88.70709991455078,47927.9609375,9899.599609375,24088.060546875,6846.60986328125,26696.41015625,12.489999771118164,23468.30078125,50842.9296875
2025-11-12,25834.30078125,25934.55078125,25781.150390625,25875.80078125,312600.0,61.269557892682926,122.78658971576442,-33.70045876094926,156.48704847671368,50.47203110085905,36.33149130162648,25711.33505859375,25272.4540625,24413.078037109375,25688.653513214278,25565.866923498514,19.4695910326504,206.175399527306,72915200.0,0.0070384090258497345,0.007013755040664786,153.400390625,-41.5,62.709999084472656,4204.39990234375,88.46649932861328,48254.8203125,9911.400390625,24381.4609375,6850.919921875,26922.73046875,12.109999656677246,23406.4609375,51063.30859375
2025-11-13,25906.099609375,26010.69921875,25808.400390625,25879.150390625,385200.0,61.36084501925216,128.8876188749964,-22.07954368137382,150.96716255637023,63.59616704567498,49.42375725858767,25748.017578125,25297.5360546875,24426.69704101563,25717.96072512362,25589.073106248623,19.47362037588857,205.89850156999844,73300400.0,0.00012944949620363744,0.00012944111834060272,202.298828125,26.94921875,63.0099983215332,4186.89990234375,88.59400177001953,47457.21875,9807.7001953125,24041.619140625,6737.490234375,27073.029296875,12.15999984741211,22870.359375,51281.828125
2025-11-14,25767.900390625,25940.19921875,25740.80078125,25910.05078125,518900.0,62.244915756743175,134.66381112795716,-13.042681142730459,147.70649227068762,72.92573390221813,62.33131068291738,25777.342578125,25324.145078125,24440.220546875003,25747.513041450755,25612.849230322798,19.069224438492014,205.43421127928426,73819300.0,0.001194026471448284,0.0011933141887742222,199.3984375,-142.150390625,64.38999938964844,4087.60009765625,88.81610107421875,47147.48046875,9698.400390625,23876.55078125,6734.10986328125,26572.4609375,11.9399995803833,22900.58984375,50376.53125
2025-11-17,25948.19921875,26024.19921875,25906.349609375,26013.44921875,281800.0,65.12073392769265,145.9029959571635,-1.4427970508193084,147.34579300798282,79.00529503599773,71.84239866129694,25798.75,25350.113046874998,24454.826796875,25788.42629949679,25642.523303539627,19.063865801751813,199.1781682861211,74101100.0,0.0039906690408659795,0.003982727442351947,117.849609375,-65.25,64.19999694824219,4068.300048828125,88.68199920654297,46590.23828125,9675.400390625,23590.51953125,6672.41015625,26384.279296875,11.789999961853027,22708.0703125,50323.91015625
2025-11-18,26021.80078125,26029.849609375,25876.5,25910.05078125,280000.0,60.183874026005356,144.79760448765956,-2.0385508162586063,146.83615530391816,80.32684046145917,77.41928979989167,25808.760058593754,25373.628046874997,24470.231298828126,25807.137758228055,25662.340153740395,18.867718152710047,195.90469979246961,73821100.0,-0.003974806902018679,-0.003982727442351953,153.349609375,111.75,64.88999938964844,4061.300048828125,88.63590240478516,46091.73828125,9552.2998046875,23180.529296875,6617.31982421875,25930.029296875,12.100000381469727,22432.849609375,48702.98046875
2025-11-19,25918.099609375,26074.650390625,25856.19921875,26052.650390625,250100.0,64.21329191694599,153.6569093037142,5.45660319983682,148.20030610387738,87.38884608227349,82.24032719324346,25819.235058593753,25399.8610546875,24485.70830078125,25844.908932442966,25691.252023139252,18.895259769763648,197.51516208407895,74071200.0,0.005503640675154298,0.005488550984983714,218.451171875,-134.55078125,63.5099983215332,4077.699951171875,88.55680084228516,46138.76953125,9507.400390625,23162.919921875,6642.16015625,25830.650390625,11.970000267028809,22564.23046875,48537.69921875
2025-11-20,26132.099609375,26246.650390625,26063.19921875,26192.150390625,240400.0,67.66114321397333,169.97508932422716,17.419826576279803,152.55526274794735,89.04128454990975,85.58565703121413,25835.41259765625,25428.241054687496,24500.8535546875,25898.3306952402,25728.355605915975,19.651391471430827,197.26407907807334,74311600.0,0.005354541588221684,0.005340256999340202,183.451171875,-60.05078125,63.380001068115234,4056.5,88.48719787597656,45752.26171875,9527.7001953125,23278.849609375,6538.759765625,25835.5703125,12.140000343322754,22078.05078125,49823.94140625
2025-11-21,26109.55078125,26179.19921875,26052.19921875,26068.150390625,235600.0,61.94786611713221,170.93121225398136,14.700759604827198,156.23045264915416,90.66280143686798,89.0309773563504,25844.25009765625,25452.2320703125,24514.946806640626,25924.456802222478,25753.525589968496,20.27352802502189,193.17029999213955,74076000.0,-0.0047342428227803435,-0.0047454848460117445,127.0,41.400390625,61.599998474121094,4079.5,88.69219970703125,46245.41015625,9539.7001953125,23091.869140625,6602.990234375,25220.01953125,13.630000114440918,22273.080078125,48625.87890625
